Год_прогноза,Место_в_прогнозе,Профессия,Профессиональная_группа,Занято_работников_2024,Требуется_работников_2024,Исходная_доля_вакансий_2024_pct,Базовая_зарплата_профессии_или_группы_руб,Прогнозная_зарплата_профессии_или_группы_руб,Балл_спроса_1_10,Актуальный_индекс_оплаты_1_10,Прогнозный_индекс_оплаты_1_10,Рост_зарплаты_к_2025_pct,Итоговый_ориентир_1_10,Сценарная_потребность_работников,Коэффициент_сценария_спроса,Основание_сценария,Год_базовой_зарплаты,Источник_базовой_зарплаты,Дата_среза_зарплаты,Наблюдений_с_зарплатой,Сглаженная_доля_вакансий_2024_pct,Сценарная_доля_вакансий_pct,Ограничение
2027,1,Врачи скорой медицинской помощи и парамедики,Специалисты высшей квалификации,12108.49,2846.35,19.03,81908.0,88460.64,9.891566265060241,8.875,8.875,8.000000000000007,9.535768072289155,2931.7405,1.03,"умеренный рост за счёт здравоохранения, инженерных и других сложных функций",2026,Медиана середины зарплатных вилок вакансий API «Работа России»,2026-08-13,503.0,18.98,19.49,Для профессий со специальным зарплатным срезом используется медиана предложений «Работы России»; иначе зарплата наследуется от группы. Результат не является обещанием числа вакансий
2027,2,Провизоры,Специалисты высшей квалификации,23377.51,4299.29,15.53,59250.0,63990.00000000001,9.74698795180723,8.875,8.875,8.000000000000007,9.441792168674699,4428.2687,1.03,"умеренный рост за счёт здравоохранения, инженерных и других сложных функций",2026,Медиана середины зарплатных вилок вакансий API «Работа России»,2026-08-13,547.0,15.51,15.93,Для профессий со специальным зарплатным срезом используется медиана предложений «Работы России»; иначе зарплата наследуется от группы. Результат не является обещанием числа вакансий
2027,3,Диетологи и специалисты по рациональному питанию,Специалисты высшей квалификации,1240.56,217.56,14.92,60773.0,65634.84,9.638554216867469,8.875,8.875,7.999999999999985,9.371310240963854,224.0868,1.03,"умеренный рост за счёт здравоохранения, инженерных и других сложных функций",2026,Медиана середины зарплатных вилок вакансий API «Работа России»,2026-08-13,134.0,14.59,15.3,Для профессий со специальным зарплатным срезом используется медиана предложений «Работы России»; иначе зарплата наследуется от группы. Результат не является обещанием числа вакансий
2027,4,Врачи общей практики,Специалисты высшей квалификации,47658.93,7302.5,13.29,70000.0,75600.0,9.349397590361445,8.875,8.875,8.000000000000007,9.18335843373494,7521.575,1.03,"умеренный рост за счёт здравоохранения, инженерных и других сложных функций",2026,Медиана середины зарплатных вилок вакансий API «Работа России»,2026-08-13,787.0,13.28,13.63,Для профессий со специальным зарплатным срезом используется медиана предложений «Работы России»; иначе зарплата наследуется от группы. Результат не является обещанием числа вакансий
2027,5,Преподаватели иностранных языков на курсах и частные,Специалисты высшей квалификации,6215.38,935.98,13.09,38546.0,41629.68,9.27710843373494,8.875,8.875,8.000000000000007,9.136370481927711,964.0594000000001,1.03,"умеренный рост за счёт здравоохранения, инженерных и других сложных функций",2026,Медиана середины зарплатных вилок вакансий API «Работа России»,2026-08-13,106.0,13.03,13.43,Для профессий со специальным зарплатным срезом используется медиана предложений «Работы России»; иначе зарплата наследуется от группы. Результат не является обещанием числа вакансий
2027,6,Физиотерапевты,Специалисты высшей квалификации,5196.6,726.16,12.26,64522.0,69683.76000000001,9.132530120481928,8.875,8.875,8.000000000000007,9.042394578313253,747.9448,1.03,"умеренный рост за счёт здравоохранения, инженерных и других сложных функций",2026,Медиана середины зарплатных вилок вакансий API «Работа России»,2026-08-13,420.0,12.2,12.58,Для профессий со специальным зарплатным срезом используется медиана предложений «Работы России»; иначе зарплата наследуется от группы. Результат не является обещанием числа вакансий
2027,7,Специалисты в области медицинских аспектов охраны труда и окружающей среды,Специалисты высшей квалификации,7981.23,1110.18,12.21,40640.0,43891.2,9.060240963855422,8.875,8.875,7.999999999999985,8.995406626506023,1143.4854,1.03,"умеренный рост за счёт здравоохранения, инженерных и других сложных функций",2026,Медиана середины зарплатных вилок вакансий API «Работа России»,2026-08-13,1198.0,12.17,12.53,Для профессий со специальным зарплатным срезом используется медиана предложений «Работы России»; иначе зарплата наследуется от группы. Результат не является обещанием числа вакансий
2027,8,Ветеринарные врачи,Специалисты высшей квалификации,31769.11,4306.14,11.94,47500.0,51300.0,9.024096385542169,8.875,8.875,8.000000000000007,8.971912650602409,4435.3242,1.03,"умеренный рост за счёт здравоохранения, инженерных и других сложных функций",2026,Медиана середины зарплатных вилок вакансий API «Работа России»,2026-08-13,1195.0,11.93,12.25,Для профессий со специальным зарплатным срезом используется медиана предложений «Работы России»; иначе зарплата наследуется от группы. Результат не является обещанием числа вакансий
2027,9,Специалисты по сбыту продукции (исключая информационно-коммуникационные технологии),Специалисты высшей квалификации,333714.47,42836.23,11.38,55400.0,59831.99999999999,8.879518072289157,8.875,8.875,7.999999999999985,8.877936746987952,44121.316900000005,1.03,"умеренный рост за счёт здравоохранения, инженерных и других сложных функций",2026,Медиана середины зарплатных вилок вакансий API «Работа России»,2026-08-13,16.0,11.38,11.68,Для профессий со специальным зарплатным срезом используется медиана предложений «Работы России»; иначе зарплата наследуется от группы. Результат не является обещанием числа вакансий
2027,10,"Операторы машин по производству текстильной, меховой и кожаной продукции","Операторы машин, сборщики и водители",38214.07,6454.81,14.45,55382.0,59812.56,9.457831325301205,7.75,7.75,7.999999999999985,8.860090361445783,6583.9062,1.02,умеренный рост: официальный кадровый прогноз указывает на высокий вес профессий со средним профессиональным образованием,2026,"Росстат 57-Т за октябрь 2025: точная составная группа ОКЗ, 57-Т",2026-08-13,1.0,14.44,14.7,Для профессий со специальным зарплатным срезом используется медиана предложений «Работы России»; иначе зарплата наследуется от группы. Результат не является обещанием числа вакансий
2027,11,Специалисты по медицинскому уходу,Специалисты высшей квалификации,45448.13,5783.7,11.29,86292.29075362365,102701.63276333273,8.807228915662652,8.875,8.875,19.016000000000012,8.830948795180722,5957.211,1.03,"умеренный рост за счёт здравоохранения, инженерных и других сложных функций",2025,Средняя зарплата крупной профессиональной группы Росстата за октябрь 2025,,,11.28,11.59,Для профессий со специальным зарплатным срезом используется медиана предложений «Работы России»; иначе зарплата наследуется от группы. Результат не является обещанием числа вакансий
2027,12,Аудиологи и специалисты по развитию и восстановлению речи,Специалисты высшей квалификации,2690.66,330.81,10.95,86292.29075362365,102701.63276333273,8.771084337349397,8.875,8.875,19.016000000000012,8.807454819277108,340.7343,1.03,"умеренный рост за счёт здравоохранения, инженерных и других сложных функций",2025,Средняя зарплата крупной профессиональной группы Росстата за октябрь 2025,,,10.86,11.24,Для профессий со специальным зарплатным срезом используется медиана предложений «Работы России»; иначе зарплата наследуется от группы. Результат не является обещанием числа вакансий
2027,13,"Специалисты в области сельского, лесного и рыбного хозяйства",Специалисты высшей квалификации,47780.61,5521.76,10.36,86292.29075362365,102701.63276333273,8.518072289156626,8.875,8.875,19.016000000000012,8.642996987951806,5687.4128,1.03,"умеренный рост за счёт здравоохранения, инженерных и других сложных функций",2025,Средняя зарплата крупной профессиональной группы Росстата за октябрь 2025,,,10.36,10.64,Для профессий со специальным зарплатным срезом используется медиана предложений «Работы России»; иначе зарплата наследуется от группы. Результат не является обещанием числа вакансий
2027,14,"Специалисты в области права, не входящие в другие группы",Специалисты высшей квалификации,34278.45,3943.51,10.32,86292.29075362365,102701.63276333273,8.481927710843372,8.875,8.875,19.016000000000012,8.619503012048193,4061.8153,1.03,"умеренный рост за счёт здравоохранения, инженерных и других сложных функций",2025,Средняя зарплата крупной профессиональной группы Росстата за октябрь 2025,,,10.31,10.59,Для профессий со специальным зарплатным срезом используется медиана предложений «Работы России»; иначе зарплата наследуется от группы. Результат не является обещанием числа вакансий
2027,15,Психологи,Специалисты высшей квалификации,31243.12,3563.57,10.24,86292.29075362365,102701.63276333273,8.373493975903614,8.875,8.875,19.016000000000012,8.549021084337348,3670.4771,1.03,"умеренный рост за счёт здравоохранения, инженерных и других сложных функций",2025,Средняя зарплата крупной профессиональной группы Росстата за октябрь 2025,,,10.23,10.51,Для профессий со специальным зарплатным срезом используется медиана предложений «Работы России»; иначе зарплата наследуется от группы. Результат не является обещанием числа вакансий
2027,16,Водители грузового и пассажирского транспорта,"Операторы машин, сборщики и водители",676870.77,89632.86,11.69,78339.15258467232,93236.12584017363,8.951807228915662,7.75,7.75,19.016000000000012,8.53117469879518,91425.5172,1.02,умеренный рост: официальный кадровый прогноз указывает на высокий вес профессий со средним профессиональным образованием,2025,Средняя зарплата крупной профессиональной группы Росстата за октябрь 2025,,,11.69,11.9,Для профессий со специальным зарплатным срезом используется медиана предложений «Работы России»; иначе зарплата наследуется от группы. Результат не является обещанием числа вакансий
2027,17,Статистики,Специалисты высшей квалификации,2906.95,331.45,10.24,86292.29075362365,102701.63276333273,8.337349397590362,8.875,8.875,19.016000000000012,8.525527108433735,341.3935,1.03,"умеренный рост за счёт здравоохранения, инженерных и других сложных функций",2025,Средняя зарплата крупной профессиональной группы Росстата за октябрь 2025,,,10.17,10.51,Для профессий со специальным зарплатным срезом используется медиана предложений «Работы России»; иначе зарплата наследуется от группы. Результат не является обещанием числа вакансий
2027,18,Врачи-специалисты,Специалисты высшей квалификации,439766.85,49806.52,10.17,86292.29075362365,102701.63276333273,8.301204819277109,8.875,8.875,19.016000000000012,8.50203313253012,51300.715599999996,1.03,"умеренный рост за счёт здравоохранения, инженерных и других сложных функций",2025,Средняя зарплата крупной профессиональной группы Росстата за октябрь 2025,,,10.17,10.45,Для профессий со специальным зарплатным срезом используется медиана предложений «Работы России»; иначе зарплата наследуется от группы. Результат не является обещанием числа вакансий
2027,19,Специалисты-техники по Web,Специалисты средней квалификации,6454.93,5145.29,44.36,69408.5576048949,82607.28891904172,10.0,5.5,5.5,19.016000000000012,8.425,5299.6487,1.03,умеренный рост в соответствии с официальным приоритетом кадров СПО,2025,Средняя зарплата крупной профессиональной группы Росстата за октябрь 2025,,,44.28,45.09,Для профессий со специальным зарплатным срезом используется медиана предложений «Работы России»; иначе зарплата наследуется от группы. Результат не является обещанием числа вакансий
2027,20,Разработчики Web и мультимедийных приложений,Специалисты высшей квалификации,25444.66,2830.89,10.01,86292.29075362365,102701.63276333273,8.120481927710843,8.875,8.875,19.016000000000012,8.384563253012049,2915.8167,1.03,"умеренный рост за счёт здравоохранения, инженерных и других сложных функций",2025,Средняя зарплата крупной профессиональной группы Росстата за октябрь 2025,,,10.0,10.28,Для профессий со специальным зарплатным срезом используется медиана предложений «Работы России»; иначе зарплата наследуется от группы. Результат не является обещанием числа вакансий
2027,21,Переводчики и другие лингвисты,Специалисты высшей квалификации,6287.39,697.65,9.99,86292.29075362365,102701.63276333273,8.08433734939759,8.875,8.875,19.016000000000012,8.361069277108435,718.5794999999999,1.03,"умеренный рост за счёт здравоохранения, инженерных и других сложных функций",2025,Средняя зарплата крупной профессиональной группы Росстата за октябрь 2025,,,9.96,10.26,Для профессий со специальным зарплатным срезом используется медиана предложений «Работы России»; иначе зарплата наследуется от группы. Результат не является обещанием числа вакансий
2027,22,Рабочие-отделочники и рабочие родственных занятий,"Промышленность, строительство и транспорт",249810.29,40122.94,13.84,78166.90311606236,93031.12141261279,9.240963855421686,6.625,6.625,19.016000000000012,8.325376506024096,38518.0224,0.96,"в 2027–2029 годах применён циклический дисконт из-за слабого роста ВВП, дорогого кредита и снижения строительства; затем — умеренная стабилизация",2025,Средняя зарплата крупной профессиональной группы Росстата за октябрь 2025,,,13.84,13.36,Для профессий со специальным зарплатным срезом используется медиана предложений «Работы России»; иначе зарплата наследуется от группы. Результат не является обещанием числа вакансий
2027,23,Операторы машин по переработке древесины и изготовлению бумаги,"Операторы машин, сборщики и водители",29554.64,3555.44,10.74,78339.15258467232,93236.12584017363,8.590361445783133,7.75,7.75,19.016000000000012,8.296234939759035,3626.5488,1.02,умеренный рост: официальный кадровый прогноз указывает на высокий вес профессий со средним профессиональным образованием,2025,Средняя зарплата крупной профессиональной группы Росстата за октябрь 2025,,,10.73,10.93,Для профессий со специальным зарплатным срезом используется медиана предложений «Работы России»; иначе зарплата наследуется от группы. Результат не является обещанием числа вакансий
2027,24,"Рабочие ручного труда, производящие одежду и обувь","Промышленность, строительство и транспорт",44591.64,7001.83,13.57,78166.90311606236,93031.12141261279,9.168674698795181,6.625,6.625,19.016000000000012,8.278388554216868,6721.7568,0.96,"в 2027–2029 годах применён циклический дисконт из-за слабого роста ВВП, дорогого кредита и снижения строительства; затем — умеренная стабилизация",2025,Средняя зарплата крупной профессиональной группы Росстата за октябрь 2025,,,13.56,13.1,Для профессий со специальным зарплатным срезом используется медиана предложений «Работы России»; иначе зарплата наследуется от группы. Результат не является обещанием числа вакансий
2027,25,Специалисты в области организации и ведения социальной работы,Специалисты высшей квалификации,64659.26,7005.0,9.77,86292.29075362365,102701.63276333273,7.9397590361445785,8.875,8.875,19.016000000000012,8.267093373493976,7215.150000000001,1.03,"умеренный рост за счёт здравоохранения, инженерных и других сложных функций",2025,Средняя зарплата крупной профессиональной группы Росстата за октябрь 2025,,,9.77,10.04,Для профессий со специальным зарплатным срезом используется медиана предложений «Работы России»; иначе зарплата наследуется от группы. Результат не является обещанием числа вакансий
2027,26,Фармацевты,Специалисты средней квалификации,40852.8,7435.39,15.4,69408.5576048949,82607.28891904172,9.710843373493976,5.5,5.5,19.016000000000012,8.237048192771084,7658.4517000000005,1.03,умеренный рост в соответствии с официальным приоритетом кадров СПО,2025,Средняя зарплата крупной профессиональной группы Росстата за октябрь 2025,,,15.4,15.79,Для профессий со специальным зарплатным срезом используется медиана предложений «Работы России»; иначе зарплата наследуется от группы. Результат не является обещанием числа вакансий
2027,27,Рабочие строительных и родственных занятий,"Промышленность, строительство и транспорт",417619.3,62554.11,13.03,78166.90311606236,93031.12141261279,9.096385542168674,6.625,6.625,19.016000000000012,8.23140060240964,60051.9456,0.96,"в 2027–2029 годах применён циклический дисконт из-за слабого роста ВВП, дорогого кредита и снижения строительства; затем — умеренная стабилизация",2025,Средняя зарплата крупной профессиональной группы Росстата за октябрь 2025,,,13.03,12.57,Для профессий со специальным зарплатным срезом используется медиана предложений «Работы России»; иначе зарплата наследуется от группы. Результат не является обещанием числа вакансий
2027,28,Ландшафтные архитекторы,Специалисты высшей квалификации,744.15,79.78,9.68,86292.29075362365,102701.63276333273,7.867469879518072,8.875,8.875,19.016000000000012,8.220105421686748,82.1734,1.03,"умеренный рост за счёт здравоохранения, инженерных и других сложных функций",2025,Средняя зарплата крупной профессиональной группы Росстата за октябрь 2025,,,9.44,9.94,Для профессий со специальным зарплатным срезом используется медиана предложений «Работы России»; иначе зарплата наследуется от группы. Результат не является обещанием числа вакансий
2027,29,Операторы подвижного оборудования,"Операторы машин, сборщики и водители",474888.55,54728.23,10.33,78339.15258467232,93236.12584017363,8.409638554216867,7.75,7.75,19.016000000000012,8.178765060240963,55822.7946,1.02,умеренный рост: официальный кадровый прогноз указывает на высокий вес профессий со средним профессиональным образованием,2025,Средняя зарплата крупной профессиональной группы Росстата за октябрь 2025,,,10.33,10.52,Для профессий со специальным зарплатным срезом используется медиана предложений «Работы России»; иначе зарплата наследуется от группы. Результат не является обещанием числа вакансий
2027,30,Специалисты по патентной работе и защите авторских прав,Специалисты высшей квалификации,3578.16,380.92,9.62,86292.29075362365,102701.63276333273,7.7951807228915655,8.875,8.875,19.016000000000012,8.173117469879518,392.3476,1.03,"умеренный рост за счёт здравоохранения, инженерных и других сложных функций",2025,Средняя зарплата крупной профессиональной группы Росстата за октябрь 2025,,,9.57,9.88,Для профессий со специальным зарплатным срезом используется медиана предложений «Работы России»; иначе зарплата наследуется от группы. Результат не является обещанием числа вакансий
2027,31,Архитекторы зданий и сооружений,Специалисты высшей квалификации,15834.32,1681.75,9.6,86292.29075362365,102701.63276333273,7.759036144578314,8.875,8.875,19.016000000000012,8.149623493975904,1732.2025,1.03,"умеренный рост за счёт здравоохранения, инженерных и других сложных функций",2025,Средняя зарплата крупной профессиональной группы Росстата за октябрь 2025,,,9.59,9.86,Для профессий со специальным зарплатным срезом используется медиана предложений «Работы России»; иначе зарплата наследуется от группы. Результат не является обещанием числа вакансий
2027,32,Ветеринарные фельдшеры,Специалисты средней квалификации,10262.63,1762.24,14.65,69408.5576048949,82607.28891904172,9.566265060240964,5.5,5.5,19.016000000000012,8.143072289156626,1815.1072000000001,1.03,умеренный рост в соответствии с официальным приоритетом кадров СПО,2025,Средняя зарплата крупной профессиональной группы Росстата за октябрь 2025,,,14.63,15.03,Для профессий со специальным зарплатным срезом используется медиана предложений «Работы России»; иначе зарплата наследуется от группы. Результат не является обещанием числа вакансий
2027,33,Шеф-повара,Специалисты средней квалификации,30106.14,5063.79,14.4,69408.5576048949,82607.28891904172,9.53012048192771,5.5,5.5,19.016000000000012,8.119578313253013,5215.7037,1.03,умеренный рост в соответствии с официальным приоритетом кадров СПО,2025,Средняя зарплата крупной профессиональной группы Росстата за октябрь 2025,,,14.39,14.77,Для профессий со специальным зарплатным срезом используется медиана предложений «Работы России»; иначе зарплата наследуется от группы. Результат не является обещанием числа вакансий
2027,34,Рабочие пищевой промышленности и рабочие родственных занятий,"Промышленность, строительство и транспорт",231279.5,32269.14,12.24,78166.90311606236,93031.12141261279,8.91566265060241,6.625,6.625,19.016000000000012,8.113930722891567,30978.374399999997,0.96,"в 2027–2029 годах применён циклический дисконт из-за слабого роста ВВП, дорогого кредита и снижения строительства; затем — умеренная стабилизация",2025,Средняя зарплата крупной профессиональной группы Росстата за октябрь 2025,,,12.24,11.81,Для профессий со специальным зарплатным срезом используется медиана предложений «Работы России»; иначе зарплата наследуется от группы. Результат не является обещанием числа вакансий
2027,35,Операторы машин по обработке пищевых и аналогичных продуктов,"Операторы машин, сборщики и водители",88059.62,10052.93,10.25,78339.15258467232,93236.12584017363,8.265060240963855,7.75,7.75,19.016000000000012,8.084789156626506,10253.9886,1.02,умеренный рост: официальный кадровый прогноз указывает на высокий вес профессий со средним профессиональным образованием,2025,Средняя зарплата крупной профессиональной группы Росстата за октябрь 2025,,,10.25,10.43,Для профессий со специальным зарплатным срезом используется медиана предложений «Работы России»; иначе зарплата наследуется от группы. Результат не является обещанием числа вакансий
2027,36,"Геодезисты, картографы и топографы",Специалисты высшей квалификации,28056.28,2954.47,9.53,86292.29075362365,102701.63276333273,7.650602409638554,8.875,8.875,19.016000000000012,8.07914156626506,3043.1041,1.03,"умеренный рост за счёт здравоохранения, инженерных и других сложных функций",2025,Средняя зарплата крупной профессиональной группы Росстата за октябрь 2025,,,9.52,9.79,Для профессий со специальным зарплатным срезом используется медиана предложений «Работы России»; иначе зарплата наследуется от группы. Результат не является обещанием числа вакансий
2027,37,Инженеры по гражданскому строительству,Специалисты высшей квалификации,99841.52,10465.24,9.49,86292.29075362365,102701.63276333273,7.614457831325302,8.875,8.875,19.016000000000012,8.055647590361446,10779.1972,1.03,"умеренный рост за счёт здравоохранения, инженерных и других сложных функций",2025,Средняя зарплата крупной профессиональной группы Росстата за октябрь 2025,,,9.49,9.74,Для профессий со специальным зарплатным срезом используется медиана предложений «Работы России»; иначе зарплата наследуется от группы. Результат не является обещанием числа вакансий
2027,38,Специалисты-техники по лесному хозяйству и лесозаготовительному производству,Специалисты средней квалификации,4510.66,680.6,13.11,69408.5576048949,82607.28891904172,9.313253012048193,5.5,5.5,19.016000000000012,7.978614457831325,701.018,1.03,умеренный рост в соответствии с официальным приоритетом кадров СПО,2025,Средняя зарплата крупной профессиональной группы Росстата за октябрь 2025,,,13.08,13.45,Для профессий со специальным зарплатным срезом используется медиана предложений «Работы России»; иначе зарплата наследуется от группы. Результат не является обещанием числа вакансий
2027,39,Электромонтажники и ремонтники электрического оборудования,"Промышленность, строительство и транспорт",490322.23,64251.65,11.59,78166.90311606236,93031.12141261279,8.698795180722891,6.625,6.625,19.016000000000012,7.9729668674698795,61681.584,0.96,"в 2027–2029 годах применён циклический дисконт из-за слабого роста ВВП, дорогого кредита и снижения строительства; затем — умеренная стабилизация",2025,Средняя зарплата крупной профессиональной группы Росстата за октябрь 2025,,,11.59,11.17,Для профессий со специальным зарплатным срезом используется медиана предложений «Работы России»; иначе зарплата наследуется от группы. Результат не является обещанием числа вакансий
2027,40,Системные аналитики,Специалисты высшей квалификации,49571.73,5070.93,9.28,86292.29075362365,102701.63276333273,7.469879518072289,8.875,8.875,19.016000000000012,7.961671686746988,5223.057900000001,1.03,"умеренный рост за счёт здравоохранения, инженерных и других сложных функций",2025,Средняя зарплата крупной профессиональной группы Росстата за октябрь 2025,,,9.28,9.53,Для профессий со специальным зарплатным срезом используется медиана предложений «Работы России»; иначе зарплата наследуется от группы. Результат не является обещанием числа вакансий
2027,41,Рабочие полиграфического производства,"Промышленность, строительство и транспорт",21705.35,2823.04,11.51,78166.90311606236,93031.12141261279,8.662650602409638,6.625,6.625,19.016000000000012,7.949472891566265,2710.1184,0.96,"в 2027–2029 годах применён циклический дисконт из-за слабого роста ВВП, дорогого кредита и снижения строительства; затем — умеренная стабилизация",2025,Средняя зарплата крупной профессиональной группы Росстата за октябрь 2025,,,11.5,11.1,Для профессий со специальным зарплатным срезом используется медиана предложений «Работы России»; иначе зарплата наследуется от группы. Результат не является обещанием числа вакансий
2027,42,Служащие по проведению опросов потребителей,Офисные и учётные служащие,1314.4,298.84,18.52,54045.78718009234,64323.134070258704,9.855421686746988,4.375,4.375,19.016000000000012,7.937274096385543,289.8748,0.97,наиболее заметное снижение из-за цифровизации стандартных операций,2025,Средняя зарплата крупной профессиональной группы Росстата за октябрь 2025,,,18.3,18.07,Для профессий со специальным зарплатным срезом используется медиана предложений «Работы России»; иначе зарплата наследуется от группы. Результат не является обещанием числа вакансий
2027,43,Кассиры банков и работники других родственных занятий,Офисные и учётные служащие,51902.3,10817.59,17.25,54045.78718009234,64323.134070258704,9.783132530120483,4.375,4.375,19.016000000000012,7.8902861445783135,10493.0623,0.97,наиболее заметное снижение из-за цифровизации стандартных операций,2025,Средняя зарплата крупной профессиональной группы Росстата за октябрь 2025,,,17.24,16.82,Для профессий со специальным зарплатным срезом используется медиана предложений «Работы России»; иначе зарплата наследуется от группы. Результат не является обещанием числа вакансий
2027,44,Специалисты в области защиты окружающей среды,Специалисты высшей квалификации,10727.3,1071.53,9.08,86292.29075362365,102701.63276333273,7.325301204819277,8.875,8.875,19.016000000000012,7.867695783132531,1103.6759,1.03,"умеренный рост за счёт здравоохранения, инженерных и других сложных функций",2025,Средняя зарплата крупной профессиональной группы Росстата за октябрь 2025,,,9.07,9.33,Для профессий со специальным зарплатным срезом используется медиана предложений «Работы России»; иначе зарплата наследуется от группы. Результат не является обещанием числа вакансий
2027,45,Графические и мультимедийные дизайнеры,Специалисты высшей квалификации,21266.7,2117.0,9.05,86292.29075362365,102701.63276333273,7.289156626506024,8.875,8.875,19.016000000000012,7.844201807228917,2180.51,1.03,"умеренный рост за счёт здравоохранения, инженерных и других сложных функций",2025,Средняя зарплата крупной профессиональной группы Росстата за октябрь 2025,,,9.04,9.3,Для профессий со специальным зарплатным срезом используется медиана предложений «Работы России»; иначе зарплата наследуется от группы. Результат не является обещанием числа вакансий
2027,46,"Букмекеры, крупье и работники родственных занятий в сфере азартных игр",Офисные и учётные служащие,762.5,141.71,15.67,54045.78718009234,64323.134070258704,9.602409638554217,4.375,4.375,19.016000000000012,7.772816265060241,137.4587,0.97,наиболее заметное снижение из-за цифровизации стандартных операций,2025,Средняя зарплата крупной профессиональной группы Росстата за октябрь 2025,,,15.38,15.27,Для профессий со специальным зарплатным срезом используется медиана предложений «Работы России»; иначе зарплата наследуется от группы. Результат не является обещанием числа вакансий
2027,47,Телефонисты,Офисные и учётные служащие,14674.17,2610.71,15.1,54045.78718009234,64323.134070258704,9.493975903614457,4.375,4.375,19.016000000000012,7.702334337349397,2532.3887,0.97,наиболее заметное снижение из-за цифровизации стандартных операций,2025,Средняя зарплата крупной профессиональной группы Росстата за октябрь 2025,,,15.09,14.72,Для профессий со специальным зарплатным срезом используется медиана предложений «Работы России»; иначе зарплата наследуется от группы. Результат не является обещанием числа вакансий
2027,48,"Формовщики, сварщики, вальцовщики, подготовители конструкционного металла и рабочие родственных занятий","Промышленность, строительство и транспорт",399740.94,48322.58,10.78,78166.90311606236,93031.12141261279,8.192771084337348,6.625,6.625,19.016000000000012,7.644051204819276,46389.6768,0.96,"в 2027–2029 годах применён циклический дисконт из-за слабого роста ВВП, дорогого кредита и снижения строительства; затем — умеренная стабилизация",2025,Средняя зарплата крупной профессиональной группы Росстата за октябрь 2025,,,10.78,10.4,Для профессий со специальным зарплатным срезом используется медиана предложений «Работы России»; иначе зарплата наследуется от группы. Результат не является обещанием числа вакансий
2027,49,Разносчики и сортировщики почты,Офисные и учётные служащие,93302.36,15507.37,14.25,54045.78718009234,64323.134070258704,9.3855421686747,4.375,4.375,19.016000000000012,7.6318524096385545,15042.1489,0.97,наиболее заметное снижение из-за цифровизации стандартных операций,2025,Средняя зарплата крупной профессиональной группы Росстата за октябрь 2025,,,14.25,13.88,Для профессий со специальным зарплатным срезом используется медиана предложений «Работы России»; иначе зарплата наследуется от группы. Результат не является обещанием числа вакансий
2027,50,Кондукторы общественного транспорта,"Обслуживание, торговля и охрана",20933.31,9846.92,31.99,48161.539778495455,57319.93818277415,9.963855421686747,3.25,3.25,19.016000000000012,7.614006024096386,9846.92,1.0,почти стабильный спрос с небольшим ростом,2025,Средняя зарплата крупной профессиональной группы Росстата за октябрь 2025,,,31.97,31.99,Для профессий со специальным зарплатным срезом используется медиана предложений «Работы России»; иначе зарплата наследуется от группы. Результат не является обещанием числа вакансий
2027,51,"Водители легковых автомобилей, фургонов и мотоциклов","Операторы машин, сборщики и водители",561198.36,58047.79,9.37,78339.15258467232,93236.12584017363,7.506024096385542,7.75,7.75,19.016000000000012,7.591415662650602,59208.745800000004,1.02,умеренный рост: официальный кадровый прогноз указывает на высокий вес профессий со средним профессиональным образованием,2025,Средняя зарплата крупной профессиональной группы Росстата за октябрь 2025,,,9.37,9.54,Для профессий со специальным зарплатным срезом используется медиана предложений «Работы России»; иначе зарплата наследуется от группы. Результат не является обещанием числа вакансий
2027,52,Геологи и геофизики,Специалисты высшей квалификации,28986.0,2663.82,8.42,86292.29075362365,102701.63276333273,6.891566265060241,8.875,8.875,19.016000000000012,7.585768072289156,2743.7346000000002,1.03,"умеренный рост за счёт здравоохранения, инженерных и других сложных функций",2025,Средняя зарплата крупной профессиональной группы Росстата за октябрь 2025,,,8.42,8.65,Для профессий со специальным зарплатным срезом используется медиана предложений «Работы России»; иначе зарплата наследуется от группы. Результат не является обещанием числа вакансий
2027,53,"Операторы машин по производству изделий из резины, пластмасс и бумаги","Операторы машин, сборщики и водители",55505.09,5635.81,9.22,78339.15258467232,93236.12584017363,7.433734939759036,7.75,7.75,19.016000000000012,7.544427710843374,5748.5262,1.02,умеренный рост: официальный кадровый прогноз указывает на высокий вес профессий со средним профессиональным образованием,2025,Средняя зарплата крупной профессиональной группы Росстата за октябрь 2025,,,9.22,9.38,Для профессий со специальным зарплатным срезом используется медиана предложений «Работы России»; иначе зарплата наследуется от группы. Результат не является обещанием числа вакансий
2027,54,Метеорологи,Специалисты высшей квалификации,5908.32,533.74,8.29,86292.29075362365,102701.63276333273,6.819277108433735,8.875,8.875,19.016000000000012,7.538780120481928,549.7522,1.03,"умеренный рост за счёт здравоохранения, инженерных и других сложных функций",2025,Средняя зарплата крупной профессиональной группы Росстата за октябрь 2025,,,8.27,8.51,Для профессий со специальным зарплатным срезом используется медиана предложений «Работы России»; иначе зарплата наследуется от группы. Результат не является обещанием числа вакансий
2027,55,"Маляры, рабочие по очистке поверхностей зданий и сооружений и родственных занятий","Промышленность, строительство и транспорт",80544.63,9456.95,10.51,78166.90311606236,93031.12141261279,7.975903614457831,6.625,6.625,19.016000000000012,7.503087349397591,9078.672,0.96,"в 2027–2029 годах применён циклический дисконт из-за слабого роста ВВП, дорогого кредита и снижения строительства; затем — умеренная стабилизация",2025,Средняя зарплата крупной профессиональной группы Росстата за октябрь 2025,,,10.51,10.13,Для профессий со специальным зарплатным срезом используется медиана предложений «Работы России»; иначе зарплата наследуется от группы. Результат не является обещанием числа вакансий
2027,56,Средний медицинский персонал скорой помощи,Специалисты средней квалификации,97927.77,11352.84,10.39,69408.5576048949,82607.28891904172,8.55421686746988,5.5,5.5,19.016000000000012,7.485240963855421,11693.4252,1.03,умеренный рост в соответствии с официальным приоритетом кадров СПО,2025,Средняя зарплата крупной профессиональной группы Росстата за октябрь 2025,,,10.39,10.67,Для профессий со специальным зарплатным срезом используется медиана предложений «Работы России»; иначе зарплата наследуется от группы. Результат не является обещанием числа вакансий
2027,57,Члены судовых команд и рабочие родственных занятий,"Операторы машин, сборщики и водители",33842.77,3368.94,9.05,78339.15258467232,93236.12584017363,7.216867469879518,7.75,7.75,19.016000000000012,7.403463855421687,3436.3188,1.02,умеренный рост: официальный кадровый прогноз указывает на высокий вес профессий со средним профессиональным образованием,2025,Средняя зарплата крупной профессиональной группы Росстата за октябрь 2025,,,9.05,9.22,Для профессий со специальным зарплатным срезом используется медиана предложений «Работы России»; иначе зарплата наследуется от группы. Результат не является обещанием числа вакансий
2027,58,Сборщики,"Операторы машин, сборщики и водители",260596.46,25504.05,8.91,78339.15258467232,93236.12584017363,7.180722891566265,7.75,7.75,19.016000000000012,7.379969879518072,26014.131,1.02,умеренный рост: официальный кадровый прогноз указывает на высокий вес профессий со средним профессиональным образованием,2025,Средняя зарплата крупной профессиональной группы Росстата за октябрь 2025,,,8.91,9.08,Для профессий со специальным зарплатным срезом используется медиана предложений «Работы России»; иначе зарплата наследуется от группы. Результат не является обещанием числа вакансий
2027,59,Служащие контактных информационных центров,Офисные и учётные служащие,82707.99,11644.12,12.34,54045.78718009234,64323.134070258704,8.987951807228917,4.375,4.375,19.016000000000012,7.3734186746987955,11294.796400000001,0.97,наиболее заметное снижение из-за цифровизации стандартных операций,2025,Средняя зарплата крупной профессиональной группы Росстата за октябрь 2025,,,12.34,12.02,Для профессий со специальным зарплатным срезом используется медиана предложений «Работы России»; иначе зарплата наследуется от группы. Результат не является обещанием числа вакансий
2027,60,"Рабочие, занятые изготовлением прецизионных инструментов и приборов, рабочие художественных промыслов","Промышленность, строительство и транспорт",26978.74,3066.04,10.2,78166.90311606236,93031.12141261279,7.72289156626506,6.625,6.625,19.016000000000012,7.338629518072289,2943.3984,0.96,"в 2027–2029 годах применён циклический дисконт из-за слабого роста ВВП, дорогого кредита и снижения строительства; затем — умеренная стабилизация",2025,Средняя зарплата крупной профессиональной группы Росстата за октябрь 2025,,,10.2,9.84,Для профессий со специальным зарплатным срезом используется медиана предложений «Работы России»; иначе зарплата наследуется от группы. Результат не является обещанием числа вакансий
2027,61,Специалисты в области подготовки и развития персонала,Специалисты высшей квалификации,31645.7,2683.42,7.82,86292.29075362365,102701.63276333273,6.493975903614459,8.875,8.875,19.016000000000012,7.327334337349398,2763.9226000000003,1.03,"умеренный рост за счёт здравоохранения, инженерных и других сложных функций",2025,Средняя зарплата крупной профессиональной группы Росстата за октябрь 2025,,,7.82,8.03,Для профессий со специальным зарплатным срезом используется медиана предложений «Работы России»; иначе зарплата наследуется от группы. Результат не является обещанием числа вакансий
2027,62,Инженеры-химики,Специалисты высшей квалификации,39303.84,3332.37,7.82,86292.29075362365,102701.63276333273,6.457831325301205,8.875,8.875,19.016000000000012,7.303840361445783,3432.3411,1.03,"умеренный рост за счёт здравоохранения, инженерных и других сложных функций",2025,Средняя зарплата крупной профессиональной группы Росстата за октябрь 2025,,,7.82,8.03,Для профессий со специальным зарплатным срезом используется медиана предложений «Работы России»; иначе зарплата наследуется от группы. Результат не является обещанием числа вакансий
2027,63,"Агенты по коммерческим услугам, не входящие в другие группы",Специалисты средней квалификации,8132.63,918.11,10.14,69408.5576048949,82607.28891904172,8.228915662650603,5.5,5.5,19.016000000000012,7.273795180722892,945.6533000000001,1.03,умеренный рост в соответствии с официальным приоритетом кадров СПО,2025,Средняя зарплата крупной профессиональной группы Росстата за октябрь 2025,,,10.13,10.42,Для профессий со специальным зарплатным срезом используется медиана предложений «Работы России»; иначе зарплата наследуется от группы. Результат не является обещанием числа вакансий
2027,64,Официанты,"Обслуживание, торговля и охрана",26886.02,4436.24,14.16,48161.539778495455,57319.93818277415,9.421686746987952,3.25,3.25,19.016000000000012,7.261596385542169,4436.24,1.0,почти стабильный спрос с небольшим ростом,2025,Средняя зарплата крупной профессиональной группы Росстата за октябрь 2025,,,14.16,14.16,Для профессий со специальным зарплатным срезом используется медиана предложений «Работы России»; иначе зарплата наследуется от группы. Результат не является обещанием числа вакансий
2027,65,Специалисты по рекламе и маркетингу,Специалисты высшей квалификации,72729.03,6089.22,7.73,86292.29075362365,102701.63276333273,6.385542168674699,8.875,8.875,19.016000000000012,7.256852409638554,6271.8966,1.03,"умеренный рост за счёт здравоохранения, инженерных и других сложных функций",2025,Средняя зарплата крупной профессиональной группы Росстата за октябрь 2025,,,7.73,7.94,Для профессий со специальным зарплатным срезом используется медиана предложений «Работы России»; иначе зарплата наследуется от группы. Результат не является обещанием числа вакансий
2027,66,Средний юридический персонал,Специалисты средней квалификации,6021.33,670.86,10.02,69408.5576048949,82607.28891904172,8.156626506024097,5.5,5.5,19.016000000000012,7.226807228915664,690.9858,1.03,умеренный рост в соответствии с официальным приоритетом кадров СПО,2025,Средняя зарплата крупной профессиональной группы Росстата за октябрь 2025,,,10.01,10.29,Для профессий со специальным зарплатным срезом используется медиана предложений «Работы России»; иначе зарплата наследуется от группы. Результат не является обещанием числа вакансий
2027,67,Специалисты по акушерству,Специалисты высшей квалификации,24246.89,2027.17,7.72,86292.29075362365,102701.63276333273,6.313253012048193,8.875,8.875,19.016000000000012,7.2098644578313245,2087.9851000000003,1.03,"умеренный рост за счёт здравоохранения, инженерных и других сложных функций",2025,Средняя зарплата крупной профессиональной группы Росстата за октябрь 2025,,,7.72,7.93,Для профессий со специальным зарплатным срезом используется медиана предложений «Работы России»; иначе зарплата наследуется от группы. Результат не является обещанием числа вакансий
2027,68,"Товарные производители огородных, плодовых и полевых культур",Сельское и лесное хозяйство,34815.1,8666.15,19.93,47973.921731658804,57096.64268815105,9.927710843373495,2.125,2.125,19.016000000000012,7.196762048192771,8666.15,1.0,почти неизменный спрос: малая численность не превращается автоматически в быстрый рост всей отрасли,2025,Средняя зарплата крупной профессиональной группы Росстата за октябрь 2025,,,19.92,19.93,Для профессий со специальным зарплатным срезом используется медиана предложений «Работы России»; иначе зарплата наследуется от группы. Результат не является обещанием числа вакансий
2027,69,Медицинские оптики-оптометристы,Специалисты средней квалификации,914.13,100.8,9.93,69408.5576048949,82607.28891904172,8.048192771084338,5.5,5.5,19.016000000000012,7.156325301204818,103.824,1.03,умеренный рост в соответствии с официальным приоритетом кадров СПО,2025,Средняя зарплата крупной профессиональной группы Росстата за октябрь 2025,,,9.86,10.2,Для профессий со специальным зарплатным срезом используется медиана предложений «Работы России»; иначе зарплата наследуется от группы. Результат не является обещанием числа вакансий
2027,70,Операторы по управлению технологическими процессами в химическом производстве,Специалисты средней квалификации,33627.15,3706.96,9.93,69408.5576048949,82607.28891904172,8.012048192771084,5.5,5.5,19.016000000000012,7.132831325301204,3818.1688,1.03,умеренный рост в соответствии с официальным приоритетом кадров СПО,2025,Средняя зарплата крупной профессиональной группы Росстата за октябрь 2025,,,9.93,10.2,Для профессий со специальным зарплатным срезом используется медиана предложений «Работы России»; иначе зарплата наследуется от группы. Результат не является обещанием числа вакансий
2027,71,Лесоводы и работники родственных занятий,Сельское и лесное хозяйство,15417.43,3303.59,17.65,47973.921731658804,57096.64268815105,9.819277108433734,2.125,2.125,19.016000000000012,7.126280120481927,3303.59,1.0,почти неизменный спрос: малая численность не превращается автоматически в быстрый рост всей отрасли,2025,Средняя зарплата крупной профессиональной группы Росстата за октябрь 2025,,,17.64,17.65,Для профессий со специальным зарплатным срезом используется медиана предложений «Работы России»; иначе зарплата наследуется от группы. Результат не является обещанием числа вакансий
2027,72,Работники ритуальных услуг,"Обслуживание, торговля и охрана",948.61,145.14,13.27,48161.539778495455,57319.93818277415,9.204819277108435,3.25,3.25,19.016000000000012,7.120632530120483,145.14,1.0,почти стабильный спрос с небольшим ростом,2025,Средняя зарплата крупной профессиональной группы Росстата за октябрь 2025,,,13.16,13.27,Для профессий со специальным зарплатным срезом используется медиана предложений «Работы России»; иначе зарплата наследуется от группы. Результат не является обещанием числа вакансий
2027,73,"Деревообработчики, краснодеревщики и рабочие родственных занятий","Промышленность, строительство и транспорт",25947.59,2789.71,9.71,78166.90311606236,93031.12141261279,7.36144578313253,6.625,6.625,19.016000000000012,7.103689759036144,2678.1216,0.96,"в 2027–2029 годах применён циклический дисконт из-за слабого роста ВВП, дорогого кредита и снижения строительства; затем — умеренная стабилизация",2025,Средняя зарплата крупной профессиональной группы Росстата за октябрь 2025,,,9.72,9.36,Для профессий со специальным зарплатным срезом используется медиана предложений «Работы России»; иначе зарплата наследуется от группы. Результат не является обещанием числа вакансий
2027,74,Операторы установок по переработке химического сырья и операторы машин по производству фотографической продукции,"Операторы машин, сборщики и водители",151259.83,13405.94,8.14,78339.15258467232,93236.12584017363,6.710843373493976,7.75,7.75,19.016000000000012,7.074548192771084,13674.0588,1.02,умеренный рост: официальный кадровый прогноз указывает на высокий вес профессий со средним профессиональным образованием,2025,Средняя зарплата крупной профессиональной группы Росстата за октябрь 2025,,,8.14,8.29,Для профессий со специальным зарплатным срезом используется медиана предложений «Работы России»; иначе зарплата наследуется от группы. Результат не является обещанием числа вакансий
2027,75,"Работники рыбоводства и рыболовства, охотники-стрелки и охотники-трапперы (капканщики)",Сельское и лесное хозяйство,6602.04,1232.35,15.73,47973.921731658804,57096.64268815105,9.674698795180722,2.125,2.125,19.016000000000012,7.03230421686747,1232.35,1.0,почти неизменный спрос: малая численность не превращается автоматически в быстрый рост всей отрасли,2025,Средняя зарплата крупной профессиональной группы Росстата за октябрь 2025,,,15.72,15.73,Для профессий со специальным зарплатным срезом используется медиана предложений «Работы России»; иначе зарплата наследуется от группы. Результат не является обещанием числа вакансий
2027,76,Инженеры по охране окружающей среды,Специалисты высшей квалификации,20680.22,1643.42,7.36,86292.29075362365,102701.63276333273,6.024096385542168,8.875,8.875,19.016000000000012,7.02191265060241,1692.7226,1.03,"умеренный рост за счёт здравоохранения, инженерных и других сложных функций",2025,Средняя зарплата крупной профессиональной группы Росстата за октябрь 2025,,,7.36,7.57,Для профессий со специальным зарплатным срезом используется медиана предложений «Работы России»; иначе зарплата наследуется от группы. Результат не является обещанием числа вакансий
2027,77,"Инструкторы фитнес-клубов, спортивных зон отдыха и организаторы спортивных программ",Специалисты средней квалификации,9353.55,1002.74,9.68,69408.5576048949,82607.28891904172,7.831325301204819,5.5,5.5,19.016000000000012,7.015361445783133,1032.8222,1.03,умеренный рост в соответствии с официальным приоритетом кадров СПО,2025,Средняя зарплата крупной профессиональной группы Росстата за октябрь 2025,,,9.67,9.94,Для профессий со специальным зарплатным срезом используется медиана предложений «Работы России»; иначе зарплата наследуется от группы. Результат не является обещанием числа вакансий
2027,78,Проектировщики-градостроители и проектировщики транспортных узлов,Специалисты высшей квалификации,27542.48,2142.68,7.22,86292.29075362365,102701.63276333273,5.9156626506024095,8.875,8.875,19.016000000000012,6.951430722891567,2206.9604,1.03,"умеренный рост за счёт здравоохранения, инженерных и других сложных функций",2025,Средняя зарплата крупной профессиональной группы Росстата за октябрь 2025,,,7.22,7.42,Для профессий со специальным зарплатным срезом используется медиана предложений «Работы России»; иначе зарплата наследуется от группы. Результат не является обещанием числа вакансий
2027,79,Инженеры-электроники,Специалисты высшей квалификации,74539.94,5754.74,7.17,86292.29075362365,102701.63276333273,5.879518072289156,8.875,8.875,19.016000000000012,6.927936746987951,5927.3822,1.03,"умеренный рост за счёт здравоохранения, инженерных и других сложных функций",2025,Средняя зарплата крупной профессиональной группы Росстата за октябрь 2025,,,7.17,7.37,Для профессий со специальным зарплатным срезом используется медиана предложений «Работы России»; иначе зарплата наследуется от группы. Результат не является обещанием числа вакансий
2027,80,Косметологи и работники родственных занятий,"Обслуживание, торговля и охрана",1058.07,139.31,11.63,48161.539778495455,57319.93818277415,8.843373493975903,3.25,3.25,19.016000000000012,6.885692771084337,139.31,1.0,почти стабильный спрос с небольшим ростом,2025,Средняя зарплата крупной профессиональной группы Росстата за октябрь 2025,,,11.56,11.63,Для профессий со специальным зарплатным срезом используется медиана предложений «Работы России»; иначе зарплата наследуется от группы. Результат не является обещанием числа вакансий
2027,81,Инженеры-электрики,Специалисты высшей квалификации,98947.27,7569.62,7.11,86292.29075362365,102701.63276333273,5.80722891566265,8.875,8.875,19.016000000000012,6.880948795180723,7796.7086,1.03,"умеренный рост за счёт здравоохранения, инженерных и других сложных функций",2025,Средняя зарплата крупной профессиональной группы Росстата за октябрь 2025,,,7.11,7.3,Для профессий со специальным зарплатным срезом используется медиана предложений «Работы России»; иначе зарплата наследуется от группы. Результат не является обещанием числа вакансий
2027,82,Операторы установок по выработке электроэнергии,Специалисты средней квалификации,14501.79,1504.98,9.4,69408.5576048949,82607.28891904172,7.578313253012048,5.5,5.5,19.016000000000012,6.850903614457831,1550.1294,1.03,умеренный рост в соответствии с официальным приоритетом кадров СПО,2025,Средняя зарплата крупной профессиональной группы Росстата за октябрь 2025,,,9.4,9.66,Для профессий со специальным зарплатным срезом используется медиана предложений «Работы России»; иначе зарплата наследуется от группы. Результат не является обещанием числа вакансий
2027,83,Оценщики и эксперты,Специалисты высшей квалификации,20984.21,1596.49,7.07,86292.29075362365,102701.63276333273,5.734939759036145,8.875,8.875,19.016000000000012,6.833960843373493,1644.3847,1.03,"умеренный рост за счёт здравоохранения, инженерных и других сложных функций",2025,Средняя зарплата крупной профессиональной группы Росстата за октябрь 2025,,,7.07,7.27,Для профессий со специальным зарплатным срезом используется медиана предложений «Работы России»; иначе зарплата наследуется от группы. Результат не является обещанием числа вакансий
2027,84,Фотографы (художественные),Специалисты средней квалификации,3195.19,327.46,9.3,69408.5576048949,82607.28891904172,7.542168674698796,5.5,5.5,19.016000000000012,6.827409638554218,337.2838,1.03,умеренный рост в соответствии с официальным приоритетом кадров СПО,2025,Средняя зарплата крупной профессиональной группы Росстата за октябрь 2025,,,9.28,9.55,Для профессий со специальным зарплатным срезом используется медиана предложений «Работы России»; иначе зарплата наследуется от группы. Результат не является обещанием числа вакансий
2027,85,"Грумеры и другие работники, ухаживающие за животными","Обслуживание, торговля и охрана",9386.94,1184.22,11.2,48161.539778495455,57319.93818277415,8.734939759036145,3.25,3.25,19.016000000000012,6.815210843373494,1184.22,1.0,почти стабильный спрос с небольшим ростом,2025,Средняя зарплата крупной профессиональной группы Росстата за октябрь 2025,,,11.19,11.2,Для профессий со специальным зарплатным срезом используется медиана предложений «Работы России»; иначе зарплата наследуется от группы. Результат не является обещанием числа вакансий
2027,86,Компаньоны и камердинеры,"Обслуживание, торговля и охрана",564.97,70.13,11.04,48161.539778495455,57319.93818277415,8.626506024096386,3.25,3.25,19.016000000000012,6.744728915662651,70.13,1.0,почти стабильный спрос с небольшим ростом,2025,Средняя зарплата крупной профессиональной группы Росстата за октябрь 2025,,,10.93,11.04,Для профессий со специальным зарплатным срезом используется медиана предложений «Работы России»; иначе зарплата наследуется от группы. Результат не является обещанием числа вакансий
2027,87,"Механики и ремонтники транспортных средств, сельскохозяйственного и производственного оборудования и рабочие родственных занятий","Промышленность, строительство и транспорт",763482.53,73069.57,8.73,78166.90311606236,93031.12141261279,6.783132530120482,6.625,6.625,19.016000000000012,6.727786144578314,70146.7872,0.96,"в 2027–2029 годах применён циклический дисконт из-за слабого роста ВВП, дорогого кредита и снижения строительства; затем — умеренная стабилизация",2025,Средняя зарплата крупной профессиональной группы Росстата за октябрь 2025,,,8.73,8.41,Для профессий со специальным зарплатным срезом используется медиана предложений «Работы России»; иначе зарплата наследуется от группы. Результат не является обещанием числа вакансий
2027,88,Системные администраторы,Специалисты высшей квалификации,64846.06,4778.07,6.86,86292.29075362365,102701.63276333273,5.554216867469879,8.875,8.875,19.016000000000012,6.7164909638554215,4921.4121,1.03,"умеренный рост за счёт здравоохранения, инженерных и других сложных функций",2025,Средняя зарплата крупной профессиональной группы Росстата за октябрь 2025,,,6.86,7.05,Для профессий со специальным зарплатным срезом используется медиана предложений «Работы России»; иначе зарплата наследуется от группы. Результат не является обещанием числа вакансий
2027,89,Юристы,Специалисты высшей квалификации,89292.04,6549.04,6.83,86292.29075362365,102701.63276333273,5.518072289156627,8.875,8.875,19.016000000000012,6.6929969879518065,6745.5112,1.03,"умеренный рост за счёт здравоохранения, инженерных и других сложных функций",2025,Средняя зарплата крупной профессиональной группы Росстата за октябрь 2025,,,6.83,7.02,Для профессий со специальным зарплатным срезом используется медиана предложений «Работы России»; иначе зарплата наследуется от группы. Результат не является обещанием числа вакансий
2027,90,Офтальмологи-оптики и оптометристы (за исключением врачей-офтальмологов),Специалисты высшей квалификации,2362.83,172.48,6.8,86292.29075362365,102701.63276333273,5.445783132530121,8.875,8.875,19.016000000000012,6.646009036144578,177.65439999999998,1.03,"умеренный рост за счёт здравоохранения, инженерных и других сложных функций",2025,Средняя зарплата крупной профессиональной группы Росстата за октябрь 2025,,,6.78,6.99,Для профессий со специальным зарплатным срезом используется медиана предложений «Работы России»; иначе зарплата наследуется от группы. Результат не является обещанием числа вакансий
2027,91,Работники общественного здоровья,Специалисты средней квалификации,1517.35,150.77,9.04,69408.5576048949,82607.28891904172,7.253012048192771,5.5,5.5,19.016000000000012,6.639457831325301,155.2931,1.03,умеренный рост в соответствии с официальным приоритетом кадров СПО,2025,Средняя зарплата крупной профессиональной группы Росстата за октябрь 2025,,,9.01,9.28,Для профессий со специальным зарплатным срезом используется медиана предложений «Работы России»; иначе зарплата наследуется от группы. Результат не является обещанием числа вакансий
2027,92,"Кузнецы, слесари-инструментальщики, станочники, наладчики и рабочие родственных занятий","Промышленность, строительство и транспорт",482638.86,45082.23,8.54,78166.90311606236,93031.12141261279,6.63855421686747,6.625,6.625,19.016000000000012,6.6338102409638555,43278.940800000004,0.96,"в 2027–2029 годах применён циклический дисконт из-за слабого роста ВВП, дорогого кредита и снижения строительства; затем — умеренная стабилизация",2025,Средняя зарплата крупной профессиональной группы Росстата за октябрь 2025,,,8.54,8.23,Для профессий со специальным зарплатным срезом используется медиана предложений «Работы России»; иначе зарплата наследуется от группы. Результат не является обещанием числа вакансий
2027,93,Парикмахеры,"Обслуживание, торговля и охрана",2502.1,296.01,10.58,48161.539778495455,57319.93818277415,8.44578313253012,3.25,3.25,19.016000000000012,6.6272590361445785,296.01,1.0,почти стабильный спрос с небольшим ростом,2025,Средняя зарплата крупной профессиональной группы Росстата за октябрь 2025,,,10.56,10.58,Для профессий со специальным зарплатным срезом используется медиана предложений «Работы России»; иначе зарплата наследуется от группы. Результат не является обещанием числа вакансий
2027,94,"Другие квалифицированные рабочие, занятые в промышленности, и рабочие родственных занятий","Промышленность, строительство и транспорт",195256.7,18004.05,8.44,78166.90311606236,93031.12141261279,6.602409638554216,6.625,6.625,19.016000000000012,6.6103162650602405,17283.888,0.96,"в 2027–2029 годах применён циклический дисконт из-за слабого роста ВВП, дорогого кредита и снижения строительства; затем — умеренная стабилизация",2025,Средняя зарплата крупной профессиональной группы Росстата за октябрь 2025,,,8.44,8.13,Для профессий со специальным зарплатным срезом используется медиана предложений «Работы России»; иначе зарплата наследуется от группы. Результат не является обещанием числа вакансий
2027,95,"Специалисты по базам данных и сетям, не входящие в другие группы",Специалисты высшей квалификации,61617.89,4419.07,6.69,86292.29075362365,102701.63276333273,5.337349397590361,8.875,8.875,19.016000000000012,6.575527108433735,4551.6421,1.03,"умеренный рост за счёт здравоохранения, инженерных и других сложных функций",2025,Средняя зарплата крупной профессиональной группы Росстата за октябрь 2025,,,6.69,6.88,Для профессий со специальным зарплатным срезом используется медиана предложений «Работы России»; иначе зарплата наследуется от группы. Результат не является обещанием числа вакансий
2027,96,Инженеры в промышленности и на производстве,Специалисты высшей квалификации,663382.99,47449.49,6.68,86292.29075362365,102701.63276333273,5.301204819277109,8.875,8.875,19.016000000000012,6.552033132530121,48872.9747,1.03,"умеренный рост за счёт здравоохранения, инженерных и других сложных функций",2025,Средняя зарплата крупной профессиональной группы Росстата за октябрь 2025,,,6.68,6.86,Для профессий со специальным зарплатным срезом используется медиана предложений «Работы России»; иначе зарплата наследуется от группы. Результат не является обещанием числа вакансий
2027,97,Мастера (бригадиры) в строительстве,Специалисты средней квалификации,73504.32,7091.57,8.8,69408.5576048949,82607.28891904172,7.108433734939759,5.5,5.5,19.016000000000012,6.545481927710844,7304.3171,1.03,умеренный рост в соответствии с официальным приоритетом кадров СПО,2025,Средняя зарплата крупной профессиональной группы Росстата за октябрь 2025,,,8.8,9.04,Для профессий со специальным зарплатным срезом используется медиана предложений «Работы России»; иначе зарплата наследуется от группы. Результат не является обещанием числа вакансий
2027,98,"Служащие по информированию клиентов, не входящие в другие группы",Офисные и учётные служащие,33530.81,3761.76,10.09,54045.78718009234,64323.134070258704,7.686746987951808,4.375,4.375,19.016000000000012,6.5276355421686745,3648.9072,0.97,наиболее заметное снижение из-за цифровизации стандартных операций,2025,Средняя зарплата крупной профессиональной группы Росстата за октябрь 2025,,,10.09,9.81,Для профессий со специальным зарплатным срезом используется медиана предложений «Работы России»; иначе зарплата наследуется от группы. Результат не является обещанием числа вакансий
2027,99,Инспекторы и другой средний медицинский персонал по охране труда и окружающей среды,Специалисты средней квалификации,6292.92,601.21,8.72,69408.5576048949,82607.28891904172,7.072289156626505,5.5,5.5,19.016000000000012,6.52198795180723,619.2463,1.03,умеренный рост в соответствии с официальным приоритетом кадров СПО,2025,Средняя зарплата крупной профессиональной группы Росстата за октябрь 2025,,,8.71,8.96,Для профессий со специальным зарплатным срезом используется медиана предложений «Работы России»; иначе зарплата наследуется от группы. Результат не является обещанием числа вакансий
2027,100,Агенты по таможенной очистке и сопровождению грузов и товаров,Специалисты средней квалификации,20509.57,1949.21,8.68,69408.5576048949,82607.28891904172,7.0361445783132535,5.5,5.5,19.016000000000012,6.498493975903615,2007.6863,1.03,умеренный рост в соответствии с официальным приоритетом кадров СПО,2025,Средняя зарплата крупной профессиональной группы Росстата за октябрь 2025,,,8.68,8.92,Для профессий со специальным зарплатным срезом используется медиана предложений «Работы России»; иначе зарплата наследуется от группы. Результат не является обещанием числа вакансий
2027,101,Операторы технологических процессов производства металла,Специалисты средней квалификации,23370.2,2209.58,8.64,69408.5576048949,82607.28891904172,7.0,5.5,5.5,19.016000000000012,6.4750000000000005,2275.8674,1.03,умеренный рост в соответствии с официальным приоритетом кадров СПО,2025,Средняя зарплата крупной профессиональной группы Росстата за октябрь 2025,,,8.64,8.87,Для профессий со специальным зарплатным срезом используется медиана предложений «Работы России»; иначе зарплата наследуется от группы. Результат не является обещанием числа вакансий
2027,102,Инженеры-механики,Специалисты высшей квалификации,170568.23,12026.98,6.59,86292.29075362365,102701.63276333273,5.156626506024097,8.875,8.875,19.016000000000012,6.458057228915663,12387.7894,1.03,"умеренный рост за счёт здравоохранения, инженерных и других сложных функций",2025,Средняя зарплата крупной профессиональной группы Росстата за октябрь 2025,,,6.59,6.77,Для профессий со специальным зарплатным срезом используется медиана предложений «Работы России»; иначе зарплата наследуется от группы. Результат не является обещанием числа вакансий
2027,103,Медицинские статистики,Специалисты средней квалификации,7281.56,682.07,8.56,69408.5576048949,82607.28891904172,6.963855421686747,5.5,5.5,19.016000000000012,6.451506024096386,702.5321,1.03,умеренный рост в соответствии с официальным приоритетом кадров СПО,2025,Средняя зарплата крупной профессиональной группы Росстата за октябрь 2025,,,8.55,8.8,Для профессий со специальным зарплатным срезом используется медиана предложений «Работы России»; иначе зарплата наследуется от группы. Результат не является обещанием числа вакансий
2027,104,Консультанты по финансовым вопросам и инвестициям,Специалисты высшей квалификации,20214.73,1399.45,6.47,86292.29075362365,102701.63276333273,5.0120481927710845,8.875,8.875,19.016000000000012,6.364081325301204,1441.4335,1.03,"умеренный рост за счёт здравоохранения, инженерных и других сложных функций",2025,Средняя зарплата крупной профессиональной группы Росстата за октябрь 2025,,,6.47,6.66,Для профессий со специальным зарплатным срезом используется медиана предложений «Работы России»; иначе зарплата наследуется от группы. Результат не является обещанием числа вакансий
2027,105,Монтажники и ремонтники электронного и телекоммуникационного оборудования,"Промышленность, строительство и транспорт",131055.42,11515.56,8.08,78166.90311606236,93031.12141261279,6.132530120481928,6.625,6.625,19.016000000000012,6.304894578313254,11054.9376,0.96,"в 2027–2029 годах применён циклический дисконт из-за слабого роста ВВП, дорогого кредита и снижения строительства; затем — умеренная стабилизация",2025,Средняя зарплата крупной профессиональной группы Росстата за октябрь 2025,,,8.08,7.78,Для профессий со специальным зарплатным срезом используется медиана предложений «Работы России»; иначе зарплата наследуется от группы. Результат не является обещанием числа вакансий
2027,106,Операторы горнодобывающих и горно-обогатительных установок,"Операторы машин, сборщики и водители",251088.15,18580.55,6.89,78339.15258467232,93236.12584017363,5.481927710843373,7.75,7.75,19.016000000000012,6.2757530120481935,18952.161,1.02,умеренный рост: официальный кадровый прогноз указывает на высокий вес профессий со средним профессиональным образованием,2025,Средняя зарплата крупной профессиональной группы Росстата за октябрь 2025,,,6.89,7.02,Для профессий со специальным зарплатным срезом используется медиана предложений «Работы России»; иначе зарплата наследуется от группы. Результат не является обещанием числа вакансий
2027,107,Охранники,"Обслуживание, торговля и охрана",427713.79,47284.6,9.95,48161.539778495455,57319.93818277415,7.903614457831325,3.25,3.25,19.016000000000012,6.274849397590361,47284.6,1.0,почти стабильный спрос с небольшим ростом,2025,Средняя зарплата крупной профессиональной группы Росстата за октябрь 2025,,,9.95,9.95,Для профессий со специальным зарплатным срезом используется медиана предложений «Работы России»; иначе зарплата наследуется от группы. Результат не является обещанием числа вакансий
2027,108,"Писатели, поэты и другие литераторы",Специалисты высшей квалификации,6018.7,401.46,6.25,86292.29075362365,102701.63276333273,4.759036144578313,8.875,8.875,19.016000000000012,6.199623493975904,413.5038,1.03,"умеренный рост за счёт здравоохранения, инженерных и других сложных функций",2025,Средняя зарплата крупной профессиональной группы Росстата за октябрь 2025,,,6.25,6.43,Для профессий со специальным зарплатным срезом используется медиана предложений «Работы России»; иначе зарплата наследуется от группы. Результат не является обещанием числа вакансий
2027,109,Фельдшеры-физиотерапевты и другие физиотерапевты среднего уровня квалификации,Специалисты средней квалификации,32344.73,2755.42,7.85,69408.5576048949,82607.28891904172,6.53012048192771,5.5,5.5,19.016000000000012,6.169578313253012,2838.0826,1.03,умеренный рост в соответствии с официальным приоритетом кадров СПО,2025,Средняя зарплата крупной профессиональной группы Росстата за октябрь 2025,,,7.85,8.07,Для профессий со специальным зарплатным срезом используется медиана предложений «Работы России»; иначе зарплата наследуется от группы. Результат не является обещанием числа вакансий
2027,110,Химики,Специалисты высшей квалификации,29054.01,1926.76,6.22,86292.29075362365,102701.63276333273,4.686746987951807,8.875,8.875,19.016000000000012,6.1526355421686745,1984.5628000000002,1.03,"умеренный рост за счёт здравоохранения, инженерных и других сложных функций",2025,Средняя зарплата крупной профессиональной группы Росстата за октябрь 2025,,,6.22,6.39,Для профессий со специальным зарплатным срезом используется медиана предложений «Работы России»; иначе зарплата наследуется от группы. Результат не является обещанием числа вакансий
2027,111,Другие операторы промышленных установок и машин,"Операторы машин, сборщики и водители",518084.43,37327.87,6.72,78339.15258467232,93236.12584017363,5.265060240963855,7.75,7.75,19.016000000000012,6.134789156626506,38074.4274,1.02,умеренный рост: официальный кадровый прогноз указывает на высокий вес профессий со средним профессиональным образованием,2025,Средняя зарплата крупной профессиональной группы Росстата за октябрь 2025,,,6.72,6.85,Для профессий со специальным зарплатным срезом используется медиана предложений «Работы России»; иначе зарплата наследуется от группы. Результат не является обещанием числа вакансий
2027,112,Танцоры и хореографы,Специалисты высшей квалификации,14963.39,986.57,6.19,86292.29075362365,102701.63276333273,4.650602409638554,8.875,8.875,19.016000000000012,6.12914156626506,1016.1671000000001,1.03,"умеренный рост за счёт здравоохранения, инженерных и других сложных функций",2025,Средняя зарплата крупной профессиональной группы Росстата за октябрь 2025,,,6.19,6.36,Для профессий со специальным зарплатным срезом используется медиана предложений «Работы России»; иначе зарплата наследуется от группы. Результат не является обещанием числа вакансий
2027,113,Журналисты,Специалисты высшей квалификации,17668.77,1161.41,6.17,86292.29075362365,102701.63276333273,4.614457831325302,8.875,8.875,19.016000000000012,6.105647590361446,1196.2523,1.03,"умеренный рост за счёт здравоохранения, инженерных и других сложных функций",2025,Средняя зарплата крупной профессиональной группы Росстата за октябрь 2025,,,6.17,6.34,Для профессий со специальным зарплатным срезом используется медиана предложений «Работы России»; иначе зарплата наследуется от группы. Результат не является обещанием числа вакансий
2027,114,"Специалисты в области здравоохранения, не входящие в другие группы",Специалисты высшей квалификации,44234.42,2888.95,6.13,86292.29075362365,102701.63276333273,4.578313253012048,8.875,8.875,19.016000000000012,6.082153614457832,2975.6185,1.03,"умеренный рост за счёт здравоохранения, инженерных и других сложных функций",2025,Средняя зарплата крупной профессиональной группы Росстата за октябрь 2025,,,6.13,6.3,Для профессий со специальным зарплатным срезом используется медиана предложений «Работы России»; иначе зарплата наследуется от группы. Результат не является обещанием числа вакансий
2027,115,Техники по гражданскому строительству,Специалисты средней квалификации,16579.97,1386.65,7.72,69408.5576048949,82607.28891904172,6.349397590361446,5.5,5.5,19.016000000000012,6.05210843373494,1428.2495000000001,1.03,умеренный рост в соответствии с официальным приоритетом кадров СПО,2025,Средняя зарплата крупной профессиональной группы Росстата за октябрь 2025,,,7.72,7.93,Для профессий со специальным зарплатным срезом используется медиана предложений «Работы России»; иначе зарплата наследуется от группы. Результат не является обещанием числа вакансий
2027,116,Дизайнеры баз данных и администраторы,Специалисты высшей квалификации,9372.29,607.35,6.09,86292.29075362365,102701.63276333273,4.506024096385542,8.875,8.875,19.016000000000012,6.035165662650602,625.5705,1.03,"умеренный рост за счёт здравоохранения, инженерных и других сложных функций",2025,Средняя зарплата крупной профессиональной группы Росстата за октябрь 2025,,,6.09,6.26,Для профессий со специальным зарплатным срезом используется медиана предложений «Работы России»; иначе зарплата наследуется от группы. Результат не является обещанием числа вакансий
2027,117,Служащие по проведению социологических опросов и изучению конъюнктуры рынка,Офисные и учётные служащие,709.23,69.88,8.97,54045.78718009234,64323.134070258704,6.927710843373494,4.375,4.375,19.016000000000012,6.034262048192771,67.78359999999999,0.97,наиболее заметное снижение из-за цифровизации стандартных операций,2025,Средняя зарплата крупной профессиональной группы Росстата за октябрь 2025,,,8.9,8.72,Для профессий со специальным зарплатным срезом используется медиана предложений «Работы России»; иначе зарплата наследуется от группы. Результат не является обещанием числа вакансий
2027,118,Судовые механики,Специалисты средней квалификации,16523.52,1375.0,7.68,69408.5576048949,82607.28891904172,6.27710843373494,5.5,5.5,19.016000000000012,6.005120481927711,1416.25,1.03,умеренный рост в соответствии с официальным приоритетом кадров СПО,2025,Средняя зарплата крупной профессиональной группы Росстата за октябрь 2025,,,7.68,7.89,Для профессий со специальным зарплатным срезом используется медиана предложений «Работы России»; иначе зарплата наследуется от группы. Результат не является обещанием числа вакансий
2027,119,Техники-механики,Специалисты средней квалификации,65654.04,5426.26,7.63,69408.5576048949,82607.28891904172,6.204819277108434,5.5,5.5,19.016000000000012,5.958132530120482,5589.0478,1.03,умеренный рост в соответствии с официальным приоритетом кадров СПО,2025,Средняя зарплата крупной профессиональной группы Росстата за октябрь 2025,,,7.63,7.85,Для профессий со специальным зарплатным срезом используется медиана предложений «Работы России»; иначе зарплата наследуется от группы. Результат не является обещанием числа вакансий
2027,120,"Специалисты в области техники, не входящие в другие группы",Специалисты высшей квалификации,380015.01,24315.45,6.01,86292.29075362365,102701.63276333273,4.36144578313253,8.875,8.875,19.016000000000012,5.941189759036144,25044.913500000002,1.03,"умеренный рост за счёт здравоохранения, инженерных и других сложных функций",2025,Средняя зарплата крупной профессиональной группы Росстата за октябрь 2025,,,6.01,6.18,Для профессий со специальным зарплатным срезом используется медиана предложений «Работы России»; иначе зарплата наследуется от группы. Результат не является обещанием числа вакансий
2027,121,Техники в химическом производстве,Специалисты средней квалификации,9990.75,822.65,7.61,69408.5576048949,82607.28891904172,6.168674698795181,5.5,5.5,19.016000000000012,5.934638554216868,847.3295,1.03,умеренный рост в соответствии с официальным приоритетом кадров СПО,2025,Средняя зарплата крупной профессиональной группы Росстата за октябрь 2025,,,7.61,7.82,Для профессий со специальным зарплатным срезом используется медиана предложений «Работы России»; иначе зарплата наследуется от группы. Результат не является обещанием числа вакансий
2027,122,Служащие коллекторских фирм и работники родственных занятий по сбору задолженностей и платежей,Офисные и учётные служащие,2099.78,197.43,8.59,54045.78718009234,64323.134070258704,6.746987951807228,4.375,4.375,19.016000000000012,5.916792168674698,191.5071,0.97,наиболее заметное снижение из-за цифровизации стандартных операций,2025,Средняя зарплата крупной профессиональной группы Росстата за октябрь 2025,,,8.57,8.36,Для профессий со специальным зарплатным срезом используется медиана предложений «Работы России»; иначе зарплата наследуется от группы. Результат не является обещанием числа вакансий
2027,123,Разработчики программного обеспечения,Специалисты высшей квалификации,119598.92,7641.17,6.01,86292.29075362365,102701.63276333273,4.289156626506024,8.875,8.875,19.016000000000012,5.8942018072289155,7870.4051,1.03,"умеренный рост за счёт здравоохранения, инженерных и других сложных функций",2025,Средняя зарплата крупной профессиональной группы Росстата за октябрь 2025,,,6.01,6.17,Для профессий со специальным зарплатным срезом используется медиана предложений «Работы России»; иначе зарплата наследуется от группы. Результат не является обещанием числа вакансий
2027,124,Финансовые аналитики,Специалисты высшей квалификации,46629.53,2950.36,5.95,86292.29075362365,102701.63276333273,4.253012048192771,8.875,8.875,19.016000000000012,5.8707078313253005,3038.8708,1.03,"умеренный рост за счёт здравоохранения, инженерных и других сложных функций",2025,Средняя зарплата крупной профессиональной группы Росстата за октябрь 2025,,,5.95,6.12,Для профессий со специальным зарплатным срезом используется медиана предложений «Работы России»; иначе зарплата наследуется от группы. Результат не является обещанием числа вакансий
2027,125,Офис-менеджеры,Специалисты средней квалификации,49620.63,3962.22,7.39,69408.5576048949,82607.28891904172,6.0602409638554215,5.5,5.5,19.016000000000012,5.864156626506023,4081.0866,1.03,умеренный рост в соответствии с официальным приоритетом кадров СПО,2025,Средняя зарплата крупной профессиональной группы Росстата за октябрь 2025,,,7.39,7.6,Для профессий со специальным зарплатным срезом используется медиана предложений «Работы России»; иначе зарплата наследуется от группы. Результат не является обещанием числа вакансий
2027,126,Организаторы конференций и других мероприятий,Специалисты средней квалификации,4680.34,369.34,7.31,69408.5576048949,82607.28891904172,5.9879518072289155,5.5,5.5,19.016000000000012,5.817168674698795,380.42019999999997,1.03,умеренный рост в соответствии с официальным приоритетом кадров СПО,2025,Средняя зарплата крупной профессиональной группы Росстата за октябрь 2025,,,7.31,7.52,Для профессий со специальным зарплатным срезом используется медиана предложений «Работы России»; иначе зарплата наследуется от группы. Результат не является обещанием числа вакансий
2027,127,Средний специальный персонал в сельском хозяйстве,Специалисты средней квалификации,26879.65,2111.35,7.28,69408.5576048949,82607.28891904172,5.951807228915662,5.5,5.5,19.016000000000012,5.79367469879518,2174.6905,1.03,умеренный рост в соответствии с официальным приоритетом кадров СПО,2025,Средняя зарплата крупной профессиональной группы Росстата за октябрь 2025,,,7.28,7.48,Для профессий со специальным зарплатным срезом используется медиана предложений «Работы России»; иначе зарплата наследуется от группы. Результат не является обещанием числа вакансий
2027,128,Смотрители зданий и персонал родственных занятий,"Обслуживание, торговля и охрана",40431.97,4031.33,9.07,48161.539778495455,57319.93818277415,7.144578313253012,3.25,3.25,19.016000000000012,5.781475903614457,4031.33,1.0,почти стабильный спрос с небольшим ростом,2025,Средняя зарплата крупной профессиональной группы Росстата за октябрь 2025,,,9.07,9.07,Для профессий со специальным зарплатным срезом используется медиана предложений «Работы России»; иначе зарплата наследуется от группы. Результат не является обещанием числа вакансий
2027,129,Математики (включая актуариев),Специалисты высшей квалификации,8087.13,504.22,5.87,86292.29075362365,102701.63276333273,4.108433734939759,8.875,8.875,19.016000000000012,5.776731927710843,519.3466000000001,1.03,"умеренный рост за счёт здравоохранения, инженерных и других сложных функций",2025,Средняя зарплата крупной профессиональной группы Росстата за октябрь 2025,,,5.87,6.03,Для профессий со специальным зарплатным срезом используется медиана предложений «Работы России»; иначе зарплата наследуется от группы. Результат не является обещанием числа вакансий
2027,130,Специалисты по связям с общественностью,Специалисты высшей квалификации,35434.79,2202.36,5.85,86292.29075362365,102701.63276333273,4.072289156626506,8.875,8.875,19.016000000000012,5.753237951807229,2268.4308,1.03,"умеренный рост за счёт здравоохранения, инженерных и других сложных функций",2025,Средняя зарплата крупной профессиональной группы Росстата за октябрь 2025,,,5.85,6.02,Для профессий со специальным зарплатным срезом используется медиана предложений «Работы России»; иначе зарплата наследуется от группы. Результат не является обещанием числа вакансий
2027,131,"Музыканты, певцы и композиторы",Специалисты высшей квалификации,56876.67,3504.92,5.8,86292.29075362365,102701.63276333273,4.0,8.875,8.875,19.016000000000012,5.706250000000001,3610.0676000000003,1.03,"умеренный рост за счёт здравоохранения, инженерных и других сложных функций",2025,Средняя зарплата крупной профессиональной группы Росстата за октябрь 2025,,,5.8,5.97,Для профессий со специальным зарплатным срезом используется медиана предложений «Работы России»; иначе зарплата наследуется от группы. Результат не является обещанием числа вакансий
2027,132,"Социологи, антропологи и специалисты родственных занятий",Специалисты высшей квалификации,2458.39,151.21,5.79,86292.29075362365,102701.63276333273,3.963855421686747,8.875,8.875,19.016000000000012,5.682756024096385,155.74630000000002,1.03,"умеренный рост за счёт здравоохранения, инженерных и других сложных функций",2025,Средняя зарплата крупной профессиональной группы Росстата за октябрь 2025,,,5.79,5.96,Для профессий со специальным зарплатным срезом используется медиана предложений «Работы России»; иначе зарплата наследуется от группы. Результат не является обещанием числа вакансий
2027,133,Техники в области химических и физических наук,Специалисты средней квалификации,18387.61,1404.67,7.1,69408.5576048949,82607.28891904172,5.771084337349398,5.5,5.5,19.016000000000012,5.676204819277109,1446.8101000000001,1.03,умеренный рост в соответствии с официальным приоритетом кадров СПО,2025,Средняя зарплата крупной профессиональной группы Росстата за октябрь 2025,,,7.1,7.29,Для профессий со специальным зарплатным срезом используется медиана предложений «Работы России»; иначе зарплата наследуется от группы. Результат не является обещанием числа вакансий
2027,134,Экономисты,Специалисты высшей квалификации,174232.19,10697.72,5.78,86292.29075362365,102701.63276333273,3.891566265060241,8.875,8.875,19.016000000000012,5.6357680722891565,11018.6516,1.03,"умеренный рост за счёт здравоохранения, инженерных и других сложных функций",2025,Средняя зарплата крупной профессиональной группы Росстата за октябрь 2025,,,5.78,5.95,Для профессий со специальным зарплатным срезом используется медиана предложений «Работы России»; иначе зарплата наследуется от группы. Результат не является обещанием числа вакансий
2027,135,Чертежники,Специалисты средней квалификации,2703.3,204.8,7.04,69408.5576048949,82607.28891904172,5.698795180722892,5.5,5.5,19.016000000000012,5.62921686746988,210.94400000000002,1.03,умеренный рост в соответствии с официальным приоритетом кадров СПО,2025,Средняя зарплата крупной профессиональной группы Росстата за октябрь 2025,,,7.04,7.24,Для профессий со специальным зарплатным срезом используется медиана предложений «Работы России»; иначе зарплата наследуется от группы. Результат не является обещанием числа вакансий
2027,136,"Операторы мусоросжигательных печей, очистных сооружений и аналогичного оборудования",Специалисты средней квалификации,42795.38,3241.13,7.04,69408.5576048949,82607.28891904172,5.662650602409639,5.5,5.5,19.016000000000012,5.605722891566265,3338.3639000000003,1.03,умеренный рост в соответствии с официальным приоритетом кадров СПО,2025,Средняя зарплата крупной профессиональной группы Росстата за октябрь 2025,,,7.04,7.24,Для профессий со специальным зарплатным срезом используется медиана предложений «Работы России»; иначе зарплата наследуется от группы. Результат не является обещанием числа вакансий
2027,137,"Проводники железнодорожного вагона, бортпроводники, стюарды","Обслуживание, торговля и охрана",51218.21,4790.99,8.55,48161.539778495455,57319.93818277415,6.855421686746988,3.25,3.25,19.016000000000012,5.593524096385542,4790.99,1.0,почти стабильный спрос с небольшим ростом,2025,Средняя зарплата крупной профессиональной группы Росстата за октябрь 2025,,,8.55,8.55,Для профессий со специальным зарплатным срезом используется медиана предложений «Работы России»; иначе зарплата наследуется от группы. Результат не является обещанием числа вакансий
2027,138,Закупщики,Специалисты средней квалификации,104123.01,7674.83,6.86,69408.5576048949,82607.28891904172,5.590361445783133,5.5,5.5,19.016000000000012,5.558734939759037,7905.0749000000005,1.03,умеренный рост в соответствии с официальным приоритетом кадров СПО,2025,Средняя зарплата крупной профессиональной группы Росстата за октябрь 2025,,,6.86,7.06,Для профессий со специальным зарплатным срезом используется медиана предложений «Работы России»; иначе зарплата наследуется от группы. Результат не является обещанием числа вакансий
2027,139,Товарные производители продукции животноводства,Сельское и лесное хозяйство,83376.21,8630.66,9.38,47973.921731658804,57096.64268815105,7.397590361445783,2.125,2.125,19.016000000000012,5.552183734939758,8630.66,1.0,почти неизменный спрос: малая численность не превращается автоматически в быстрый рост всей отрасли,2025,Средняя зарплата крупной профессиональной группы Росстата за октябрь 2025,,,9.38,9.38,Для профессий со специальным зарплатным срезом используется медиана предложений «Работы России»; иначе зарплата наследуется от группы. Результат не является обещанием числа вакансий
2027,140,"Философы, историки и политологи",Специалисты высшей квалификации,5299.96,314.31,5.6,86292.29075362365,102701.63276333273,3.674698795180723,8.875,8.875,19.016000000000012,5.49480421686747,323.7393,1.03,"умеренный рост за счёт здравоохранения, инженерных и других сложных функций",2025,Средняя зарплата крупной профессиональной группы Росстата за октябрь 2025,,,5.6,5.76,Для профессий со специальным зарплатным срезом используется медиана предложений «Работы России»; иначе зарплата наследуется от группы. Результат не является обещанием числа вакансий
2027,141,"Режиссеры кино, театра и родственные им деятели искусства и продюсеры",Специалисты высшей квалификации,25812.35,1520.73,5.56,86292.29075362365,102701.63276333273,3.63855421686747,8.875,8.875,19.016000000000012,5.471310240963855,1566.3519000000001,1.03,"умеренный рост за счёт здравоохранения, инженерных и других сложных функций",2025,Средняя зарплата крупной профессиональной группы Росстата за октябрь 2025,,,5.56,5.72,Для профессий со специальным зарплатным срезом используется медиана предложений «Работы России»; иначе зарплата наследуется от группы. Результат не является обещанием числа вакансий
2027,142,Специалисты по методике обучения,Специалисты высшей квалификации,48482.91,2853.61,5.56,86292.29075362365,102701.63276333273,3.602409638554217,8.875,8.875,19.016000000000012,5.44781626506024,2939.2183,1.03,"умеренный рост за счёт здравоохранения, инженерных и других сложных функций",2025,Средняя зарплата крупной профессиональной группы Росстата за октябрь 2025,,,5.56,5.72,Для профессий со специальным зарплатным срезом используется медиана предложений «Работы России»; иначе зарплата наследуется от группы. Результат не является обещанием числа вакансий
2027,143,Художники-декораторы и оформители,Специалисты средней квалификации,4802.9,350.31,6.8,69408.5576048949,82607.28891904172,5.409638554216867,5.5,5.5,19.016000000000012,5.441265060240964,360.8193,1.03,умеренный рост в соответствии с официальным приоритетом кадров СПО,2025,Средняя зарплата крупной профессиональной группы Росстата за октябрь 2025,,,6.8,6.99,Для профессий со специальным зарплатным срезом используется медиана предложений «Работы России»; иначе зарплата наследуется от группы. Результат не является обещанием числа вакансий
2027,144,Специалисты-техники по поддержке пользователей ИКТ,Специалисты средней квалификации,35578.76,2580.92,6.76,69408.5576048949,82607.28891904172,5.373493975903615,5.5,5.5,19.016000000000012,5.41777108433735,2658.3476,1.03,умеренный рост в соответствии с официальным приоритетом кадров СПО,2025,Средняя зарплата крупной профессиональной группы Росстата за октябрь 2025,,,6.76,6.95,Для профессий со специальным зарплатным срезом используется медиана предложений «Работы России»; иначе зарплата наследуется от группы. Результат не является обещанием числа вакансий
2027,145,Повара,"Обслуживание, торговля и охрана",208162.59,18296.69,8.08,48161.539778495455,57319.93818277415,6.566265060240964,3.25,3.25,19.016000000000012,5.405572289156627,18296.69,1.0,почти стабильный спрос с небольшим ростом,2025,Средняя зарплата крупной профессиональной группы Росстата за октябрь 2025,,,8.08,8.08,Для профессий со специальным зарплатным срезом используется медиана предложений «Работы России»; иначе зарплата наследуется от группы. Результат не является обещанием числа вакансий
2027,146,"Дикторы радио, телевидения и других средств массовой информации",Специалисты высшей квалификации,2462.76,142.87,5.48,86292.29075362365,102701.63276333273,3.5301204819277108,8.875,8.875,19.016000000000012,5.400828313253012,147.1561,1.03,"умеренный рост за счёт здравоохранения, инженерных и других сложных функций",2025,Средняя зарплата крупной профессиональной группы Росстата за октябрь 2025,,,5.49,5.64,Для профессий со специальным зарплатным срезом используется медиана предложений «Работы России»; иначе зарплата наследуется от группы. Результат не является обещанием числа вакансий
2027,147,Программисты приложений,Специалисты высшей квалификации,30240.38,1746.33,5.46,86292.29075362365,102701.63276333273,3.4939759036144578,8.875,8.875,19.016000000000012,5.377334337349398,1798.7199,1.03,"умеренный рост за счёт здравоохранения, инженерных и других сложных функций",2025,Средняя зарплата крупной профессиональной группы Росстата за октябрь 2025,,,5.46,5.61,Для профессий со специальным зарплатным срезом используется медиана предложений «Работы России»; иначе зарплата наследуется от группы. Результат не является обещанием числа вакансий
2027,148,"Деятели искусств, не входящие в другие группы",Специалисты высшей квалификации,29195.23,1682.62,5.45,86292.29075362365,102701.63276333273,3.4216867469879517,8.875,8.875,19.016000000000012,5.330346385542168,1733.0986,1.03,"умеренный рост за счёт здравоохранения, инженерных и других сложных функций",2025,Средняя зарплата крупной профессиональной группы Росстата за октябрь 2025,,,5.45,5.6,Для профессий со специальным зарплатным срезом используется медиана предложений «Работы России»; иначе зарплата наследуется от группы. Результат не является обещанием числа вакансий
2027,149,Капитаны судов и лоцманы,Специалисты средней квалификации,17941.21,1279.7,6.66,69408.5576048949,82607.28891904172,5.228915662650603,5.5,5.5,19.016000000000012,5.323795180722892,1318.0910000000001,1.03,умеренный рост в соответствии с официальным приоритетом кадров СПО,2025,Средняя зарплата крупной профессиональной группы Росстата за октябрь 2025,,,6.66,6.84,Для профессий со специальным зарплатным срезом используется медиана предложений «Работы России»; иначе зарплата наследуется от группы. Результат не является обещанием числа вакансий
2027,150,Инструкторы по вождению,"Обслуживание, торговля и охрана",3727.77,325.0,8.02,48161.539778495455,57319.93818277415,6.421686746987953,3.25,3.25,19.016000000000012,5.311596385542169,325.0,1.0,почти стабильный спрос с небольшим ростом,2025,Средняя зарплата крупной профессиональной группы Росстата за октябрь 2025,,,8.02,8.02,Для профессий со специальным зарплатным срезом используется медиана предложений «Работы России»; иначе зарплата наследуется от группы. Результат не является обещанием числа вакансий
2027,151,Дизайнеры товаров и одежды,Специалисты высшей квалификации,5238.64,301.48,5.44,86292.29075362365,102701.63276333273,3.385542168674699,8.875,8.875,19.016000000000012,5.306852409638554,310.5244,1.03,"умеренный рост за счёт здравоохранения, инженерных и других сложных функций",2025,Средняя зарплата крупной профессиональной группы Росстата за октябрь 2025,,,5.45,5.6,Для профессий со специальным зарплатным срезом используется медиана предложений «Работы России»; иначе зарплата наследуется от группы. Результат не является обещанием числа вакансий
2027,152,Специалисты-техники по радио- и телевещанию,Специалисты средней квалификации,11434.5,814.31,6.65,69408.5576048949,82607.28891904172,5.19277108433735,5.5,5.5,19.016000000000012,5.300301204819277,838.7393,1.03,умеренный рост в соответствии с официальным приоритетом кадров СПО,2025,Средняя зарплата крупной профессиональной группы Росстата за октябрь 2025,,,6.65,6.83,Для профессий со специальным зарплатным срезом используется медиана предложений «Работы России»; иначе зарплата наследуется от группы. Результат не является обещанием числа вакансий
2027,153,"Техники (операторы) по управлению технологическими процессами, не входящие в другие группы",Специалисты средней квалификации,68817.68,4842.79,6.57,69408.5576048949,82607.28891904172,5.120481927710843,5.5,5.5,19.016000000000012,5.253313253012048,4988.0737,1.03,умеренный рост в соответствии с официальным приоритетом кадров СПО,2025,Средняя зарплата крупной профессиональной группы Росстата за октябрь 2025,,,6.57,6.76,Для профессий со специальным зарплатным срезом используется медиана предложений «Работы России»; иначе зарплата наследуется от группы. Результат не является обещанием числа вакансий
2027,154,Агенты по коммерческим продажам,Специалисты средней квалификации,55827.87,3915.01,6.55,69408.5576048949,82607.28891904172,5.0843373493975905,5.5,5.5,19.016000000000012,5.229819277108433,4032.4603,1.03,умеренный рост в соответствии с официальным приоритетом кадров СПО,2025,Средняя зарплата крупной профессиональной группы Росстата за октябрь 2025,,,6.55,6.74,Для профессий со специальным зарплатным срезом используется медиана предложений «Работы России»; иначе зарплата наследуется от группы. Результат не является обещанием числа вакансий
2027,155,"Работники служб, осуществляющих охрану граждан и собственности, не входящие в другие группы","Обслуживание, торговля и охрана",202517.11,17305.24,7.87,48161.539778495455,57319.93818277415,6.240963855421687,3.25,3.25,19.016000000000012,5.194126506024097,17305.24,1.0,почти стабильный спрос с небольшим ростом,2025,Средняя зарплата крупной профессиональной группы Росстата за октябрь 2025,,,7.87,7.87,Для профессий со специальным зарплатным срезом используется медиана предложений «Работы России»; иначе зарплата наследуется от группы. Результат не является обещанием числа вакансий
2027,156,"Специалисты в области образования, не входящие в другие группы",Специалисты высшей квалификации,158973.76,8953.69,5.33,86292.29075362365,102701.63276333273,3.1325301204819276,8.875,8.875,19.016000000000012,5.142394578313253,9222.300700000002,1.03,"умеренный рост за счёт здравоохранения, инженерных и других сложных функций",2025,Средняя зарплата крупной профессиональной группы Росстата за октябрь 2025,,,5.33,5.48,Для профессий со специальным зарплатным срезом используется медиана предложений «Работы России»; иначе зарплата наследуется от группы. Результат не является обещанием числа вакансий
2027,157,Средний медицинский персонал по уходу,Специалисты средней квалификации,554518.73,37615.55,6.35,69408.5576048949,82607.28891904172,4.903614457831326,5.5,5.5,19.016000000000012,5.1123493975903616,38744.016500000005,1.03,умеренный рост в соответствии с официальным приоритетом кадров СПО,2025,Средняя зарплата крупной профессиональной группы Росстата за октябрь 2025,,,6.35,6.53,Для профессий со специальным зарплатным срезом используется медиана предложений «Работы России»; иначе зарплата наследуется от группы. Результат не является обещанием числа вакансий
2027,158,Пожарные,"Обслуживание, торговля и охрана",20973.6,1726.33,7.61,48161.539778495455,57319.93818277415,6.096385542168675,3.25,3.25,19.016000000000012,5.100150602409639,1726.33,1.0,почти стабильный спрос с небольшим ростом,2025,Средняя зарплата крупной профессиональной группы Росстата за октябрь 2025,,,7.61,7.61,Для профессий со специальным зарплатным срезом используется медиана предложений «Работы России»; иначе зарплата наследуется от группы. Результат не является обещанием числа вакансий
2027,159,Спортсмены (спортсмены высокого класса),Специалисты средней квалификации,23353.66,1581.06,6.34,69408.5576048949,82607.28891904172,4.867469879518072,5.5,5.5,19.016000000000012,5.0888554216867465,1628.4918,1.03,умеренный рост в соответствии с официальным приоритетом кадров СПО,2025,Средняя зарплата крупной профессиональной группы Росстата за октябрь 2025,,,6.34,6.52,Для профессий со специальным зарплатным срезом используется медиана предложений «Работы России»; иначе зарплата наследуется от группы. Результат не является обещанием числа вакансий
2027,160,Товарные производители смешанной растениеводческой и животноводческой продукции,Сельское и лесное хозяйство,13757.86,1235.84,8.24,47973.921731658804,57096.64268815105,6.674698795180722,2.125,2.125,19.016000000000012,5.08230421686747,1235.84,1.0,почти неизменный спрос: малая численность не превращается автоматически в быстрый рост всей отрасли,2025,Средняя зарплата крупной профессиональной группы Росстата за октябрь 2025,,,8.25,8.24,Для профессий со специальным зарплатным срезом используется медиана предложений «Работы России»; иначе зарплата наследуется от группы. Результат не является обещанием числа вакансий
2027,161,Помощники бухгалтеров,Специалисты средней квалификации,12017.62,812.74,6.33,69408.5576048949,82607.28891904172,4.831325301204819,5.5,5.5,19.016000000000012,5.065361445783132,837.1222,1.03,умеренный рост в соответствии с официальным приоритетом кадров СПО,2025,Средняя зарплата крупной профессиональной группы Росстата за октябрь 2025,,,6.33,6.51,Для профессий со специальным зарплатным срезом используется медиана предложений «Работы России»; иначе зарплата наследуется от группы. Результат не является обещанием числа вакансий
2027,162,Административный и иной исполнительный среднетехнический персонал,Специалисты средней квалификации,214133.0,14217.57,6.23,69408.5576048949,82607.28891904172,4.72289156626506,5.5,5.5,19.016000000000012,4.994879518072289,14644.0971,1.03,умеренный рост в соответствии с официальным приоритетом кадров СПО,2025,Средняя зарплата крупной профессиональной группы Росстата за октябрь 2025,,,6.23,6.4,Для профессий со специальным зарплатным срезом используется медиана предложений «Работы России»; иначе зарплата наследуется от группы. Результат не является обещанием числа вакансий
2027,163,Стоматологи,Специалисты высшей квалификации,42810.06,2350.24,5.2,86292.29075362365,102701.63276333273,2.8795180722891565,8.875,8.875,19.016000000000012,4.977936746987951,2420.7472,1.03,"умеренный рост за счёт здравоохранения, инженерных и других сложных функций",2025,Средняя зарплата крупной профессиональной группы Росстата за октябрь 2025,,,5.2,5.35,Для профессий со специальным зарплатным срезом используется медиана предложений «Работы России»; иначе зарплата наследуется от группы. Результат не является обещанием числа вакансий
2027,164,Специалисты в области политики администрирования,Специалисты высшей квалификации,52882.03,2902.21,5.2,86292.29075362365,102701.63276333273,2.8433734939759034,8.875,8.875,19.016000000000012,4.954442771084337,2989.2763,1.03,"умеренный рост за счёт здравоохранения, инженерных и других сложных функций",2025,Средняя зарплата крупной профессиональной группы Росстата за октябрь 2025,,,5.2,5.35,Для профессий со специальным зарплатным срезом используется медиана предложений «Работы России»; иначе зарплата наследуется от группы. Результат не является обещанием числа вакансий
2027,165,Продавцы,"Обслуживание, торговля и охрана",984767.09,77818.8,7.32,48161.539778495455,57319.93818277415,5.843373493975903,3.25,3.25,19.016000000000012,4.935692771084337,77818.8,1.0,почти стабильный спрос с небольшим ростом,2025,Средняя зарплата крупной профессиональной группы Росстата за октябрь 2025,,,7.32,7.32,Для профессий со специальным зарплатным срезом используется медиана предложений «Работы России»; иначе зарплата наследуется от группы. Результат не является обещанием числа вакансий
2027,166,Специалисты в области подбора и использования персонала,Специалисты высшей квалификации,122563.84,6493.79,5.03,86292.29075362365,102701.63276333273,2.662650602409639,8.875,8.875,19.016000000000012,4.836972891566265,6688.603700000001,1.03,"умеренный рост за счёт здравоохранения, инженерных и других сложных функций",2025,Средняя зарплата крупной профессиональной группы Росстата за октябрь 2025,,,5.03,5.17,Для профессий со специальным зарплатным срезом используется медиана предложений «Работы России»; иначе зарплата наследуется от группы. Результат не является обещанием числа вакансий
2027,167,Специалисты по компьютерным сетям,Специалисты высшей квалификации,28202.95,1487.08,5.01,86292.29075362365,102701.63276333273,2.6265060240963853,8.875,8.875,19.016000000000012,4.8134789156626505,1531.6924,1.03,"умеренный рост за счёт здравоохранения, инженерных и других сложных функций",2025,Средняя зарплата крупной профессиональной группы Росстата за октябрь 2025,,,5.01,5.15,Для профессий со специальным зарплатным срезом используется медиана предложений «Работы России»; иначе зарплата наследуется от группы. Результат не является обещанием числа вакансий
2027,168,"Средний персонал культуры и кулинарного искусства, не входящий в другие группы",Специалисты средней квалификации,27849.53,1796.32,6.06,69408.5576048949,82607.28891904172,4.433734939759036,5.5,5.5,19.016000000000012,4.8069277108433734,1850.2096,1.03,умеренный рост в соответствии с официальным приоритетом кадров СПО,2025,Средняя зарплата крупной профессиональной группы Росстата за октябрь 2025,,,6.06,6.23,Для профессий со специальным зарплатным срезом используется медиана предложений «Работы России»; иначе зарплата наследуется от группы. Результат не является обещанием числа вакансий
2027,169,Буфетчики (бармены),"Обслуживание, торговля и охрана",39797.92,3092.85,7.21,48161.539778495455,57319.93818277415,5.626506024096385,3.25,3.25,19.016000000000012,4.79472891566265,3092.85,1.0,почти стабильный спрос с небольшим ростом,2025,Средняя зарплата крупной профессиональной группы Росстата за октябрь 2025,,,7.21,7.21,Для профессий со специальным зарплатным срезом используется медиана предложений «Работы России»; иначе зарплата наследуется от группы. Результат не является обещанием числа вакансий
2027,170,Специалисты-техники по телекоммуникационному оборудованию,Специалисты средней квалификации,11498.66,738.4,6.03,69408.5576048949,82607.28891904172,4.397590361445783,5.5,5.5,19.016000000000012,4.783433734939759,760.552,1.03,умеренный рост в соответствии с официальным приоритетом кадров СПО,2025,Средняя зарплата крупной профессиональной группы Росстата за октябрь 2025,,,6.03,6.2,Для профессий со специальным зарплатным срезом используется медиана предложений «Работы России»; иначе зарплата наследуется от группы. Результат не является обещанием числа вакансий
2027,171,"Разработчики и аналитики программного обеспечения и приложений, не входящие в другие группы",Специалисты высшей квалификации,59266.1,3104.53,4.98,86292.29075362365,102701.63276333273,2.5180722891566263,8.875,8.875,19.016000000000012,4.742996987951807,3197.6659000000004,1.03,"умеренный рост за счёт здравоохранения, инженерных и других сложных функций",2025,Средняя зарплата крупной профессиональной группы Росстата за октябрь 2025,,,4.98,5.12,Для профессий со специальным зарплатным срезом используется медиана предложений «Работы России»; иначе зарплата наследуется от группы. Результат не является обещанием числа вакансий
2027,172,Служащие в приемной (общего профиля),Офисные и учётные служащие,4341.93,318.59,6.84,54045.78718009234,64323.134070258704,4.9397590361445785,4.375,4.375,19.016000000000012,4.742093373493976,309.03229999999996,0.97,наиболее заметное снижение из-за цифровизации стандартных операций,2025,Средняя зарплата крупной профессиональной группы Росстата за октябрь 2025,,,6.84,6.64,Для профессий со специальным зарплатным срезом используется медиана предложений «Работы России»; иначе зарплата наследуется от группы. Результат не является обещанием числа вакансий
2027,173,"Средний юридический персонал в судебной, адвокатской и нотариальной деятельности",Специалисты средней квалификации,2243.42,143.48,6.01,69408.5576048949,82607.28891904172,4.325301204819278,5.5,5.5,19.016000000000012,4.73644578313253,147.7844,1.03,умеренный рост в соответствии с официальным приоритетом кадров СПО,2025,Средняя зарплата крупной профессиональной группы Росстата за октябрь 2025,,,6.02,6.18,Для профессий со специальным зарплатным срезом используется медиана предложений «Работы России»; иначе зарплата наследуется от группы. Результат не является обещанием числа вакансий
2027,174,Специалисты библиотек,Специалисты высшей квалификации,86836.09,4525.65,4.95,86292.29075362365,102701.63276333273,2.4819277108433733,8.875,8.875,19.016000000000012,4.719503012048193,4661.4195,1.03,"умеренный рост за счёт здравоохранения, инженерных и других сложных функций",2025,Средняя зарплата крупной профессиональной группы Росстата за октябрь 2025,,,4.95,5.09,Для профессий со специальным зарплатным срезом используется медиана предложений «Работы России»; иначе зарплата наследуется от группы. Результат не является обещанием числа вакансий
2027,175,Бухгалтеры,Специалисты высшей квалификации,411977.43,21218.76,4.9,86292.29075362365,102701.63276333273,2.4457831325301207,8.875,8.875,19.016000000000012,4.696009036144578,21855.322799999998,1.03,"умеренный рост за счёт здравоохранения, инженерных и других сложных функций",2025,Средняя зарплата крупной профессиональной группы Росстата за октябрь 2025,,,4.9,5.04,Для профессий со специальным зарплатным срезом используется медиана предложений «Работы России»; иначе зарплата наследуется от группы. Результат не является обещанием числа вакансий
2027,176,Специалисты по сбыту информационно-коммуникационных технологий (ИКТ),Специалисты высшей квалификации,46145.96,2362.25,4.87,86292.29075362365,102701.63276333273,2.4096385542168672,8.875,8.875,19.016000000000012,4.672515060240964,2433.1175,1.03,"умеренный рост за счёт здравоохранения, инженерных и других сложных функций",2025,Средняя зарплата крупной профессиональной группы Росстата за октябрь 2025,,,4.87,5.01,Для профессий со специальным зарплатным срезом используется медиана предложений «Работы России»; иначе зарплата наследуется от группы. Результат не является обещанием числа вакансий
2027,177,Техники по обслуживанию медицинского оборудования,Специалисты средней квалификации,19027.22,1199.3,5.93,69408.5576048949,82607.28891904172,4.216867469879518,5.5,5.5,19.016000000000012,4.665963855421687,1235.279,1.03,умеренный рост в соответствии с официальным приоритетом кадров СПО,2025,Средняя зарплата крупной профессиональной группы Росстата за октябрь 2025,,,5.93,6.1,Для профессий со специальным зарплатным срезом используется медиана предложений «Работы России»; иначе зарплата наследуется от группы. Результат не является обещанием числа вакансий
2027,178,Специалисты архивов и музеев,Специалисты высшей квалификации,29493.94,1492.58,4.82,86292.29075362365,102701.63276333273,2.3734939759036147,8.875,8.875,19.016000000000012,4.649021084337349,1537.3573999999999,1.03,"умеренный рост за счёт здравоохранения, инженерных и других сложных функций",2025,Средняя зарплата крупной профессиональной группы Росстата за октябрь 2025,,,4.82,4.95,Для профессий со специальным зарплатным срезом используется медиана предложений «Работы России»; иначе зарплата наследуется от группы. Результат не является обещанием числа вакансий
2027,179,Машинистки и операторы оборудования по редактированию текстов,Офисные и учётные служащие,7695.99,550.61,6.68,54045.78718009234,64323.134070258704,4.795180722891566,4.375,4.375,19.016000000000012,4.648117469879518,534.0917,0.97,наиболее заметное снижение из-за цифровизации стандартных операций,2025,Средняя зарплата крупной профессиональной группы Росстата за октябрь 2025,,,6.68,6.49,Для профессий со специальным зарплатным срезом используется медиана предложений «Работы России»; иначе зарплата наследуется от группы. Результат не является обещанием числа вакансий
2027,180,Специалисты-техники по компьютерным сетям и системам,Специалисты средней квалификации,11950.44,747.62,5.89,69408.5576048949,82607.28891904172,4.1807228915662655,5.5,5.5,19.016000000000012,4.642469879518073,770.0486000000001,1.03,умеренный рост в соответствии с официальным приоритетом кадров СПО,2025,Средняя зарплата крупной профессиональной группы Росстата за октябрь 2025,,,5.89,6.05,Для профессий со специальным зарплатным срезом используется медиана предложений «Работы России»; иначе зарплата наследуется от группы. Результат не является обещанием числа вакансий
2027,181,Тренеры и инструкторы-методисты по физкультуре и спорту,Специалисты высшей квалификации,95782.77,4808.93,4.78,86292.29075362365,102701.63276333273,2.337349397590361,8.875,8.875,19.016000000000012,4.625527108433735,4953.1979,1.03,"умеренный рост за счёт здравоохранения, инженерных и других сложных функций",2025,Средняя зарплата крупной профессиональной группы Росстата за октябрь 2025,,,4.78,4.92,Для профессий со специальным зарплатным срезом используется медиана предложений «Работы России»; иначе зарплата наследуется от группы. Результат не является обещанием числа вакансий
2027,182,Техники-электрики,Специалисты средней квалификации,71428.88,4458.69,5.88,69408.5576048949,82607.28891904172,4.144578313253012,5.5,5.5,19.016000000000012,4.618975903614458,4592.450699999999,1.03,умеренный рост в соответствии с официальным приоритетом кадров СПО,2025,Средняя зарплата крупной профессиональной группы Росстата за октябрь 2025,,,5.88,6.04,Для профессий со специальным зарплатным срезом используется медиана предложений «Работы России»; иначе зарплата наследуется от группы. Результат не является обещанием числа вакансий
2027,183,Аналитики систем управления и организации,Специалисты высшей квалификации,67372.84,3349.41,4.74,86292.29075362365,102701.63276333273,2.265060240963855,8.875,8.875,19.016000000000012,4.578539156626506,3449.8923,1.03,"умеренный рост за счёт здравоохранения, инженерных и других сложных функций",2025,Средняя зарплата крупной профессиональной группы Росстата за октябрь 2025,,,4.74,4.87,Для профессий со специальным зарплатным срезом используется медиана предложений «Работы России»; иначе зарплата наследуется от группы. Результат не является обещанием числа вакансий
2027,184,Мастера (бригадиры) в обрабатывающей промышленности,Специалисты средней квалификации,189186.87,11731.82,5.84,69408.5576048949,82607.28891904172,4.036144578313253,5.5,5.5,19.016000000000012,4.5484939759036145,12083.7746,1.03,умеренный рост в соответствии с официальным приоритетом кадров СПО,2025,Средняя зарплата крупной профессиональной группы Росстата за октябрь 2025,,,5.84,6.0,Для профессий со специальным зарплатным срезом используется медиана предложений «Работы России»; иначе зарплата наследуется от группы. Результат не является обещанием числа вакансий
2027,185,Актеры,Специалисты высшей квалификации,13335.35,644.36,4.61,86292.29075362365,102701.63276333273,2.1927710843373496,8.875,8.875,19.016000000000012,4.5315512048192765,663.6908000000001,1.03,"умеренный рост за счёт здравоохранения, инженерных и других сложных функций",2025,Средняя зарплата крупной профессиональной группы Росстата за октябрь 2025,,,4.62,4.74,Для профессий со специальным зарплатным срезом используется медиана предложений «Работы России»; иначе зарплата наследуется от группы. Результат не является обещанием числа вакансий
2027,186,"Преподаватели, работающие с инвалидами или лицами с особыми возможностями здоровья",Специалисты высшей квалификации,81551.34,3888.47,4.55,86292.29075362365,102701.63276333273,2.1566265060240966,8.875,8.875,19.016000000000012,4.508057228915662,4005.1241,1.03,"умеренный рост за счёт здравоохранения, инженерных и других сложных функций",2025,Средняя зарплата крупной профессиональной группы Росстата за октябрь 2025,,,4.55,4.68,Для профессий со специальным зарплатным срезом используется медиана предложений «Работы России»; иначе зарплата наследуется от группы. Результат не является обещанием числа вакансий
2027,187,Художники,Специалисты высшей квалификации,7410.24,351.57,4.53,86292.29075362365,102701.63276333273,2.120481927710843,8.875,8.875,19.016000000000012,4.484563253012048,362.1171,1.03,"умеренный рост за счёт здравоохранения, инженерных и других сложных функций",2025,Средняя зарплата крупной профессиональной группы Росстата за октябрь 2025,,,4.54,4.66,Для профессий со специальным зарплатным срезом используется медиана предложений «Работы России»; иначе зарплата наследуется от группы. Результат не является обещанием числа вакансий
2027,188,"Офисные служащие, не входящие в другие группы",Офисные и учётные служащие,97214.46,6692.36,6.44,54045.78718009234,64323.134070258704,4.542168674698795,4.375,4.375,19.016000000000012,4.483659638554217,6491.589199999999,0.97,наиболее заметное снижение из-за цифровизации стандартных операций,2025,Средняя зарплата крупной профессиональной группы Росстата за октябрь 2025,,,6.44,6.26,Для профессий со специальным зарплатным срезом используется медиана предложений «Работы России»; иначе зарплата наследуется от группы. Результат не является обещанием числа вакансий
2027,189,Операторы нефте- и газоочистных и перерабатывающих установок,Специалисты средней квалификации,37748.79,2306.19,5.76,69408.5576048949,82607.28891904172,3.855421686746988,5.5,5.5,19.016000000000012,4.431024096385542,2375.3757,1.03,умеренный рост в соответствии с официальным приоритетом кадров СПО,2025,Средняя зарплата крупной профессиональной группы Росстата за октябрь 2025,,,5.76,5.92,Для профессий со специальным зарплатным срезом используется медиана предложений «Работы России»; иначе зарплата наследуется от группы. Результат не является обещанием числа вакансий
2027,190,"Бригадиры уборщиков и помощники по хозяйству в отелях (гостиницах), офисах и других учреждениях","Обслуживание, торговля и охрана",20820.65,1503.54,6.74,48161.539778495455,57319.93818277415,5.048192771084337,3.25,3.25,19.016000000000012,4.418825301204819,1503.54,1.0,почти стабильный спрос с небольшим ростом,2025,Средняя зарплата крупной профессиональной группы Росстата за октябрь 2025,,,6.74,6.74,Для профессий со специальным зарплатным срезом используется медиана предложений «Работы России»; иначе зарплата наследуется от группы. Результат не является обещанием числа вакансий
2027,191,"Биологи, ботаники, зоологи и специалисты родственных занятий",Специалисты высшей квалификации,43949.99,2043.52,4.44,86292.29075362365,102701.63276333273,2.0120481927710845,8.875,8.875,19.016000000000012,4.414081325301204,2104.8256,1.03,"умеренный рост за счёт здравоохранения, инженерных и других сложных функций",2025,Средняя зарплата крупной профессиональной группы Росстата за октябрь 2025,,,4.44,4.57,Для профессий со специальным зарплатным срезом используется медиана предложений «Работы России»; иначе зарплата наследуется от группы. Результат не является обещанием числа вакансий
2027,192,Социальные работники,Специалисты средней квалификации,119218.58,7276.73,5.75,69408.5576048949,82607.28891904172,3.819277108433735,5.5,5.5,19.016000000000012,4.407530120481928,7495.0319,1.03,умеренный рост в соответствии с официальным приоритетом кадров СПО,2025,Средняя зарплата крупной профессиональной группы Росстата за октябрь 2025,,,5.75,5.91,Для профессий со специальным зарплатным срезом используется медиана предложений «Работы России»; иначе зарплата наследуется от группы. Результат не является обещанием числа вакансий
2027,193,"Техники в области физических и технических наук, не входящие в другие группы",Специалисты средней квалификации,77725.51,4733.78,5.74,69408.5576048949,82607.28891904172,3.783132530120482,5.5,5.5,19.016000000000012,4.384036144578314,4875.7934,1.03,умеренный рост в соответствии с официальным приоритетом кадров СПО,2025,Средняя зарплата крупной профессиональной группы Росстата за октябрь 2025,,,5.74,5.9,Для профессий со специальным зарплатным срезом используется медиана предложений «Работы России»; иначе зарплата наследуется от группы. Результат не является обещанием числа вакансий
2027,194,Помощники учителей,"Обслуживание, торговля и охрана",8563.16,610.25,6.65,48161.539778495455,57319.93818277415,4.975903614457831,3.25,3.25,19.016000000000012,4.371837349397591,610.25,1.0,почти стабильный спрос с небольшим ростом,2025,Средняя зарплата крупной профессиональной группы Росстата за октябрь 2025,,,6.65,6.65,Для профессий со специальным зарплатным срезом используется медиана предложений «Работы России»; иначе зарплата наследуется от группы. Результат не является обещанием числа вакансий
2027,195,"Средний медицинский персонал здравоохранения, не входящий в другие группы",Специалисты средней квалификации,287748.11,17489.79,5.73,69408.5576048949,82607.28891904172,3.7469879518072293,5.5,5.5,19.016000000000012,4.360542168674699,18014.4837,1.03,умеренный рост в соответствии с официальным приоритетом кадров СПО,2025,Средняя зарплата крупной профессиональной группы Росстата за октябрь 2025,,,5.73,5.89,Для профессий со специальным зарплатным срезом используется медиана предложений «Работы России»; иначе зарплата наследуется от группы. Результат не является обещанием числа вакансий
2027,196,"Горные инженеры, металлурги и специалисты родственных занятий",Специалисты высшей квалификации,26734.55,1208.76,4.33,86292.29075362365,102701.63276333273,1.9036144578313254,8.875,8.875,19.016000000000012,4.343599397590361,1245.0228,1.03,"умеренный рост за счёт здравоохранения, инженерных и других сложных функций",2025,Средняя зарплата крупной профессиональной группы Росстата за октябрь 2025,,,4.33,4.45,Для профессий со специальным зарплатным срезом используется медиана предложений «Работы России»; иначе зарплата наследуется от группы. Результат не является обещанием числа вакансий
2027,197,Педагогические работники в дошкольном образовании,Специалисты высшей квалификации,576091.37,25444.14,4.23,86292.29075362365,102701.63276333273,1.8313253012048194,8.875,8.875,19.016000000000012,4.296611445783132,26207.4642,1.03,"умеренный рост за счёт здравоохранения, инженерных и других сложных функций",2025,Средняя зарплата крупной профессиональной группы Росстата за октябрь 2025,,,4.23,4.35,Для профессий со специальным зарплатным срезом используется медиана предложений «Работы России»; иначе зарплата наследуется от группы. Результат не является обещанием числа вакансий
2027,198,Преподаватели средних профессиональных образовательных организаций,Специалисты высшей квалификации,161960.9,7148.83,4.23,86292.29075362365,102701.63276333273,1.7951807228915664,8.875,8.875,19.016000000000012,4.273117469879518,7363.2949,1.03,"умеренный рост за счёт здравоохранения, инженерных и других сложных функций",2025,Средняя зарплата крупной профессиональной группы Росстата за октябрь 2025,,,4.23,4.35,Для профессий со специальным зарплатным срезом используется медиана предложений «Работы России»; иначе зарплата наследуется от группы. Результат не является обещанием числа вакансий
2027,199,Техники-электроники по системам безопасности полетов,Специалисты средней квалификации,1457.81,84.83,5.5,69408.5576048949,82607.28891904172,3.566265060240964,5.5,5.5,19.016000000000012,4.243072289156626,87.3749,1.03,умеренный рост в соответствии с официальным приоритетом кадров СПО,2025,Средняя зарплата крупной профессиональной группы Росстата за октябрь 2025,,,5.52,5.65,Для профессий со специальным зарплатным срезом используется медиана предложений «Работы России»; иначе зарплата наследуется от группы. Результат не является обещанием числа вакансий
2027,200,Мастера (бригадиры) в добывающей промышленности,Специалисты средней квалификации,42806.71,2468.09,5.45,69408.5576048949,82607.28891904172,3.4578313253012047,5.5,5.5,19.016000000000012,4.172590361445783,2542.1327,1.03,умеренный рост в соответствии с официальным приоритетом кадров СПО,2025,Средняя зарплата крупной профессиональной группы Росстата за октябрь 2025,,,5.45,5.61,Для профессий со специальным зарплатным срезом используется медиана предложений «Работы России»; иначе зарплата наследуется от группы. Результат не является обещанием числа вакансий
2027,201,Операторы металлоплавильных установок и установок по обработке металлов,"Операторы машин, сборщики и водители",129714.41,6350.65,4.67,78339.15258467232,93236.12584017363,2.2289156626506026,7.75,7.75,19.016000000000012,4.161295180722892,6477.663,1.02,умеренный рост: официальный кадровый прогноз указывает на высокий вес профессий со средним профессиональным образованием,2025,Средняя зарплата крупной профессиональной группы Росстата за октябрь 2025,,,4.67,4.76,Для профессий со специальным зарплатным срезом используется медиана предложений «Работы России»; иначе зарплата наследуется от группы. Результат не является обещанием числа вакансий
2027,202,Преподаватели по обучению компьютерной грамотности,Специалисты высшей квалификации,1642.78,67.79,3.96,86292.29075362365,102701.63276333273,1.6144578313253013,8.875,8.875,19.016000000000012,4.155647590361445,69.8237,1.03,"умеренный рост за счёт здравоохранения, инженерных и других сложных функций",2025,Средняя зарплата крупной профессиональной группы Росстата за октябрь 2025,,,4.02,4.08,Для профессий со специальным зарплатным срезом используется медиана предложений «Работы России»; иначе зарплата наследуется от группы. Результат не является обещанием числа вакансий
2027,203,Преподаватели по программам дополнительного обучения,Специалисты высшей квалификации,154267.01,6256.21,3.9,86292.29075362365,102701.63276333273,1.5783132530120483,8.875,8.875,19.016000000000012,4.132153614457831,6443.8963,1.03,"умеренный рост за счёт здравоохранения, инженерных и других сложных функций",2025,Средняя зарплата крупной профессиональной группы Росстата за октябрь 2025,,,3.9,4.01,Для профессий со специальным зарплатным срезом используется медиана предложений «Работы России»; иначе зарплата наследуется от группы. Результат не является обещанием числа вакансий
2027,204,Средний медицинский персонал по акушерству,Специалисты средней квалификации,42268.15,2426.46,5.43,69408.5576048949,82607.28891904172,3.349397590361446,5.5,5.5,19.016000000000012,4.102108433734941,2499.2538,1.03,умеренный рост в соответствии с официальным приоритетом кадров СПО,2025,Средняя зарплата крупной профессиональной группы Росстата за октябрь 2025,,,5.43,5.58,Для профессий со специальным зарплатным срезом используется медиана предложений «Работы России»; иначе зарплата наследуется от группы. Результат не является обещанием числа вакансий
2027,205,"Служащие, занятые учетом, приемом и выдачей товаров на складе",Офисные и учётные служащие,415617.77,27119.89,6.13,54045.78718009234,64323.134070258704,3.927710843373494,4.375,4.375,19.016000000000012,4.084262048192771,26306.293299999998,0.97,наиболее заметное снижение из-за цифровизации стандартных операций,2025,Средняя зарплата крупной профессиональной группы Росстата за октябрь 2025,,,6.13,5.95,Для профессий со специальным зарплатным срезом используется медиана предложений «Работы России»; иначе зарплата наследуется от группы. Результат не является обещанием числа вакансий
2027,206,"Техники-статистики и персонал родственных занятий, связанных с проведением математических расчетов и вычислений",Специалисты средней квалификации,6746.14,386.22,5.42,69408.5576048949,82607.28891904172,3.3132530120481927,5.5,5.5,19.016000000000012,4.078614457831325,397.80660000000006,1.03,умеренный рост в соответствии с официальным приоритетом кадров СПО,2025,Средняя зарплата крупной профессиональной группы Росстата за октябрь 2025,,,5.42,5.57,Для профессий со специальным зарплатным срезом используется медиана предложений «Работы России»; иначе зарплата наследуется от группы. Результат не является обещанием числа вакансий
2027,207,"Работники, оказывающие индивидуальные услуги, не входящие в другие группы","Обслуживание, торговля и охрана",18507.78,1235.27,6.26,48161.539778495455,57319.93818277415,4.46987951807229,3.25,3.25,19.016000000000012,4.042921686746988,1235.27,1.0,почти стабильный спрос с небольшим ростом,2025,Средняя зарплата крупной профессиональной группы Росстата за октябрь 2025,,,6.26,6.26,Для профессий со специальным зарплатным срезом используется медиана предложений «Работы России»; иначе зарплата наследуется от группы. Результат не является обещанием числа вакансий
2027,208,Техники-электроники,Специалисты средней квалификации,17334.21,986.85,5.39,69408.5576048949,82607.28891904172,3.2409638554216866,5.5,5.5,19.016000000000012,4.031626506024097,1016.4555,1.03,умеренный рост в соответствии с официальным приоритетом кадров СПО,2025,Средняя зарплата крупной профессиональной группы Росстата за октябрь 2025,,,5.39,5.54,Для профессий со специальным зарплатным срезом используется медиана предложений «Работы России»; иначе зарплата наследуется от группы. Результат не является обещанием числа вакансий
2027,209,Инженеры по телекоммуникациям,Специалисты высшей квалификации,68407.62,2382.98,3.37,86292.29075362365,102701.63276333273,1.3975903614457832,8.875,8.875,19.016000000000012,4.014683734939759,2454.4694,1.03,"умеренный рост за счёт здравоохранения, инженерных и других сложных функций",2025,Средняя зарплата крупной профессиональной группы Росстата за октябрь 2025,,,3.37,3.46,Для профессий со специальным зарплатным срезом используется медиана предложений «Работы России»; иначе зарплата наследуется от группы. Результат не является обещанием числа вакансий
2027,210,Агенты по операциям с недвижимостью и другой собственностью,Специалисты средней квалификации,4946.98,281.14,5.38,69408.5576048949,82607.28891904172,3.2048192771084336,5.5,5.5,19.016000000000012,4.0081325301204815,289.5742,1.03,умеренный рост в соответствии с официальным приоритетом кадров СПО,2025,Средняя зарплата крупной профессиональной группы Росстата за октябрь 2025,,,5.39,5.53,Для профессий со специальным зарплатным срезом используется медиана предложений «Работы России»; иначе зарплата наследуется от группы. Результат не является обещанием числа вакансий
2027,211,Физики и астрономы,Специалисты высшей квалификации,20823.06,675.33,3.14,86292.29075362365,102701.63276333273,1.2891566265060241,8.875,8.875,19.016000000000012,3.9442018072289153,695.5899000000001,1.03,"умеренный рост за счёт здравоохранения, инженерных и других сложных функций",2025,Средняя зарплата крупной профессиональной группы Росстата за октябрь 2025,,,3.15,3.23,Для профессий со специальным зарплатным срезом используется медиана предложений «Работы России»; иначе зарплата наследуется от группы. Результат не является обещанием числа вакансий
2027,212,Спортивные служащие,Специалисты средней квалификации,4132.03,232.13,5.32,69408.5576048949,82607.28891904172,3.096385542168675,5.5,5.5,19.016000000000012,3.9376506024096387,239.0939,1.03,умеренный рост в соответствии с официальным приоритетом кадров СПО,2025,Средняя зарплата крупной профессиональной группы Росстата за октябрь 2025,,,5.33,5.47,Для профессий со специальным зарплатным срезом используется медиана предложений «Работы России»; иначе зарплата наследуется от группы. Результат не является обещанием числа вакансий
2027,213,Машинисты локомотивов и рабочие родственных занятий,"Операторы машин, сборщики и водители",228676.27,10409.8,4.35,78339.15258467232,93236.12584017363,1.8674698795180724,7.75,7.75,19.016000000000012,3.9263554216867464,10617.996,1.02,умеренный рост: официальный кадровый прогноз указывает на высокий вес профессий со средним профессиональным образованием,2025,Средняя зарплата крупной профессиональной группы Росстата за октябрь 2025,,,4.35,4.44,Для профессий со специальным зарплатным срезом используется медиана предложений «Работы России»; иначе зарплата наследуется от группы. Результат не является обещанием числа вакансий
2027,214,Преподаватели музыки в музыкальных школах и частные,Специалисты высшей квалификации,41410.74,1280.21,3.0,86292.29075362365,102701.63276333273,1.2530120481927711,8.875,8.875,19.016000000000012,3.9207078313253008,1318.6163000000001,1.03,"умеренный рост за счёт здравоохранения, инженерных и других сложных функций",2025,Средняя зарплата крупной профессиональной группы Росстата за октябрь 2025,,,3.0,3.09,Для профессий со специальным зарплатным срезом используется медиана предложений «Работы России»; иначе зарплата наследуется от группы. Результат не является обещанием числа вакансий
2027,215,Фельдшеры-лаборанты медицинских и патологоанатомических лабораторий,Специалисты средней квалификации,64080.86,3592.01,5.31,69408.5576048949,82607.28891904172,3.0602409638554215,5.5,5.5,19.016000000000012,3.9141566265060237,3699.7703,1.03,умеренный рост в соответствии с официальным приоритетом кадров СПО,2025,Средняя зарплата крупной профессиональной группы Росстата за октябрь 2025,,,5.31,5.46,Для профессий со специальным зарплатным срезом используется медиана предложений «Работы России»; иначе зарплата наследуется от группы. Результат не является обещанием числа вакансий
2027,216,Помощники (ассистенты) врачей,Специалисты средней квалификации,114610.01,6406.24,5.29,69408.5576048949,82607.28891904172,3.0240963855421685,5.5,5.5,19.016000000000012,3.8906626506024096,6598.4272,1.03,умеренный рост в соответствии с официальным приоритетом кадров СПО,2025,Средняя зарплата крупной профессиональной группы Росстата за октябрь 2025,,,5.29,5.44,Для профессий со специальным зарплатным срезом используется медиана предложений «Работы России»; иначе зарплата наследуется от группы. Результат не является обещанием числа вакансий
2027,217,Педагогические работники в средней школе,Специалисты высшей квалификации,959380.42,25558.15,2.59,86292.29075362365,102701.63276333273,1.180722891566265,8.875,8.875,19.016000000000012,3.873719879518072,26324.894500000002,1.03,"умеренный рост за счёт здравоохранения, инженерных и других сложных функций",2025,Средняя зарплата крупной профессиональной группы Росстата за октябрь 2025,,,2.59,2.67,Для профессий со специальным зарплатным срезом используется медиана предложений «Работы России»; иначе зарплата наследуется от группы. Результат не является обещанием числа вакансий
2027,218,Преподаватели в области изобразительных и иных искусств,Специалисты высшей квалификации,10965.2,284.57,2.53,86292.29075362365,102701.63276333273,1.144578313253012,8.875,8.875,19.016000000000012,3.8502259036144575,293.1071,1.03,"умеренный рост за счёт здравоохранения, инженерных и других сложных функций",2025,Средняя зарплата крупной профессиональной группы Росстата за октябрь 2025,,,2.55,2.6,Для профессий со специальным зарплатным срезом используется медиана предложений «Работы России»; иначе зарплата наследуется от группы. Результат не является обещанием числа вакансий
2027,219,Специалисты-техники в области биологических исследований (за исключением среднего медицинского персонала),Специалисты средней квалификации,9879.27,544.07,5.22,69408.5576048949,82607.28891904172,2.951807228915663,5.5,5.5,19.016000000000012,3.843674698795181,560.3921,1.03,умеренный рост в соответствии с официальным приоритетом кадров СПО,2025,Средняя зарплата крупной профессиональной группы Росстата за октябрь 2025,,,5.22,5.37,Для профессий со специальным зарплатным срезом используется медиана предложений «Работы России»; иначе зарплата наследуется от группы. Результат не является обещанием числа вакансий
2027,220,Специалисты-техники по эксплуатации ИКТ,Специалисты средней квалификации,11920.32,656.35,5.22,69408.5576048949,82607.28891904172,2.9156626506024095,5.5,5.5,19.016000000000012,3.820180722891566,676.0405000000001,1.03,умеренный рост в соответствии с официальным приоритетом кадров СПО,2025,Средняя зарплата крупной профессиональной группы Росстата за октябрь 2025,,,5.22,5.37,Для профессий со специальным зарплатным срезом используется медиана предложений «Работы России»; иначе зарплата наследуется от группы. Результат не является обещанием числа вакансий
2027,221,Профессорско-преподавательский персонал университетов и других организаций высшего образования,Специалисты высшей квалификации,216131.92,4630.68,2.1,86292.29075362365,102701.63276333273,1.072289156626506,8.875,8.875,19.016000000000012,3.8032379518072283,4769.6004,1.03,"умеренный рост за счёт здравоохранения, инженерных и других сложных функций",2025,Средняя зарплата крупной профессиональной группы Росстата за октябрь 2025,,,2.1,2.16,Для профессий со специальным зарплатным срезом используется медиана предложений «Работы России»; иначе зарплата наследуется от группы. Результат не является обещанием числа вакансий
2027,222,Судьи,Специалисты высшей квалификации,201.42,3.33,1.63,86292.29075362365,102701.63276333273,1.036144578313253,8.875,8.875,19.016000000000012,3.779743975903614,3.4299,1.03,"умеренный рост за счёт здравоохранения, инженерных и других сложных функций",2025,Средняя зарплата крупной профессиональной группы Росстата за октябрь 2025,,,2.56,1.67,Для профессий со специальным зарплатным срезом используется медиана предложений «Работы России»; иначе зарплата наследуется от группы. Результат не является обещанием числа вакансий
2027,223,Педагогические работники в начальном образовании,Специалисты высшей квалификации,225322.42,2882.53,1.26,86292.29075362365,102701.63276333273,1.0,8.875,8.875,19.016000000000012,3.7562499999999996,2969.0059,1.03,"умеренный рост за счёт здравоохранения, инженерных и других сложных функций",2025,Средняя зарплата крупной профессиональной группы Росстата за октябрь 2025,,,1.26,1.3,Для профессий со специальным зарплатным срезом используется медиана предложений «Работы России»; иначе зарплата наследуется от группы. Результат не является обещанием числа вакансий
2027,224,Служащие бюро путешествий,Офисные и учётные служащие,4137.99,250.97,5.72,54045.78718009234,64323.134070258704,3.2771084337349397,4.375,4.375,19.016000000000012,3.661370481927711,243.4409,0.97,наиболее заметное снижение из-за цифровизации стандартных операций,2025,Средняя зарплата крупной профессиональной группы Росстата за октябрь 2025,,,5.73,5.56,Для профессий со специальным зарплатным срезом используется медиана предложений «Работы России»; иначе зарплата наследуется от группы. Результат не является обещанием числа вакансий
2027,225,Служащие по бухгалтерским операциям и учету,Офисные и учётные служащие,37339.17,2243.11,5.67,54045.78718009234,64323.134070258704,3.1686746987951806,4.375,4.375,19.016000000000012,3.590888554216867,2175.8167,0.97,наиболее заметное снижение из-за цифровизации стандартных операций,2025,Средняя зарплата крупной профессиональной группы Росстата за октябрь 2025,,,5.67,5.51,Для профессий со специальным зарплатным срезом используется медиана предложений «Работы России»; иначе зарплата наследуется от группы. Результат не является обещанием числа вакансий
2027,226,Помощники по уходу за больными,"Обслуживание, торговля и охрана",179539.65,10988.94,5.77,48161.539778495455,57319.93818277415,3.7108433734939763,3.25,3.25,19.016000000000012,3.5495481927710846,10988.94,1.0,почти стабильный спрос с небольшим ростом,2025,Средняя зарплата крупной профессиональной группы Росстата за октябрь 2025,,,5.77,5.77,Для профессий со специальным зарплатным срезом используется медиана предложений «Работы России»; иначе зарплата наследуется от группы. Результат не является обещанием числа вакансий
2027,227,"Служащие, занятые диспетчерской подготовкой производства",Офисные и учётные служащие,77854.13,4566.45,5.54,54045.78718009234,64323.134070258704,2.9879518072289155,4.375,4.375,19.016000000000012,3.473418674698795,4429.456499999999,0.97,наиболее заметное снижение из-за цифровизации стандартных операций,2025,Средняя зарплата крупной профессиональной группы Росстата за октябрь 2025,,,5.54,5.38,Для профессий со специальным зарплатным срезом используется медиана предложений «Работы России»; иначе зарплата наследуется от группы. Результат не является обещанием числа вакансий
2027,228,"Служащие, встречающие и регистрирующие клиентов в отелях (гостиницах)",Офисные и учётные служащие,27086.85,1538.13,5.37,54045.78718009234,64323.134070258704,2.6987951807228914,4.375,4.375,19.016000000000012,3.2854668674698795,1491.9861,0.97,наиболее заметное снижение из-за цифровизации стандартных операций,2025,Средняя зарплата крупной профессиональной группы Росстата за октябрь 2025,,,5.37,5.22,Для профессий со специальным зарплатным срезом используется медиана предложений «Работы России»; иначе зарплата наследуется от группы. Результат не является обещанием числа вакансий
2027,229,Пилоты воздушных судов и специалисты родственных занятий,Специалисты средней квалификации,14820.95,701.97,4.52,69408.5576048949,82607.28891904172,2.0843373493975905,5.5,5.5,19.016000000000012,3.279819277108434,723.0291000000001,1.03,умеренный рост в соответствии с официальным приоритетом кадров СПО,2025,Средняя зарплата крупной профессиональной группы Росстата за октябрь 2025,,,4.52,4.65,Для профессий со специальным зарплатным срезом используется медиана предложений «Работы России»; иначе зарплата наследуется от группы. Результат не является обещанием числа вакансий
2027,230,Техники в добывающей промышленности и металлургии,Специалисты средней квалификации,6406.44,301.14,4.49,69408.5576048949,82607.28891904172,2.0481927710843375,5.5,5.5,19.016000000000012,3.2563253012048192,310.1742,1.03,умеренный рост в соответствии с официальным приоритетом кадров СПО,2025,Средняя зарплата крупной профессиональной группы Росстата за октябрь 2025,,,4.5,4.62,Для профессий со специальным зарплатным срезом используется медиана предложений «Работы России»; иначе зарплата наследуется от группы. Результат не является обещанием числа вакансий
2027,231,Служащие по ведению кадровой документации,Офисные и учётные служащие,40139.13,2246.66,5.3,54045.78718009234,64323.134070258704,2.5903614457831328,4.375,4.375,19.016000000000012,3.2149849397590358,2179.2601999999997,0.97,наиболее заметное снижение из-за цифровизации стандартных операций,2025,Средняя зарплата крупной профессиональной группы Росстата за октябрь 2025,,,5.3,5.15,Для профессий со специальным зарплатным срезом используется медиана предложений «Работы России»; иначе зарплата наследуется от группы. Результат не является обещанием числа вакансий
2027,232,Служащие по транспортным перевозкам,Офисные и учётные служащие,120313.91,6716.64,5.29,54045.78718009234,64323.134070258704,2.5542168674698793,4.375,4.375,19.016000000000012,3.1914909638554216,6515.1408,0.97,наиболее заметное снижение из-за цифровизации стандартных операций,2025,Средняя зарплата крупной профессиональной группы Росстата за октябрь 2025,,,5.29,5.14,Для профессий со специальным зарплатным срезом используется медиана предложений «Работы России»; иначе зарплата наследуется от группы. Результат не является обещанием числа вакансий
2027,233,Агенты по трудовым договорам и найму,Специалисты средней квалификации,5404.3,245.85,4.35,69408.5576048949,82607.28891904172,1.9397590361445782,5.5,5.5,19.016000000000012,3.185843373493976,253.2255,1.03,умеренный рост в соответствии с официальным приоритетом кадров СПО,2025,Средняя зарплата крупной профессиональной группы Росстата за октябрь 2025,,,4.36,4.48,Для профессий со специальным зарплатным срезом используется медиана предложений «Работы России»; иначе зарплата наследуется от группы. Результат не является обещанием числа вакансий
2027,234,Офисные служащие общего профиля,Офисные и учётные служащие,81907.49,4351.0,5.04,54045.78718009234,64323.134070258704,2.3012048192771086,4.375,4.375,19.016000000000012,3.0270331325301205,4220.47,0.97,наиболее заметное снижение из-за цифровизации стандартных операций,2025,Средняя зарплата крупной профессиональной группы Росстата за октябрь 2025,,,5.04,4.9,Для профессий со специальным зарплатным срезом используется медиана предложений «Работы России»; иначе зарплата наследуется от группы. Результат не является обещанием числа вакансий
2027,235,"Работники, оказывающие индивидуальные услуги по уходу за больными, не входящие в другие группы","Обслуживание, торговля и охрана",19841.24,1114.28,5.32,48161.539778495455,57319.93818277415,2.807228915662651,3.25,3.25,19.016000000000012,2.962198795180723,1114.28,1.0,почти стабильный спрос с небольшим ростом,2025,Средняя зарплата крупной профессиональной группы Росстата за октябрь 2025,,,5.32,5.32,Для профессий со специальным зарплатным срезом используется медиана предложений «Работы России»; иначе зарплата наследуется от группы. Результат не является обещанием числа вакансий
2027,236,Работники по уходу за детьми,"Обслуживание, торговля и охрана",271431.98,15231.75,5.31,48161.539778495455,57319.93818277415,2.7710843373493974,3.25,3.25,19.016000000000012,2.9387048192771084,15231.75,1.0,почти стабильный спрос с небольшим ростом,2025,Средняя зарплата крупной профессиональной группы Росстата за октябрь 2025,,,5.31,5.31,Для профессий со специальным зарплатным срезом используется медиана предложений «Работы России»; иначе зарплата наследуется от группы. Результат не является обещанием числа вакансий
2027,237,"Работники, оказывающие индивидуальные услуги по уходу за больными на дому","Обслуживание, торговля и охрана",23788.62,1313.06,5.23,48161.539778495455,57319.93818277415,2.734939759036145,3.25,3.25,19.016000000000012,2.915210843373494,1313.06,1.0,почти стабильный спрос с небольшим ростом,2025,Средняя зарплата крупной профессиональной группы Росстата за октябрь 2025,,,5.23,5.23,Для профессий со специальным зарплатным срезом используется медиана предложений «Работы России»; иначе зарплата наследуется от группы. Результат не является обещанием числа вакансий
2027,238,Зубные врачи,Специалисты средней квалификации,9542.87,337.81,3.42,69408.5576048949,82607.28891904172,1.4337349397590362,5.5,5.5,19.016000000000012,2.8569277108433733,347.9443,1.03,умеренный рост в соответствии с официальным приоритетом кадров СПО,2025,Средняя зарплата крупной профессиональной группы Росстата за октябрь 2025,,,3.43,3.52,Для профессий со специальным зарплатным срезом используется медиана предложений «Работы России»; иначе зарплата наследуется от группы. Результат не является обещанием числа вакансий
2027,239,Служащие по введению данных,Офисные и учётные служащие,72178.33,3548.91,4.69,54045.78718009234,64323.134070258704,1.9759036144578315,4.375,4.375,19.016000000000012,2.8155873493975903,3442.4426999999996,0.97,наиболее заметное снижение из-за цифровизации стандартных операций,2025,Средняя зарплата крупной профессиональной группы Росстата за октябрь 2025,,,4.69,4.55,Для профессий со специальным зарплатным срезом используется медиана предложений «Работы России»; иначе зарплата наследуется от группы. Результат не является обещанием числа вакансий
2027,240,"Средний специальный персонал художественных галерей, музеев и библиотек",Специалисты средней квалификации,15592.42,532.13,3.3,69408.5576048949,82607.28891904172,1.3614457831325302,5.5,5.5,19.016000000000012,2.809939759036144,548.0939,1.03,умеренный рост в соответствии с официальным приоритетом кадров СПО,2025,Средняя зарплата крупной профессиональной группы Росстата за октябрь 2025,,,3.31,3.4,Для профессий со специальным зарплатным срезом используется медиана предложений «Работы России»; иначе зарплата наследуется от группы. Результат не является обещанием числа вакансий
2027,241,Зубные техники и техники-протезисты,Специалисты средней квалификации,10488.47,347.52,3.21,69408.5576048949,82607.28891904172,1.3253012048192772,5.5,5.5,19.016000000000012,2.78644578313253,357.9456,1.03,умеренный рост в соответствии с официальным приоритетом кадров СПО,2025,Средняя зарплата крупной профессиональной группы Росстата за октябрь 2025,,,3.22,3.3,Для профессий со специальным зарплатным срезом используется медиана предложений «Работы России»; иначе зарплата наследуется от группы. Результат не является обещанием числа вакансий
2027,242,Медицинские регистраторы,Специалисты средней квалификации,44750.88,1318.16,2.86,69408.5576048949,82607.28891904172,1.216867469879518,5.5,5.5,19.016000000000012,2.7159638554216867,1357.7048000000002,1.03,умеренный рост в соответствии с официальным приоритетом кадров СПО,2025,Средняя зарплата крупной профессиональной группы Росстата за октябрь 2025,,,2.86,2.94,Для профессий со специальным зарплатным срезом используется медиана предложений «Работы России»; иначе зарплата наследуется от группы. Результат не является обещанием числа вакансий
2027,243,"Кодировщики, корректоры и другие родственные служащие",Офисные и учётные служащие,2738.42,127.21,4.44,54045.78718009234,64323.134070258704,1.7590361445783131,4.375,4.375,19.016000000000012,2.6746234939759033,123.3937,0.97,наиболее заметное снижение из-за цифровизации стандартных операций,2025,Средняя зарплата крупной профессиональной группы Росстата за октябрь 2025,,,4.47,4.31,Для профессий со специальным зарплатным срезом используется медиана предложений «Работы России»; иначе зарплата наследуется от группы. Результат не является обещанием числа вакансий
2027,244,Служащие по учету рабочего времени и расчету заработной платы,Офисные и учётные служащие,16564.84,766.97,4.43,54045.78718009234,64323.134070258704,1.7228915662650603,4.375,4.375,19.016000000000012,2.651129518072289,743.9609,0.97,наиболее заметное снижение из-за цифровизации стандартных операций,2025,Средняя зарплата крупной профессиональной группы Росстата за октябрь 2025,,,4.44,4.3,Для профессий со специальным зарплатным срезом используется медиана предложений «Работы России»; иначе зарплата наследуется от группы. Результат не является обещанием числа вакансий
2027,245,Авиационные диспетчеры,Специалисты средней квалификации,15422.3,396.15,2.5,69408.5576048949,82607.28891904172,1.108433734939759,5.5,5.5,19.016000000000012,2.6454819277108435,408.0345,1.03,умеренный рост в соответствии с официальным приоритетом кадров СПО,2025,Средняя зарплата крупной профессиональной группы Росстата за октябрь 2025,,,2.51,2.58,Для профессий со специальным зарплатным срезом используется медиана предложений «Работы России»; иначе зарплата наследуется от группы. Результат не является обещанием числа вакансий
2027,246,"Служащие по обработке статистической, финансовой и страховой информации и ведению расчетов",Офисные и учётные служащие,10794.03,487.76,4.32,54045.78718009234,64323.134070258704,1.6867469879518073,4.375,4.375,19.016000000000012,2.6276355421686746,473.12719999999996,0.97,наиболее заметное снижение из-за цифровизации стандартных операций,2025,Средняя зарплата крупной профессиональной группы Росстата за октябрь 2025,,,4.33,4.2,Для профессий со специальным зарплатным срезом используется медиана предложений «Работы России»; иначе зарплата наследуется от группы. Результат не является обещанием числа вакансий
2027,247,Секретари (общего профиля),Офисные и учётные служащие,115617.96,5151.23,4.27,54045.78718009234,64323.134070258704,1.6506024096385543,4.375,4.375,19.016000000000012,2.60414156626506,4996.6930999999995,0.97,наиболее заметное снижение из-за цифровизации стандартных операций,2025,Средняя зарплата крупной профессиональной группы Росстата за октябрь 2025,,,4.27,4.14,Для профессий со специальным зарплатным срезом используется медиана предложений «Работы России»; иначе зарплата наследуется от группы. Результат не является обещанием числа вакансий
2027,248,Служащие библиотек,Офисные и учётные служащие,11915.13,479.04,3.87,54045.78718009234,64323.134070258704,1.5421686746987953,4.375,4.375,19.016000000000012,2.5336596385542167,464.66880000000003,0.97,наиболее заметное снижение из-за цифровизации стандартных операций,2025,Средняя зарплата крупной профессиональной группы Росстата за октябрь 2025,,,3.88,3.75,Для профессий со специальным зарплатным срезом используется медиана предложений «Работы России»; иначе зарплата наследуется от группы. Результат не является обещанием числа вакансий
2027,249,Регистраторы и копировщики,Офисные и учётные служащие,12393.01,494.12,3.83,54045.78718009234,64323.134070258704,1.5060240963855422,4.375,4.375,19.016000000000012,2.510165662650602,479.2964,0.97,наиболее заметное снижение из-за цифровизации стандартных операций,2025,Средняя зарплата крупной профессиональной группы Росстата за октябрь 2025,,,3.84,3.72,Для профессий со специальным зарплатным срезом используется медиана предложений «Работы России»; иначе зарплата наследуется от группы. Результат не является обещанием числа вакансий
2027,250,Экономки,"Обслуживание, торговля и охрана",946.8,35.5,3.61,48161.539778495455,57319.93818277415,1.4698795180722892,3.25,3.25,19.016000000000012,2.0929216867469878,35.5,1.0,почти стабильный спрос с небольшим ростом,2025,Средняя зарплата крупной профессиональной группы Росстата за октябрь 2025,,,3.71,3.61,Для профессий со специальным зарплатным срезом используется медиана предложений «Работы России»; иначе зарплата наследуется от группы. Результат не является обещанием числа вакансий
2028,1,Врачи скорой медицинской помощи и парамедики,Специалисты высшей квалификации,12108.49,2846.35,19.03,81908.0,94652.8848,9.927710843373495,8.875,8.875,15.559999999999995,9.559262048192771,3017.131,1.06,"умеренный рост за счёт здравоохранения, инженерных и других сложных функций",2026,Медиана середины зарплатных вилок вакансий API «Работа России»,2026-08-13,503.0,18.98,19.95,Для профессий со специальным зарплатным срезом используется медиана предложений «Работы России»; иначе зарплата наследуется от группы. Результат не является обещанием числа вакансий
2028,2,Провизоры,Специалисты высшей квалификации,23377.51,4299.29,15.53,59250.0,68469.3,9.74698795180723,8.875,8.875,15.559999999999995,9.441792168674699,4557.2474,1.06,"умеренный рост за счёт здравоохранения, инженерных и других сложных функций",2026,Медиана середины зарплатных вилок вакансий API «Работа России»,2026-08-13,547.0,15.51,16.31,Для профессий со специальным зарплатным срезом используется медиана предложений «Работы России»; иначе зарплата наследуется от группы. Результат не является обещанием числа вакансий
2028,3,Диетологи и специалисты по рациональному питанию,Специалисты высшей квалификации,1240.56,217.56,14.92,60773.0,70229.2788,9.638554216867469,8.875,8.875,15.559999999999995,9.371310240963854,230.61360000000002,1.06,"умеренный рост за счёт здравоохранения, инженерных и других сложных функций",2026,Медиана середины зарплатных вилок вакансий API «Работа России»,2026-08-13,134.0,14.59,15.68,Для профессий со специальным зарплатным срезом используется медиана предложений «Работы России»; иначе зарплата наследуется от группы. Результат не является обещанием числа вакансий
2028,4,Врачи общей практики,Специалисты высшей квалификации,47658.93,7302.5,13.29,70000.0,80892.0,9.3855421686747,8.875,8.875,15.559999999999995,9.206852409638554,7740.650000000001,1.06,"умеренный рост за счёт здравоохранения, инженерных и других сложных функций",2026,Медиана середины зарплатных вилок вакансий API «Работа России»,2026-08-13,787.0,13.28,13.97,Для профессий со специальным зарплатным срезом используется медиана предложений «Работы России»; иначе зарплата наследуется от группы. Результат не является обещанием числа вакансий
2028,5,Преподаватели иностранных языков на курсах и частные,Специалисты высшей квалификации,6215.38,935.98,13.09,38546.0,44543.757600000004,9.313253012048193,8.875,8.875,15.560000000000018,9.159864457831326,992.1388000000001,1.06,"умеренный рост за счёт здравоохранения, инженерных и других сложных функций",2026,Медиана середины зарплатных вилок вакансий API «Работа России»,2026-08-13,106.0,13.03,13.77,Для профессий со специальным зарплатным срезом используется медиана предложений «Работы России»; иначе зарплата наследуется от группы. Результат не является обещанием числа вакансий
2028,6,Физиотерапевты,Специалисты высшей квалификации,5196.6,726.16,12.26,64522.0,74561.6232,9.168674698795181,8.875,8.875,15.559999999999995,9.065888554216865,769.7296,1.06,"умеренный рост за счёт здравоохранения, инженерных и других сложных функций",2026,Медиана середины зарплатных вилок вакансий API «Работа России»,2026-08-13,420.0,12.2,12.9,Для профессий со специальным зарплатным срезом используется медиана предложений «Работы России»; иначе зарплата наследуется от группы. Результат не является обещанием числа вакансий
2028,7,Специалисты в области медицинских аспектов охраны труда и окружающей среды,Специалисты высшей квалификации,7981.23,1110.18,12.21,40640.0,46963.584,9.096385542168674,8.875,8.875,15.559999999999995,9.018900602409637,1176.7908000000002,1.06,"умеренный рост за счёт здравоохранения, инженерных и других сложных функций",2026,Медиана середины зарплатных вилок вакансий API «Работа России»,2026-08-13,1198.0,12.17,12.85,Для профессий со специальным зарплатным срезом используется медиана предложений «Работы России»; иначе зарплата наследуется от группы. Результат не является обещанием числа вакансий
2028,8,Ветеринарные врачи,Специалисты высшей квалификации,31769.11,4306.14,11.94,47500.0,54891.0,9.060240963855422,8.875,8.875,15.559999999999995,8.995406626506023,4564.508400000001,1.06,"умеренный рост за счёт здравоохранения, инженерных и других сложных функций",2026,Медиана середины зарплатных вилок вакансий API «Работа России»,2026-08-13,1195.0,11.93,12.56,Для профессий со специальным зарплатным срезом используется медиана предложений «Работы России»; иначе зарплата наследуется от группы. Результат не является обещанием числа вакансий
2028,9,Специалисты по сбыту продукции (исключая информационно-коммуникационные технологии),Специалисты высшей квалификации,333714.47,42836.23,11.38,55400.0,64020.24,8.951807228915662,8.875,8.875,15.559999999999995,8.92492469879518,45406.40380000001,1.06,"умеренный рост за счёт здравоохранения, инженерных и других сложных функций",2026,Медиана середины зарплатных вилок вакансий API «Работа России»,2026-08-13,16.0,11.38,11.98,Для профессий со специальным зарплатным срезом используется медиана предложений «Работы России»; иначе зарплата наследуется от группы. Результат не является обещанием числа вакансий
2028,10,"Операторы машин по производству текстильной, меховой и кожаной продукции","Операторы машин, сборщики и водители",38214.07,6454.81,14.45,55382.0,63999.43920000001,9.53012048192771,7.75,7.75,15.560000000000018,8.907078313253013,6713.0024,1.04,умеренный рост: официальный кадровый прогноз указывает на высокий вес профессий со средним профессиональным образованием,2026,"Росстат 57-Т за октябрь 2025: точная составная группа ОКЗ, 57-Т",2026-08-13,1.0,14.44,14.94,Для профессий со специальным зарплатным срезом используется медиана предложений «Работы России»; иначе зарплата наследуется от группы. Результат не является обещанием числа вакансий
2028,11,Специалисты по медицинскому уходу,Специалисты высшей квалификации,45448.13,5783.7,11.29,86292.29075362365,109890.74705676602,8.91566265060241,8.875,8.875,27.347120000000015,8.901430722891565,6130.722,1.06,"умеренный рост за счёт здравоохранения, инженерных и других сложных функций",2025,Средняя зарплата крупной профессиональной группы Росстата за октябрь 2025,,,11.28,11.89,Для профессий со специальным зарплатным срезом используется медиана предложений «Работы России»; иначе зарплата наследуется от группы. Результат не является обещанием числа вакансий
2028,12,Аудиологи и специалисты по развитию и восстановлению речи,Специалисты высшей квалификации,2690.66,330.81,10.95,86292.29075362365,109890.74705676602,8.771084337349397,8.875,8.875,27.347120000000015,8.807454819277108,350.65860000000004,1.06,"умеренный рост за счёт здравоохранения, инженерных и других сложных функций",2025,Средняя зарплата крупной профессиональной группы Росстата за октябрь 2025,,,10.86,11.53,Для профессий со специальным зарплатным срезом используется медиана предложений «Работы России»; иначе зарплата наследуется от группы. Результат не является обещанием числа вакансий
2028,13,"Специалисты в области сельского, лесного и рыбного хозяйства",Специалисты высшей квалификации,47780.61,5521.76,10.36,86292.29075362365,109890.74705676602,8.55421686746988,8.875,8.875,27.347120000000015,8.666490963855424,5853.065600000001,1.06,"умеренный рост за счёт здравоохранения, инженерных и других сложных функций",2025,Средняя зарплата крупной профессиональной группы Росстата за октябрь 2025,,,10.36,10.91,Для профессий со специальным зарплатным срезом используется медиана предложений «Работы России»; иначе зарплата наследуется от группы. Результат не является обещанием числа вакансий
2028,14,"Специалисты в области права, не входящие в другие группы",Специалисты высшей квалификации,34278.45,3943.51,10.32,86292.29075362365,109890.74705676602,8.481927710843372,8.875,8.875,27.347120000000015,8.619503012048193,4180.1206,1.06,"умеренный рост за счёт здравоохранения, инженерных и других сложных функций",2025,Средняя зарплата крупной профессиональной группы Росстата за октябрь 2025,,,10.31,10.87,Для профессий со специальным зарплатным срезом используется медиана предложений «Работы России»; иначе зарплата наследуется от группы. Результат не является обещанием числа вакансий
2028,15,Психологи,Специалисты высшей квалификации,31243.12,3563.57,10.24,86292.29075362365,109890.74705676602,8.44578313253012,8.875,8.875,27.347120000000015,8.596009036144578,3777.3842000000004,1.06,"умеренный рост за счёт здравоохранения, инженерных и других сложных функций",2025,Средняя зарплата крупной профессиональной группы Росстата за октябрь 2025,,,10.23,10.79,Для профессий со специальным зарплатным срезом используется медиана предложений «Работы России»; иначе зарплата наследуется от группы. Результат не является обещанием числа вакансий
2028,16,Статистики,Специалисты высшей квалификации,2906.95,331.45,10.24,86292.29075362365,109890.74705676602,8.409638554216867,8.875,8.875,27.347120000000015,8.572515060240963,351.337,1.06,"умеренный рост за счёт здравоохранения, инженерных и других сложных функций",2025,Средняя зарплата крупной профессиональной группы Росстата за октябрь 2025,,,10.17,10.78,Для профессий со специальным зарплатным срезом используется медиана предложений «Работы России»; иначе зарплата наследуется от группы. Результат не является обещанием числа вакансий
2028,17,Водители грузового и пассажирского транспорта,"Операторы машин, сборщики и водители",676870.77,89632.86,11.69,78339.15258467232,99762.65464898577,8.987951807228917,7.75,7.75,27.347120000000015,8.554668674698796,93218.1744,1.04,умеренный рост: официальный кадровый прогноз указывает на высокий вес профессий со средним профессиональным образованием,2025,Средняя зарплата крупной профессиональной группы Росстата за октябрь 2025,,,11.69,12.1,Для профессий со специальным зарплатным срезом используется медиана предложений «Работы России»; иначе зарплата наследуется от группы. Результат не является обещанием числа вакансий
2028,18,Врачи-специалисты,Специалисты высшей квалификации,439766.85,49806.52,10.17,86292.29075362365,109890.74705676602,8.373493975903614,8.875,8.875,27.347120000000015,8.549021084337348,52794.9112,1.06,"умеренный рост за счёт здравоохранения, инженерных и других сложных функций",2025,Средняя зарплата крупной профессиональной группы Росстата за октябрь 2025,,,10.17,10.72,Для профессий со специальным зарплатным срезом используется медиана предложений «Работы России»; иначе зарплата наследуется от группы. Результат не является обещанием числа вакансий
2028,19,Специалисты-техники по Web,Специалисты средней квалификации,6454.93,5145.29,44.36,69408.5576048949,88389.79914337465,10.0,5.5,5.5,27.347120000000015,8.425,5454.0074,1.06,умеренный рост в соответствии с официальным приоритетом кадров СПО,2025,Средняя зарплата крупной профессиональной группы Росстата за октябрь 2025,,,44.28,45.8,Для профессий со специальным зарплатным срезом используется медиана предложений «Работы России»; иначе зарплата наследуется от группы. Результат не является обещанием числа вакансий
2028,20,Разработчики Web и мультимедийных приложений,Специалисты высшей квалификации,25444.66,2830.89,10.01,86292.29075362365,109890.74705676602,8.156626506024097,8.875,8.875,27.347120000000015,8.408057228915663,3000.7434,1.06,"умеренный рост за счёт здравоохранения, инженерных и других сложных функций",2025,Средняя зарплата крупной профессиональной группы Росстата за октябрь 2025,,,10.0,10.55,Для профессий со специальным зарплатным срезом используется медиана предложений «Работы России»; иначе зарплата наследуется от группы. Результат не является обещанием числа вакансий
2028,21,Переводчики и другие лингвисты,Специалисты высшей квалификации,6287.39,697.65,9.99,86292.29075362365,109890.74705676602,8.120481927710843,8.875,8.875,27.347120000000015,8.384563253012049,739.509,1.06,"умеренный рост за счёт здравоохранения, инженерных и других сложных функций",2025,Средняя зарплата крупной профессиональной группы Росстата за октябрь 2025,,,9.96,10.52,Для профессий со специальным зарплатным срезом используется медиана предложений «Работы России»; иначе зарплата наследуется от группы. Результат не является обещанием числа вакансий
2028,22,Операторы машин по переработке древесины и изготовлению бумаги,"Операторы машин, сборщики и водители",29554.64,3555.44,10.74,78339.15258467232,99762.65464898577,8.662650602409638,7.75,7.75,27.347120000000015,8.343222891566265,3697.6576,1.04,умеренный рост: официальный кадровый прогноз указывает на высокий вес профессий со средним профессиональным образованием,2025,Средняя зарплата крупной профессиональной группы Росстата за октябрь 2025,,,10.73,11.12,Для профессий со специальным зарплатным срезом используется медиана предложений «Работы России»; иначе зарплата наследуется от группы. Результат не является обещанием числа вакансий
2028,23,Специалисты в области организации и ведения социальной работы,Специалисты высшей квалификации,64659.26,7005.0,9.77,86292.29075362365,109890.74705676602,8.012048192771084,8.875,8.875,27.347120000000015,8.314081325301206,7425.3,1.06,"умеренный рост за счёт здравоохранения, инженерных и других сложных функций",2025,Средняя зарплата крупной профессиональной группы Росстата за октябрь 2025,,,9.77,10.3,Для профессий со специальным зарплатным срезом используется медиана предложений «Работы России»; иначе зарплата наследуется от группы. Результат не является обещанием числа вакансий
2028,24,Рабочие-отделочники и рабочие родственных занятий,"Промышленность, строительство и транспорт",249810.29,40122.94,13.84,78166.90311606236,99543.29991149568,9.204819277108435,6.625,6.625,27.347120000000015,8.301882530120483,37715.5636,0.94,"в 2027–2029 годах применён циклический дисконт из-за слабого роста ВВП, дорогого кредита и снижения строительства; затем — умеренная стабилизация",2025,Средняя зарплата крупной профессиональной группы Росстата за октябрь 2025,,,13.84,13.12,Для профессий со специальным зарплатным срезом используется медиана предложений «Работы России»; иначе зарплата наследуется от группы. Результат не является обещанием числа вакансий
2028,25,Ландшафтные архитекторы,Специалисты высшей квалификации,744.15,79.78,9.68,86292.29075362365,109890.74705676602,7.975903614457831,8.875,8.875,27.347120000000015,8.29058734939759,84.5668,1.06,"умеренный рост за счёт здравоохранения, инженерных и других сложных функций",2025,Средняя зарплата крупной профессиональной группы Росстата за октябрь 2025,,,9.44,10.2,Для профессий со специальным зарплатным срезом используется медиана предложений «Работы России»; иначе зарплата наследуется от группы. Результат не является обещанием числа вакансий
2028,26,"Рабочие ручного труда, производящие одежду и обувь","Промышленность, строительство и транспорт",44591.64,7001.83,13.57,78166.90311606236,99543.29991149568,9.132530120481928,6.625,6.625,27.347120000000015,8.254894578313253,6581.7202,0.94,"в 2027–2029 годах применён циклический дисконт из-за слабого роста ВВП, дорогого кредита и снижения строительства; затем — умеренная стабилизация",2025,Средняя зарплата крупной профессиональной группы Росстата за октябрь 2025,,,13.56,12.86,Для профессий со специальным зарплатным срезом используется медиана предложений «Работы России»; иначе зарплата наследуется от группы. Результат не является обещанием числа вакансий
2028,27,Фармацевты,Специалисты средней квалификации,40852.8,7435.39,15.4,69408.5576048949,88389.79914337465,9.710843373493976,5.5,5.5,27.347120000000015,8.237048192771084,7881.513400000001,1.06,умеренный рост в соответствии с официальным приоритетом кадров СПО,2025,Средняя зарплата крупной профессиональной группы Росстата за октябрь 2025,,,15.4,16.17,Для профессий со специальным зарплатным срезом используется медиана предложений «Работы России»; иначе зарплата наследуется от группы. Результат не является обещанием числа вакансий
2028,28,Специалисты по патентной работе и защите авторских прав,Специалисты высшей квалификации,3578.16,380.92,9.62,86292.29075362365,109890.74705676602,7.867469879518072,8.875,8.875,27.347120000000015,8.220105421686748,403.77520000000004,1.06,"умеренный рост за счёт здравоохранения, инженерных и других сложных функций",2025,Средняя зарплата крупной профессиональной группы Росстата за октябрь 2025,,,9.57,10.14,Для профессий со специальным зарплатным срезом используется медиана предложений «Работы России»; иначе зарплата наследуется от группы. Результат не является обещанием числа вакансий
2028,29,Архитекторы зданий и сооружений,Специалисты высшей квалификации,15834.32,1681.75,9.6,86292.29075362365,109890.74705676602,7.831325301204819,8.875,8.875,27.347120000000015,8.196611445783132,1782.6550000000002,1.06,"умеренный рост за счёт здравоохранения, инженерных и других сложных функций",2025,Средняя зарплата крупной профессиональной группы Росстата за октябрь 2025,,,9.59,10.12,Для профессий со специальным зарплатным срезом используется медиана предложений «Работы России»; иначе зарплата наследуется от группы. Результат не является обещанием числа вакансий
2028,30,Рабочие строительных и родственных занятий,"Промышленность, строительство и транспорт",417619.3,62554.11,13.03,78166.90311606236,99543.29991149568,9.024096385542169,6.625,6.625,27.347120000000015,8.18441265060241,58800.863399999995,0.94,"в 2027–2029 годах применён циклический дисконт из-за слабого роста ВВП, дорогого кредита и снижения строительства; затем — умеренная стабилизация",2025,Средняя зарплата крупной профессиональной группы Росстата за октябрь 2025,,,13.03,12.34,Для профессий со специальным зарплатным срезом используется медиана предложений «Работы России»; иначе зарплата наследуется от группы. Результат не является обещанием числа вакансий
2028,31,Ветеринарные фельдшеры,Специалисты средней квалификации,10262.63,1762.24,14.65,69408.5576048949,88389.79914337465,9.602409638554217,5.5,5.5,27.347120000000015,8.166566265060242,1867.9744,1.06,умеренный рост в соответствии с официальным приоритетом кадров СПО,2025,Средняя зарплата крупной профессиональной группы Росстата за октябрь 2025,,,14.63,15.4,Для профессий со специальным зарплатным срезом используется медиана предложений «Работы России»; иначе зарплата наследуется от группы. Результат не является обещанием числа вакансий
2028,32,"Геодезисты, картографы и топографы",Специалисты высшей квалификации,28056.28,2954.47,9.53,86292.29075362365,109890.74705676602,7.759036144578314,8.875,8.875,27.347120000000015,8.149623493975904,3131.7382,1.06,"умеренный рост за счёт здравоохранения, инженерных и других сложных функций",2025,Средняя зарплата крупной профессиональной группы Росстата за октябрь 2025,,,9.52,10.04,Для профессий со специальным зарплатным срезом используется медиана предложений «Работы России»; иначе зарплата наследуется от группы. Результат не является обещанием числа вакансий
2028,33,Шеф-повара,Специалисты средней квалификации,30106.14,5063.79,14.4,69408.5576048949,88389.79914337465,9.566265060240964,5.5,5.5,27.347120000000015,8.143072289156626,5367.6174,1.06,умеренный рост в соответствии с официальным приоритетом кадров СПО,2025,Средняя зарплата крупной профессиональной группы Росстата за октябрь 2025,,,14.39,15.13,Для профессий со специальным зарплатным срезом используется медиана предложений «Работы России»; иначе зарплата наследуется от группы. Результат не является обещанием числа вакансий
2028,34,Операторы подвижного оборудования,"Операторы машин, сборщики и водители",474888.55,54728.23,10.33,78339.15258467232,99762.65464898577,8.337349397590362,7.75,7.75,27.347120000000015,8.131777108433734,56917.359200000006,1.04,умеренный рост: официальный кадровый прогноз указывает на высокий вес профессий со средним профессиональным образованием,2025,Средняя зарплата крупной профессиональной группы Росстата за октябрь 2025,,,10.33,10.7,Для профессий со специальным зарплатным срезом используется медиана предложений «Работы России»; иначе зарплата наследуется от группы. Результат не является обещанием числа вакансий
2028,35,Инженеры по гражданскому строительству,Специалисты высшей квалификации,99841.52,10465.24,9.49,86292.29075362365,109890.74705676602,7.72289156626506,8.875,8.875,27.347120000000015,8.126129518072288,11093.1544,1.06,"умеренный рост за счёт здравоохранения, инженерных и других сложных функций",2025,Средняя зарплата крупной профессиональной группы Росстата за октябрь 2025,,,9.49,10.0,Для профессий со специальным зарплатным срезом используется медиана предложений «Работы России»; иначе зарплата наследуется от группы. Результат не является обещанием числа вакансий
2028,36,Операторы машин по обработке пищевых и аналогичных продуктов,"Операторы машин, сборщики и водители",88059.62,10052.93,10.25,78339.15258467232,99762.65464898577,8.228915662650603,7.75,7.75,27.347120000000015,8.061295180722892,10455.0472,1.04,умеренный рост: официальный кадровый прогноз указывает на высокий вес профессий со средним профессиональным образованием,2025,Средняя зарплата крупной профессиональной группы Росстата за октябрь 2025,,,10.25,10.61,Для профессий со специальным зарплатным срезом используется медиана предложений «Работы России»; иначе зарплата наследуется от группы. Результат не является обещанием числа вакансий
2028,37,Рабочие пищевой промышленности и рабочие родственных занятий,"Промышленность, строительство и транспорт",231279.5,32269.14,12.24,78166.90311606236,99543.29991149568,8.807228915662652,6.625,6.625,27.347120000000015,8.043448795180723,30332.991599999998,0.94,"в 2027–2029 годах применён циклический дисконт из-за слабого роста ВВП, дорогого кредита и снижения строительства; затем — умеренная стабилизация",2025,Средняя зарплата крупной профессиональной группы Росстата за октябрь 2025,,,12.24,11.59,Для профессий со специальным зарплатным срезом используется медиана предложений «Работы России»; иначе зарплата наследуется от группы. Результат не является обещанием числа вакансий
2028,38,Системные аналитики,Специалисты высшей квалификации,49571.73,5070.93,9.28,86292.29075362365,109890.74705676602,7.578313253012048,8.875,8.875,27.347120000000015,8.032153614457831,5375.1858,1.06,"умеренный рост за счёт здравоохранения, инженерных и других сложных функций",2025,Средняя зарплата крупной профессиональной группы Росстата за октябрь 2025,,,9.28,9.78,Для профессий со специальным зарплатным срезом используется медиана предложений «Работы России»; иначе зарплата наследуется от группы. Результат не является обещанием числа вакансий
2028,39,Специалисты-техники по лесному хозяйству и лесозаготовительному производству,Специалисты средней квалификации,4510.66,680.6,13.11,69408.5576048949,88389.79914337465,9.349397590361445,5.5,5.5,27.347120000000015,8.00210843373494,721.436,1.06,умеренный рост в соответствии с официальным приоритетом кадров СПО,2025,Средняя зарплата крупной профессиональной группы Росстата за октябрь 2025,,,13.08,13.79,Для профессий со специальным зарплатным срезом используется медиана предложений «Работы России»; иначе зарплата наследуется от группы. Результат не является обещанием числа вакансий
2028,40,Специалисты в области защиты окружающей среды,Специалисты высшей квалификации,10727.3,1071.53,9.08,86292.29075362365,109890.74705676602,7.469879518072289,8.875,8.875,27.347120000000015,7.961671686746988,1135.8218,1.06,"умеренный рост за счёт здравоохранения, инженерных и других сложных функций",2025,Средняя зарплата крупной профессиональной группы Росстата за октябрь 2025,,,9.07,9.57,Для профессий со специальным зарплатным срезом используется медиана предложений «Работы России»; иначе зарплата наследуется от группы. Результат не является обещанием числа вакансий
2028,41,Электромонтажники и ремонтники электрического оборудования,"Промышленность, строительство и транспорт",490322.23,64251.65,11.59,78166.90311606236,99543.29991149568,8.626506024096386,6.625,6.625,27.347120000000015,7.925978915662651,60396.551,0.94,"в 2027–2029 годах применён циклический дисконт из-за слабого роста ВВП, дорогого кредита и снижения строительства; затем — умеренная стабилизация",2025,Средняя зарплата крупной профессиональной группы Росстата за октябрь 2025,,,11.59,10.97,Для профессий со специальным зарплатным срезом используется медиана предложений «Работы России»; иначе зарплата наследуется от группы. Результат не является обещанием числа вакансий
2028,42,Графические и мультимедийные дизайнеры,Специалисты высшей квалификации,21266.7,2117.0,9.05,86292.29075362365,109890.74705676602,7.397590361445783,8.875,8.875,27.347120000000015,7.914683734939759,2244.02,1.06,"умеренный рост за счёт здравоохранения, инженерных и других сложных функций",2025,Средняя зарплата крупной профессиональной группы Росстата за октябрь 2025,,,9.04,9.54,Для профессий со специальным зарплатным срезом используется медиана предложений «Работы России»; иначе зарплата наследуется от группы. Результат не является обещанием числа вакансий
2028,43,Служащие по проведению опросов потребителей,Офисные и учётные служащие,1314.4,298.84,18.52,54045.78718009234,68825.75345517682,9.819277108433734,4.375,4.375,27.347120000000015,7.913780120481928,280.90959999999995,0.94,наиболее заметное снижение из-за цифровизации стандартных операций,2025,Средняя зарплата крупной профессиональной группы Росстата за октябрь 2025,,,18.3,17.61,Для профессий со специальным зарплатным срезом используется медиана предложений «Работы России»; иначе зарплата наследуется от группы. Результат не является обещанием числа вакансий
2028,44,Кассиры банков и работники других родственных занятий,Офисные и учётные служащие,51902.3,10817.59,17.25,54045.78718009234,68825.75345517682,9.783132530120483,4.375,4.375,27.347120000000015,7.8902861445783135,10168.534599999999,0.94,наиболее заметное снижение из-за цифровизации стандартных операций,2025,Средняя зарплата крупной профессиональной группы Росстата за октябрь 2025,,,17.24,16.38,Для профессий со специальным зарплатным срезом используется медиана предложений «Работы России»; иначе зарплата наследуется от группы. Результат не является обещанием числа вакансий
2028,45,Рабочие полиграфического производства,"Промышленность, строительство и транспорт",21705.35,2823.04,11.51,78166.90311606236,99543.29991149568,8.518072289156626,6.625,6.625,27.347120000000015,7.855496987951807,2653.6576,0.94,"в 2027–2029 годах применён циклический дисконт из-за слабого роста ВВП, дорогого кредита и снижения строительства; затем — умеренная стабилизация",2025,Средняя зарплата крупной профессиональной группы Росстата за октябрь 2025,,,11.5,10.89,Для профессий со специальным зарплатным срезом используется медиана предложений «Работы России»; иначе зарплата наследуется от группы. Результат не является обещанием числа вакансий
2028,46,"Букмекеры, крупье и работники родственных занятий в сфере азартных игр",Офисные и учётные служащие,762.5,141.71,15.67,54045.78718009234,68825.75345517682,9.493975903614457,4.375,4.375,27.347120000000015,7.702334337349397,133.2074,0.94,наиболее заметное снижение из-за цифровизации стандартных операций,2025,Средняя зарплата крупной профессиональной группы Росстата за октябрь 2025,,,15.38,14.87,Для профессий со специальным зарплатным срезом используется медиана предложений «Работы России»; иначе зарплата наследуется от группы. Результат не является обещанием числа вакансий
2028,47,Телефонисты,Офисные и учётные служащие,14674.17,2610.71,15.1,54045.78718009234,68825.75345517682,9.457831325301205,4.375,4.375,27.347120000000015,7.678840361445784,2454.0674,0.94,наиболее заметное снижение из-за цифровизации стандартных операций,2025,Средняя зарплата крупной профессиональной группы Росстата за октябрь 2025,,,15.09,14.33,Для профессий со специальным зарплатным срезом используется медиана предложений «Работы России»; иначе зарплата наследуется от группы. Результат не является обещанием числа вакансий
2028,48,"Водители легковых автомобилей, фургонов и мотоциклов","Операторы машин, сборщики и водители",561198.36,58047.79,9.37,78339.15258467232,99762.65464898577,7.542168674698796,7.75,7.75,27.347120000000015,7.6149096385542165,60369.7016,1.04,умеренный рост: официальный кадровый прогноз указывает на высокий вес профессий со средним профессиональным образованием,2025,Средняя зарплата крупной профессиональной группы Росстата за октябрь 2025,,,9.37,9.71,Для профессий со специальным зарплатным срезом используется медиана предложений «Работы России»; иначе зарплата наследуется от группы. Результат не является обещанием числа вакансий
2028,49,Кондукторы общественного транспорта,"Обслуживание, торговля и охрана",20933.31,9846.92,31.99,48161.539778495455,61332.333855568344,9.963855421686747,3.25,3.25,27.347120000000015,7.614006024096386,9945.3892,1.01,почти стабильный спрос с небольшим ростом,2025,Средняя зарплата крупной профессиональной группы Росстата за октябрь 2025,,,31.97,32.21,Для профессий со специальным зарплатным срезом используется медиана предложений «Работы России»; иначе зарплата наследуется от группы. Результат не является обещанием числа вакансий
2028,50,Геологи и геофизики,Специалисты высшей квалификации,28986.0,2663.82,8.42,86292.29075362365,109890.74705676602,6.927710843373494,8.875,8.875,27.347120000000015,7.609262048192771,2823.6492000000003,1.06,"умеренный рост за счёт здравоохранения, инженерных и других сложных функций",2025,Средняя зарплата крупной профессиональной группы Росстата за октябрь 2025,,,8.42,8.88,Для профессий со специальным зарплатным срезом используется медиана предложений «Работы России»; иначе зарплата наследуется от группы. Результат не является обещанием числа вакансий
2028,51,Метеорологи,Специалисты высшей квалификации,5908.32,533.74,8.29,86292.29075362365,109890.74705676602,6.891566265060241,8.875,8.875,27.347120000000015,7.585768072289156,565.7644,1.06,"умеренный рост за счёт здравоохранения, инженерных и других сложных функций",2025,Средняя зарплата крупной профессиональной группы Росстата за октябрь 2025,,,8.27,8.74,Для профессий со специальным зарплатным срезом используется медиана предложений «Работы России»; иначе зарплата наследуется от группы. Результат не является обещанием числа вакансий
2028,52,Разносчики и сортировщики почты,Офисные и учётные служащие,93302.36,15507.37,14.25,54045.78718009234,68825.75345517682,9.27710843373494,4.375,4.375,27.347120000000015,7.561370481927711,14576.9278,0.94,наиболее заметное снижение из-за цифровизации стандартных операций,2025,Средняя зарплата крупной профессиональной группы Росстата за октябрь 2025,,,14.25,13.51,Для профессий со специальным зарплатным срезом используется медиана предложений «Работы России»; иначе зарплата наследуется от группы. Результат не является обещанием числа вакансий
2028,53,"Операторы машин по производству изделий из резины, пластмасс и бумаги","Операторы машин, сборщики и водители",55505.09,5635.81,9.22,78339.15258467232,99762.65464898577,7.433734939759036,7.75,7.75,27.347120000000015,7.544427710843374,5861.242400000001,1.04,умеренный рост: официальный кадровый прогноз указывает на высокий вес профессий со средним профессиональным образованием,2025,Средняя зарплата крупной профессиональной группы Росстата за октябрь 2025,,,9.22,9.55,Для профессий со специальным зарплатным срезом используется медиана предложений «Работы России»; иначе зарплата наследуется от группы. Результат не является обещанием числа вакансий
2028,54,Средний медицинский персонал скорой помощи,Специалисты средней квалификации,97927.77,11352.84,10.39,69408.5576048949,88389.79914337465,8.590361445783133,5.5,5.5,27.347120000000015,7.5087349397590355,12034.010400000001,1.06,умеренный рост в соответствии с официальным приоритетом кадров СПО,2025,Средняя зарплата крупной профессиональной группы Росстата за октябрь 2025,,,10.39,10.94,Для профессий со специальным зарплатным срезом используется медиана предложений «Работы России»; иначе зарплата наследуется от группы. Результат не является обещанием числа вакансий
2028,55,"Формовщики, сварщики, вальцовщики, подготовители конструкционного металла и рабочие родственных занятий","Промышленность, строительство и транспорт",399740.94,48322.58,10.78,78166.90311606236,99543.29991149568,7.903614457831325,6.625,6.625,27.347120000000015,7.456099397590361,45423.2252,0.94,"в 2027–2029 годах применён циклический дисконт из-за слабого роста ВВП, дорогого кредита и снижения строительства; затем — умеренная стабилизация",2025,Средняя зарплата крупной профессиональной группы Росстата за октябрь 2025,,,10.78,10.2,Для профессий со специальным зарплатным срезом используется медиана предложений «Работы России»; иначе зарплата наследуется от группы. Результат не является обещанием числа вакансий
2028,56,Члены судовых команд и рабочие родственных занятий,"Операторы машин, сборщики и водители",33842.77,3368.94,9.05,78339.15258467232,99762.65464898577,7.289156626506024,7.75,7.75,27.347120000000015,7.450451807228916,3503.6976,1.04,умеренный рост: официальный кадровый прогноз указывает на высокий вес профессий со средним профессиональным образованием,2025,Средняя зарплата крупной профессиональной группы Росстата за октябрь 2025,,,9.05,9.38,Для профессий со специальным зарплатным срезом используется медиана предложений «Работы России»; иначе зарплата наследуется от группы. Результат не является обещанием числа вакансий
2028,57,Специалисты в области подготовки и развития персонала,Специалисты высшей квалификации,31645.7,2683.42,7.82,86292.29075362365,109890.74705676602,6.674698795180722,8.875,8.875,27.347120000000015,7.44480421686747,2844.4252,1.06,"умеренный рост за счёт здравоохранения, инженерных и других сложных функций",2025,Средняя зарплата крупной профессиональной группы Росстата за октябрь 2025,,,7.82,8.25,Для профессий со специальным зарплатным срезом используется медиана предложений «Работы России»; иначе зарплата наследуется от группы. Результат не является обещанием числа вакансий
2028,58,Инженеры-химики,Специалисты высшей квалификации,39303.84,3332.37,7.82,86292.29075362365,109890.74705676602,6.63855421686747,8.875,8.875,27.347120000000015,7.421310240963856,3532.3122,1.06,"умеренный рост за счёт здравоохранения, инженерных и других сложных функций",2025,Средняя зарплата крупной профессиональной группы Росстата за октябрь 2025,,,7.82,8.25,Для профессий со специальным зарплатным срезом используется медиана предложений «Работы России»; иначе зарплата наследуется от группы. Результат не является обещанием числа вакансий
2028,59,Сборщики,"Операторы машин, сборщики и водители",260596.46,25504.05,8.91,78339.15258467232,99762.65464898577,7.180722891566265,7.75,7.75,27.347120000000015,7.379969879518072,26524.212,1.04,умеренный рост: официальный кадровый прогноз указывает на высокий вес профессий со средним профессиональным образованием,2025,Средняя зарплата крупной профессиональной группы Росстата за октябрь 2025,,,8.91,9.24,Для профессий со специальным зарплатным срезом используется медиана предложений «Работы России»; иначе зарплата наследуется от группы. Результат не является обещанием числа вакансий
2028,60,Специалисты по рекламе и маркетингу,Специалисты высшей квалификации,72729.03,6089.22,7.73,86292.29075362365,109890.74705676602,6.53012048192771,8.875,8.875,27.347120000000015,7.350828313253012,6454.573200000001,1.06,"умеренный рост за счёт здравоохранения, инженерных и других сложных функций",2025,Средняя зарплата крупной профессиональной группы Росстата за октябрь 2025,,,7.73,8.15,Для профессий со специальным зарплатным срезом используется медиана предложений «Работы России»; иначе зарплата наследуется от группы. Результат не является обещанием числа вакансий
2028,61,"Агенты по коммерческим услугам, не входящие в другие группы",Специалисты средней квалификации,8132.63,918.11,10.14,69408.5576048949,88389.79914337465,8.301204819277109,5.5,5.5,27.347120000000015,7.320783132530121,973.1966000000001,1.06,умеренный рост в соответствии с официальным приоритетом кадров СПО,2025,Средняя зарплата крупной профессиональной группы Росстата за октябрь 2025,,,10.13,10.69,Для профессий со специальным зарплатным срезом используется медиана предложений «Работы России»; иначе зарплата наследуется от группы. Результат не является обещанием числа вакансий
2028,62,"Маляры, рабочие по очистке поверхностей зданий и сооружений и родственных занятий","Промышленность, строительство и транспорт",80544.63,9456.95,10.51,78166.90311606236,99543.29991149568,7.686746987951808,6.625,6.625,27.347120000000015,7.315135542168675,8889.533,0.94,"в 2027–2029 годах применён циклический дисконт из-за слабого роста ВВП, дорогого кредита и снижения строительства; затем — умеренная стабилизация",2025,Средняя зарплата крупной профессиональной группы Росстата за октябрь 2025,,,10.51,9.94,Для профессий со специальным зарплатным срезом используется медиана предложений «Работы России»; иначе зарплата наследуется от группы. Результат не является обещанием числа вакансий
2028,63,Специалисты по акушерству,Специалисты высшей квалификации,24246.89,2027.17,7.72,86292.29075362365,109890.74705676602,6.457831325301205,8.875,8.875,27.347120000000015,7.303840361445783,2148.8002,1.06,"умеренный рост за счёт здравоохранения, инженерных и других сложных функций",2025,Средняя зарплата крупной профессиональной группы Росстата за октябрь 2025,,,7.72,8.14,Для профессий со специальным зарплатным срезом используется медиана предложений «Работы России»; иначе зарплата наследуется от группы. Результат не является обещанием числа вакансий
2028,64,Служащие контактных информационных центров,Офисные и учётные служащие,82707.99,11644.12,12.34,54045.78718009234,68825.75345517682,8.843373493975903,4.375,4.375,27.347120000000015,7.279442771084337,10945.4728,0.94,наиболее заметное снижение из-за цифровизации стандартных операций,2025,Средняя зарплата крупной профессиональной группы Росстата за октябрь 2025,,,12.34,11.69,Для профессий со специальным зарплатным срезом используется медиана предложений «Работы России»; иначе зарплата наследуется от группы. Результат не является обещанием числа вакансий
2028,65,Официанты,"Обслуживание, торговля и охрана",26886.02,4436.24,14.16,48161.539778495455,61332.333855568344,9.421686746987952,3.25,3.25,27.347120000000015,7.261596385542169,4480.6024,1.01,почти стабильный спрос с небольшим ростом,2025,Средняя зарплата крупной профессиональной группы Росстата за октябрь 2025,,,14.16,14.28,Для профессий со специальным зарплатным срезом используется медиана предложений «Работы России»; иначе зарплата наследуется от группы. Результат не является обещанием числа вакансий
2028,66,Средний юридический персонал,Специалисты средней квалификации,6021.33,670.86,10.02,69408.5576048949,88389.79914337465,8.192771084337348,5.5,5.5,27.347120000000015,7.2503012048192765,711.1116000000001,1.06,умеренный рост в соответствии с официальным приоритетом кадров СПО,2025,Средняя зарплата крупной профессиональной группы Росстата за октябрь 2025,,,10.01,10.56,Для профессий со специальным зарплатным срезом используется медиана предложений «Работы России»; иначе зарплата наследуется от группы. Результат не является обещанием числа вакансий
2028,67,"Рабочие, занятые изготовлением прецизионных инструментов и приборов, рабочие художественных промыслов","Промышленность, строительство и транспорт",26978.74,3066.04,10.2,78166.90311606236,99543.29991149568,7.506024096385542,6.625,6.625,27.347120000000015,7.1976656626506035,2882.0775999999996,0.94,"в 2027–2029 годах применён циклический дисконт из-за слабого роста ВВП, дорогого кредита и снижения строительства; затем — умеренная стабилизация",2025,Средняя зарплата крупной профессиональной группы Росстата за октябрь 2025,,,10.2,9.65,Для профессий со специальным зарплатным срезом используется медиана предложений «Работы России»; иначе зарплата наследуется от группы. Результат не является обещанием числа вакансий
2028,68,Медицинские оптики-оптометристы,Специалисты средней квалификации,914.13,100.8,9.93,69408.5576048949,88389.79914337465,8.08433734939759,5.5,5.5,27.347120000000015,7.179819277108433,106.848,1.06,умеренный рост в соответствии с официальным приоритетом кадров СПО,2025,Средняя зарплата крупной профессиональной группы Росстата за октябрь 2025,,,9.86,10.47,Для профессий со специальным зарплатным срезом используется медиана предложений «Работы России»; иначе зарплата наследуется от группы. Результат не является обещанием числа вакансий
2028,69,"Товарные производители огородных, плодовых и полевых культур",Сельское и лесное хозяйство,34815.1,8666.15,19.93,47973.921731658804,61093.40767632162,9.891566265060241,2.125,2.125,27.347120000000015,7.173268072289156,8666.15,1.0,почти неизменный спрос: малая численность не превращается автоматически в быстрый рост всей отрасли,2025,Средняя зарплата крупной профессиональной группы Росстата за октябрь 2025,,,19.92,19.93,Для профессий со специальным зарплатным срезом используется медиана предложений «Работы России»; иначе зарплата наследуется от группы. Результат не является обещанием числа вакансий
2028,70,Операторы по управлению технологическими процессами в химическом производстве,Специалисты средней квалификации,33627.15,3706.96,9.93,69408.5576048949,88389.79914337465,8.048192771084338,5.5,5.5,27.347120000000015,7.156325301204818,3929.3776000000003,1.06,умеренный рост в соответствии с официальным приоритетом кадров СПО,2025,Средняя зарплата крупной профессиональной группы Росстата за октябрь 2025,,,9.93,10.46,Для профессий со специальным зарплатным срезом используется медиана предложений «Работы России»; иначе зарплата наследуется от группы. Результат не является обещанием числа вакансий
2028,71,Лесоводы и работники родственных занятий,Сельское и лесное хозяйство,15417.43,3303.59,17.65,47973.921731658804,61093.40767632162,9.855421686746988,2.125,2.125,27.347120000000015,7.149774096385542,3303.59,1.0,почти неизменный спрос: малая численность не превращается автоматически в быстрый рост всей отрасли,2025,Средняя зарплата крупной профессиональной группы Росстата за октябрь 2025,,,17.64,17.65,Для профессий со специальным зарплатным срезом используется медиана предложений «Работы России»; иначе зарплата наследуется от группы. Результат не является обещанием числа вакансий
2028,72,Работники ритуальных услуг,"Обслуживание, торговля и охрана",948.61,145.14,13.27,48161.539778495455,61332.333855568344,9.240963855421686,3.25,3.25,27.347120000000015,7.144126506024096,146.5914,1.01,почти стабильный спрос с небольшим ростом,2025,Средняя зарплата крупной профессиональной группы Росстата за октябрь 2025,,,13.16,13.38,Для профессий со специальным зарплатным срезом используется медиана предложений «Работы России»; иначе зарплата наследуется от группы. Результат не является обещанием числа вакансий
2028,73,Операторы установок по переработке химического сырья и операторы машин по производству фотографической продукции,"Операторы машин, сборщики и водители",151259.83,13405.94,8.14,78339.15258467232,99762.65464898577,6.783132530120482,7.75,7.75,27.347120000000015,7.121536144578314,13942.1776,1.04,умеренный рост: официальный кадровый прогноз указывает на высокий вес профессий со средним профессиональным образованием,2025,Средняя зарплата крупной профессиональной группы Росстата за октябрь 2025,,,8.14,8.44,Для профессий со специальным зарплатным срезом используется медиана предложений «Работы России»; иначе зарплата наследуется от группы. Результат не является обещанием числа вакансий
2028,74,"Инструкторы фитнес-клубов, спортивных зон отдыха и организаторы спортивных программ",Специалисты средней квалификации,9353.55,1002.74,9.68,69408.5576048949,88389.79914337465,7.9397590361445785,5.5,5.5,27.347120000000015,7.085843373493976,1062.9044000000001,1.06,умеренный рост в соответствии с официальным приоритетом кадров СПО,2025,Средняя зарплата крупной профессиональной группы Росстата за октябрь 2025,,,9.67,10.2,Для профессий со специальным зарплатным срезом используется медиана предложений «Работы России»; иначе зарплата наследуется от группы. Результат не является обещанием числа вакансий
2028,75,Инженеры по охране окружающей среды,Специалисты высшей квалификации,20680.22,1643.42,7.36,86292.29075362365,109890.74705676602,6.096385542168675,8.875,8.875,27.347120000000015,7.068900602409639,1742.0252000000003,1.06,"умеренный рост за счёт здравоохранения, инженерных и других сложных функций",2025,Средняя зарплата крупной профессиональной группы Росстата за октябрь 2025,,,7.36,7.77,Для профессий со специальным зарплатным срезом используется медиана предложений «Работы России»; иначе зарплата наследуется от группы. Результат не является обещанием числа вакансий
2028,76,"Работники рыбоводства и рыболовства, охотники-стрелки и охотники-трапперы (капканщики)",Сельское и лесное хозяйство,6602.04,1232.35,15.73,47973.921731658804,61093.40767632162,9.674698795180722,2.125,2.125,27.347120000000015,7.03230421686747,1232.35,1.0,почти неизменный спрос: малая численность не превращается автоматически в быстрый рост всей отрасли,2025,Средняя зарплата крупной профессиональной группы Росстата за октябрь 2025,,,15.72,15.73,Для профессий со специальным зарплатным срезом используется медиана предложений «Работы России»; иначе зарплата наследуется от группы. Результат не является обещанием числа вакансий
2028,77,Проектировщики-градостроители и проектировщики транспортных узлов,Специалисты высшей квалификации,27542.48,2142.68,7.22,86292.29075362365,109890.74705676602,5.9156626506024095,8.875,8.875,27.347120000000015,6.951430722891567,2271.2408,1.06,"умеренный рост за счёт здравоохранения, инженерных и других сложных функций",2025,Средняя зарплата крупной профессиональной группы Росстата за октябрь 2025,,,7.22,7.62,Для профессий со специальным зарплатным срезом используется медиана предложений «Работы России»; иначе зарплата наследуется от группы. Результат не является обещанием числа вакансий
2028,78,"Деревообработчики, краснодеревщики и рабочие родственных занятий","Промышленность, строительство и транспорт",25947.59,2789.71,9.71,78166.90311606236,99543.29991149568,7.108433734939759,6.625,6.625,27.347120000000015,6.939231927710843,2622.3273999999997,0.94,"в 2027–2029 годах применён циклический дисконт из-за слабого роста ВВП, дорогого кредита и снижения строительства; затем — умеренная стабилизация",2025,Средняя зарплата крупной профессиональной группы Росстата за октябрь 2025,,,9.72,9.18,Для профессий со специальным зарплатным срезом используется медиана предложений «Работы России»; иначе зарплата наследуется от группы. Результат не является обещанием числа вакансий
2028,79,Инженеры-электроники,Специалисты высшей квалификации,74539.94,5754.74,7.17,86292.29075362365,109890.74705676602,5.879518072289156,8.875,8.875,27.347120000000015,6.927936746987951,6100.0244,1.06,"умеренный рост за счёт здравоохранения, инженерных и других сложных функций",2025,Средняя зарплата крупной профессиональной группы Росстата за октябрь 2025,,,7.17,7.56,Для профессий со специальным зарплатным срезом используется медиана предложений «Работы России»; иначе зарплата наследуется от группы. Результат не является обещанием числа вакансий
2028,80,Косметологи и работники родственных занятий,"Обслуживание, торговля и охрана",1058.07,139.31,11.63,48161.539778495455,61332.333855568344,8.879518072289157,3.25,3.25,27.347120000000015,6.909186746987952,140.7031,1.01,почти стабильный спрос с небольшим ростом,2025,Средняя зарплата крупной профессиональной группы Росстата за октябрь 2025,,,11.56,11.74,Для профессий со специальным зарплатным срезом используется медиана предложений «Работы России»; иначе зарплата наследуется от группы. Результат не является обещанием числа вакансий
2028,81,Инженеры-электрики,Специалисты высшей квалификации,98947.27,7569.62,7.11,86292.29075362365,109890.74705676602,5.843373493975903,8.875,8.875,27.347120000000015,6.904442771084337,8023.7972,1.06,"умеренный рост за счёт здравоохранения, инженерных и других сложных функций",2025,Средняя зарплата крупной профессиональной группы Росстата за октябрь 2025,,,7.11,7.5,Для профессий со специальным зарплатным срезом используется медиана предложений «Работы России»; иначе зарплата наследуется от группы. Результат не является обещанием числа вакансий
2028,82,Операторы установок по выработке электроэнергии,Специалисты средней квалификации,14501.79,1504.98,9.4,69408.5576048949,88389.79914337465,7.650602409638554,5.5,5.5,27.347120000000015,6.897891566265061,1595.2788,1.06,умеренный рост в соответствии с официальным приоритетом кадров СПО,2025,Средняя зарплата крупной профессиональной группы Росстата за октябрь 2025,,,9.4,9.91,Для профессий со специальным зарплатным срезом используется медиана предложений «Работы России»; иначе зарплата наследуется от группы. Результат не является обещанием числа вакансий
2028,83,Фотографы (художественные),Специалисты средней квалификации,3195.19,327.46,9.3,69408.5576048949,88389.79914337465,7.614457831325302,5.5,5.5,27.347120000000015,6.874397590361447,347.1076,1.06,умеренный рост в соответствии с официальным приоритетом кадров СПО,2025,Средняя зарплата крупной профессиональной группы Росстата за октябрь 2025,,,9.28,9.8,Для профессий со специальным зарплатным срезом используется медиана предложений «Работы России»; иначе зарплата наследуется от группы. Результат не является обещанием числа вакансий
2028,84,Оценщики и эксперты,Специалисты высшей квалификации,20984.21,1596.49,7.07,86292.29075362365,109890.74705676602,5.771084337349398,8.875,8.875,27.347120000000015,6.857454819277108,1692.2794000000001,1.06,"умеренный рост за счёт здравоохранения, инженерных и других сложных функций",2025,Средняя зарплата крупной профессиональной группы Росстата за октябрь 2025,,,7.07,7.46,Для профессий со специальным зарплатным срезом используется медиана предложений «Работы России»; иначе зарплата наследуется от группы. Результат не является обещанием числа вакансий
2028,85,"Грумеры и другие работники, ухаживающие за животными","Обслуживание, торговля и охрана",9386.94,1184.22,11.2,48161.539778495455,61332.333855568344,8.734939759036145,3.25,3.25,27.347120000000015,6.815210843373494,1196.0622,1.01,почти стабильный спрос с небольшим ростом,2025,Средняя зарплата крупной профессиональной группы Росстата за октябрь 2025,,,11.19,11.3,Для профессий со специальным зарплатным срезом используется медиана предложений «Работы России»; иначе зарплата наследуется от группы. Результат не является обещанием числа вакансий
2028,86,Компаньоны и камердинеры,"Обслуживание, торговля и охрана",564.97,70.13,11.04,48161.539778495455,61332.333855568344,8.698795180722891,3.25,3.25,27.347120000000015,6.79171686746988,70.8313,1.01,почти стабильный спрос с небольшим ростом,2025,Средняя зарплата крупной профессиональной группы Росстата за октябрь 2025,,,10.93,11.14,Для профессий со специальным зарплатным срезом используется медиана предложений «Работы России»; иначе зарплата наследуется от группы. Результат не является обещанием числа вакансий
2028,87,Системные администраторы,Специалисты высшей квалификации,64846.06,4778.07,6.86,86292.29075362365,109890.74705676602,5.554216867469879,8.875,8.875,27.347120000000015,6.7164909638554215,5064.7542,1.06,"умеренный рост за счёт здравоохранения, инженерных и других сложных функций",2025,Средняя зарплата крупной профессиональной группы Росстата за октябрь 2025,,,6.86,7.24,Для профессий со специальным зарплатным срезом используется медиана предложений «Работы России»; иначе зарплата наследуется от группы. Результат не является обещанием числа вакансий
2028,88,Юристы,Специалисты высшей квалификации,89292.04,6549.04,6.83,86292.29075362365,109890.74705676602,5.518072289156627,8.875,8.875,27.347120000000015,6.6929969879518065,6941.9824,1.06,"умеренный рост за счёт здравоохранения, инженерных и других сложных функций",2025,Средняя зарплата крупной профессиональной группы Росстата за октябрь 2025,,,6.83,7.21,Для профессий со специальным зарплатным срезом используется медиана предложений «Работы России»; иначе зарплата наследуется от группы. Результат не является обещанием числа вакансий
2028,89,Работники общественного здоровья,Специалисты средней квалификации,1517.35,150.77,9.04,69408.5576048949,88389.79914337465,7.325301204819277,5.5,5.5,27.347120000000015,6.6864457831325295,159.8162,1.06,умеренный рост в соответствии с официальным приоритетом кадров СПО,2025,Средняя зарплата крупной профессиональной группы Росстата за октябрь 2025,,,9.01,9.53,Для профессий со специальным зарплатным срезом используется медиана предложений «Работы России»; иначе зарплата наследуется от группы. Результат не является обещанием числа вакансий
2028,90,"Механики и ремонтники транспортных средств, сельскохозяйственного и производственного оборудования и рабочие родственных занятий","Промышленность, строительство и транспорт",763482.53,73069.57,8.73,78166.90311606236,99543.29991149568,6.710843373493976,6.625,6.625,27.347120000000015,6.680798192771085,68685.3958,0.94,"в 2027–2029 годах применён циклический дисконт из-за слабого роста ВВП, дорогого кредита и снижения строительства; затем — умеренная стабилизация",2025,Средняя зарплата крупной профессиональной группы Росстата за октябрь 2025,,,8.73,8.25,Для профессий со специальным зарплатным срезом используется медиана предложений «Работы России»; иначе зарплата наследуется от группы. Результат не является обещанием числа вакансий
2028,91,Офтальмологи-оптики и оптометристы (за исключением врачей-офтальмологов),Специалисты высшей квалификации,2362.83,172.48,6.8,86292.29075362365,109890.74705676602,5.481927710843373,8.875,8.875,27.347120000000015,6.669503012048192,182.8288,1.06,"умеренный рост за счёт здравоохранения, инженерных и других сложных функций",2025,Средняя зарплата крупной профессиональной группы Росстата за октябрь 2025,,,6.78,7.18,Для профессий со специальным зарплатным срезом используется медиана предложений «Работы России»; иначе зарплата наследуется от группы. Результат не является обещанием числа вакансий
2028,92,Мастера (бригадиры) в строительстве,Специалисты средней квалификации,73504.32,7091.57,8.8,69408.5576048949,88389.79914337465,7.216867469879518,5.5,5.5,27.347120000000015,6.615963855421686,7517.0642,1.06,умеренный рост в соответствии с официальным приоритетом кадров СПО,2025,Средняя зарплата крупной профессиональной группы Росстата за октябрь 2025,,,8.8,9.28,Для профессий со специальным зарплатным срезом используется медиана предложений «Работы России»; иначе зарплата наследуется от группы. Результат не является обещанием числа вакансий
2028,93,"Специалисты по базам данных и сетям, не входящие в другие группы",Специалисты высшей квалификации,61617.89,4419.07,6.69,86292.29075362365,109890.74705676602,5.337349397590361,8.875,8.875,27.347120000000015,6.575527108433735,4684.2142,1.06,"умеренный рост за счёт здравоохранения, инженерных и других сложных функций",2025,Средняя зарплата крупной профессиональной группы Росстата за октябрь 2025,,,6.69,7.06,Для профессий со специальным зарплатным срезом используется медиана предложений «Работы России»; иначе зарплата наследуется от группы. Результат не является обещанием числа вакансий
2028,94,Инспекторы и другой средний медицинский персонал по охране труда и окружающей среды,Специалисты средней квалификации,6292.92,601.21,8.72,69408.5576048949,88389.79914337465,7.144578313253012,5.5,5.5,27.347120000000015,6.568975903614458,637.2826000000001,1.06,умеренный рост в соответствии с официальным приоритетом кадров СПО,2025,Средняя зарплата крупной профессиональной группы Росстата за октябрь 2025,,,8.71,9.2,Для профессий со специальным зарплатным срезом используется медиана предложений «Работы России»; иначе зарплата наследуется от группы. Результат не является обещанием числа вакансий
2028,95,Инженеры в промышленности и на производстве,Специалисты высшей квалификации,663382.99,47449.49,6.68,86292.29075362365,109890.74705676602,5.301204819277109,8.875,8.875,27.347120000000015,6.552033132530121,50296.4594,1.06,"умеренный рост за счёт здравоохранения, инженерных и других сложных функций",2025,Средняя зарплата крупной профессиональной группы Росстата за октябрь 2025,,,6.68,7.05,Для профессий со специальным зарплатным срезом используется медиана предложений «Работы России»; иначе зарплата наследуется от группы. Результат не является обещанием числа вакансий
2028,96,Агенты по таможенной очистке и сопровождению грузов и товаров,Специалисты средней квалификации,20509.57,1949.21,8.68,69408.5576048949,88389.79914337465,7.072289156626505,5.5,5.5,27.347120000000015,6.52198795180723,2066.1626,1.06,умеренный рост в соответствии с официальным приоритетом кадров СПО,2025,Средняя зарплата крупной профессиональной группы Росстата за октябрь 2025,,,8.68,9.15,Для профессий со специальным зарплатным срезом используется медиана предложений «Работы России»; иначе зарплата наследуется от группы. Результат не является обещанием числа вакансий
2028,97,Парикмахеры,"Обслуживание, торговля и охрана",2502.1,296.01,10.58,48161.539778495455,61332.333855568344,8.265060240963855,3.25,3.25,27.347120000000015,6.509789156626507,298.9701,1.01,почти стабильный спрос с небольшим ростом,2025,Средняя зарплата крупной профессиональной группы Росстата за октябрь 2025,,,10.56,10.67,Для профессий со специальным зарплатным срезом используется медиана предложений «Работы России»; иначе зарплата наследуется от группы. Результат не является обещанием числа вакансий
2028,98,Операторы технологических процессов производства металла,Специалисты средней квалификации,23370.2,2209.58,8.64,69408.5576048949,88389.79914337465,7.0,5.5,5.5,27.347120000000015,6.4750000000000005,2342.1548000000003,1.06,умеренный рост в соответствии с официальным приоритетом кадров СПО,2025,Средняя зарплата крупной профессиональной группы Росстата за октябрь 2025,,,8.64,9.11,Для профессий со специальным зарплатным срезом используется медиана предложений «Работы России»; иначе зарплата наследуется от группы. Результат не является обещанием числа вакансий
2028,99,Инженеры-механики,Специалисты высшей квалификации,170568.23,12026.98,6.59,86292.29075362365,109890.74705676602,5.156626506024097,8.875,8.875,27.347120000000015,6.458057228915663,12748.5988,1.06,"умеренный рост за счёт здравоохранения, инженерных и других сложных функций",2025,Средняя зарплата крупной профессиональной группы Росстата за октябрь 2025,,,6.59,6.95,Для профессий со специальным зарплатным срезом используется медиана предложений «Работы России»; иначе зарплата наследуется от группы. Результат не является обещанием числа вакансий
2028,100,Медицинские статистики,Специалисты средней квалификации,7281.56,682.07,8.56,69408.5576048949,88389.79914337465,6.963855421686747,5.5,5.5,27.347120000000015,6.451506024096386,722.9942000000001,1.06,умеренный рост в соответствии с официальным приоритетом кадров СПО,2025,Средняя зарплата крупной профессиональной группы Росстата за октябрь 2025,,,8.55,9.03,Для профессий со специальным зарплатным срезом используется медиана предложений «Работы России»; иначе зарплата наследуется от группы. Результат не является обещанием числа вакансий
2028,101,"Кузнецы, слесари-инструментальщики, станочники, наладчики и рабочие родственных занятий","Промышленность, строительство и транспорт",482638.86,45082.23,8.54,78166.90311606236,99543.29991149568,6.313253012048193,6.625,6.625,27.347120000000015,6.422364457831326,42377.2962,0.94,"в 2027–2029 годах применён циклический дисконт из-за слабого роста ВВП, дорогого кредита и снижения строительства; затем — умеренная стабилизация",2025,Средняя зарплата крупной профессиональной группы Росстата за октябрь 2025,,,8.54,8.07,Для профессий со специальным зарплатным срезом используется медиана предложений «Работы России»; иначе зарплата наследуется от группы. Результат не является обещанием числа вакансий
2028,102,Консультанты по финансовым вопросам и инвестициям,Специалисты высшей квалификации,20214.73,1399.45,6.47,86292.29075362365,109890.74705676602,5.048192771084337,8.875,8.875,27.347120000000015,6.387575301204818,1483.4170000000001,1.06,"умеренный рост за счёт здравоохранения, инженерных и других сложных функций",2025,Средняя зарплата крупной профессиональной группы Росстата за октябрь 2025,,,6.47,6.84,Для профессий со специальным зарплатным срезом используется медиана предложений «Работы России»; иначе зарплата наследуется от группы. Результат не является обещанием числа вакансий
2028,103,"Другие квалифицированные рабочие, занятые в промышленности, и рабочие родственных занятий","Промышленность, строительство и транспорт",195256.7,18004.05,8.44,78166.90311606236,99543.29991149568,6.204819277108434,6.625,6.625,27.347120000000015,6.351882530120482,16923.806999999997,0.94,"в 2027–2029 годах применён циклический дисконт из-за слабого роста ВВП, дорогого кредита и снижения строительства; затем — умеренная стабилизация",2025,Средняя зарплата крупной профессиональной группы Росстата за октябрь 2025,,,8.44,7.98,Для профессий со специальным зарплатным срезом используется медиана предложений «Работы России»; иначе зарплата наследуется от группы. Результат не является обещанием числа вакансий
2028,104,"Служащие по информированию клиентов, не входящие в другие группы",Офисные и учётные служащие,33530.81,3761.76,10.09,54045.78718009234,68825.75345517682,7.36144578313253,4.375,4.375,27.347120000000015,6.316189759036145,3536.0544,0.94,наиболее заметное снижение из-за цифровизации стандартных операций,2025,Средняя зарплата крупной профессиональной группы Росстата за октябрь 2025,,,10.09,9.54,Для профессий со специальным зарплатным срезом используется медиана предложений «Работы России»; иначе зарплата наследуется от группы. Результат не является обещанием числа вакансий
2028,105,Фельдшеры-физиотерапевты и другие физиотерапевты среднего уровня квалификации,Специалисты средней квалификации,32344.73,2755.42,7.85,69408.5576048949,88389.79914337465,6.746987951807228,5.5,5.5,27.347120000000015,6.310542168674698,2920.7452000000003,1.06,умеренный рост в соответствии с официальным приоритетом кадров СПО,2025,Средняя зарплата крупной профессиональной группы Росстата за октябрь 2025,,,7.85,8.28,Для профессий со специальным зарплатным срезом используется медиана предложений «Работы России»; иначе зарплата наследуется от группы. Результат не является обещанием числа вакансий
2028,106,"Писатели, поэты и другие литераторы",Специалисты высшей квалификации,6018.7,401.46,6.25,86292.29075362365,109890.74705676602,4.831325301204819,8.875,8.875,27.347120000000015,6.246611445783133,425.5476,1.06,"умеренный рост за счёт здравоохранения, инженерных и других сложных функций",2025,Средняя зарплата крупной профессиональной группы Росстата за октябрь 2025,,,6.25,6.6,Для профессий со специальным зарплатным срезом используется медиана предложений «Работы России»; иначе зарплата наследуется от группы. Результат не является обещанием числа вакансий
2028,107,Операторы горнодобывающих и горно-обогатительных установок,"Операторы машин, сборщики и водители",251088.15,18580.55,6.89,78339.15258467232,99762.65464898577,5.409638554216867,7.75,7.75,27.347120000000015,6.228765060240963,19323.772,1.04,умеренный рост: официальный кадровый прогноз указывает на высокий вес профессий со средним профессиональным образованием,2025,Средняя зарплата крупной профессиональной группы Росстата за октябрь 2025,,,6.89,7.15,Для профессий со специальным зарплатным срезом используется медиана предложений «Работы России»; иначе зарплата наследуется от группы. Результат не является обещанием числа вакансий
2028,108,Охранники,"Обслуживание, торговля и охрана",427713.79,47284.6,9.95,48161.539778495455,61332.333855568344,7.7951807228915655,3.25,3.25,27.347120000000015,6.204367469879518,47757.445999999996,1.01,почти стабильный спрос с небольшим ростом,2025,Средняя зарплата крупной профессиональной группы Росстата за октябрь 2025,,,9.95,10.04,Для профессий со специальным зарплатным срезом используется медиана предложений «Работы России»; иначе зарплата наследуется от группы. Результат не является обещанием числа вакансий
2028,109,Химики,Специалисты высшей квалификации,29054.01,1926.76,6.22,86292.29075362365,109890.74705676602,4.759036144578313,8.875,8.875,27.347120000000015,6.199623493975904,2042.3656,1.06,"умеренный рост за счёт здравоохранения, инженерных и других сложных функций",2025,Средняя зарплата крупной профессиональной группы Росстата за октябрь 2025,,,6.22,6.57,Для профессий со специальным зарплатным срезом используется медиана предложений «Работы России»; иначе зарплата наследуется от группы. Результат не является обещанием числа вакансий
2028,110,Монтажники и ремонтники электронного и телекоммуникационного оборудования,"Промышленность, строительство и транспорт",131055.42,11515.56,8.08,78166.90311606236,99543.29991149568,5.951807228915662,6.625,6.625,27.347120000000015,6.18742469879518,10824.6264,0.94,"в 2027–2029 годах применён циклический дисконт из-за слабого роста ВВП, дорогого кредита и снижения строительства; затем — умеренная стабилизация",2025,Средняя зарплата крупной профессиональной группы Росстата за октябрь 2025,,,8.08,7.63,Для профессий со специальным зарплатным срезом используется медиана предложений «Работы России»; иначе зарплата наследуется от группы. Результат не является обещанием числа вакансий
2028,111,Танцоры и хореографы,Специалисты высшей квалификации,14963.39,986.57,6.19,86292.29075362365,109890.74705676602,4.72289156626506,8.875,8.875,27.347120000000015,6.1761295180722895,1045.7642,1.06,"умеренный рост за счёт здравоохранения, инженерных и других сложных функций",2025,Средняя зарплата крупной профессиональной группы Росстата за октябрь 2025,,,6.19,6.53,Для профессий со специальным зарплатным срезом используется медиана предложений «Работы России»; иначе зарплата наследуется от группы. Результат не является обещанием числа вакансий
2028,112,Журналисты,Специалисты высшей квалификации,17668.77,1161.41,6.17,86292.29075362365,109890.74705676602,4.686746987951807,8.875,8.875,27.347120000000015,6.1526355421686745,1231.0946000000001,1.06,"умеренный рост за счёт здравоохранения, инженерных и других сложных функций",2025,Средняя зарплата крупной профессиональной группы Росстата за октябрь 2025,,,6.17,6.51,Для профессий со специальным зарплатным срезом используется медиана предложений «Работы России»; иначе зарплата наследуется от группы. Результат не является обещанием числа вакансий
2028,113,Техники по гражданскому строительству,Специалисты средней квалификации,16579.97,1386.65,7.72,69408.5576048949,88389.79914337465,6.493975903614459,5.5,5.5,27.347120000000015,6.146084337349397,1469.8490000000002,1.06,умеренный рост в соответствии с официальным приоритетом кадров СПО,2025,Средняя зарплата крупной профессиональной группы Росстата за октябрь 2025,,,7.72,8.14,Для профессий со специальным зарплатным срезом используется медиана предложений «Работы России»; иначе зарплата наследуется от группы. Результат не является обещанием числа вакансий
2028,114,"Специалисты в области здравоохранения, не входящие в другие группы",Специалисты высшей квалификации,44234.42,2888.95,6.13,86292.29075362365,109890.74705676602,4.650602409638554,8.875,8.875,27.347120000000015,6.12914156626506,3062.287,1.06,"умеренный рост за счёт здравоохранения, инженерных и других сложных функций",2025,Средняя зарплата крупной профессиональной группы Росстата за октябрь 2025,,,6.13,6.47,Для профессий со специальным зарплатным срезом используется медиана предложений «Работы России»; иначе зарплата наследуется от группы. Результат не является обещанием числа вакансий
2028,115,Другие операторы промышленных установок и машин,"Операторы машин, сборщики и водители",518084.43,37327.87,6.72,78339.15258467232,99762.65464898577,5.19277108433735,7.75,7.75,27.347120000000015,6.087801204819276,38820.984800000006,1.04,умеренный рост: официальный кадровый прогноз указывает на высокий вес профессий со средним профессиональным образованием,2025,Средняя зарплата крупной профессиональной группы Росстата за октябрь 2025,,,6.72,6.97,Для профессий со специальным зарплатным срезом используется медиана предложений «Работы России»; иначе зарплата наследуется от группы. Результат не является обещанием числа вакансий
2028,116,Дизайнеры баз данных и администраторы,Специалисты высшей квалификации,9372.29,607.35,6.09,86292.29075362365,109890.74705676602,4.578313253012048,8.875,8.875,27.347120000000015,6.082153614457832,643.791,1.06,"умеренный рост за счёт здравоохранения, инженерных и других сложных функций",2025,Средняя зарплата крупной профессиональной группы Росстата за октябрь 2025,,,6.09,6.43,Для профессий со специальным зарплатным срезом используется медиана предложений «Работы России»; иначе зарплата наследуется от группы. Результат не является обещанием числа вакансий
2028,117,Судовые механики,Специалисты средней квалификации,16523.52,1375.0,7.68,69408.5576048949,88389.79914337465,6.385542168674699,5.5,5.5,27.347120000000015,6.075602409638554,1457.5,1.06,умеренный рост в соответствии с официальным приоритетом кадров СПО,2025,Средняя зарплата крупной профессиональной группы Росстата за октябрь 2025,,,7.68,8.11,Для профессий со специальным зарплатным срезом используется медиана предложений «Работы России»; иначе зарплата наследуется от группы. Результат не является обещанием числа вакансий
2028,118,"Специалисты в области техники, не входящие в другие группы",Специалисты высшей квалификации,380015.01,24315.45,6.01,86292.29075362365,109890.74705676602,4.46987951807229,8.875,8.875,27.347120000000015,6.011671686746988,25774.377,1.06,"умеренный рост за счёт здравоохранения, инженерных и других сложных функций",2025,Средняя зарплата крупной профессиональной группы Росстата за октябрь 2025,,,6.01,6.35,Для профессий со специальным зарплатным срезом используется медиана предложений «Работы России»; иначе зарплата наследуется от группы. Результат не является обещанием числа вакансий
2028,119,Техники-механики,Специалисты средней квалификации,65654.04,5426.26,7.63,69408.5576048949,88389.79914337465,6.27710843373494,5.5,5.5,27.347120000000015,6.005120481927711,5751.8356,1.06,умеренный рост в соответствии с официальным приоритетом кадров СПО,2025,Средняя зарплата крупной профессиональной группы Росстата за октябрь 2025,,,7.63,8.06,Для профессий со специальным зарплатным срезом используется медиана предложений «Работы России»; иначе зарплата наследуется от группы. Результат не является обещанием числа вакансий
2028,120,Техники в химическом производстве,Специалисты средней квалификации,9990.75,822.65,7.61,69408.5576048949,88389.79914337465,6.240963855421687,5.5,5.5,27.347120000000015,5.981626506024098,872.009,1.06,умеренный рост в соответствии с официальным приоритетом кадров СПО,2025,Средняя зарплата крупной профессиональной группы Росстата за октябрь 2025,,,7.61,8.03,Для профессий со специальным зарплатным срезом используется медиана предложений «Работы России»; иначе зарплата наследуется от группы. Результат не является обещанием числа вакансий
2028,121,Разработчики программного обеспечения,Специалисты высшей квалификации,119598.92,7641.17,6.01,86292.29075362365,109890.74705676602,4.397590361445783,8.875,8.875,27.347120000000015,5.964683734939758,8099.640200000001,1.06,"умеренный рост за счёт здравоохранения, инженерных и других сложных функций",2025,Средняя зарплата крупной профессиональной группы Росстата за октябрь 2025,,,6.01,6.34,Для профессий со специальным зарплатным срезом используется медиана предложений «Работы России»; иначе зарплата наследуется от группы. Результат не является обещанием числа вакансий
2028,122,Служащие по проведению социологических опросов и изучению конъюнктуры рынка,Офисные и учётные служащие,709.23,69.88,8.97,54045.78718009234,68825.75345517682,6.819277108433735,4.375,4.375,27.347120000000015,5.963780120481927,65.68719999999999,0.94,наиболее заметное снижение из-за цифровизации стандартных операций,2025,Средняя зарплата крупной профессиональной группы Росстата за октябрь 2025,,,8.9,8.48,Для профессий со специальным зарплатным срезом используется медиана предложений «Работы России»; иначе зарплата наследуется от группы. Результат не является обещанием числа вакансий
2028,123,Офис-менеджеры,Специалисты средней квалификации,49620.63,3962.22,7.39,69408.5576048949,88389.79914337465,6.132530120481928,5.5,5.5,27.347120000000015,5.9111445783132535,4199.9532,1.06,умеренный рост в соответствии с официальным приоритетом кадров СПО,2025,Средняя зарплата крупной профессиональной группы Росстата за октябрь 2025,,,7.39,7.8,Для профессий со специальным зарплатным срезом используется медиана предложений «Работы России»; иначе зарплата наследуется от группы. Результат не является обещанием числа вакансий
2028,124,Финансовые аналитики,Специалисты высшей квалификации,46629.53,2950.36,5.95,86292.29075362365,109890.74705676602,4.289156626506024,8.875,8.875,27.347120000000015,5.8942018072289155,3127.3816,1.06,"умеренный рост за счёт здравоохранения, инженерных и других сложных функций",2025,Средняя зарплата крупной профессиональной группы Росстата за октябрь 2025,,,5.95,6.29,Для профессий со специальным зарплатным срезом используется медиана предложений «Работы России»; иначе зарплата наследуется от группы. Результат не является обещанием числа вакансий
2028,125,Организаторы конференций и других мероприятий,Специалисты средней квалификации,4680.34,369.34,7.31,69408.5576048949,88389.79914337465,6.0602409638554215,5.5,5.5,27.347120000000015,5.864156626506023,391.5004,1.06,умеренный рост в соответствии с официальным приоритетом кадров СПО,2025,Средняя зарплата крупной профессиональной группы Росстата за октябрь 2025,,,7.31,7.72,Для профессий со специальным зарплатным срезом используется медиана предложений «Работы России»; иначе зарплата наследуется от группы. Результат не является обещанием числа вакансий
2028,126,Средний специальный персонал в сельском хозяйстве,Специалисты средней квалификации,26879.65,2111.35,7.28,69408.5576048949,88389.79914337465,6.024096385542168,5.5,5.5,27.347120000000015,5.840662650602409,2238.031,1.06,умеренный рост в соответствии с официальным приоритетом кадров СПО,2025,Средняя зарплата крупной профессиональной группы Росстата за октябрь 2025,,,7.28,7.69,Для профессий со специальным зарплатным срезом используется медиана предложений «Работы России»; иначе зарплата наследуется от группы. Результат не является обещанием числа вакансий
2028,127,Математики (включая актуариев),Специалисты высшей квалификации,8087.13,504.22,5.87,86292.29075362365,109890.74705676602,4.144578313253012,8.875,8.875,27.347120000000015,5.800225903614457,534.4732,1.06,"умеренный рост за счёт здравоохранения, инженерных и других сложных функций",2025,Средняя зарплата крупной профессиональной группы Росстата за октябрь 2025,,,5.87,6.2,Для профессий со специальным зарплатным срезом используется медиана предложений «Работы России»; иначе зарплата наследуется от группы. Результат не является обещанием числа вакансий
2028,128,Специалисты по связям с общественностью,Специалисты высшей квалификации,35434.79,2202.36,5.85,86292.29075362365,109890.74705676602,4.108433734939759,8.875,8.875,27.347120000000015,5.776731927710843,2334.5016,1.06,"умеренный рост за счёт здравоохранения, инженерных и других сложных функций",2025,Средняя зарплата крупной профессиональной группы Росстата за октябрь 2025,,,5.85,6.18,Для профессий со специальным зарплатным срезом используется медиана предложений «Работы России»; иначе зарплата наследуется от группы. Результат не является обещанием числа вакансий
2028,129,"Музыканты, певцы и композиторы",Специалисты высшей квалификации,56876.67,3504.92,5.8,86292.29075362365,109890.74705676602,4.036144578313253,8.875,8.875,27.347120000000015,5.729743975903615,3715.2152,1.06,"умеренный рост за счёт здравоохранения, инженерных и других сложных функций",2025,Средняя зарплата крупной профессиональной группы Росстата за октябрь 2025,,,5.8,6.13,Для профессий со специальным зарплатным срезом используется медиана предложений «Работы России»; иначе зарплата наследуется от группы. Результат не является обещанием числа вакансий
2028,130,Смотрители зданий и персонал родственных занятий,"Обслуживание, торговля и охрана",40431.97,4031.33,9.07,48161.539778495455,61332.333855568344,7.0361445783132535,3.25,3.25,27.347120000000015,5.710993975903615,4071.6433,1.01,почти стабильный спрос с небольшим ростом,2025,Средняя зарплата крупной профессиональной группы Росстата за октябрь 2025,,,9.07,9.15,Для профессий со специальным зарплатным срезом используется медиана предложений «Работы России»; иначе зарплата наследуется от группы. Результат не является обещанием числа вакансий
2028,131,"Социологи, антропологи и специалисты родственных занятий",Специалисты высшей квалификации,2458.39,151.21,5.79,86292.29075362365,109890.74705676602,4.0,8.875,8.875,27.347120000000015,5.706250000000001,160.28260000000003,1.06,"умеренный рост за счёт здравоохранения, инженерных и других сложных функций",2025,Средняя зарплата крупной профессиональной группы Росстата за октябрь 2025,,,5.79,6.12,Для профессий со специальным зарплатным срезом используется медиана предложений «Работы России»; иначе зарплата наследуется от группы. Результат не является обещанием числа вакансий
2028,132,Служащие коллекторских фирм и работники родственных занятий по сбору задолженностей и платежей,Офисные и учётные служащие,2099.78,197.43,8.59,54045.78718009234,68825.75345517682,6.421686746987953,4.375,4.375,27.347120000000015,5.705346385542169,185.5842,0.94,наиболее заметное снижение из-за цифровизации стандартных операций,2025,Средняя зарплата крупной профессиональной группы Росстата за октябрь 2025,,,8.57,8.12,Для профессий со специальным зарплатным срезом используется медиана предложений «Работы России»; иначе зарплата наследуется от группы. Результат не является обещанием числа вакансий
2028,133,Техники в области химических и физических наук,Специалисты средней квалификации,18387.61,1404.67,7.1,69408.5576048949,88389.79914337465,5.80722891566265,5.5,5.5,27.347120000000015,5.699698795180723,1488.9502000000002,1.06,умеренный рост в соответствии с официальным приоритетом кадров СПО,2025,Средняя зарплата крупной профессиональной группы Росстата за октябрь 2025,,,7.1,7.49,Для профессий со специальным зарплатным срезом используется медиана предложений «Работы России»; иначе зарплата наследуется от группы. Результат не является обещанием числа вакансий
2028,134,Экономисты,Специалисты высшей квалификации,174232.19,10697.72,5.78,86292.29075362365,109890.74705676602,3.963855421686747,8.875,8.875,27.347120000000015,5.682756024096385,11339.5832,1.06,"умеренный рост за счёт здравоохранения, инженерных и других сложных функций",2025,Средняя зарплата крупной профессиональной группы Росстата за октябрь 2025,,,5.78,6.11,Для профессий со специальным зарплатным срезом используется медиана предложений «Работы России»; иначе зарплата наследуется от группы. Результат не является обещанием числа вакансий
2028,135,Чертежники,Специалисты средней квалификации,2703.3,204.8,7.04,69408.5576048949,88389.79914337465,5.734939759036145,5.5,5.5,27.347120000000015,5.6527108433734945,217.08800000000002,1.06,умеренный рост в соответствии с официальным приоритетом кадров СПО,2025,Средняя зарплата крупной профессиональной группы Росстата за октябрь 2025,,,7.04,7.43,Для профессий со специальным зарплатным срезом используется медиана предложений «Работы России»; иначе зарплата наследуется от группы. Результат не является обещанием числа вакансий
2028,136,"Операторы мусоросжигательных печей, очистных сооружений и аналогичного оборудования",Специалисты средней квалификации,42795.38,3241.13,7.04,69408.5576048949,88389.79914337465,5.698795180722892,5.5,5.5,27.347120000000015,5.62921686746988,3435.5978000000005,1.06,умеренный рост в соответствии с официальным приоритетом кадров СПО,2025,Средняя зарплата крупной профессиональной группы Росстата за октябрь 2025,,,7.04,7.43,Для профессий со специальным зарплатным срезом используется медиана предложений «Работы России»; иначе зарплата наследуется от группы. Результат не является обещанием числа вакансий
2028,137,"Проводники железнодорожного вагона, бортпроводники, стюарды","Обслуживание, торговля и охрана",51218.21,4790.99,8.55,48161.539778495455,61332.333855568344,6.855421686746988,3.25,3.25,27.347120000000015,5.593524096385542,4838.899899999999,1.01,почти стабильный спрос с небольшим ростом,2025,Средняя зарплата крупной профессиональной группы Росстата за октябрь 2025,,,8.55,8.63,Для профессий со специальным зарплатным срезом используется медиана предложений «Работы России»; иначе зарплата наследуется от группы. Результат не является обещанием числа вакансий
2028,138,Закупщики,Специалисты средней квалификации,104123.01,7674.83,6.86,69408.5576048949,88389.79914337465,5.590361445783133,5.5,5.5,27.347120000000015,5.558734939759037,8135.3198,1.06,умеренный рост в соответствии с официальным приоритетом кадров СПО,2025,Средняя зарплата крупной профессиональной группы Росстата за октябрь 2025,,,6.86,7.25,Для профессий со специальным зарплатным срезом используется медиана предложений «Работы России»; иначе зарплата наследуется от группы. Результат не является обещанием числа вакансий
2028,139,"Философы, историки и политологи",Специалисты высшей квалификации,5299.96,314.31,5.6,86292.29075362365,109890.74705676602,3.7469879518072293,8.875,8.875,27.347120000000015,5.541792168674699,333.1686,1.06,"умеренный рост за счёт здравоохранения, инженерных и других сложных функций",2025,Средняя зарплата крупной профессиональной группы Росстата за октябрь 2025,,,5.6,5.91,Для профессий со специальным зарплатным срезом используется медиана предложений «Работы России»; иначе зарплата наследуется от группы. Результат не является обещанием числа вакансий
2028,140,"Режиссеры кино, театра и родственные им деятели искусства и продюсеры",Специалисты высшей квалификации,25812.35,1520.73,5.56,86292.29075362365,109890.74705676602,3.7108433734939763,8.875,8.875,27.347120000000015,5.518298192771084,1611.9738000000002,1.06,"умеренный рост за счёт здравоохранения, инженерных и других сложных функций",2025,Средняя зарплата крупной профессиональной группы Росстата за октябрь 2025,,,5.56,5.88,Для профессий со специальным зарплатным срезом используется медиана предложений «Работы России»; иначе зарплата наследуется от группы. Результат не является обещанием числа вакансий
2028,141,Специалисты по методике обучения,Специалисты высшей квалификации,48482.91,2853.61,5.56,86292.29075362365,109890.74705676602,3.674698795180723,8.875,8.875,27.347120000000015,5.49480421686747,3024.8266000000003,1.06,"умеренный рост за счёт здравоохранения, инженерных и других сложных функций",2025,Средняя зарплата крупной профессиональной группы Росстата за октябрь 2025,,,5.56,5.87,Для профессий со специальным зарплатным срезом используется медиана предложений «Работы России»; иначе зарплата наследуется от группы. Результат не является обещанием числа вакансий
2028,142,Художники-декораторы и оформители,Специалисты средней квалификации,4802.9,350.31,6.8,69408.5576048949,88389.79914337465,5.445783132530121,5.5,5.5,27.347120000000015,5.464759036144578,371.3286,1.06,умеренный рост в соответствии с официальным приоритетом кадров СПО,2025,Средняя зарплата крупной профессиональной группы Росстата за октябрь 2025,,,6.8,7.18,Для профессий со специальным зарплатным срезом используется медиана предложений «Работы России»; иначе зарплата наследуется от группы. Результат не является обещанием числа вакансий
2028,143,Товарные производители продукции животноводства,Сельское и лесное хозяйство,83376.21,8630.66,9.38,47973.921731658804,61093.40767632162,7.253012048192771,2.125,2.125,27.347120000000015,5.458207831325301,8630.66,1.0,почти неизменный спрос: малая численность не превращается автоматически в быстрый рост всей отрасли,2025,Средняя зарплата крупной профессиональной группы Росстата за октябрь 2025,,,9.38,9.38,Для профессий со специальным зарплатным срезом используется медиана предложений «Работы России»; иначе зарплата наследуется от группы. Результат не является обещанием числа вакансий
2028,144,"Дикторы радио, телевидения и других средств массовой информации",Специалисты высшей квалификации,2462.76,142.87,5.48,86292.29075362365,109890.74705676602,3.566265060240964,8.875,8.875,27.347120000000015,5.424322289156626,151.4422,1.06,"умеренный рост за счёт здравоохранения, инженерных и других сложных функций",2025,Средняя зарплата крупной профессиональной группы Росстата за октябрь 2025,,,5.49,5.79,Для профессий со специальным зарплатным срезом используется медиана предложений «Работы России»; иначе зарплата наследуется от группы. Результат не является обещанием числа вакансий
2028,145,Специалисты-техники по поддержке пользователей ИКТ,Специалисты средней квалификации,35578.76,2580.92,6.76,69408.5576048949,88389.79914337465,5.373493975903615,5.5,5.5,27.347120000000015,5.41777108433735,2735.7752,1.06,умеренный рост в соответствии с официальным приоритетом кадров СПО,2025,Средняя зарплата крупной профессиональной группы Росстата за октябрь 2025,,,6.76,7.14,Для профессий со специальным зарплатным срезом используется медиана предложений «Работы России»; иначе зарплата наследуется от группы. Результат не является обещанием числа вакансий
2028,146,Повара,"Обслуживание, торговля и охрана",208162.59,18296.69,8.08,48161.539778495455,61332.333855568344,6.566265060240964,3.25,3.25,27.347120000000015,5.405572289156627,18479.656899999998,1.01,почти стабильный спрос с небольшим ростом,2025,Средняя зарплата крупной профессиональной группы Росстата за октябрь 2025,,,8.08,8.15,Для профессий со специальным зарплатным срезом используется медиана предложений «Работы России»; иначе зарплата наследуется от группы. Результат не является обещанием числа вакансий
2028,147,Программисты приложений,Специалисты высшей квалификации,30240.38,1746.33,5.46,86292.29075362365,109890.74705676602,3.4939759036144578,8.875,8.875,27.347120000000015,5.377334337349398,1851.1098,1.06,"умеренный рост за счёт здравоохранения, инженерных и других сложных функций",2025,Средняя зарплата крупной профессиональной группы Росстата за октябрь 2025,,,5.46,5.77,Для профессий со специальным зарплатным срезом используется медиана предложений «Работы России»; иначе зарплата наследуется от группы. Результат не является обещанием числа вакансий
2028,148,Капитаны судов и лоцманы,Специалисты средней квалификации,17941.21,1279.7,6.66,69408.5576048949,88389.79914337465,5.265060240963855,5.5,5.5,27.347120000000015,5.347289156626506,1356.4820000000002,1.06,умеренный рост в соответствии с официальным приоритетом кадров СПО,2025,Средняя зарплата крупной профессиональной группы Росстата за октябрь 2025,,,6.66,7.03,Для профессий со специальным зарплатным срезом используется медиана предложений «Работы России»; иначе зарплата наследуется от группы. Результат не является обещанием числа вакансий
2028,149,"Деятели искусств, не входящие в другие группы",Специалисты высшей квалификации,29195.23,1682.62,5.45,86292.29075362365,109890.74705676602,3.4216867469879517,8.875,8.875,27.347120000000015,5.330346385542168,1783.5772,1.06,"умеренный рост за счёт здравоохранения, инженерных и других сложных функций",2025,Средняя зарплата крупной профессиональной группы Росстата за октябрь 2025,,,5.45,5.76,Для профессий со специальным зарплатным срезом используется медиана предложений «Работы России»; иначе зарплата наследуется от группы. Результат не является обещанием числа вакансий
2028,150,Специалисты-техники по радио- и телевещанию,Специалисты средней квалификации,11434.5,814.31,6.65,69408.5576048949,88389.79914337465,5.228915662650603,5.5,5.5,27.347120000000015,5.323795180722892,863.1686,1.06,умеренный рост в соответствии с официальным приоритетом кадров СПО,2025,Средняя зарплата крупной профессиональной группы Росстата за октябрь 2025,,,6.65,7.02,Для профессий со специальным зарплатным срезом используется медиана предложений «Работы России»; иначе зарплата наследуется от группы. Результат не является обещанием числа вакансий
2028,151,Дизайнеры товаров и одежды,Специалисты высшей квалификации,5238.64,301.48,5.44,86292.29075362365,109890.74705676602,3.385542168674699,8.875,8.875,27.347120000000015,5.306852409638554,319.5688,1.06,"умеренный рост за счёт здравоохранения, инженерных и других сложных функций",2025,Средняя зарплата крупной профессиональной группы Росстата за октябрь 2025,,,5.45,5.75,Для профессий со специальным зарплатным срезом используется медиана предложений «Работы России»; иначе зарплата наследуется от группы. Результат не является обещанием числа вакансий
2028,152,Инструкторы по вождению,"Обслуживание, торговля и охрана",3727.77,325.0,8.02,48161.539778495455,61332.333855568344,6.349397590361446,3.25,3.25,27.347120000000015,5.26460843373494,328.25,1.01,почти стабильный спрос с небольшим ростом,2025,Средняя зарплата крупной профессиональной группы Росстата за октябрь 2025,,,8.02,8.09,Для профессий со специальным зарплатным срезом используется медиана предложений «Работы России»; иначе зарплата наследуется от группы. Результат не является обещанием числа вакансий
2028,153,"Техники (операторы) по управлению технологическими процессами, не входящие в другие группы",Специалисты средней квалификации,68817.68,4842.79,6.57,69408.5576048949,88389.79914337465,5.120481927710843,5.5,5.5,27.347120000000015,5.253313253012048,5133.3574,1.06,умеренный рост в соответствии с официальным приоритетом кадров СПО,2025,Средняя зарплата крупной профессиональной группы Росстата за октябрь 2025,,,6.57,6.94,Для профессий со специальным зарплатным срезом используется медиана предложений «Работы России»; иначе зарплата наследуется от группы. Результат не является обещанием числа вакансий
2028,154,Агенты по коммерческим продажам,Специалисты средней квалификации,55827.87,3915.01,6.55,69408.5576048949,88389.79914337465,5.0843373493975905,5.5,5.5,27.347120000000015,5.229819277108433,4149.9106,1.06,умеренный рост в соответствии с официальным приоритетом кадров СПО,2025,Средняя зарплата крупной профессиональной группы Росстата за октябрь 2025,,,6.55,6.92,Для профессий со специальным зарплатным срезом используется медиана предложений «Работы России»; иначе зарплата наследуется от группы. Результат не является обещанием числа вакансий
2028,155,"Специалисты в области образования, не входящие в другие группы",Специалисты высшей квалификации,158973.76,8953.69,5.33,86292.29075362365,109890.74705676602,3.2048192771084336,8.875,8.875,27.347120000000015,5.189382530120482,9490.9114,1.06,"умеренный рост за счёт здравоохранения, инженерных и других сложных функций",2025,Средняя зарплата крупной профессиональной группы Росстата за октябрь 2025,,,5.33,5.63,Для профессий со специальным зарплатным срезом используется медиана предложений «Работы России»; иначе зарплата наследуется от группы. Результат не является обещанием числа вакансий
2028,156,"Работники служб, осуществляющих охрану граждан и собственности, не входящие в другие группы","Обслуживание, торговля и охрана",202517.11,17305.24,7.87,48161.539778495455,61332.333855568344,6.168674698795181,3.25,3.25,27.347120000000015,5.147138554216867,17478.292400000002,1.01,почти стабильный спрос с небольшим ростом,2025,Средняя зарплата крупной профессиональной группы Росстата за октябрь 2025,,,7.87,7.94,Для профессий со специальным зарплатным срезом используется медиана предложений «Работы России»; иначе зарплата наследуется от группы. Результат не является обещанием числа вакансий
2028,157,Средний медицинский персонал по уходу,Специалисты средней квалификации,554518.73,37615.55,6.35,69408.5576048949,88389.79914337465,4.9397590361445785,5.5,5.5,27.347120000000015,5.135843373493976,39872.48300000001,1.06,умеренный рост в соответствии с официальным приоритетом кадров СПО,2025,Средняя зарплата крупной профессиональной группы Росстата за октябрь 2025,,,6.35,6.71,Для профессий со специальным зарплатным срезом используется медиана предложений «Работы России»; иначе зарплата наследуется от группы. Результат не является обещанием числа вакансий
2028,158,Спортсмены (спортсмены высокого класса),Специалисты средней квалификации,23353.66,1581.06,6.34,69408.5576048949,88389.79914337465,4.903614457831326,5.5,5.5,27.347120000000015,5.1123493975903616,1675.9236,1.06,умеренный рост в соответствии с официальным приоритетом кадров СПО,2025,Средняя зарплата крупной профессиональной группы Росстата за октябрь 2025,,,6.34,6.7,Для профессий со специальным зарплатным срезом используется медиана предложений «Работы России»; иначе зарплата наследуется от группы. Результат не является обещанием числа вакансий
2028,159,Помощники бухгалтеров,Специалисты средней квалификации,12017.62,812.74,6.33,69408.5576048949,88389.79914337465,4.867469879518072,5.5,5.5,27.347120000000015,5.0888554216867465,861.5044,1.06,умеренный рост в соответствии с официальным приоритетом кадров СПО,2025,Средняя зарплата крупной профессиональной группы Росстата за октябрь 2025,,,6.33,6.69,Для профессий со специальным зарплатным срезом используется медиана предложений «Работы России»; иначе зарплата наследуется от группы. Результат не является обещанием числа вакансий
2028,160,Стоматологи,Специалисты высшей квалификации,42810.06,2350.24,5.2,86292.29075362365,109890.74705676602,2.9879518072289155,8.875,8.875,27.347120000000015,5.048418674698795,2491.2544,1.06,"умеренный рост за счёт здравоохранения, инженерных и других сложных функций",2025,Средняя зарплата крупной профессиональной группы Росстата за октябрь 2025,,,5.2,5.5,Для профессий со специальным зарплатным срезом используется медиана предложений «Работы России»; иначе зарплата наследуется от группы. Результат не является обещанием числа вакансий
2028,161,Административный и иной исполнительный среднетехнический персонал,Специалисты средней квалификации,214133.0,14217.57,6.23,69408.5576048949,88389.79914337465,4.795180722891566,5.5,5.5,27.347120000000015,5.041867469879518,15070.6242,1.06,умеренный рост в соответствии с официальным приоритетом кадров СПО,2025,Средняя зарплата крупной профессиональной группы Росстата за октябрь 2025,,,6.23,6.58,Для профессий со специальным зарплатным срезом используется медиана предложений «Работы России»; иначе зарплата наследуется от группы. Результат не является обещанием числа вакансий
2028,162,Товарные производители смешанной растениеводческой и животноводческой продукции,Сельское и лесное хозяйство,13757.86,1235.84,8.24,47973.921731658804,61093.40767632162,6.602409638554216,2.125,2.125,27.347120000000015,5.035316265060241,1235.84,1.0,почти неизменный спрос: малая численность не превращается автоматически в быстрый рост всей отрасли,2025,Средняя зарплата крупной профессиональной группы Росстата за октябрь 2025,,,8.25,8.24,Для профессий со специальным зарплатным срезом используется медиана предложений «Работы России»; иначе зарплата наследуется от группы. Результат не является обещанием числа вакансий
2028,163,Пожарные,"Обслуживание, торговля и охрана",20973.6,1726.33,7.61,48161.539778495455,61332.333855568344,5.9879518072289155,3.25,3.25,27.347120000000015,5.0296686746987955,1743.5933,1.01,почти стабильный спрос с небольшим ростом,2025,Средняя зарплата крупной профессиональной группы Росстата за октябрь 2025,,,7.61,7.68,Для профессий со специальным зарплатным срезом используется медиана предложений «Работы России»; иначе зарплата наследуется от группы. Результат не является обещанием числа вакансий
2028,164,Специалисты в области политики администрирования,Специалисты высшей квалификации,52882.03,2902.21,5.2,86292.29075362365,109890.74705676602,2.951807228915663,8.875,8.875,27.347120000000015,5.02492469879518,3076.3426000000004,1.06,"умеренный рост за счёт здравоохранения, инженерных и других сложных функций",2025,Средняя зарплата крупной профессиональной группы Росстата за октябрь 2025,,,5.2,5.5,Для профессий со специальным зарплатным срезом используется медиана предложений «Работы России»; иначе зарплата наследуется от группы. Результат не является обещанием числа вакансий
2028,165,Специалисты в области подбора и использования персонала,Специалисты высшей квалификации,122563.84,6493.79,5.03,86292.29075362365,109890.74705676602,2.7710843373493974,8.875,8.875,27.347120000000015,4.907454819277108,6883.4174,1.06,"умеренный рост за счёт здравоохранения, инженерных и других сложных функций",2025,Средняя зарплата крупной профессиональной группы Росстата за октябрь 2025,,,5.03,5.32,Для профессий со специальным зарплатным срезом используется медиана предложений «Работы России»; иначе зарплата наследуется от группы. Результат не является обещанием числа вакансий
2028,166,Специалисты по компьютерным сетям,Специалисты высшей квалификации,28202.95,1487.08,5.01,86292.29075362365,109890.74705676602,2.734939759036145,8.875,8.875,27.347120000000015,4.883960843373494,1576.3048000000001,1.06,"умеренный рост за счёт здравоохранения, инженерных и других сложных функций",2025,Средняя зарплата крупной профессиональной группы Росстата за октябрь 2025,,,5.01,5.29,Для профессий со специальным зарплатным срезом используется медиана предложений «Работы России»; иначе зарплата наследуется от группы. Результат не является обещанием числа вакансий
2028,167,"Средний персонал культуры и кулинарного искусства, не входящий в другие группы",Специалисты средней квалификации,27849.53,1796.32,6.06,69408.5576048949,88389.79914337465,4.542168674698795,5.5,5.5,27.347120000000015,4.877409638554217,1904.0992,1.06,умеренный рост в соответствии с официальным приоритетом кадров СПО,2025,Средняя зарплата крупной профессиональной группы Росстата за октябрь 2025,,,6.06,6.4,Для профессий со специальным зарплатным срезом используется медиана предложений «Работы России»; иначе зарплата наследуется от группы. Результат не является обещанием числа вакансий
2028,168,Специалисты-техники по телекоммуникационному оборудованию,Специалисты средней квалификации,11498.66,738.4,6.03,69408.5576048949,88389.79914337465,4.506024096385542,5.5,5.5,27.347120000000015,4.853915662650603,782.7040000000001,1.06,умеренный рост в соответствии с официальным приоритетом кадров СПО,2025,Средняя зарплата крупной профессиональной группы Росстата за октябрь 2025,,,6.03,6.37,Для профессий со специальным зарплатным срезом используется медиана предложений «Работы России»; иначе зарплата наследуется от группы. Результат не является обещанием числа вакансий
2028,169,"Разработчики и аналитики программного обеспечения и приложений, не входящие в другие группы",Специалисты высшей квалификации,59266.1,3104.53,4.98,86292.29075362365,109890.74705676602,2.662650602409639,8.875,8.875,27.347120000000015,4.836972891566265,3290.8018,1.06,"умеренный рост за счёт здравоохранения, инженерных и других сложных функций",2025,Средняя зарплата крупной профессиональной группы Росстата за октябрь 2025,,,4.98,5.26,Для профессий со специальным зарплатным срезом используется медиана предложений «Работы России»; иначе зарплата наследуется от группы. Результат не является обещанием числа вакансий
2028,170,Продавцы,"Обслуживание, торговля и охрана",984767.09,77818.8,7.32,48161.539778495455,61332.333855568344,5.662650602409639,3.25,3.25,27.347120000000015,4.818222891566265,78596.988,1.01,почти стабильный спрос с небольшим ростом,2025,Средняя зарплата крупной профессиональной группы Росстата за октябрь 2025,,,7.32,7.39,Для профессий со специальным зарплатным срезом используется медиана предложений «Работы России»; иначе зарплата наследуется от группы. Результат не является обещанием числа вакансий
2028,171,Специалисты библиотек,Специалисты высшей квалификации,86836.09,4525.65,4.95,86292.29075362365,109890.74705676602,2.6265060240963853,8.875,8.875,27.347120000000015,4.8134789156626505,4797.189,1.06,"умеренный рост за счёт здравоохранения, инженерных и других сложных функций",2025,Средняя зарплата крупной профессиональной группы Росстата за октябрь 2025,,,4.95,5.24,Для профессий со специальным зарплатным срезом используется медиана предложений «Работы России»; иначе зарплата наследуется от группы. Результат не является обещанием числа вакансий
2028,172,"Средний юридический персонал в судебной, адвокатской и нотариальной деятельности",Специалисты средней квалификации,2243.42,143.48,6.01,69408.5576048949,88389.79914337465,4.433734939759036,5.5,5.5,27.347120000000015,4.8069277108433734,152.0888,1.06,умеренный рост в соответствии с официальным приоритетом кадров СПО,2025,Средняя зарплата крупной профессиональной группы Росстата за октябрь 2025,,,6.02,6.35,Для профессий со специальным зарплатным срезом используется медиана предложений «Работы России»; иначе зарплата наследуется от группы. Результат не является обещанием числа вакансий
2028,173,Буфетчики (бармены),"Обслуживание, торговля и охрана",39797.92,3092.85,7.21,48161.539778495455,61332.333855568344,5.626506024096385,3.25,3.25,27.347120000000015,4.79472891566265,3123.7785,1.01,почти стабильный спрос с небольшим ростом,2025,Средняя зарплата крупной профессиональной группы Росстата за октябрь 2025,,,7.21,7.28,Для профессий со специальным зарплатным срезом используется медиана предложений «Работы России»; иначе зарплата наследуется от группы. Результат не является обещанием числа вакансий
2028,174,Бухгалтеры,Специалисты высшей квалификации,411977.43,21218.76,4.9,86292.29075362365,109890.74705676602,2.5542168674698793,8.875,8.875,27.347120000000015,4.766490963855421,22491.885599999998,1.06,"умеренный рост за счёт здравоохранения, инженерных и других сложных функций",2025,Средняя зарплата крупной профессиональной группы Росстата за октябрь 2025,,,4.9,5.18,Для профессий со специальным зарплатным срезом используется медиана предложений «Работы России»; иначе зарплата наследуется от группы. Результат не является обещанием числа вакансий
2028,175,Специалисты по сбыту информационно-коммуникационных технологий (ИКТ),Специалисты высшей квалификации,46145.96,2362.25,4.87,86292.29075362365,109890.74705676602,2.5180722891566263,8.875,8.875,27.347120000000015,4.742996987951807,2503.985,1.06,"умеренный рост за счёт здравоохранения, инженерных и других сложных функций",2025,Средняя зарплата крупной профессиональной группы Росстата за октябрь 2025,,,4.87,5.15,Для профессий со специальным зарплатным срезом используется медиана предложений «Работы России»; иначе зарплата наследуется от группы. Результат не является обещанием числа вакансий
2028,176,Специалисты архивов и музеев,Специалисты высшей квалификации,29493.94,1492.58,4.82,86292.29075362365,109890.74705676602,2.4819277108433733,8.875,8.875,27.347120000000015,4.719503012048193,1582.1348,1.06,"умеренный рост за счёт здравоохранения, инженерных и других сложных функций",2025,Средняя зарплата крупной профессиональной группы Росстата за октябрь 2025,,,4.82,5.09,Для профессий со специальным зарплатным срезом используется медиана предложений «Работы России»; иначе зарплата наследуется от группы. Результат не является обещанием числа вакансий
2028,177,Техники по обслуживанию медицинского оборудования,Специалисты средней квалификации,19027.22,1199.3,5.93,69408.5576048949,88389.79914337465,4.253012048192771,5.5,5.5,27.347120000000015,4.689457831325301,1271.258,1.06,умеренный рост в соответствии с официальным приоритетом кадров СПО,2025,Средняя зарплата крупной профессиональной группы Росстата за октябрь 2025,,,5.93,6.26,Для профессий со специальным зарплатным срезом используется медиана предложений «Работы России»; иначе зарплата наследуется от группы. Результат не является обещанием числа вакансий
2028,178,Тренеры и инструкторы-методисты по физкультуре и спорту,Специалисты высшей квалификации,95782.77,4808.93,4.78,86292.29075362365,109890.74705676602,2.4096385542168672,8.875,8.875,27.347120000000015,4.672515060240964,5097.465800000001,1.06,"умеренный рост за счёт здравоохранения, инженерных и других сложных функций",2025,Средняя зарплата крупной профессиональной группы Росстата за октябрь 2025,,,4.78,5.05,Для профессий со специальным зарплатным срезом используется медиана предложений «Работы России»; иначе зарплата наследуется от группы. Результат не является обещанием числа вакансий
2028,179,Специалисты-техники по компьютерным сетям и системам,Специалисты средней квалификации,11950.44,747.62,5.89,69408.5576048949,88389.79914337465,4.216867469879518,5.5,5.5,27.347120000000015,4.665963855421687,792.4772,1.06,умеренный рост в соответствии с официальным приоритетом кадров СПО,2025,Средняя зарплата крупной профессиональной группы Росстата за октябрь 2025,,,5.89,6.22,Для профессий со специальным зарплатным срезом используется медиана предложений «Работы России»; иначе зарплата наследуется от группы. Результат не является обещанием числа вакансий
2028,180,Аналитики систем управления и организации,Специалисты высшей квалификации,67372.84,3349.41,4.74,86292.29075362365,109890.74705676602,2.3734939759036147,8.875,8.875,27.347120000000015,4.649021084337349,3550.3746,1.06,"умеренный рост за счёт здравоохранения, инженерных и других сложных функций",2025,Средняя зарплата крупной профессиональной группы Росстата за октябрь 2025,,,4.74,5.01,Для профессий со специальным зарплатным срезом используется медиана предложений «Работы России»; иначе зарплата наследуется от группы. Результат не является обещанием числа вакансий
2028,181,Техники-электрики,Специалисты средней квалификации,71428.88,4458.69,5.88,69408.5576048949,88389.79914337465,4.1807228915662655,5.5,5.5,27.347120000000015,4.642469879518073,4726.2114,1.06,умеренный рост в соответствии с официальным приоритетом кадров СПО,2025,Средняя зарплата крупной профессиональной группы Росстата за октябрь 2025,,,5.88,6.21,Для профессий со специальным зарплатным срезом используется медиана предложений «Работы России»; иначе зарплата наследуется от группы. Результат не является обещанием числа вакансий
2028,182,Актеры,Специалисты высшей квалификации,13335.35,644.36,4.61,86292.29075362365,109890.74705676602,2.265060240963855,8.875,8.875,27.347120000000015,4.578539156626506,683.0216,1.06,"умеренный рост за счёт здравоохранения, инженерных и других сложных функций",2025,Средняя зарплата крупной профессиональной группы Росстата за октябрь 2025,,,4.62,4.87,Для профессий со специальным зарплатным срезом используется медиана предложений «Работы России»; иначе зарплата наследуется от группы. Результат не является обещанием числа вакансий
2028,183,Мастера (бригадиры) в обрабатывающей промышленности,Специалисты средней квалификации,189186.87,11731.82,5.84,69408.5576048949,88389.79914337465,4.072289156626506,5.5,5.5,27.347120000000015,4.571987951807229,12435.7292,1.06,умеренный рост в соответствии с официальным приоритетом кадров СПО,2025,Средняя зарплата крупной профессиональной группы Росстата за октябрь 2025,,,5.84,6.17,Для профессий со специальным зарплатным срезом используется медиана предложений «Работы России»; иначе зарплата наследуется от группы. Результат не является обещанием числа вакансий
2028,184,"Преподаватели, работающие с инвалидами или лицами с особыми возможностями здоровья",Специалисты высшей квалификации,81551.34,3888.47,4.55,86292.29075362365,109890.74705676602,2.1927710843373496,8.875,8.875,27.347120000000015,4.5315512048192765,4121.7782,1.06,"умеренный рост за счёт здравоохранения, инженерных и других сложных функций",2025,Средняя зарплата крупной профессиональной группы Росстата за октябрь 2025,,,4.55,4.81,Для профессий со специальным зарплатным срезом используется медиана предложений «Работы России»; иначе зарплата наследуется от группы. Результат не является обещанием числа вакансий
2028,185,Служащие в приемной (общего профиля),Офисные и учётные служащие,4341.93,318.59,6.84,54045.78718009234,68825.75345517682,4.614457831325302,4.375,4.375,27.347120000000015,4.530647590361446,299.47459999999995,0.94,наиболее заметное снижение из-за цифровизации стандартных операций,2025,Средняя зарплата крупной профессиональной группы Росстата за октябрь 2025,,,6.84,6.45,Для профессий со специальным зарплатным срезом используется медиана предложений «Работы России»; иначе зарплата наследуется от группы. Результат не является обещанием числа вакансий
2028,186,Художники,Специалисты высшей квалификации,7410.24,351.57,4.53,86292.29075362365,109890.74705676602,2.1566265060240966,8.875,8.875,27.347120000000015,4.508057228915662,372.6642,1.06,"умеренный рост за счёт здравоохранения, инженерных и других сложных функций",2025,Средняя зарплата крупной профессиональной группы Росстата за октябрь 2025,,,4.54,4.79,Для профессий со специальным зарплатным срезом используется медиана предложений «Работы России»; иначе зарплата наследуется от группы. Результат не является обещанием числа вакансий
2028,187,Операторы нефте- и газоочистных и перерабатывающих установок,Специалисты средней квалификации,37748.79,2306.19,5.76,69408.5576048949,88389.79914337465,3.927710843373494,5.5,5.5,27.347120000000015,4.47801204819277,2444.5614,1.06,умеренный рост в соответствии с официальным приоритетом кадров СПО,2025,Средняя зарплата крупной профессиональной группы Росстата за октябрь 2025,,,5.76,6.08,Для профессий со специальным зарплатным срезом используется медиана предложений «Работы России»; иначе зарплата наследуется от группы. Результат не является обещанием числа вакансий
2028,188,Социальные работники,Специалисты средней квалификации,119218.58,7276.73,5.75,69408.5576048949,88389.79914337465,3.855421686746988,5.5,5.5,27.347120000000015,4.431024096385542,7713.3338,1.06,умеренный рост в соответствии с официальным приоритетом кадров СПО,2025,Средняя зарплата крупной профессиональной группы Росстата за октябрь 2025,,,5.75,6.08,Для профессий со специальным зарплатным срезом используется медиана предложений «Работы России»; иначе зарплата наследуется от группы. Результат не является обещанием числа вакансий
2028,189,"Биологи, ботаники, зоологи и специалисты родственных занятий",Специалисты высшей квалификации,43949.99,2043.52,4.44,86292.29075362365,109890.74705676602,2.0120481927710845,8.875,8.875,27.347120000000015,4.414081325301204,2166.1312000000003,1.06,"умеренный рост за счёт здравоохранения, инженерных и других сложных функций",2025,Средняя зарплата крупной профессиональной группы Росстата за октябрь 2025,,,4.44,4.7,Для профессий со специальным зарплатным срезом используется медиана предложений «Работы России»; иначе зарплата наследуется от группы. Результат не является обещанием числа вакансий
2028,190,"Техники в области физических и технических наук, не входящие в другие группы",Специалисты средней квалификации,77725.51,4733.78,5.74,69408.5576048949,88389.79914337465,3.819277108433735,5.5,5.5,27.347120000000015,4.407530120481928,5017.8068,1.06,умеренный рост в соответствии с официальным приоритетом кадров СПО,2025,Средняя зарплата крупной профессиональной группы Росстата за октябрь 2025,,,5.74,6.06,Для профессий со специальным зарплатным срезом используется медиана предложений «Работы России»; иначе зарплата наследуется от группы. Результат не является обещанием числа вакансий
2028,191,"Бригадиры уборщиков и помощники по хозяйству в отелях (гостиницах), офисах и других учреждениях","Обслуживание, торговля и охрана",20820.65,1503.54,6.74,48161.539778495455,61332.333855568344,5.0120481927710845,3.25,3.25,27.347120000000015,4.395331325301205,1518.5754,1.01,почти стабильный спрос с небольшим ростом,2025,Средняя зарплата крупной профессиональной группы Росстата за октябрь 2025,,,6.74,6.8,Для профессий со специальным зарплатным срезом используется медиана предложений «Работы России»; иначе зарплата наследуется от группы. Результат не является обещанием числа вакансий
2028,192,"Средний медицинский персонал здравоохранения, не входящий в другие группы",Специалисты средней квалификации,287748.11,17489.79,5.73,69408.5576048949,88389.79914337465,3.783132530120482,5.5,5.5,27.347120000000015,4.384036144578314,18539.1774,1.06,умеренный рост в соответствии с официальным приоритетом кадров СПО,2025,Средняя зарплата крупной профессиональной группы Росстата за октябрь 2025,,,5.73,6.05,Для профессий со специальным зарплатным срезом используется медиана предложений «Работы России»; иначе зарплата наследуется от группы. Результат не является обещанием числа вакансий
2028,193,Помощники учителей,"Обслуживание, торговля и охрана",8563.16,610.25,6.65,48161.539778495455,61332.333855568344,4.975903614457831,3.25,3.25,27.347120000000015,4.371837349397591,616.3525,1.01,почти стабильный спрос с небольшим ростом,2025,Средняя зарплата крупной профессиональной группы Росстата за октябрь 2025,,,6.65,6.71,Для профессий со специальным зарплатным срезом используется медиана предложений «Работы России»; иначе зарплата наследуется от группы. Результат не является обещанием числа вакансий
2028,194,"Горные инженеры, металлурги и специалисты родственных занятий",Специалисты высшей квалификации,26734.55,1208.76,4.33,86292.29075362365,109890.74705676602,1.9397590361445782,8.875,8.875,27.347120000000015,4.367093373493976,1281.2856000000002,1.06,"умеренный рост за счёт здравоохранения, инженерных и других сложных функций",2025,Средняя зарплата крупной профессиональной группы Росстата за октябрь 2025,,,4.33,4.57,Для профессий со специальным зарплатным срезом используется медиана предложений «Работы России»; иначе зарплата наследуется от группы. Результат не является обещанием числа вакансий
2028,195,Машинистки и операторы оборудования по редактированию текстов,Офисные и учётные служащие,7695.99,550.61,6.68,54045.78718009234,68825.75345517682,4.325301204819278,4.375,4.375,27.347120000000015,4.34269578313253,517.5734,0.94,наиболее заметное снижение из-за цифровизации стандартных операций,2025,Средняя зарплата крупной профессиональной группы Росстата за октябрь 2025,,,6.68,6.3,Для профессий со специальным зарплатным срезом используется медиана предложений «Работы России»; иначе зарплата наследуется от группы. Результат не является обещанием числа вакансий
2028,196,Педагогические работники в дошкольном образовании,Специалисты высшей квалификации,576091.37,25444.14,4.23,86292.29075362365,109890.74705676602,1.8674698795180724,8.875,8.875,27.347120000000015,4.320105421686747,26970.7884,1.06,"умеренный рост за счёт здравоохранения, инженерных и других сложных функций",2025,Средняя зарплата крупной профессиональной группы Росстата за октябрь 2025,,,4.23,4.47,Для профессий со специальным зарплатным срезом используется медиана предложений «Работы России»; иначе зарплата наследуется от группы. Результат не является обещанием числа вакансий
2028,197,Преподаватели средних профессиональных образовательных организаций,Специалисты высшей квалификации,161960.9,7148.83,4.23,86292.29075362365,109890.74705676602,1.8313253012048194,8.875,8.875,27.347120000000015,4.296611445783132,7577.759800000001,1.06,"умеренный рост за счёт здравоохранения, инженерных и других сложных функций",2025,Средняя зарплата крупной профессиональной группы Росстата за октябрь 2025,,,4.23,4.47,Для профессий со специальным зарплатным срезом используется медиана предложений «Работы России»; иначе зарплата наследуется от группы. Результат не является обещанием числа вакансий
2028,198,Техники-электроники по системам безопасности полетов,Специалисты средней квалификации,1457.81,84.83,5.5,69408.5576048949,88389.79914337465,3.602409638554217,5.5,5.5,27.347120000000015,4.2665662650602405,89.91980000000001,1.06,умеренный рост в соответствии с официальным приоритетом кадров СПО,2025,Средняя зарплата крупной профессиональной группы Росстата за октябрь 2025,,,5.52,5.81,Для профессий со специальным зарплатным срезом используется медиана предложений «Работы России»; иначе зарплата наследуется от группы. Результат не является обещанием числа вакансий
2028,199,Преподаватели по обучению компьютерной грамотности,Специалисты высшей квалификации,1642.78,67.79,3.96,86292.29075362365,109890.74705676602,1.7590361445783131,8.875,8.875,27.347120000000015,4.249623493975903,71.85740000000001,1.06,"умеренный рост за счёт здравоохранения, инженерных и других сложных функций",2025,Средняя зарплата крупной профессиональной группы Росстата за октябрь 2025,,,4.02,4.19,Для профессий со специальным зарплатным срезом используется медиана предложений «Работы России»; иначе зарплата наследуется от группы. Результат не является обещанием числа вакансий
2028,200,Преподаватели по программам дополнительного обучения,Специалисты высшей квалификации,154267.01,6256.21,3.9,86292.29075362365,109890.74705676602,1.6506024096385543,8.875,8.875,27.347120000000015,4.17914156626506,6631.582600000001,1.06,"умеренный рост за счёт здравоохранения, инженерных и других сложных функций",2025,Средняя зарплата крупной профессиональной группы Росстата за октябрь 2025,,,3.9,4.12,Для профессий со специальным зарплатным срезом используется медиана предложений «Работы России»; иначе зарплата наследуется от группы. Результат не является обещанием числа вакансий
2028,201,Мастера (бригадиры) в добывающей промышленности,Специалисты средней квалификации,42806.71,2468.09,5.45,69408.5576048949,88389.79914337465,3.4578313253012047,5.5,5.5,27.347120000000015,4.172590361445783,2616.1754,1.06,умеренный рост в соответствии с официальным приоритетом кадров СПО,2025,Средняя зарплата крупной профессиональной группы Росстата за октябрь 2025,,,5.45,5.76,Для профессий со специальным зарплатным срезом используется медиана предложений «Работы России»; иначе зарплата наследуется от группы. Результат не является обещанием числа вакансий
2028,202,Операторы металлоплавильных установок и установок по обработке металлов,"Операторы машин, сборщики и водители",129714.41,6350.65,4.67,78339.15258467232,99762.65464898577,2.2289156626506026,7.75,7.75,27.347120000000015,4.161295180722892,6604.6759999999995,1.04,умеренный рост: официальный кадровый прогноз указывает на высокий вес профессий со средним профессиональным образованием,2025,Средняя зарплата крупной профессиональной группы Росстата за октябрь 2025,,,4.67,4.85,Для профессий со специальным зарплатным срезом используется медиана предложений «Работы России»; иначе зарплата наследуется от группы. Результат не является обещанием числа вакансий
2028,203,Средний медицинский персонал по акушерству,Специалисты средней квалификации,42268.15,2426.46,5.43,69408.5576048949,88389.79914337465,3.349397590361446,5.5,5.5,27.347120000000015,4.102108433734941,2572.0476000000003,1.06,умеренный рост в соответствии с официальным приоритетом кадров СПО,2025,Средняя зарплата крупной профессиональной группы Росстата за октябрь 2025,,,5.43,5.74,Для профессий со специальным зарплатным срезом используется медиана предложений «Работы России»; иначе зарплата наследуется от группы. Результат не является обещанием числа вакансий
2028,204,"Техники-статистики и персонал родственных занятий, связанных с проведением математических расчетов и вычислений",Специалисты средней квалификации,6746.14,386.22,5.42,69408.5576048949,88389.79914337465,3.3132530120481927,5.5,5.5,27.347120000000015,4.078614457831325,409.39320000000004,1.06,умеренный рост в соответствии с официальным приоритетом кадров СПО,2025,Средняя зарплата крупной профессиональной группы Росстата за октябрь 2025,,,5.42,5.72,Для профессий со специальным зарплатным срезом используется медиана предложений «Работы России»; иначе зарплата наследуется от группы. Результат не является обещанием числа вакансий
2028,205,"Офисные служащие, не входящие в другие группы",Офисные и учётные служащие,97214.46,6692.36,6.44,54045.78718009234,68825.75345517682,3.891566265060241,4.375,4.375,27.347120000000015,4.060768072289157,6290.818399999999,0.94,наиболее заметное снижение из-за цифровизации стандартных операций,2025,Средняя зарплата крупной профессиональной группы Росстата за октябрь 2025,,,6.44,6.08,Для профессий со специальным зарплатным срезом используется медиана предложений «Работы России»; иначе зарплата наследуется от группы. Результат не является обещанием числа вакансий
2028,206,Техники-электроники,Специалисты средней квалификации,17334.21,986.85,5.39,69408.5576048949,88389.79914337465,3.2771084337349397,5.5,5.5,27.347120000000015,4.055120481927711,1046.0610000000001,1.06,умеренный рост в соответствии с официальным приоритетом кадров СПО,2025,Средняя зарплата крупной профессиональной группы Росстата за октябрь 2025,,,5.39,5.69,Для профессий со специальным зарплатным срезом используется медиана предложений «Работы России»; иначе зарплата наследуется от группы. Результат не является обещанием числа вакансий
2028,207,Агенты по операциям с недвижимостью и другой собственностью,Специалисты средней квалификации,4946.98,281.14,5.38,69408.5576048949,88389.79914337465,3.2409638554216866,5.5,5.5,27.347120000000015,4.031626506024097,298.0084,1.06,умеренный рост в соответствии с официальным приоритетом кадров СПО,2025,Средняя зарплата крупной профессиональной группы Росстата за октябрь 2025,,,5.39,5.68,Для профессий со специальным зарплатным срезом используется медиана предложений «Работы России»; иначе зарплата наследуется от группы. Результат не является обещанием числа вакансий
2028,208,Инженеры по телекоммуникациям,Специалисты высшей квалификации,68407.62,2382.98,3.37,86292.29075362365,109890.74705676602,1.3975903614457832,8.875,8.875,27.347120000000015,4.014683734939759,2525.9588000000003,1.06,"умеренный рост за счёт здравоохранения, инженерных и других сложных функций",2025,Средняя зарплата крупной профессиональной группы Росстата за октябрь 2025,,,3.37,3.56,Для профессий со специальным зарплатным срезом используется медиана предложений «Работы России»; иначе зарплата наследуется от группы. Результат не является обещанием числа вакансий
2028,209,Спортивные служащие,Специалисты средней квалификации,4132.03,232.13,5.32,69408.5576048949,88389.79914337465,3.1686746987951806,5.5,5.5,27.347120000000015,3.9846385542168674,246.05780000000001,1.06,умеренный рост в соответствии с официальным приоритетом кадров СПО,2025,Средняя зарплата крупной профессиональной группы Росстата за октябрь 2025,,,5.33,5.62,Для профессий со специальным зарплатным срезом используется медиана предложений «Работы России»; иначе зарплата наследуется от группы. Результат не является обещанием числа вакансий
2028,210,"Работники, оказывающие индивидуальные услуги, не входящие в другие группы","Обслуживание, торговля и охрана",18507.78,1235.27,6.26,48161.539778495455,61332.333855568344,4.36144578313253,3.25,3.25,27.347120000000015,3.9724397590361447,1247.6227,1.01,почти стабильный спрос с небольшим ростом,2025,Средняя зарплата крупной профессиональной группы Росстата за октябрь 2025,,,6.26,6.32,Для профессий со специальным зарплатным срезом используется медиана предложений «Работы России»; иначе зарплата наследуется от группы. Результат не является обещанием числа вакансий
2028,211,Фельдшеры-лаборанты медицинских и патологоанатомических лабораторий,Специалисты средней квалификации,64080.86,3592.01,5.31,69408.5576048949,88389.79914337465,3.1325301204819276,5.5,5.5,27.347120000000015,3.9611445783132533,3807.5306000000005,1.06,умеренный рост в соответствии с официальным приоритетом кадров СПО,2025,Средняя зарплата крупной профессиональной группы Росстата за октябрь 2025,,,5.31,5.61,Для профессий со специальным зарплатным срезом используется медиана предложений «Работы России»; иначе зарплата наследуется от группы. Результат не является обещанием числа вакансий
2028,212,Машинисты локомотивов и рабочие родственных занятий,"Операторы машин, сборщики и водители",228676.27,10409.8,4.35,78339.15258467232,99762.65464898577,1.9036144578313254,7.75,7.75,27.347120000000015,3.9498493975903615,10826.192,1.04,умеренный рост: официальный кадровый прогноз указывает на высокий вес профессий со средним профессиональным образованием,2025,Средняя зарплата крупной профессиональной группы Росстата за октябрь 2025,,,4.35,4.52,Для профессий со специальным зарплатным срезом используется медиана предложений «Работы России»; иначе зарплата наследуется от группы. Результат не является обещанием числа вакансий
2028,213,Физики и астрономы,Специалисты высшей квалификации,20823.06,675.33,3.14,86292.29075362365,109890.74705676602,1.2891566265060241,8.875,8.875,27.347120000000015,3.9442018072289153,715.8498000000001,1.06,"умеренный рост за счёт здравоохранения, инженерных и других сложных функций",2025,Средняя зарплата крупной профессиональной группы Росстата за октябрь 2025,,,3.15,3.32,Для профессий со специальным зарплатным срезом используется медиана предложений «Работы России»; иначе зарплата наследуется от группы. Результат не является обещанием числа вакансий
2028,214,Помощники (ассистенты) врачей,Специалисты средней квалификации,114610.01,6406.24,5.29,69408.5576048949,88389.79914337465,3.096385542168675,5.5,5.5,27.347120000000015,3.9376506024096387,6790.6144,1.06,умеренный рост в соответствии с официальным приоритетом кадров СПО,2025,Средняя зарплата крупной профессиональной группы Росстата за октябрь 2025,,,5.29,5.59,Для профессий со специальным зарплатным срезом используется медиана предложений «Работы России»; иначе зарплата наследуется от группы. Результат не является обещанием числа вакансий
2028,215,Преподаватели музыки в музыкальных школах и частные,Специалисты высшей квалификации,41410.74,1280.21,3.0,86292.29075362365,109890.74705676602,1.2530120481927711,8.875,8.875,27.347120000000015,3.9207078313253008,1357.0226,1.06,"умеренный рост за счёт здравоохранения, инженерных и других сложных функций",2025,Средняя зарплата крупной профессиональной группы Росстата за октябрь 2025,,,3.0,3.17,Для профессий со специальным зарплатным срезом используется медиана предложений «Работы России»; иначе зарплата наследуется от группы. Результат не является обещанием числа вакансий
2028,216,Специалисты-техники в области биологических исследований (за исключением среднего медицинского персонала),Специалисты средней квалификации,9879.27,544.07,5.22,69408.5576048949,88389.79914337465,3.0602409638554215,5.5,5.5,27.347120000000015,3.9141566265060237,576.7142000000001,1.06,умеренный рост в соответствии с официальным приоритетом кадров СПО,2025,Средняя зарплата крупной профессиональной группы Росстата за октябрь 2025,,,5.22,5.52,Для профессий со специальным зарплатным срезом используется медиана предложений «Работы России»; иначе зарплата наследуется от группы. Результат не является обещанием числа вакансий
2028,217,Специалисты-техники по эксплуатации ИКТ,Специалисты средней квалификации,11920.32,656.35,5.22,69408.5576048949,88389.79914337465,3.0240963855421685,5.5,5.5,27.347120000000015,3.8906626506024096,695.7310000000001,1.06,умеренный рост в соответствии с официальным приоритетом кадров СПО,2025,Средняя зарплата крупной профессиональной группы Росстата за октябрь 2025,,,5.22,5.51,Для профессий со специальным зарплатным срезом используется медиана предложений «Работы России»; иначе зарплата наследуется от группы. Результат не является обещанием числа вакансий
2028,218,Педагогические работники в средней школе,Специалисты высшей квалификации,959380.42,25558.15,2.59,86292.29075362365,109890.74705676602,1.180722891566265,8.875,8.875,27.347120000000015,3.873719879518072,27091.639000000003,1.06,"умеренный рост за счёт здравоохранения, инженерных и других сложных функций",2025,Средняя зарплата крупной профессиональной группы Росстата за октябрь 2025,,,2.59,2.75,Для профессий со специальным зарплатным срезом используется медиана предложений «Работы России»; иначе зарплата наследуется от группы. Результат не является обещанием числа вакансий
2028,219,Преподаватели в области изобразительных и иных искусств,Специалисты высшей квалификации,10965.2,284.57,2.53,86292.29075362365,109890.74705676602,1.144578313253012,8.875,8.875,27.347120000000015,3.8502259036144575,301.6442,1.06,"умеренный рост за счёт здравоохранения, инженерных и других сложных функций",2025,Средняя зарплата крупной профессиональной группы Росстата за октябрь 2025,,,2.55,2.68,Для профессий со специальным зарплатным срезом используется медиана предложений «Работы России»; иначе зарплата наследуется от группы. Результат не является обещанием числа вакансий
2028,220,"Служащие, занятые учетом, приемом и выдачей товаров на складе",Офисные и учётные служащие,415617.77,27119.89,6.13,54045.78718009234,68825.75345517682,3.5301204819277108,4.375,4.375,27.347120000000015,3.825828313253012,25492.6966,0.94,наиболее заметное снижение из-за цифровизации стандартных операций,2025,Средняя зарплата крупной профессиональной группы Росстата за октябрь 2025,,,6.13,5.78,Для профессий со специальным зарплатным срезом используется медиана предложений «Работы России»; иначе зарплата наследуется от группы. Результат не является обещанием числа вакансий
2028,221,Профессорско-преподавательский персонал университетов и других организаций высшего образования,Специалисты высшей квалификации,216131.92,4630.68,2.1,86292.29075362365,109890.74705676602,1.072289156626506,8.875,8.875,27.347120000000015,3.8032379518072283,4908.5208,1.06,"умеренный рост за счёт здравоохранения, инженерных и других сложных функций",2025,Средняя зарплата крупной профессиональной группы Росстата за октябрь 2025,,,2.1,2.22,Для профессий со специальным зарплатным срезом используется медиана предложений «Работы России»; иначе зарплата наследуется от группы. Результат не является обещанием числа вакансий
2028,222,Судьи,Специалисты высшей квалификации,201.42,3.33,1.63,86292.29075362365,109890.74705676602,1.036144578313253,8.875,8.875,27.347120000000015,3.779743975903614,3.5298000000000003,1.06,"умеренный рост за счёт здравоохранения, инженерных и других сложных функций",2025,Средняя зарплата крупной профессиональной группы Росстата за октябрь 2025,,,2.56,1.72,Для профессий со специальным зарплатным срезом используется медиана предложений «Работы России»; иначе зарплата наследуется от группы. Результат не является обещанием числа вакансий
2028,223,Педагогические работники в начальном образовании,Специалисты высшей квалификации,225322.42,2882.53,1.26,86292.29075362365,109890.74705676602,1.0,8.875,8.875,27.347120000000015,3.7562499999999996,3055.4818000000005,1.06,"умеренный рост за счёт здравоохранения, инженерных и других сложных функций",2025,Средняя зарплата крупной профессиональной группы Росстата за октябрь 2025,,,1.26,1.34,Для профессий со специальным зарплатным срезом используется медиана предложений «Работы России»; иначе зарплата наследуется от группы. Результат не является обещанием числа вакансий
2028,224,Помощники по уходу за больными,"Обслуживание, торговля и охрана",179539.65,10988.94,5.77,48161.539778495455,61332.333855568344,3.63855421686747,3.25,3.25,27.347120000000015,3.5025602409638554,11098.8294,1.01,почти стабильный спрос с небольшим ростом,2025,Средняя зарплата крупной профессиональной группы Росстата за октябрь 2025,,,5.77,5.82,Для профессий со специальным зарплатным срезом используется медиана предложений «Работы России»; иначе зарплата наследуется от группы. Результат не является обещанием числа вакансий
2028,225,Служащие бюро путешествий,Офисные и учётные служащие,4137.99,250.97,5.72,54045.78718009234,68825.75345517682,2.9156626506024095,4.375,4.375,27.347120000000015,3.4264307228915665,235.9118,0.94,наиболее заметное снижение из-за цифровизации стандартных операций,2025,Средняя зарплата крупной профессиональной группы Росстата за октябрь 2025,,,5.73,5.39,Для профессий со специальным зарплатным срезом используется медиана предложений «Работы России»; иначе зарплата наследуется от группы. Результат не является обещанием числа вакансий
2028,226,Служащие по бухгалтерским операциям и учету,Офисные и учётные служащие,37339.17,2243.11,5.67,54045.78718009234,68825.75345517682,2.807228915662651,4.375,4.375,27.347120000000015,3.3559487951807228,2108.5234,0.94,наиболее заметное снижение из-за цифровизации стандартных операций,2025,Средняя зарплата крупной профессиональной группы Росстата за октябрь 2025,,,5.67,5.35,Для профессий со специальным зарплатным срезом используется медиана предложений «Работы России»; иначе зарплата наследуется от группы. Результат не является обещанием числа вакансий
2028,227,Пилоты воздушных судов и специалисты родственных занятий,Специалисты средней квалификации,14820.95,701.97,4.52,69408.5576048949,88389.79914337465,2.120481927710843,5.5,5.5,27.347120000000015,3.3033132530120484,744.0882,1.06,умеренный рост в соответствии с официальным приоритетом кадров СПО,2025,Средняя зарплата крупной профессиональной группы Росстата за октябрь 2025,,,4.52,4.78,Для профессий со специальным зарплатным срезом используется медиана предложений «Работы России»; иначе зарплата наследуется от группы. Результат не является обещанием числа вакансий
2028,228,Техники в добывающей промышленности и металлургии,Специалисты средней квалификации,6406.44,301.14,4.49,69408.5576048949,88389.79914337465,2.0481927710843375,5.5,5.5,27.347120000000015,3.2563253012048192,319.2084,1.06,умеренный рост в соответствии с официальным приоритетом кадров СПО,2025,Средняя зарплата крупной профессиональной группы Росстата за октябрь 2025,,,4.5,4.75,Для профессий со специальным зарплатным срезом используется медиана предложений «Работы России»; иначе зарплата наследуется от группы. Результат не является обещанием числа вакансий
2028,229,"Служащие, занятые диспетчерской подготовкой производства",Офисные и учётные служащие,77854.13,4566.45,5.54,54045.78718009234,68825.75345517682,2.5903614457831328,4.375,4.375,27.347120000000015,3.2149849397590358,4292.463,0.94,наиболее заметное снижение из-за цифровизации стандартных операций,2025,Средняя зарплата крупной профессиональной группы Росстата за октябрь 2025,,,5.54,5.23,Для профессий со специальным зарплатным срезом используется медиана предложений «Работы России»; иначе зарплата наследуется от группы. Результат не является обещанием числа вакансий
2028,230,Агенты по трудовым договорам и найму,Специалисты средней квалификации,5404.3,245.85,4.35,69408.5576048949,88389.79914337465,1.9759036144578315,5.5,5.5,27.347120000000015,3.2093373493975905,260.601,1.06,умеренный рост в соответствии с официальным приоритетом кадров СПО,2025,Средняя зарплата крупной профессиональной группы Росстата за октябрь 2025,,,4.36,4.6,Для профессий со специальным зарплатным срезом используется медиана предложений «Работы России»; иначе зарплата наследуется от группы. Результат не является обещанием числа вакансий
2028,231,"Служащие, встречающие и регистрирующие клиентов в отелях (гостиницах)",Офисные и учётные служащие,27086.85,1538.13,5.37,54045.78718009234,68825.75345517682,2.4457831325301207,4.375,4.375,27.347120000000015,3.1210090361445784,1445.8422,0.94,наиболее заметное снижение из-за цифровизации стандартных операций,2025,Средняя зарплата крупной профессиональной группы Росстата за октябрь 2025,,,5.37,5.07,Для профессий со специальным зарплатным срезом используется медиана предложений «Работы России»; иначе зарплата наследуется от группы. Результат не является обещанием числа вакансий
2028,232,Служащие по ведению кадровой документации,Офисные и учётные служащие,40139.13,2246.66,5.3,54045.78718009234,68825.75345517682,2.337349397590361,4.375,4.375,27.347120000000015,3.0505271084337346,2111.8603999999996,0.94,наиболее заметное снижение из-за цифровизации стандартных операций,2025,Средняя зарплата крупной профессиональной группы Росстата за октябрь 2025,,,5.3,5.0,Для профессий со специальным зарплатным срезом используется медиана предложений «Работы России»; иначе зарплата наследуется от группы. Результат не является обещанием числа вакансий
2028,233,Служащие по транспортным перевозкам,Офисные и учётные служащие,120313.91,6716.64,5.29,54045.78718009234,68825.75345517682,2.3012048192771086,4.375,4.375,27.347120000000015,3.0270331325301205,6313.6416,0.94,наиболее заметное снижение из-за цифровизации стандартных операций,2025,Средняя зарплата крупной профессиональной группы Росстата за октябрь 2025,,,5.29,4.99,Для профессий со специальным зарплатным срезом используется медиана предложений «Работы России»; иначе зарплата наследуется от группы. Результат не является обещанием числа вакансий
2028,234,"Работники, оказывающие индивидуальные услуги по уходу за больными, не входящие в другие группы","Обслуживание, торговля и охрана",19841.24,1114.28,5.32,48161.539778495455,61332.333855568344,2.8795180722891565,3.25,3.25,27.347120000000015,3.0091867469879516,1125.4228,1.01,почти стабильный спрос с небольшим ростом,2025,Средняя зарплата крупной профессиональной группы Росстата за октябрь 2025,,,5.32,5.37,Для профессий со специальным зарплатным срезом используется медиана предложений «Работы России»; иначе зарплата наследуется от группы. Результат не является обещанием числа вакансий
2028,235,Работники по уходу за детьми,"Обслуживание, торговля и охрана",271431.98,15231.75,5.31,48161.539778495455,61332.333855568344,2.8433734939759034,3.25,3.25,27.347120000000015,2.985692771084337,15384.067500000001,1.01,почти стабильный спрос с небольшим ростом,2025,Средняя зарплата крупной профессиональной группы Росстата за октябрь 2025,,,5.31,5.36,Для профессий со специальным зарплатным срезом используется медиана предложений «Работы России»; иначе зарплата наследуется от группы. Результат не является обещанием числа вакансий
2028,236,"Работники, оказывающие индивидуальные услуги по уходу за больными на дому","Обслуживание, торговля и охрана",23788.62,1313.06,5.23,48161.539778495455,61332.333855568344,2.6987951807228914,3.25,3.25,27.347120000000015,2.8917168674698797,1326.1906,1.01,почти стабильный спрос с небольшим ростом,2025,Средняя зарплата крупной профессиональной группы Росстата за октябрь 2025,,,5.23,5.28,Для профессий со специальным зарплатным срезом используется медиана предложений «Работы России»; иначе зарплата наследуется от группы. Результат не является обещанием числа вакансий
2028,237,Офисные служащие общего профиля,Офисные и учётные служащие,81907.49,4351.0,5.04,54045.78718009234,68825.75345517682,2.0843373493975905,4.375,4.375,27.347120000000015,2.8860692771084335,4089.9399999999996,0.94,наиболее заметное снижение из-за цифровизации стандартных операций,2025,Средняя зарплата крупной профессиональной группы Росстата за октябрь 2025,,,5.04,4.76,Для профессий со специальным зарплатным срезом используется медиана предложений «Работы России»; иначе зарплата наследуется от группы. Результат не является обещанием числа вакансий
2028,238,Зубные врачи,Специалисты средней квалификации,9542.87,337.81,3.42,69408.5576048949,88389.79914337465,1.4698795180722892,5.5,5.5,27.347120000000015,2.880421686746988,358.0786,1.06,умеренный рост в соответствии с официальным приоритетом кадров СПО,2025,Средняя зарплата крупной профессиональной группы Росстата за октябрь 2025,,,3.43,3.62,Для профессий со специальным зарплатным срезом используется медиана предложений «Работы России»; иначе зарплата наследуется от группы. Результат не является обещанием числа вакансий
2028,239,"Средний специальный персонал художественных галерей, музеев и библиотек",Специалисты средней квалификации,15592.42,532.13,3.3,69408.5576048949,88389.79914337465,1.3614457831325302,5.5,5.5,27.347120000000015,2.809939759036144,564.0578,1.06,умеренный рост в соответствии с официальным приоритетом кадров СПО,2025,Средняя зарплата крупной профессиональной группы Росстата за октябрь 2025,,,3.31,3.49,Для профессий со специальным зарплатным срезом используется медиана предложений «Работы России»; иначе зарплата наследуется от группы. Результат не является обещанием числа вакансий
2028,240,Зубные техники и техники-протезисты,Специалисты средней квалификации,10488.47,347.52,3.21,69408.5576048949,88389.79914337465,1.3253012048192772,5.5,5.5,27.347120000000015,2.78644578313253,368.3712,1.06,умеренный рост в соответствии с официальным приоритетом кадров СПО,2025,Средняя зарплата крупной профессиональной группы Росстата за октябрь 2025,,,3.22,3.39,Для профессий со специальным зарплатным срезом используется медиана предложений «Работы России»; иначе зарплата наследуется от группы. Результат не является обещанием числа вакансий
2028,241,Медицинские регистраторы,Специалисты средней квалификации,44750.88,1318.16,2.86,69408.5576048949,88389.79914337465,1.216867469879518,5.5,5.5,27.347120000000015,2.7159638554216867,1397.2496,1.06,умеренный рост в соответствии с официальным приоритетом кадров СПО,2025,Средняя зарплата крупной профессиональной группы Росстата за октябрь 2025,,,2.86,3.03,Для профессий со специальным зарплатным срезом используется медиана предложений «Работы России»; иначе зарплата наследуется от группы. Результат не является обещанием числа вакансий
2028,242,Служащие по введению данных,Офисные и учётные служащие,72178.33,3548.91,4.69,54045.78718009234,68825.75345517682,1.7951807228915664,4.375,4.375,27.347120000000015,2.6981174698795183,3335.9754,0.94,наиболее заметное снижение из-за цифровизации стандартных операций,2025,Средняя зарплата крупной профессиональной группы Росстата за октябрь 2025,,,4.69,4.42,Для профессий со специальным зарплатным срезом используется медиана предложений «Работы России»; иначе зарплата наследуется от группы. Результат не является обещанием числа вакансий
2028,243,"Кодировщики, корректоры и другие родственные служащие",Офисные и учётные служащие,2738.42,127.21,4.44,54045.78718009234,68825.75345517682,1.7228915662650603,4.375,4.375,27.347120000000015,2.651129518072289,119.57739999999998,0.94,наиболее заметное снижение из-за цифровизации стандартных операций,2025,Средняя зарплата крупной профессиональной группы Росстата за октябрь 2025,,,4.47,4.18,Для профессий со специальным зарплатным срезом используется медиана предложений «Работы России»; иначе зарплата наследуется от группы. Результат не является обещанием числа вакансий
2028,244,Авиационные диспетчеры,Специалисты средней квалификации,15422.3,396.15,2.5,69408.5576048949,88389.79914337465,1.108433734939759,5.5,5.5,27.347120000000015,2.6454819277108435,419.919,1.06,умеренный рост в соответствии с официальным приоритетом кадров СПО,2025,Средняя зарплата крупной профессиональной группы Росстата за октябрь 2025,,,2.51,2.65,Для профессий со специальным зарплатным срезом используется медиана предложений «Работы России»; иначе зарплата наследуется от группы. Результат не является обещанием числа вакансий
2028,245,Служащие по учету рабочего времени и расчету заработной платы,Офисные и учётные служащие,16564.84,766.97,4.43,54045.78718009234,68825.75345517682,1.6867469879518073,4.375,4.375,27.347120000000015,2.6276355421686746,720.9517999999999,0.94,наиболее заметное снижение из-за цифровизации стандартных операций,2025,Средняя зарплата крупной профессиональной группы Росстата за октябрь 2025,,,4.44,4.17,Для профессий со специальным зарплатным срезом используется медиана предложений «Работы России»; иначе зарплата наследуется от группы. Результат не является обещанием числа вакансий
2028,246,"Служащие по обработке статистической, финансовой и страховой информации и ведению расчетов",Офисные и учётные служащие,10794.03,487.76,4.32,54045.78718009234,68825.75345517682,1.6144578313253013,4.375,4.375,27.347120000000015,2.580647590361446,458.4944,0.94,наиболее заметное снижение из-за цифровизации стандартных операций,2025,Средняя зарплата крупной профессиональной группы Росстата за октябрь 2025,,,4.33,4.07,Для профессий со специальным зарплатным срезом используется медиана предложений «Работы России»; иначе зарплата наследуется от группы. Результат не является обещанием числа вакансий
2028,247,Секретари (общего профиля),Офисные и учётные служащие,115617.96,5151.23,4.27,54045.78718009234,68825.75345517682,1.5783132530120483,4.375,4.375,27.347120000000015,2.557153614457831,4842.156199999999,0.94,наиболее заметное снижение из-за цифровизации стандартных операций,2025,Средняя зарплата крупной профессиональной группы Росстата за октябрь 2025,,,4.27,4.02,Для профессий со специальным зарплатным срезом используется медиана предложений «Работы России»; иначе зарплата наследуется от группы. Результат не является обещанием числа вакансий
2028,248,Служащие библиотек,Офисные и учётные служащие,11915.13,479.04,3.87,54045.78718009234,68825.75345517682,1.5060240963855422,4.375,4.375,27.347120000000015,2.510165662650602,450.2976,0.94,наиболее заметное снижение из-за цифровизации стандартных операций,2025,Средняя зарплата крупной профессиональной группы Росстата за октябрь 2025,,,3.88,3.64,Для профессий со специальным зарплатным срезом используется медиана предложений «Работы России»; иначе зарплата наследуется от группы. Результат не является обещанием числа вакансий
2028,249,Регистраторы и копировщики,Офисные и учётные служащие,12393.01,494.12,3.83,54045.78718009234,68825.75345517682,1.4337349397590362,4.375,4.375,27.347120000000015,2.4631777108433734,464.47279999999995,0.94,наиболее заметное снижение из-за цифровизации стандартных операций,2025,Средняя зарплата крупной профессиональной группы Росстата за октябрь 2025,,,3.84,3.61,Для профессий со специальным зарплатным срезом используется медиана предложений «Работы России»; иначе зарплата наследуется от группы. Результат не является обещанием числа вакансий
2028,250,Экономки,"Обслуживание, торговля и охрана",946.8,35.5,3.61,48161.539778495455,61332.333855568344,1.5421686746987953,3.25,3.25,27.347120000000015,2.139909638554217,35.855,1.01,почти стабильный спрос с небольшим ростом,2025,Средняя зарплата крупной профессиональной группы Росстата за октябрь 2025,,,3.71,3.65,Для профессий со специальным зарплатным срезом используется медиана предложений «Работы России»; иначе зарплата наследуется от группы. Результат не является обещанием числа вакансий
2029,1,Врачи скорой медицинской помощи и парамедики,Специалисты высшей квалификации,12108.49,2846.35,19.03,81908.0,100805.322312,9.927710843373495,8.875,8.875,23.071400000000008,9.559262048192771,3102.5215000000003,1.09,"умеренный рост за счёт здравоохранения, инженерных и других сложных функций",2026,Медиана середины зарплатных вилок вакансий API «Работа России»,2026-08-13,503.0,18.98,20.4,Для профессий со специальным зарплатным срезом используется медиана предложений «Работы России»; иначе зарплата наследуется от группы. Результат не является обещанием числа вакансий
2029,2,Провизоры,Специалисты высшей квалификации,23377.51,4299.29,15.53,59250.0,72919.80450000001,9.783132530120483,8.875,8.875,23.071400000000033,9.465286144578315,4686.2261,1.09,"умеренный рост за счёт здравоохранения, инженерных и других сложных функций",2026,Медиана середины зарплатных вилок вакансий API «Работа России»,2026-08-13,547.0,15.51,16.7,Для профессий со специальным зарплатным срезом используется медиана предложений «Работы России»; иначе зарплата наследуется от группы. Результат не является обещанием числа вакансий
2029,3,Диетологи и специалисты по рациональному питанию,Специалисты высшей квалификации,1240.56,217.56,14.92,60773.0,74794.181922,9.710843373493976,8.875,8.875,23.071400000000008,9.418298192771083,237.14040000000003,1.09,"умеренный рост за счёт здравоохранения, инженерных и других сложных функций",2026,Медиана середины зарплатных вилок вакансий API «Работа России»,2026-08-13,134.0,14.59,16.05,Для профессий со специальным зарплатным срезом используется медиана предложений «Работы России»; иначе зарплата наследуется от группы. Результат не является обещанием числа вакансий
2029,4,Врачи общей практики,Специалисты высшей квалификации,47658.93,7302.5,13.29,70000.0,86149.98,9.421686746987952,8.875,8.875,23.071399999999986,9.23034638554217,7959.725,1.09,"умеренный рост за счёт здравоохранения, инженерных и других сложных функций",2026,Медиана середины зарплатных вилок вакансий API «Работа России»,2026-08-13,787.0,13.28,14.31,Для профессий со специальным зарплатным срезом используется медиана предложений «Работы России»; иначе зарплата наследуется от группы. Результат не является обещанием числа вакансий
2029,5,Преподаватели иностранных языков на курсах и частные,Специалисты высшей квалификации,6215.38,935.98,13.09,38546.0,47439.101844000004,9.349397590361445,8.875,8.875,23.071400000000008,9.18335843373494,1020.2182000000001,1.09,"умеренный рост за счёт здравоохранения, инженерных и других сложных функций",2026,Медиана середины зарплатных вилок вакансий API «Работа России»,2026-08-13,106.0,13.03,14.1,Для профессий со специальным зарплатным срезом используется медиана предложений «Работы России»; иначе зарплата наследуется от группы. Результат не является обещанием числа вакансий
2029,6,Физиотерапевты,Специалисты высшей квалификации,5196.6,726.16,12.26,64522.0,79408.128708,9.204819277108435,8.875,8.875,23.071400000000008,9.089382530120483,791.5144,1.09,"умеренный рост за счёт здравоохранения, инженерных и других сложных функций",2026,Медиана середины зарплатных вилок вакансий API «Работа России»,2026-08-13,420.0,12.2,13.22,Для профессий со специальным зарплатным срезом используется медиана предложений «Работы России»; иначе зарплата наследуется от группы. Результат не является обещанием числа вакансий
2029,7,Специалисты в области медицинских аспектов охраны труда и окружающей среды,Специалисты высшей квалификации,7981.23,1110.18,12.21,40640.0,50016.216960000005,9.168674698795181,8.875,8.875,23.071400000000008,9.065888554216865,1210.0962000000002,1.09,"умеренный рост за счёт здравоохранения, инженерных и других сложных функций",2026,Медиана середины зарплатных вилок вакансий API «Работа России»,2026-08-13,1198.0,12.17,13.17,Для профессий со специальным зарплатным срезом используется медиана предложений «Работы России»; иначе зарплата наследуется от группы. Результат не является обещанием числа вакансий
2029,8,Ветеринарные врачи,Специалисты высшей квалификации,31769.11,4306.14,11.94,47500.0,58458.91500000001,9.060240963855422,8.875,8.875,23.071400000000008,8.995406626506023,4693.6926,1.09,"умеренный рост за счёт здравоохранения, инженерных и других сложных функций",2026,Медиана середины зарплатных вилок вакансий API «Работа России»,2026-08-13,1195.0,11.93,12.87,Для профессий со специальным зарплатным срезом используется медиана предложений «Работы России»; иначе зарплата наследуется от группы. Результат не является обещанием числа вакансий
2029,9,Специалисты по сбыту продукции (исключая информационно-коммуникационные технологии),Специалисты высшей квалификации,333714.47,42836.23,11.38,55400.0,68181.5556,8.951807228915662,8.875,8.875,23.071400000000008,8.92492469879518,46691.49070000001,1.09,"умеренный рост за счёт здравоохранения, инженерных и других сложных функций",2026,Медиана середины зарплатных вилок вакансий API «Работа России»,2026-08-13,16.0,11.38,12.27,Для профессий со специальным зарплатным срезом используется медиана предложений «Работы России»; иначе зарплата наследуется от группы. Результат не является обещанием числа вакансий
2029,10,"Операторы машин по производству текстильной, меховой и кожаной продукции","Операторы машин, сборщики и водители",38214.07,6454.81,14.45,55382.0,68159.40274800001,9.53012048192771,7.75,7.75,23.071400000000008,8.907078313253013,6842.098600000001,1.06,умеренный рост: официальный кадровый прогноз указывает на высокий вес профессий со средним профессиональным образованием,2026,"Росстат 57-Т за октябрь 2025: точная составная группа ОКЗ, 57-Т",2026-08-13,1.0,14.44,15.19,Для профессий со специальным зарплатным срезом используется медиана предложений «Работы России»; иначе зарплата наследуется от группы. Результат не является обещанием числа вакансий
2029,11,Специалисты по медицинскому уходу,Специалисты высшей квалификации,45448.13,5783.7,11.29,86292.29075362365,117033.64561545581,8.91566265060241,8.875,8.875,35.624682800000016,8.901430722891565,6304.233,1.09,"умеренный рост за счёт здравоохранения, инженерных и других сложных функций",2025,Средняя зарплата крупной профессиональной группы Росстата за октябрь 2025,,,11.28,12.18,Для профессий со специальным зарплатным срезом используется медиана предложений «Работы России»; иначе зарплата наследуется от группы. Результат не является обещанием числа вакансий
2029,12,Аудиологи и специалисты по развитию и восстановлению речи,Специалисты высшей квалификации,2690.66,330.81,10.95,86292.29075362365,117033.64561545581,8.843373493975903,8.875,8.875,35.624682800000016,8.854442771084337,360.58290000000005,1.09,"умеренный рост за счёт здравоохранения, инженерных и других сложных функций",2025,Средняя зарплата крупной профессиональной группы Росстата за октябрь 2025,,,10.86,11.82,Для профессий со специальным зарплатным срезом используется медиана предложений «Работы России»; иначе зарплата наследуется от группы. Результат не является обещанием числа вакансий
2029,13,"Специалисты в области сельского, лесного и рыбного хозяйства",Специалисты высшей квалификации,47780.61,5521.76,10.36,86292.29075362365,117033.64561545581,8.590361445783133,8.875,8.875,35.624682800000016,8.689984939759036,6018.718400000001,1.09,"умеренный рост за счёт здравоохранения, инженерных и других сложных функций",2025,Средняя зарплата крупной профессиональной группы Росстата за октябрь 2025,,,10.36,11.19,Для профессий со специальным зарплатным срезом используется медиана предложений «Работы России»; иначе зарплата наследуется от группы. Результат не является обещанием числа вакансий
2029,14,"Специалисты в области права, не входящие в другие группы",Специалисты высшей квалификации,34278.45,3943.51,10.32,86292.29075362365,117033.64561545581,8.518072289156626,8.875,8.875,35.624682800000016,8.642996987951806,4298.4259,1.09,"умеренный рост за счёт здравоохранения, инженерных и других сложных функций",2025,Средняя зарплата крупной профессиональной группы Росстата за октябрь 2025,,,10.31,11.14,Для профессий со специальным зарплатным срезом используется медиана предложений «Работы России»; иначе зарплата наследуется от группы. Результат не является обещанием числа вакансий
2029,15,Психологи,Специалисты высшей квалификации,31243.12,3563.57,10.24,86292.29075362365,117033.64561545581,8.44578313253012,8.875,8.875,35.624682800000016,8.596009036144578,3884.2913000000003,1.09,"умеренный рост за счёт здравоохранения, инженерных и других сложных функций",2025,Средняя зарплата крупной профессиональной группы Росстата за октябрь 2025,,,10.23,11.06,Для профессий со специальным зарплатным срезом используется медиана предложений «Работы России»; иначе зарплата наследуется от группы. Результат не является обещанием числа вакансий
2029,16,Статистики,Специалисты высшей квалификации,2906.95,331.45,10.24,86292.29075362365,117033.64561545581,8.409638554216867,8.875,8.875,35.624682800000016,8.572515060240963,361.2805,1.09,"умеренный рост за счёт здравоохранения, инженерных и других сложных функций",2025,Средняя зарплата крупной профессиональной группы Росстата за октябрь 2025,,,10.17,11.05,Для профессий со специальным зарплатным срезом используется медиана предложений «Работы России»; иначе зарплата наследуется от группы. Результат не является обещанием числа вакансий
2029,17,Водители грузового и пассажирского транспорта,"Операторы машин, сборщики и водители",676870.77,89632.86,11.69,78339.15258467232,106247.22720116985,8.987951807228917,7.75,7.75,35.624682800000016,8.554668674698796,95010.8316,1.06,умеренный рост: официальный кадровый прогноз указывает на высокий вес профессий со средним профессиональным образованием,2025,Средняя зарплата крупной профессиональной группы Росстата за октябрь 2025,,,11.69,12.31,Для профессий со специальным зарплатным срезом используется медиана предложений «Работы России»; иначе зарплата наследуется от группы. Результат не является обещанием числа вакансий
2029,18,Врачи-специалисты,Специалисты высшей квалификации,439766.85,49806.52,10.17,86292.29075362365,117033.64561545581,8.373493975903614,8.875,8.875,35.624682800000016,8.549021084337348,54289.1068,1.09,"умеренный рост за счёт здравоохранения, инженерных и других сложных функций",2025,Средняя зарплата крупной профессиональной группы Росстата за октябрь 2025,,,10.17,10.99,Для профессий со специальным зарплатным срезом используется медиана предложений «Работы России»; иначе зарплата наследуется от группы. Результат не является обещанием числа вакансий
2029,19,Разработчики Web и мультимедийных приложений,Специалисты высшей квалификации,25444.66,2830.89,10.01,86292.29075362365,117033.64561545581,8.228915662650603,8.875,8.875,35.624682800000016,8.455045180722891,3085.6701000000003,1.09,"умеренный рост за счёт здравоохранения, инженерных и других сложных функций",2025,Средняя зарплата крупной профессиональной группы Росстата за октябрь 2025,,,10.0,10.82,Для профессий со специальным зарплатным срезом используется медиана предложений «Работы России»; иначе зарплата наследуется от группы. Результат не является обещанием числа вакансий
2029,20,Специалисты-техники по Web,Специалисты средней квалификации,6454.93,5145.29,44.36,69408.5576048949,94135.136087694,10.0,5.5,5.5,35.624682800000016,8.425,5608.3661,1.09,умеренный рост в соответствии с официальным приоритетом кадров СПО,2025,Средняя зарплата крупной профессиональной группы Росстата за октябрь 2025,,,44.28,46.49,Для профессий со специальным зарплатным срезом используется медиана предложений «Работы России»; иначе зарплата наследуется от группы. Результат не является обещанием числа вакансий
2029,21,Переводчики и другие лингвисты,Специалисты высшей квалификации,6287.39,697.65,9.99,86292.29075362365,117033.64561545581,8.156626506024097,8.875,8.875,35.624682800000016,8.408057228915663,760.4385,1.09,"умеренный рост за счёт здравоохранения, инженерных и других сложных функций",2025,Средняя зарплата крупной профессиональной группы Росстата за октябрь 2025,,,9.96,10.79,Для профессий со специальным зарплатным срезом используется медиана предложений «Работы России»; иначе зарплата наследуется от группы. Результат не является обещанием числа вакансий
2029,22,Операторы машин по переработке древесины и изготовлению бумаги,"Операторы машин, сборщики и водители",29554.64,3555.44,10.74,78339.15258467232,106247.22720116985,8.698795180722891,7.75,7.75,35.624682800000016,8.36671686746988,3768.7664000000004,1.06,умеренный рост: официальный кадровый прогноз указывает на высокий вес профессий со средним профессиональным образованием,2025,Средняя зарплата крупной профессиональной группы Росстата за октябрь 2025,,,10.73,11.31,Для профессий со специальным зарплатным срезом используется медиана предложений «Работы России»; иначе зарплата наследуется от группы. Результат не является обещанием числа вакансий
2029,23,Рабочие-отделочники и рабочие родственных занятий,"Промышленность, строительство и транспорт",249810.29,40122.94,13.84,78166.90311606236,106013.6144057429,9.240963855421686,6.625,6.625,35.624682800000016,8.325376506024096,38518.0224,0.96,"в 2027–2029 годах применён циклический дисконт из-за слабого роста ВВП, дорогого кредита и снижения строительства; затем — умеренная стабилизация",2025,Средняя зарплата крупной профессиональной группы Росстата за октябрь 2025,,,13.84,13.36,Для профессий со специальным зарплатным срезом используется медиана предложений «Работы России»; иначе зарплата наследуется от группы. Результат не является обещанием числа вакансий
2029,24,Специалисты в области организации и ведения социальной работы,Специалисты высшей квалификации,64659.26,7005.0,9.77,86292.29075362365,117033.64561545581,8.012048192771084,8.875,8.875,35.624682800000016,8.314081325301206,7635.450000000001,1.09,"умеренный рост за счёт здравоохранения, инженерных и других сложных функций",2025,Средняя зарплата крупной профессиональной группы Росстата за октябрь 2025,,,9.77,10.56,Для профессий со специальным зарплатным срезом используется медиана предложений «Работы России»; иначе зарплата наследуется от группы. Результат не является обещанием числа вакансий
2029,25,Ландшафтные архитекторы,Специалисты высшей квалификации,744.15,79.78,9.68,86292.29075362365,117033.64561545581,7.975903614457831,8.875,8.875,35.624682800000016,8.29058734939759,86.96020000000001,1.09,"умеренный рост за счёт здравоохранения, инженерных и других сложных функций",2025,Средняя зарплата крупной профессиональной группы Росстата за октябрь 2025,,,9.44,10.46,Для профессий со специальным зарплатным срезом используется медиана предложений «Работы России»; иначе зарплата наследуется от группы. Результат не является обещанием числа вакансий
2029,26,Фармацевты,Специалисты средней квалификации,40852.8,7435.39,15.4,69408.5576048949,94135.136087694,9.74698795180723,5.5,5.5,35.624682800000016,8.2605421686747,8104.575100000001,1.09,умеренный рост в соответствии с официальным приоритетом кадров СПО,2025,Средняя зарплата крупной профессиональной группы Росстата за октябрь 2025,,,15.4,16.55,Для профессий со специальным зарплатным срезом используется медиана предложений «Работы России»; иначе зарплата наследуется от группы. Результат не является обещанием числа вакансий
2029,27,"Рабочие ручного труда, производящие одежду и обувь","Промышленность, строительство и транспорт",44591.64,7001.83,13.57,78166.90311606236,106013.6144057429,9.096385542168674,6.625,6.625,35.624682800000016,8.23140060240964,6721.7568,0.96,"в 2027–2029 годах применён циклический дисконт из-за слабого роста ВВП, дорогого кредита и снижения строительства; затем — умеренная стабилизация",2025,Средняя зарплата крупной профессиональной группы Росстата за октябрь 2025,,,13.56,13.1,Для профессий со специальным зарплатным срезом используется медиана предложений «Работы России»; иначе зарплата наследуется от группы. Результат не является обещанием числа вакансий
2029,28,Специалисты по патентной работе и защите авторских прав,Специалисты высшей квалификации,3578.16,380.92,9.62,86292.29075362365,117033.64561545581,7.867469879518072,8.875,8.875,35.624682800000016,8.220105421686748,415.2028,1.09,"умеренный рост за счёт здравоохранения, инженерных и других сложных функций",2025,Средняя зарплата крупной профессиональной группы Росстата за октябрь 2025,,,9.57,10.4,Для профессий со специальным зарплатным срезом используется медиана предложений «Работы России»; иначе зарплата наследуется от группы. Результат не является обещанием числа вакансий
2029,29,Архитекторы зданий и сооружений,Специалисты высшей квалификации,15834.32,1681.75,9.6,86292.29075362365,117033.64561545581,7.831325301204819,8.875,8.875,35.624682800000016,8.196611445783132,1833.1075,1.09,"умеренный рост за счёт здравоохранения, инженерных и других сложных функций",2025,Средняя зарплата крупной профессиональной группы Росстата за октябрь 2025,,,9.59,10.38,Для профессий со специальным зарплатным срезом используется медиана предложений «Работы России»; иначе зарплата наследуется от группы. Результат не является обещанием числа вакансий
2029,30,Рабочие строительных и родственных занятий,"Промышленность, строительство и транспорт",417619.3,62554.11,13.03,78166.90311606236,106013.6144057429,9.024096385542169,6.625,6.625,35.624682800000016,8.18441265060241,60051.9456,0.96,"в 2027–2029 годах применён циклический дисконт из-за слабого роста ВВП, дорогого кредита и снижения строительства; затем — умеренная стабилизация",2025,Средняя зарплата крупной профессиональной группы Росстата за октябрь 2025,,,13.03,12.57,Для профессий со специальным зарплатным срезом используется медиана предложений «Работы России»; иначе зарплата наследуется от группы. Результат не является обещанием числа вакансий
2029,31,"Геодезисты, картографы и топографы",Специалисты высшей квалификации,28056.28,2954.47,9.53,86292.29075362365,117033.64561545581,7.7951807228915655,8.875,8.875,35.624682800000016,8.173117469879518,3220.3723,1.09,"умеренный рост за счёт здравоохранения, инженерных и других сложных функций",2025,Средняя зарплата крупной профессиональной группы Росстата за октябрь 2025,,,9.52,10.3,Для профессий со специальным зарплатным срезом используется медиана предложений «Работы России»; иначе зарплата наследуется от группы. Результат не является обещанием числа вакансий
2029,32,Ветеринарные фельдшеры,Специалисты средней квалификации,10262.63,1762.24,14.65,69408.5576048949,94135.136087694,9.602409638554217,5.5,5.5,35.624682800000016,8.166566265060242,1920.8416000000002,1.09,умеренный рост в соответствии с официальным приоритетом кадров СПО,2025,Средняя зарплата крупной профессиональной группы Росстата за октябрь 2025,,,14.63,15.77,Для профессий со специальным зарплатным срезом используется медиана предложений «Работы России»; иначе зарплата наследуется от группы. Результат не является обещанием числа вакансий
2029,33,Инженеры по гражданскому строительству,Специалисты высшей квалификации,99841.52,10465.24,9.49,86292.29075362365,117033.64561545581,7.759036144578314,8.875,8.875,35.624682800000016,8.149623493975904,11407.1116,1.09,"умеренный рост за счёт здравоохранения, инженерных и других сложных функций",2025,Средняя зарплата крупной профессиональной группы Росстата за октябрь 2025,,,9.49,10.25,Для профессий со специальным зарплатным срезом используется медиана предложений «Работы России»; иначе зарплата наследуется от группы. Результат не является обещанием числа вакансий
2029,34,Шеф-повара,Специалисты средней квалификации,30106.14,5063.79,14.4,69408.5576048949,94135.136087694,9.566265060240964,5.5,5.5,35.624682800000016,8.143072289156626,5519.5311,1.09,умеренный рост в соответствии с официальным приоритетом кадров СПО,2025,Средняя зарплата крупной профессиональной группы Росстата за октябрь 2025,,,14.39,15.49,Для профессий со специальным зарплатным срезом используется медиана предложений «Работы России»; иначе зарплата наследуется от группы. Результат не является обещанием числа вакансий
2029,35,Операторы подвижного оборудования,"Операторы машин, сборщики и водители",474888.55,54728.23,10.33,78339.15258467232,106247.22720116985,8.301204819277109,7.75,7.75,35.624682800000016,8.10828313253012,58011.923800000004,1.06,умеренный рост: официальный кадровый прогноз указывает на высокий вес профессий со средним профессиональным образованием,2025,Средняя зарплата крупной профессиональной группы Росстата за октябрь 2025,,,10.33,10.89,Для профессий со специальным зарплатным срезом используется медиана предложений «Работы России»; иначе зарплата наследуется от группы. Результат не является обещанием числа вакансий
2029,36,Рабочие пищевой промышленности и рабочие родственных занятий,"Промышленность, строительство и транспорт",231279.5,32269.14,12.24,78166.90311606236,106013.6144057429,8.807228915662652,6.625,6.625,35.624682800000016,8.043448795180723,30978.374399999997,0.96,"в 2027–2029 годах применён циклический дисконт из-за слабого роста ВВП, дорогого кредита и снижения строительства; затем — умеренная стабилизация",2025,Средняя зарплата крупной профессиональной группы Росстата за октябрь 2025,,,12.24,11.81,Для профессий со специальным зарплатным срезом используется медиана предложений «Работы России»; иначе зарплата наследуется от группы. Результат не является обещанием числа вакансий
2029,37,Операторы машин по обработке пищевых и аналогичных продуктов,"Операторы машин, сборщики и водители",88059.62,10052.93,10.25,78339.15258467232,106247.22720116985,8.192771084337348,7.75,7.75,35.624682800000016,8.037801204819276,10656.105800000001,1.06,умеренный рост: официальный кадровый прогноз указывает на высокий вес профессий со средним профессиональным образованием,2025,Средняя зарплата крупной профессиональной группы Росстата за октябрь 2025,,,10.25,10.79,Для профессий со специальным зарплатным срезом используется медиана предложений «Работы России»; иначе зарплата наследуется от группы. Результат не является обещанием числа вакансий
2029,38,Системные аналитики,Специалисты высшей квалификации,49571.73,5070.93,9.28,86292.29075362365,117033.64561545581,7.578313253012048,8.875,8.875,35.624682800000016,8.032153614457831,5527.313700000001,1.09,"умеренный рост за счёт здравоохранения, инженерных и других сложных функций",2025,Средняя зарплата крупной профессиональной группы Росстата за октябрь 2025,,,9.28,10.03,Для профессий со специальным зарплатным срезом используется медиана предложений «Работы России»; иначе зарплата наследуется от группы. Результат не является обещанием числа вакансий
2029,39,Специалисты-техники по лесному хозяйству и лесозаготовительному производству,Специалисты средней квалификации,4510.66,680.6,13.11,69408.5576048949,94135.136087694,9.3855421686747,5.5,5.5,35.624682800000016,8.025602409638553,741.854,1.09,умеренный рост в соответствии с официальным приоритетом кадров СПО,2025,Средняя зарплата крупной профессиональной группы Росстата за октябрь 2025,,,13.08,14.12,Для профессий со специальным зарплатным срезом используется медиана предложений «Работы России»; иначе зарплата наследуется от группы. Результат не является обещанием числа вакансий
2029,40,Специалисты в области защиты окружающей среды,Специалисты высшей квалификации,10727.3,1071.53,9.08,86292.29075362365,117033.64561545581,7.469879518072289,8.875,8.875,35.624682800000016,7.961671686746988,1167.9677000000001,1.09,"умеренный рост за счёт здравоохранения, инженерных и других сложных функций",2025,Средняя зарплата крупной профессиональной группы Росстата за октябрь 2025,,,9.07,9.82,Для профессий со специальным зарплатным срезом используется медиана предложений «Работы России»; иначе зарплата наследуется от группы. Результат не является обещанием числа вакансий
2029,41,Графические и мультимедийные дизайнеры,Специалисты высшей квалификации,21266.7,2117.0,9.05,86292.29075362365,117033.64561545581,7.433734939759036,8.875,8.875,35.624682800000016,7.938177710843373,2307.53,1.09,"умеренный рост за счёт здравоохранения, инженерных и других сложных функций",2025,Средняя зарплата крупной профессиональной группы Росстата за октябрь 2025,,,9.04,9.79,Для профессий со специальным зарплатным срезом используется медиана предложений «Работы России»; иначе зарплата наследуется от группы. Результат не является обещанием числа вакансий
2029,42,Служащие по проведению опросов потребителей,Офисные и учётные служащие,1314.4,298.84,18.52,54045.78718009234,73299.42742976331,9.819277108433734,4.375,4.375,35.624682800000016,7.913780120481928,271.9444,0.91,наиболее заметное снижение из-за цифровизации стандартных операций,2025,Средняя зарплата крупной профессиональной группы Росстата за октябрь 2025,,,18.3,17.14,Для профессий со специальным зарплатным срезом используется медиана предложений «Работы России»; иначе зарплата наследуется от группы. Результат не является обещанием числа вакансий
2029,43,Электромонтажники и ремонтники электрического оборудования,"Промышленность, строительство и транспорт",490322.23,64251.65,11.59,78166.90311606236,106013.6144057429,8.55421686746988,6.625,6.625,35.624682800000016,7.878990963855422,61681.584,0.96,"в 2027–2029 годах применён циклический дисконт из-за слабого роста ВВП, дорогого кредита и снижения строительства; затем — умеренная стабилизация",2025,Средняя зарплата крупной профессиональной группы Росстата за октябрь 2025,,,11.59,11.17,Для профессий со специальным зарплатным срезом используется медиана предложений «Работы России»; иначе зарплата наследуется от группы. Результат не является обещанием числа вакансий
2029,44,Рабочие полиграфического производства,"Промышленность, строительство и транспорт",21705.35,2823.04,11.51,78166.90311606236,106013.6144057429,8.481927710843372,6.625,6.625,35.624682800000016,7.832003012048194,2710.1184,0.96,"в 2027–2029 годах применён циклический дисконт из-за слабого роста ВВП, дорогого кредита и снижения строительства; затем — умеренная стабилизация",2025,Средняя зарплата крупной профессиональной группы Росстата за октябрь 2025,,,11.5,11.1,Для профессий со специальным зарплатным срезом используется медиана предложений «Работы России»; иначе зарплата наследуется от группы. Результат не является обещанием числа вакансий
2029,45,Кассиры банков и работники других родственных занятий,Офисные и учётные служащие,51902.3,10817.59,17.25,54045.78718009234,73299.42742976331,9.674698795180722,4.375,4.375,35.624682800000016,7.81980421686747,9844.0069,0.91,наиболее заметное снижение из-за цифровизации стандартных операций,2025,Средняя зарплата крупной профессиональной группы Росстата за октябрь 2025,,,17.24,15.94,Для профессий со специальным зарплатным срезом используется медиана предложений «Работы России»; иначе зарплата наследуется от группы. Результат не является обещанием числа вакансий
2029,46,"Букмекеры, крупье и работники родственных занятий в сфере азартных игр",Офисные и учётные служащие,762.5,141.71,15.67,54045.78718009234,73299.42742976331,9.493975903614457,4.375,4.375,35.624682800000016,7.702334337349397,128.95610000000002,0.91,наиболее заметное снижение из-за цифровизации стандартных операций,2025,Средняя зарплата крупной профессиональной группы Росстата за октябрь 2025,,,15.38,14.47,Для профессий со специальным зарплатным срезом используется медиана предложений «Работы России»; иначе зарплата наследуется от группы. Результат не является обещанием числа вакансий
2029,47,"Водители легковых автомобилей, фургонов и мотоциклов","Операторы машин, сборщики и водители",561198.36,58047.79,9.37,78339.15258467232,106247.22720116985,7.542168674698796,7.75,7.75,35.624682800000016,7.6149096385542165,61530.657400000004,1.06,умеренный рост: официальный кадровый прогноз указывает на высокий вес профессий со средним профессиональным образованием,2025,Средняя зарплата крупной профессиональной группы Росстата за октябрь 2025,,,9.37,9.88,Для профессий со специальным зарплатным срезом используется медиана предложений «Работы России»; иначе зарплата наследуется от группы. Результат не является обещанием числа вакансий
2029,48,Кондукторы общественного транспорта,"Обслуживание, торговля и охрана",20933.31,9846.92,31.99,48161.539778495455,65318.935556180295,9.963855421686747,3.25,3.25,35.624682800000016,7.614006024096386,10043.858400000001,1.02,почти стабильный спрос с небольшим ростом,2025,Средняя зарплата крупной профессиональной группы Росстата за октябрь 2025,,,31.97,32.42,Для профессий со специальным зарплатным срезом используется медиана предложений «Работы России»; иначе зарплата наследуется от группы. Результат не является обещанием числа вакансий
2029,49,Геологи и геофизики,Специалисты высшей квалификации,28986.0,2663.82,8.42,86292.29075362365,117033.64561545581,6.927710843373494,8.875,8.875,35.624682800000016,7.609262048192771,2903.5638000000004,1.09,"умеренный рост за счёт здравоохранения, инженерных и других сложных функций",2025,Средняя зарплата крупной профессиональной группы Росстата за октябрь 2025,,,8.42,9.11,Для профессий со специальным зарплатным срезом используется медиана предложений «Работы России»; иначе зарплата наследуется от группы. Результат не является обещанием числа вакансий
2029,50,Метеорологи,Специалисты высшей квалификации,5908.32,533.74,8.29,86292.29075362365,117033.64561545581,6.891566265060241,8.875,8.875,35.624682800000016,7.585768072289156,581.7766,1.09,"умеренный рост за счёт здравоохранения, инженерных и других сложных функций",2025,Средняя зарплата крупной профессиональной группы Росстата за октябрь 2025,,,8.27,8.96,Для профессий со специальным зарплатным срезом используется медиана предложений «Работы России»; иначе зарплата наследуется от группы. Результат не является обещанием числа вакансий
2029,51,Телефонисты,Офисные и учётные служащие,14674.17,2610.71,15.1,54045.78718009234,73299.42742976331,9.313253012048193,4.375,4.375,35.624682800000016,7.584864457831325,2375.7461000000003,0.91,наиболее заметное снижение из-за цифровизации стандартных операций,2025,Средняя зарплата крупной профессиональной группы Росстата за октябрь 2025,,,15.09,13.93,Для профессий со специальным зарплатным срезом используется медиана предложений «Работы России»; иначе зарплата наследуется от группы. Результат не является обещанием числа вакансий
2029,52,Средний медицинский персонал скорой помощи,Специалисты средней квалификации,97927.77,11352.84,10.39,69408.5576048949,94135.136087694,8.626506024096386,5.5,5.5,35.624682800000016,7.5322289156626505,12374.5956,1.09,умеренный рост в соответствии с официальным приоритетом кадров СПО,2025,Средняя зарплата крупной профессиональной группы Росстата за октябрь 2025,,,10.39,11.22,Для профессий со специальным зарплатным срезом используется медиана предложений «Работы России»; иначе зарплата наследуется от группы. Результат не является обещанием числа вакансий
2029,53,"Операторы машин по производству изделий из резины, пластмасс и бумаги","Операторы машин, сборщики и водители",55505.09,5635.81,9.22,78339.15258467232,106247.22720116985,7.36144578313253,7.75,7.75,35.624682800000016,7.497439759036144,5973.958600000001,1.06,умеренный рост: официальный кадровый прогноз указывает на высокий вес профессий со средним профессиональным образованием,2025,Средняя зарплата крупной профессиональной группы Росстата за октябрь 2025,,,9.22,9.72,Для профессий со специальным зарплатным срезом используется медиана предложений «Работы России»; иначе зарплата наследуется от группы. Результат не является обещанием числа вакансий
2029,54,Специалисты в области подготовки и развития персонала,Специалисты высшей квалификации,31645.7,2683.42,7.82,86292.29075362365,117033.64561545581,6.746987951807228,8.875,8.875,35.624682800000016,7.491792168674699,2924.9278000000004,1.09,"умеренный рост за счёт здравоохранения, инженерных и других сложных функций",2025,Средняя зарплата крупной профессиональной группы Росстата за октябрь 2025,,,7.82,8.46,Для профессий со специальным зарплатным срезом используется медиана предложений «Работы России»; иначе зарплата наследуется от группы. Результат не является обещанием числа вакансий
2029,55,Члены судовых команд и рабочие родственных занятий,"Операторы машин, сборщики и водители",33842.77,3368.94,9.05,78339.15258467232,106247.22720116985,7.325301204819277,7.75,7.75,35.624682800000016,7.47394578313253,3571.0764000000004,1.06,умеренный рост: официальный кадровый прогноз указывает на высокий вес профессий со средним профессиональным образованием,2025,Средняя зарплата крупной профессиональной группы Росстата за октябрь 2025,,,9.05,9.54,Для профессий со специальным зарплатным срезом используется медиана предложений «Работы России»; иначе зарплата наследуется от группы. Результат не является обещанием числа вакансий
2029,56,Инженеры-химики,Специалисты высшей квалификации,39303.84,3332.37,7.82,86292.29075362365,117033.64561545581,6.710843373493976,8.875,8.875,35.624682800000016,7.468298192771084,3632.2833,1.09,"умеренный рост за счёт здравоохранения, инженерных и других сложных функций",2025,Средняя зарплата крупной профессиональной группы Росстата за октябрь 2025,,,7.82,8.46,Для профессий со специальным зарплатным срезом используется медиана предложений «Работы России»; иначе зарплата наследуется от группы. Результат не является обещанием числа вакансий
2029,57,Разносчики и сортировщики почты,Офисные и учётные служащие,93302.36,15507.37,14.25,54045.78718009234,73299.42742976331,9.132530120481928,4.375,4.375,35.624682800000016,7.467394578313254,14111.7067,0.91,наиболее заметное снижение из-за цифровизации стандартных операций,2025,Средняя зарплата крупной профессиональной группы Росстата за октябрь 2025,,,14.25,13.14,Для профессий со специальным зарплатным срезом используется медиана предложений «Работы России»; иначе зарплата наследуется от группы. Результат не является обещанием числа вакансий
2029,58,"Формовщики, сварщики, вальцовщики, подготовители конструкционного металла и рабочие родственных занятий","Промышленность, строительство и транспорт",399740.94,48322.58,10.78,78166.90311606236,106013.6144057429,7.903614457831325,6.625,6.625,35.624682800000016,7.456099397590361,46389.6768,0.96,"в 2027–2029 годах применён циклический дисконт из-за слабого роста ВВП, дорогого кредита и снижения строительства; затем — умеренная стабилизация",2025,Средняя зарплата крупной профессиональной группы Росстата за октябрь 2025,,,10.78,10.4,Для профессий со специальным зарплатным срезом используется медиана предложений «Работы России»; иначе зарплата наследуется от группы. Результат не является обещанием числа вакансий
2029,59,Специалисты по рекламе и маркетингу,Специалисты высшей квалификации,72729.03,6089.22,7.73,86292.29075362365,117033.64561545581,6.63855421686747,8.875,8.875,35.624682800000016,7.421310240963856,6637.2498000000005,1.09,"умеренный рост за счёт здравоохранения, инженерных и других сложных функций",2025,Средняя зарплата крупной профессиональной группы Росстата за октябрь 2025,,,7.73,8.36,Для профессий со специальным зарплатным срезом используется медиана предложений «Работы России»; иначе зарплата наследуется от группы. Результат не является обещанием числа вакансий
2029,60,Сборщики,"Операторы машин, сборщики и водители",260596.46,25504.05,8.91,78339.15258467232,106247.22720116985,7.180722891566265,7.75,7.75,35.624682800000016,7.379969879518072,27034.293,1.06,умеренный рост: официальный кадровый прогноз указывает на высокий вес профессий со средним профессиональным образованием,2025,Средняя зарплата крупной профессиональной группы Росстата за октябрь 2025,,,8.91,9.4,Для профессий со специальным зарплатным срезом используется медиана предложений «Работы России»; иначе зарплата наследуется от группы. Результат не является обещанием числа вакансий
2029,61,Специалисты по акушерству,Специалисты высшей квалификации,24246.89,2027.17,7.72,86292.29075362365,117033.64561545581,6.566265060240964,8.875,8.875,35.624682800000016,7.374322289156627,2209.6153000000004,1.09,"умеренный рост за счёт здравоохранения, инженерных и других сложных функций",2025,Средняя зарплата крупной профессиональной группы Росстата за октябрь 2025,,,7.72,8.35,Для профессий со специальным зарплатным срезом используется медиана предложений «Работы России»; иначе зарплата наследуется от группы. Результат не является обещанием числа вакансий
2029,62,"Агенты по коммерческим услугам, не входящие в другие группы",Специалисты средней квалификации,8132.63,918.11,10.14,69408.5576048949,94135.136087694,8.337349397590362,5.5,5.5,35.624682800000016,7.344277108433736,1000.7399,1.09,умеренный рост в соответствии с официальным приоритетом кадров СПО,2025,Средняя зарплата крупной профессиональной группы Росстата за октябрь 2025,,,10.13,10.96,Для профессий со специальным зарплатным срезом используется медиана предложений «Работы России»; иначе зарплата наследуется от группы. Результат не является обещанием числа вакансий
2029,63,Средний юридический персонал,Специалисты средней квалификации,6021.33,670.86,10.02,69408.5576048949,94135.136087694,8.265060240963855,5.5,5.5,35.624682800000016,7.297289156626507,731.2374000000001,1.09,умеренный рост в соответствии с официальным приоритетом кадров СПО,2025,Средняя зарплата крупной профессиональной группы Росстата за октябрь 2025,,,10.01,10.83,Для профессий со специальным зарплатным срезом используется медиана предложений «Работы России»; иначе зарплата наследуется от группы. Результат не является обещанием числа вакансий
2029,64,"Маляры, рабочие по очистке поверхностей зданий и сооружений и родственных занятий","Промышленность, строительство и транспорт",80544.63,9456.95,10.51,78166.90311606236,106013.6144057429,7.650602409638554,6.625,6.625,35.624682800000016,7.29164156626506,9078.672,0.96,"в 2027–2029 годах применён циклический дисконт из-за слабого роста ВВП, дорогого кредита и снижения строительства; затем — умеренная стабилизация",2025,Средняя зарплата крупной профессиональной группы Росстата за октябрь 2025,,,10.51,10.13,Для профессий со специальным зарплатным срезом используется медиана предложений «Работы России»; иначе зарплата наследуется от группы. Результат не является обещанием числа вакансий
2029,65,Официанты,"Обслуживание, торговля и охрана",26886.02,4436.24,14.16,48161.539778495455,65318.935556180295,9.457831325301205,3.25,3.25,35.624682800000016,7.285090361445784,4524.9648,1.02,почти стабильный спрос с небольшим ростом,2025,Средняя зарплата крупной профессиональной группы Росстата за октябрь 2025,,,14.16,14.41,Для профессий со специальным зарплатным срезом используется медиана предложений «Работы России»; иначе зарплата наследуется от группы. Результат не является обещанием числа вакансий
2029,66,Служащие контактных информационных центров,Офисные и учётные служащие,82707.99,11644.12,12.34,54045.78718009234,73299.42742976331,8.734939759036145,4.375,4.375,35.624682800000016,7.208960843373494,10596.149200000002,0.91,наиболее заметное снижение из-за цифровизации стандартных операций,2025,Средняя зарплата крупной профессиональной группы Росстата за октябрь 2025,,,12.34,11.36,Для профессий со специальным зарплатным срезом используется медиана предложений «Работы России»; иначе зарплата наследуется от группы. Результат не является обещанием числа вакансий
2029,67,"Рабочие, занятые изготовлением прецизионных инструментов и приборов, рабочие художественных промыслов","Промышленность, строительство и транспорт",26978.74,3066.04,10.2,78166.90311606236,106013.6144057429,7.506024096385542,6.625,6.625,35.624682800000016,7.1976656626506035,2943.3984,0.96,"в 2027–2029 годах применён циклический дисконт из-за слабого роста ВВП, дорогого кредита и снижения строительства; затем — умеренная стабилизация",2025,Средняя зарплата крупной профессиональной группы Росстата за октябрь 2025,,,10.2,9.84,Для профессий со специальным зарплатным срезом используется медиана предложений «Работы России»; иначе зарплата наследуется от группы. Результат не является обещанием числа вакансий
2029,68,Медицинские оптики-оптометристы,Специалисты средней квалификации,914.13,100.8,9.93,69408.5576048949,94135.136087694,8.08433734939759,5.5,5.5,35.624682800000016,7.179819277108433,109.872,1.09,умеренный рост в соответствии с официальным приоритетом кадров СПО,2025,Средняя зарплата крупной профессиональной группы Росстата за октябрь 2025,,,9.86,10.73,Для профессий со специальным зарплатным срезом используется медиана предложений «Работы России»; иначе зарплата наследуется от группы. Результат не является обещанием числа вакансий
2029,69,"Товарные производители огородных, плодовых и полевых культур",Сельское и лесное хозяйство,34815.1,8666.15,19.93,47973.921731658804,65064.479175282526,9.891566265060241,2.125,2.125,35.624682800000016,7.173268072289156,8752.8115,1.01,почти неизменный спрос: малая численность не превращается автоматически в быстрый рост всей отрасли,2025,Средняя зарплата крупной профессиональной группы Росстата за октябрь 2025,,,19.92,20.09,Для профессий со специальным зарплатным срезом используется медиана предложений «Работы России»; иначе зарплата наследуется от группы. Результат не является обещанием числа вакансий
2029,70,Работники ритуальных услуг,"Обслуживание, торговля и охрана",948.61,145.14,13.27,48161.539778495455,65318.935556180295,9.27710843373494,3.25,3.25,35.624682800000016,7.167620481927711,148.0428,1.02,почти стабильный спрос с небольшим ростом,2025,Средняя зарплата крупной профессиональной группы Росстата за октябрь 2025,,,13.16,13.5,Для профессий со специальным зарплатным срезом используется медиана предложений «Работы России»; иначе зарплата наследуется от группы. Результат не является обещанием числа вакансий
2029,71,Операторы по управлению технологическими процессами в химическом производстве,Специалисты средней квалификации,33627.15,3706.96,9.93,69408.5576048949,94135.136087694,8.048192771084338,5.5,5.5,35.624682800000016,7.156325301204818,4040.5864,1.09,умеренный рост в соответствии с официальным приоритетом кадров СПО,2025,Средняя зарплата крупной профессиональной группы Росстата за октябрь 2025,,,9.93,10.73,Для профессий со специальным зарплатным срезом используется медиана предложений «Работы России»; иначе зарплата наследуется от группы. Результат не является обещанием числа вакансий
2029,72,Лесоводы и работники родственных занятий,Сельское и лесное хозяйство,15417.43,3303.59,17.65,47973.921731658804,65064.479175282526,9.855421686746988,2.125,2.125,35.624682800000016,7.149774096385542,3336.6259,1.01,почти неизменный спрос: малая численность не превращается автоматически в быстрый рост всей отрасли,2025,Средняя зарплата крупной профессиональной группы Росстата за октябрь 2025,,,17.64,17.79,Для профессий со специальным зарплатным срезом используется медиана предложений «Работы России»; иначе зарплата наследуется от группы. Результат не является обещанием числа вакансий
2029,73,Операторы установок по переработке химического сырья и операторы машин по производству фотографической продукции,"Операторы машин, сборщики и водители",151259.83,13405.94,8.14,78339.15258467232,106247.22720116985,6.819277108433735,7.75,7.75,35.624682800000016,7.145030120481928,14210.296400000001,1.06,умеренный рост: официальный кадровый прогноз указывает на высокий вес профессий со средним профессиональным образованием,2025,Средняя зарплата крупной профессиональной группы Росстата за октябрь 2025,,,8.14,8.59,Для профессий со специальным зарплатным срезом используется медиана предложений «Работы России»; иначе зарплата наследуется от группы. Результат не является обещанием числа вакансий
2029,74,Инженеры по охране окружающей среды,Специалисты высшей квалификации,20680.22,1643.42,7.36,86292.29075362365,117033.64561545581,6.132530120481928,8.875,8.875,35.624682800000016,7.092394578313253,1791.3278000000003,1.09,"умеренный рост за счёт здравоохранения, инженерных и других сложных функций",2025,Средняя зарплата крупной профессиональной группы Росстата за октябрь 2025,,,7.36,7.97,Для профессий со специальным зарплатным срезом используется медиана предложений «Работы России»; иначе зарплата наследуется от группы. Результат не является обещанием числа вакансий
2029,75,"Инструкторы фитнес-клубов, спортивных зон отдыха и организаторы спортивных программ",Специалисты средней квалификации,9353.55,1002.74,9.68,69408.5576048949,94135.136087694,7.9397590361445785,5.5,5.5,35.624682800000016,7.085843373493976,1092.9866000000002,1.09,умеренный рост в соответствии с официальным приоритетом кадров СПО,2025,Средняя зарплата крупной профессиональной группы Росстата за октябрь 2025,,,9.67,10.46,Для профессий со специальным зарплатным срезом используется медиана предложений «Работы России»; иначе зарплата наследуется от группы. Результат не является обещанием числа вакансий
2029,76,"Работники рыбоводства и рыболовства, охотники-стрелки и охотники-трапперы (капканщики)",Сельское и лесное хозяйство,6602.04,1232.35,15.73,47973.921731658804,65064.479175282526,9.638554216867469,2.125,2.125,35.624682800000016,7.0088102409638555,1244.6734999999999,1.01,почти неизменный спрос: малая численность не превращается автоматически в быстрый рост всей отрасли,2025,Средняя зарплата крупной профессиональной группы Росстата за октябрь 2025,,,15.72,15.86,Для профессий со специальным зарплатным срезом используется медиана предложений «Работы России»; иначе зарплата наследуется от группы. Результат не является обещанием числа вакансий
2029,77,Проектировщики-градостроители и проектировщики транспортных узлов,Специалисты высшей квалификации,27542.48,2142.68,7.22,86292.29075362365,117033.64561545581,5.9879518072289155,8.875,8.875,35.624682800000016,6.9984186746987955,2335.5212,1.09,"умеренный рост за счёт здравоохранения, инженерных и других сложных функций",2025,Средняя зарплата крупной профессиональной группы Росстата за октябрь 2025,,,7.22,7.82,Для профессий со специальным зарплатным срезом используется медиана предложений «Работы России»; иначе зарплата наследуется от группы. Результат не является обещанием числа вакансий
2029,78,Инженеры-электроники,Специалисты высшей квалификации,74539.94,5754.74,7.17,86292.29075362365,117033.64561545581,5.9156626506024095,8.875,8.875,35.624682800000016,6.951430722891567,6272.6666000000005,1.09,"умеренный рост за счёт здравоохранения, инженерных и других сложных функций",2025,Средняя зарплата крупной профессиональной группы Росстата за октябрь 2025,,,7.17,7.76,Для профессий со специальным зарплатным срезом используется медиана предложений «Работы России»; иначе зарплата наследуется от группы. Результат не является обещанием числа вакансий
2029,79,Операторы установок по выработке электроэнергии,Специалисты средней квалификации,14501.79,1504.98,9.4,69408.5576048949,94135.136087694,7.72289156626506,5.5,5.5,35.624682800000016,6.944879518072289,1640.4282,1.09,умеренный рост в соответствии с официальным приоритетом кадров СПО,2025,Средняя зарплата крупной профессиональной группы Росстата за октябрь 2025,,,9.4,10.16,Для профессий со специальным зарплатным срезом используется медиана предложений «Работы России»; иначе зарплата наследуется от группы. Результат не является обещанием числа вакансий
2029,80,"Деревообработчики, краснодеревщики и рабочие родственных занятий","Промышленность, строительство и транспорт",25947.59,2789.71,9.71,78166.90311606236,106013.6144057429,7.108433734939759,6.625,6.625,35.624682800000016,6.939231927710843,2678.1216,0.96,"в 2027–2029 годах применён циклический дисконт из-за слабого роста ВВП, дорогого кредита и снижения строительства; затем — умеренная стабилизация",2025,Средняя зарплата крупной профессиональной группы Росстата за октябрь 2025,,,9.72,9.36,Для профессий со специальным зарплатным срезом используется медиана предложений «Работы России»; иначе зарплата наследуется от группы. Результат не является обещанием числа вакансий
2029,81,Косметологи и работники родственных занятий,"Обслуживание, торговля и охрана",1058.07,139.31,11.63,48161.539778495455,65318.935556180295,8.879518072289157,3.25,3.25,35.624682800000016,6.909186746987952,142.0962,1.02,почти стабильный спрос с небольшим ростом,2025,Средняя зарплата крупной профессиональной группы Росстата за октябрь 2025,,,11.56,11.84,Для профессий со специальным зарплатным срезом используется медиана предложений «Работы России»; иначе зарплата наследуется от группы. Результат не является обещанием числа вакансий
2029,82,Инженеры-электрики,Специалисты высшей квалификации,98947.27,7569.62,7.11,86292.29075362365,117033.64561545581,5.843373493975903,8.875,8.875,35.624682800000016,6.904442771084337,8250.8858,1.09,"умеренный рост за счёт здравоохранения, инженерных и других сложных функций",2025,Средняя зарплата крупной профессиональной группы Росстата за октябрь 2025,,,7.11,7.7,Для профессий со специальным зарплатным срезом используется медиана предложений «Работы России»; иначе зарплата наследуется от группы. Результат не является обещанием числа вакансий
2029,83,Фотографы (художественные),Специалисты средней квалификации,3195.19,327.46,9.3,69408.5576048949,94135.136087694,7.614457831325302,5.5,5.5,35.624682800000016,6.874397590361447,356.9314,1.09,умеренный рост в соответствии с официальным приоритетом кадров СПО,2025,Средняя зарплата крупной профессиональной группы Росстата за октябрь 2025,,,9.28,10.05,Для профессий со специальным зарплатным срезом используется медиана предложений «Работы России»; иначе зарплата наследуется от группы. Результат не является обещанием числа вакансий
2029,84,Оценщики и эксперты,Специалисты высшей квалификации,20984.21,1596.49,7.07,86292.29075362365,117033.64561545581,5.771084337349398,8.875,8.875,35.624682800000016,6.857454819277108,1740.1741000000002,1.09,"умеренный рост за счёт здравоохранения, инженерных и других сложных функций",2025,Средняя зарплата крупной профессиональной группы Росстата за октябрь 2025,,,7.07,7.66,Для профессий со специальным зарплатным срезом используется медиана предложений «Работы России»; иначе зарплата наследуется от группы. Результат не является обещанием числа вакансий
2029,85,"Грумеры и другие работники, ухаживающие за животными","Обслуживание, торговля и охрана",9386.94,1184.22,11.2,48161.539778495455,65318.935556180295,8.771084337349397,3.25,3.25,35.624682800000016,6.838704819277108,1207.9044000000001,1.02,почти стабильный спрос с небольшим ростом,2025,Средняя зарплата крупной профессиональной группы Росстата за октябрь 2025,,,11.19,11.4,Для профессий со специальным зарплатным срезом используется медиана предложений «Работы России»; иначе зарплата наследуется от группы. Результат не является обещанием числа вакансий
2029,86,Компаньоны и камердинеры,"Обслуживание, торговля и охрана",564.97,70.13,11.04,48161.539778495455,65318.935556180295,8.662650602409638,3.25,3.25,35.624682800000016,6.768222891566266,71.5326,1.02,почти стабильный спрос с небольшим ростом,2025,Средняя зарплата крупной профессиональной группы Росстата за октябрь 2025,,,10.93,11.24,Для профессий со специальным зарплатным срезом используется медиана предложений «Работы России»; иначе зарплата наследуется от группы. Результат не является обещанием числа вакансий
2029,87,Системные администраторы,Специалисты высшей квалификации,64846.06,4778.07,6.86,86292.29075362365,117033.64561545581,5.590361445783133,8.875,8.875,35.624682800000016,6.739984939759036,5208.0963,1.09,"умеренный рост за счёт здравоохранения, инженерных и других сложных функций",2025,Средняя зарплата крупной профессиональной группы Росстата за октябрь 2025,,,6.86,7.43,Для профессий со специальным зарплатным срезом используется медиана предложений «Работы России»; иначе зарплата наследуется от группы. Результат не является обещанием числа вакансий
2029,88,Работники общественного здоровья,Специалисты средней квалификации,1517.35,150.77,9.04,69408.5576048949,94135.136087694,7.397590361445783,5.5,5.5,35.624682800000016,6.733433734939759,164.33930000000004,1.09,умеренный рост в соответствии с официальным приоритетом кадров СПО,2025,Средняя зарплата крупной профессиональной группы Росстата за октябрь 2025,,,9.01,9.77,Для профессий со специальным зарплатным срезом используется медиана предложений «Работы России»; иначе зарплата наследуется от группы. Результат не является обещанием числа вакансий
2029,89,Юристы,Специалисты высшей квалификации,89292.04,6549.04,6.83,86292.29075362365,117033.64561545581,5.554216867469879,8.875,8.875,35.624682800000016,6.7164909638554215,7138.453600000001,1.09,"умеренный рост за счёт здравоохранения, инженерных и других сложных функций",2025,Средняя зарплата крупной профессиональной группы Росстата за октябрь 2025,,,6.83,7.4,Для профессий со специальным зарплатным срезом используется медиана предложений «Работы России»; иначе зарплата наследуется от группы. Результат не является обещанием числа вакансий
2029,90,Офтальмологи-оптики и оптометристы (за исключением врачей-офтальмологов),Специалисты высшей квалификации,2362.83,172.48,6.8,86292.29075362365,117033.64561545581,5.518072289156627,8.875,8.875,35.624682800000016,6.6929969879518065,188.0032,1.09,"умеренный рост за счёт здравоохранения, инженерных и других сложных функций",2025,Средняя зарплата крупной профессиональной группы Росстата за октябрь 2025,,,6.78,7.37,Для профессий со специальным зарплатным срезом используется медиана предложений «Работы России»; иначе зарплата наследуется от группы. Результат не является обещанием числа вакансий
2029,91,Мастера (бригадиры) в строительстве,Специалисты средней квалификации,73504.32,7091.57,8.8,69408.5576048949,94135.136087694,7.289156626506024,5.5,5.5,35.624682800000016,6.662951807228915,7729.8113,1.09,умеренный рост в соответствии с официальным приоритетом кадров СПО,2025,Средняя зарплата крупной профессиональной группы Росстата за октябрь 2025,,,8.8,9.52,Для профессий со специальным зарплатным срезом используется медиана предложений «Работы России»; иначе зарплата наследуется от группы. Результат не является обещанием числа вакансий
2029,92,"Механики и ремонтники транспортных средств, сельскохозяйственного и производственного оборудования и рабочие родственных занятий","Промышленность, строительство и транспорт",763482.53,73069.57,8.73,78166.90311606236,106013.6144057429,6.674698795180722,6.625,6.625,35.624682800000016,6.65730421686747,70146.7872,0.96,"в 2027–2029 годах применён циклический дисконт из-за слабого роста ВВП, дорогого кредита и снижения строительства; затем — умеренная стабилизация",2025,Средняя зарплата крупной профессиональной группы Росстата за октябрь 2025,,,8.73,8.41,Для профессий со специальным зарплатным срезом используется медиана предложений «Работы России»; иначе зарплата наследуется от группы. Результат не является обещанием числа вакансий
2029,93,Инспекторы и другой средний медицинский персонал по охране труда и окружающей среды,Специалисты средней квалификации,6292.92,601.21,8.72,69408.5576048949,94135.136087694,7.216867469879518,5.5,5.5,35.624682800000016,6.615963855421686,655.3189000000001,1.09,умеренный рост в соответствии с официальным приоритетом кадров СПО,2025,Средняя зарплата крупной профессиональной группы Росстата за октябрь 2025,,,8.71,9.43,Для профессий со специальным зарплатным срезом используется медиана предложений «Работы России»; иначе зарплата наследуется от группы. Результат не является обещанием числа вакансий
2029,94,"Специалисты по базам данных и сетям, не входящие в другие группы",Специалисты высшей квалификации,61617.89,4419.07,6.69,86292.29075362365,117033.64561545581,5.337349397590361,8.875,8.875,35.624682800000016,6.575527108433735,4816.7863,1.09,"умеренный рост за счёт здравоохранения, инженерных и других сложных функций",2025,Средняя зарплата крупной профессиональной группы Росстата за октябрь 2025,,,6.69,7.25,Для профессий со специальным зарплатным срезом используется медиана предложений «Работы России»; иначе зарплата наследуется от группы. Результат не является обещанием числа вакансий
2029,95,Агенты по таможенной очистке и сопровождению грузов и товаров,Специалисты средней квалификации,20509.57,1949.21,8.68,69408.5576048949,94135.136087694,7.144578313253012,5.5,5.5,35.624682800000016,6.568975903614458,2124.6389000000004,1.09,умеренный рост в соответствии с официальным приоритетом кадров СПО,2025,Средняя зарплата крупной профессиональной группы Росстата за октябрь 2025,,,8.68,9.39,Для профессий со специальным зарплатным срезом используется медиана предложений «Работы России»; иначе зарплата наследуется от группы. Результат не является обещанием числа вакансий
2029,96,Инженеры в промышленности и на производстве,Специалисты высшей квалификации,663382.99,47449.49,6.68,86292.29075362365,117033.64561545581,5.301204819277109,8.875,8.875,35.624682800000016,6.552033132530121,51719.9441,1.09,"умеренный рост за счёт здравоохранения, инженерных и других сложных функций",2025,Средняя зарплата крупной профессиональной группы Росстата за октябрь 2025,,,6.68,7.23,Для профессий со специальным зарплатным срезом используется медиана предложений «Работы России»; иначе зарплата наследуется от группы. Результат не является обещанием числа вакансий
2029,97,Операторы технологических процессов производства металла,Специалисты средней квалификации,23370.2,2209.58,8.64,69408.5576048949,94135.136087694,7.072289156626505,5.5,5.5,35.624682800000016,6.52198795180723,2408.4422,1.09,умеренный рост в соответствии с официальным приоритетом кадров СПО,2025,Средняя зарплата крупной профессиональной группы Росстата за октябрь 2025,,,8.64,9.34,Для профессий со специальным зарплатным срезом используется медиана предложений «Работы России»; иначе зарплата наследуется от группы. Результат не является обещанием числа вакансий
2029,98,Медицинские статистики,Специалисты средней квалификации,7281.56,682.07,8.56,69408.5576048949,94135.136087694,7.0361445783132535,5.5,5.5,35.624682800000016,6.498493975903615,743.4563,1.09,умеренный рост в соответствии с официальным приоритетом кадров СПО,2025,Средняя зарплата крупной профессиональной группы Росстата за октябрь 2025,,,8.55,9.26,Для профессий со специальным зарплатным срезом используется медиана предложений «Работы России»; иначе зарплата наследуется от группы. Результат не является обещанием числа вакансий
2029,99,Инженеры-механики,Специалисты высшей квалификации,170568.23,12026.98,6.59,86292.29075362365,117033.64561545581,5.19277108433735,8.875,8.875,35.624682800000016,6.481551204819277,13109.4082,1.09,"умеренный рост за счёт здравоохранения, инженерных и других сложных функций",2025,Средняя зарплата крупной профессиональной группы Росстата за октябрь 2025,,,6.59,7.14,Для профессий со специальным зарплатным срезом используется медиана предложений «Работы России»; иначе зарплата наследуется от группы. Результат не является обещанием числа вакансий
2029,100,"Кузнецы, слесари-инструментальщики, станочники, наладчики и рабочие родственных занятий","Промышленность, строительство и транспорт",482638.86,45082.23,8.54,78166.90311606236,106013.6144057429,6.385542168674699,6.625,6.625,35.624682800000016,6.469352409638554,43278.940800000004,0.96,"в 2027–2029 годах применён циклический дисконт из-за слабого роста ВВП, дорогого кредита и снижения строительства; затем — умеренная стабилизация",2025,Средняя зарплата крупной профессиональной группы Росстата за октябрь 2025,,,8.54,8.23,Для профессий со специальным зарплатным срезом используется медиана предложений «Работы России»; иначе зарплата наследуется от группы. Результат не является обещанием числа вакансий
2029,101,Парикмахеры,"Обслуживание, торговля и охрана",2502.1,296.01,10.58,48161.539778495455,65318.935556180295,8.120481927710843,3.25,3.25,35.624682800000016,6.415813253012049,301.9302,1.02,почти стабильный спрос с небольшим ростом,2025,Средняя зарплата крупной профессиональной группы Росстата за октябрь 2025,,,10.56,10.77,Для профессий со специальным зарплатным срезом используется медиана предложений «Работы России»; иначе зарплата наследуется от группы. Результат не является обещанием числа вакансий
2029,102,Консультанты по финансовым вопросам и инвестициям,Специалисты высшей квалификации,20214.73,1399.45,6.47,86292.29075362365,117033.64561545581,5.048192771084337,8.875,8.875,35.624682800000016,6.387575301204818,1525.4005000000002,1.09,"умеренный рост за счёт здравоохранения, инженерных и других сложных функций",2025,Средняя зарплата крупной профессиональной группы Росстата за октябрь 2025,,,6.47,7.02,Для профессий со специальным зарплатным срезом используется медиана предложений «Работы России»; иначе зарплата наследуется от группы. Результат не является обещанием числа вакансий
2029,103,"Другие квалифицированные рабочие, занятые в промышленности, и рабочие родственных занятий","Промышленность, строительство и транспорт",195256.7,18004.05,8.44,78166.90311606236,106013.6144057429,6.240963855421687,6.625,6.625,35.624682800000016,6.375376506024097,17283.888,0.96,"в 2027–2029 годах применён циклический дисконт из-за слабого роста ВВП, дорогого кредита и снижения строительства; затем — умеренная стабилизация",2025,Средняя зарплата крупной профессиональной группы Росстата за октябрь 2025,,,8.44,8.13,Для профессий со специальным зарплатным срезом используется медиана предложений «Работы России»; иначе зарплата наследуется от группы. Результат не является обещанием числа вакансий
2029,104,Фельдшеры-физиотерапевты и другие физиотерапевты среднего уровня квалификации,Специалисты средней квалификации,32344.73,2755.42,7.85,69408.5576048949,94135.136087694,6.783132530120482,5.5,5.5,35.624682800000016,6.334036144578313,3003.4078000000004,1.09,умеренный рост в соответствии с официальным приоритетом кадров СПО,2025,Средняя зарплата крупной профессиональной группы Росстата за октябрь 2025,,,7.85,8.5,Для профессий со специальным зарплатным срезом используется медиана предложений «Работы России»; иначе зарплата наследуется от группы. Результат не является обещанием числа вакансий
2029,105,"Писатели, поэты и другие литераторы",Специалисты высшей квалификации,6018.7,401.46,6.25,86292.29075362365,117033.64561545581,4.867469879518072,8.875,8.875,35.624682800000016,6.270105421686747,437.5914,1.09,"умеренный рост за счёт здравоохранения, инженерных и других сложных функций",2025,Средняя зарплата крупной профессиональной группы Росстата за октябрь 2025,,,6.25,6.78,Для профессий со специальным зарплатным срезом используется медиана предложений «Работы России»; иначе зарплата наследуется от группы. Результат не является обещанием числа вакансий
2029,106,Техники по гражданскому строительству,Специалисты средней квалификации,16579.97,1386.65,7.72,69408.5576048949,94135.136087694,6.602409638554216,5.5,5.5,35.624682800000016,6.216566265060241,1511.4485000000002,1.09,умеренный рост в соответствии с официальным приоритетом кадров СПО,2025,Средняя зарплата крупной профессиональной группы Росстата за октябрь 2025,,,7.72,8.35,Для профессий со специальным зарплатным срезом используется медиана предложений «Работы России»; иначе зарплата наследуется от группы. Результат не является обещанием числа вакансий
2029,107,Операторы горнодобывающих и горно-обогатительных установок,"Операторы машин, сборщики и водители",251088.15,18580.55,6.89,78339.15258467232,106247.22720116985,5.373493975903615,7.75,7.75,35.624682800000016,6.205271084337349,19695.383,1.06,умеренный рост: официальный кадровый прогноз указывает на высокий вес профессий со средним профессиональным образованием,2025,Средняя зарплата крупной профессиональной группы Росстата за октябрь 2025,,,6.89,7.27,Для профессий со специальным зарплатным срезом используется медиана предложений «Работы России»; иначе зарплата наследуется от группы. Результат не является обещанием числа вакансий
2029,108,Химики,Специалисты высшей квалификации,29054.01,1926.76,6.22,86292.29075362365,117033.64561545581,4.759036144578313,8.875,8.875,35.624682800000016,6.199623493975904,2100.1684,1.09,"умеренный рост за счёт здравоохранения, инженерных и других сложных функций",2025,Средняя зарплата крупной профессиональной группы Росстата за октябрь 2025,,,6.22,6.74,Для профессий со специальным зарплатным срезом используется медиана предложений «Работы России»; иначе зарплата наследуется от группы. Результат не является обещанием числа вакансий
2029,109,Монтажники и ремонтники электронного и телекоммуникационного оборудования,"Промышленность, строительство и транспорт",131055.42,11515.56,8.08,78166.90311606236,106013.6144057429,5.951807228915662,6.625,6.625,35.624682800000016,6.18742469879518,11054.9376,0.96,"в 2027–2029 годах применён циклический дисконт из-за слабого роста ВВП, дорогого кредита и снижения строительства; затем — умеренная стабилизация",2025,Средняя зарплата крупной профессиональной группы Росстата за октябрь 2025,,,8.08,7.78,Для профессий со специальным зарплатным срезом используется медиана предложений «Работы России»; иначе зарплата наследуется от группы. Результат не является обещанием числа вакансий
2029,110,Танцоры и хореографы,Специалисты высшей квалификации,14963.39,986.57,6.19,86292.29075362365,117033.64561545581,4.72289156626506,8.875,8.875,35.624682800000016,6.1761295180722895,1075.3613,1.09,"умеренный рост за счёт здравоохранения, инженерных и других сложных функций",2025,Средняя зарплата крупной профессиональной группы Росстата за октябрь 2025,,,6.19,6.7,Для профессий со специальным зарплатным срезом используется медиана предложений «Работы России»; иначе зарплата наследуется от группы. Результат не является обещанием числа вакансий
2029,111,Журналисты,Специалисты высшей квалификации,17668.77,1161.41,6.17,86292.29075362365,117033.64561545581,4.686746987951807,8.875,8.875,35.624682800000016,6.1526355421686745,1265.9369000000002,1.09,"умеренный рост за счёт здравоохранения, инженерных и других сложных функций",2025,Средняя зарплата крупной профессиональной группы Росстата за октябрь 2025,,,6.17,6.69,Для профессий со специальным зарплатным срезом используется медиана предложений «Работы России»; иначе зарплата наследуется от группы. Результат не является обещанием числа вакансий
2029,112,Судовые механики,Специалисты средней квалификации,16523.52,1375.0,7.68,69408.5576048949,94135.136087694,6.493975903614459,5.5,5.5,35.624682800000016,6.146084337349397,1498.75,1.09,умеренный рост в соответствии с официальным приоритетом кадров СПО,2025,Средняя зарплата крупной профессиональной группы Росстата за октябрь 2025,,,7.68,8.32,Для профессий со специальным зарплатным срезом используется медиана предложений «Работы России»; иначе зарплата наследуется от группы. Результат не является обещанием числа вакансий
2029,113,Охранники,"Обслуживание, торговля и охрана",427713.79,47284.6,9.95,48161.539778495455,65318.935556180295,7.686746987951808,3.25,3.25,35.624682800000016,6.133885542168675,48230.292,1.02,почти стабильный спрос с небольшим ростом,2025,Средняя зарплата крупной профессиональной группы Росстата за октябрь 2025,,,9.95,10.13,Для профессий со специальным зарплатным срезом используется медиана предложений «Работы России»; иначе зарплата наследуется от группы. Результат не является обещанием числа вакансий
2029,114,"Специалисты в области здравоохранения, не входящие в другие группы",Специалисты высшей квалификации,44234.42,2888.95,6.13,86292.29075362365,117033.64561545581,4.650602409638554,8.875,8.875,35.624682800000016,6.12914156626506,3148.9555,1.09,"умеренный рост за счёт здравоохранения, инженерных и других сложных функций",2025,Средняя зарплата крупной профессиональной группы Росстата за октябрь 2025,,,6.13,6.65,Для профессий со специальным зарплатным срезом используется медиана предложений «Работы России»; иначе зарплата наследуется от группы. Результат не является обещанием числа вакансий
2029,115,Техники-механики,Специалисты средней квалификации,65654.04,5426.26,7.63,69408.5576048949,94135.136087694,6.457831325301205,5.5,5.5,35.624682800000016,6.122590361445783,5914.6234,1.09,умеренный рост в соответствии с официальным приоритетом кадров СПО,2025,Средняя зарплата крупной профессиональной группы Росстата за октябрь 2025,,,7.63,8.26,Для профессий со специальным зарплатным срезом используется медиана предложений «Работы России»; иначе зарплата наследуется от группы. Результат не является обещанием числа вакансий
2029,116,Дизайнеры баз данных и администраторы,Специалисты высшей квалификации,9372.29,607.35,6.09,86292.29075362365,117033.64561545581,4.614457831325302,8.875,8.875,35.624682800000016,6.105647590361446,662.0115000000001,1.09,"умеренный рост за счёт здравоохранения, инженерных и других сложных функций",2025,Средняя зарплата крупной профессиональной группы Росстата за октябрь 2025,,,6.09,6.6,Для профессий со специальным зарплатным срезом используется медиана предложений «Работы России»; иначе зарплата наследуется от группы. Результат не является обещанием числа вакансий
2029,117,Техники в химическом производстве,Специалисты средней квалификации,9990.75,822.65,7.61,69408.5576048949,94135.136087694,6.421686746987953,5.5,5.5,35.624682800000016,6.099096385542169,896.6885000000001,1.09,умеренный рост в соответствии с официальным приоритетом кадров СПО,2025,Средняя зарплата крупной профессиональной группы Росстата за октябрь 2025,,,7.61,8.24,Для профессий со специальным зарплатным срезом используется медиана предложений «Работы России»; иначе зарплата наследуется от группы. Результат не является обещанием числа вакансий
2029,118,"Служащие по информированию клиентов, не входящие в другие группы",Офисные и учётные служащие,33530.81,3761.76,10.09,54045.78718009234,73299.42742976331,7.0,4.375,4.375,35.624682800000016,6.08125,3423.2016000000003,0.91,наиболее заметное снижение из-за цифровизации стандартных операций,2025,Средняя зарплата крупной профессиональной группы Росстата за октябрь 2025,,,10.09,9.26,Для профессий со специальным зарплатным срезом используется медиана предложений «Работы России»; иначе зарплата наследуется от группы. Результат не является обещанием числа вакансий
2029,119,"Специалисты в области техники, не входящие в другие группы",Специалисты высшей квалификации,380015.01,24315.45,6.01,86292.29075362365,117033.64561545581,4.506024096385542,8.875,8.875,35.624682800000016,6.035165662650602,26503.840500000002,1.09,"умеренный рост за счёт здравоохранения, инженерных и других сложных функций",2025,Средняя зарплата крупной профессиональной группы Росстата за октябрь 2025,,,6.01,6.52,Для профессий со специальным зарплатным срезом используется медиана предложений «Работы России»; иначе зарплата наследуется от группы. Результат не является обещанием числа вакансий
2029,120,Другие операторы промышленных установок и машин,"Операторы машин, сборщики и водители",518084.43,37327.87,6.72,78339.15258467232,106247.22720116985,5.0843373493975905,7.75,7.75,35.624682800000016,6.017319277108433,39567.5422,1.06,умеренный рост: официальный кадровый прогноз указывает на высокий вес профессий со средним профессиональным образованием,2025,Средняя зарплата крупной профессиональной группы Росстата за октябрь 2025,,,6.72,7.1,Для профессий со специальным зарплатным срезом используется медиана предложений «Работы России»; иначе зарплата наследуется от группы. Результат не является обещанием числа вакансий
2029,121,Разработчики программного обеспечения,Специалисты высшей квалификации,119598.92,7641.17,6.01,86292.29075362365,117033.64561545581,4.433734939759036,8.875,8.875,35.624682800000016,5.988177710843374,8328.875300000002,1.09,"умеренный рост за счёт здравоохранения, инженерных и других сложных функций",2025,Средняя зарплата крупной профессиональной группы Росстата за октябрь 2025,,,6.01,6.51,Для профессий со специальным зарплатным срезом используется медиана предложений «Работы России»; иначе зарплата наследуется от группы. Результат не является обещанием числа вакансий
2029,122,Финансовые аналитики,Специалисты высшей квалификации,46629.53,2950.36,5.95,86292.29075362365,117033.64561545581,4.397590361445783,8.875,8.875,35.624682800000016,5.964683734939758,3215.8924,1.09,"умеренный рост за счёт здравоохранения, инженерных и других сложных функций",2025,Средняя зарплата крупной профессиональной группы Росстата за октябрь 2025,,,5.95,6.45,Для профессий со специальным зарплатным срезом используется медиана предложений «Работы России»; иначе зарплата наследуется от группы. Результат не является обещанием числа вакансий
2029,123,Офис-менеджеры,Специалисты средней квалификации,49620.63,3962.22,7.39,69408.5576048949,94135.136087694,6.168674698795181,5.5,5.5,35.624682800000016,5.934638554216868,4318.8198,1.09,умеренный рост в соответствии с официальным приоритетом кадров СПО,2025,Средняя зарплата крупной профессиональной группы Росстата за октябрь 2025,,,7.39,8.01,Для профессий со специальным зарплатным срезом используется медиана предложений «Работы России»; иначе зарплата наследуется от группы. Результат не является обещанием числа вакансий
2029,124,Организаторы конференций и других мероприятий,Специалисты средней квалификации,4680.34,369.34,7.31,69408.5576048949,94135.136087694,6.096385542168675,5.5,5.5,35.624682800000016,5.8876506024096384,402.5806,1.09,умеренный рост в соответствии с официальным приоритетом кадров СПО,2025,Средняя зарплата крупной профессиональной группы Росстата за октябрь 2025,,,7.31,7.92,Для профессий со специальным зарплатным срезом используется медиана предложений «Работы России»; иначе зарплата наследуется от группы. Результат не является обещанием числа вакансий
2029,125,Средний специальный персонал в сельском хозяйстве,Специалисты средней квалификации,26879.65,2111.35,7.28,69408.5576048949,94135.136087694,6.0602409638554215,5.5,5.5,35.624682800000016,5.864156626506023,2301.3715,1.09,умеренный рост в соответствии с официальным приоритетом кадров СПО,2025,Средняя зарплата крупной профессиональной группы Росстата за октябрь 2025,,,7.28,7.89,Для профессий со специальным зарплатным срезом используется медиана предложений «Работы России»; иначе зарплата наследуется от группы. Результат не является обещанием числа вакансий
2029,126,Математики (включая актуариев),Специалисты высшей квалификации,8087.13,504.22,5.87,86292.29075362365,117033.64561545581,4.216867469879518,8.875,8.875,35.624682800000016,5.847213855421686,549.5998000000001,1.09,"умеренный рост за счёт здравоохранения, инженерных и других сложных функций",2025,Средняя зарплата крупной профессиональной группы Росстата за октябрь 2025,,,5.87,6.36,Для профессий со специальным зарплатным срезом используется медиана предложений «Работы России»; иначе зарплата наследуется от группы. Результат не является обещанием числа вакансий
2029,127,Специалисты по связям с общественностью,Специалисты высшей квалификации,35434.79,2202.36,5.85,86292.29075362365,117033.64561545581,4.1807228915662655,8.875,8.875,35.624682800000016,5.823719879518072,2400.5724000000005,1.09,"умеренный рост за счёт здравоохранения, инженерных и других сложных функций",2025,Средняя зарплата крупной профессиональной группы Росстата за октябрь 2025,,,5.85,6.34,Для профессий со специальным зарплатным срезом используется медиана предложений «Работы России»; иначе зарплата наследуется от группы. Результат не является обещанием числа вакансий
2029,128,"Музыканты, певцы и композиторы",Специалисты высшей квалификации,56876.67,3504.92,5.8,86292.29075362365,117033.64561545581,4.108433734939759,8.875,8.875,35.624682800000016,5.776731927710843,3820.3628000000003,1.09,"умеренный рост за счёт здравоохранения, инженерных и других сложных функций",2025,Средняя зарплата крупной профессиональной группы Росстата за октябрь 2025,,,5.8,6.29,Для профессий со специальным зарплатным срезом используется медиана предложений «Работы России»; иначе зарплата наследуется от группы. Результат не является обещанием числа вакансий
2029,129,"Социологи, антропологи и специалисты родственных занятий",Специалисты высшей квалификации,2458.39,151.21,5.79,86292.29075362365,117033.64561545581,4.072289156626506,8.875,8.875,35.624682800000016,5.753237951807229,164.8189,1.09,"умеренный рост за счёт здравоохранения, инженерных и других сложных функций",2025,Средняя зарплата крупной профессиональной группы Росстата за октябрь 2025,,,5.79,6.28,Для профессий со специальным зарплатным срезом используется медиана предложений «Работы России»; иначе зарплата наследуется от группы. Результат не является обещанием числа вакансий
2029,130,Экономисты,Специалисты высшей квалификации,174232.19,10697.72,5.78,86292.29075362365,117033.64561545581,4.036144578313253,8.875,8.875,35.624682800000016,5.729743975903615,11660.5148,1.09,"умеренный рост за счёт здравоохранения, инженерных и других сложных функций",2025,Средняя зарплата крупной профессиональной группы Росстата за октябрь 2025,,,5.78,6.27,Для профессий со специальным зарплатным срезом используется медиана предложений «Работы России»; иначе зарплата наследуется от группы. Результат не является обещанием числа вакансий
2029,131,Техники в области химических и физических наук,Специалисты средней квалификации,18387.61,1404.67,7.1,69408.5576048949,94135.136087694,5.80722891566265,5.5,5.5,35.624682800000016,5.699698795180723,1531.0903000000003,1.09,умеренный рост в соответствии с официальным приоритетом кадров СПО,2025,Средняя зарплата крупной профессиональной группы Росстата за октябрь 2025,,,7.1,7.69,Для профессий со специальным зарплатным срезом используется медиана предложений «Работы России»; иначе зарплата наследуется от группы. Результат не является обещанием числа вакансий
2029,132,Смотрители зданий и персонал родственных занятий,"Обслуживание, торговля и охрана",40431.97,4031.33,9.07,48161.539778495455,65318.935556180295,6.963855421686747,3.25,3.25,35.624682800000016,5.664006024096386,4111.9566,1.02,почти стабильный спрос с небольшим ростом,2025,Средняя зарплата крупной профессиональной группы Росстата за октябрь 2025,,,9.07,9.23,Для профессий со специальным зарплатным срезом используется медиана предложений «Работы России»; иначе зарплата наследуется от группы. Результат не является обещанием числа вакансий
2029,133,Служащие по проведению социологических опросов и изучению конъюнктуры рынка,Офисные и учётные служащие,709.23,69.88,8.97,54045.78718009234,73299.42742976331,6.349397590361446,4.375,4.375,35.624682800000016,5.658358433734939,63.5908,0.91,наиболее заметное снижение из-за цифровизации стандартных операций,2025,Средняя зарплата крупной профессиональной группы Росстата за октябрь 2025,,,8.9,8.23,Для профессий со специальным зарплатным срезом используется медиана предложений «Работы России»; иначе зарплата наследуется от группы. Результат не является обещанием числа вакансий
2029,134,Чертежники,Специалисты средней квалификации,2703.3,204.8,7.04,69408.5576048949,94135.136087694,5.734939759036145,5.5,5.5,35.624682800000016,5.6527108433734945,223.23200000000003,1.09,умеренный рост в соответствии с официальным приоритетом кадров СПО,2025,Средняя зарплата крупной профессиональной группы Росстата за октябрь 2025,,,7.04,7.63,Для профессий со специальным зарплатным срезом используется медиана предложений «Работы России»; иначе зарплата наследуется от группы. Результат не является обещанием числа вакансий
2029,135,"Операторы мусоросжигательных печей, очистных сооружений и аналогичного оборудования",Специалисты средней квалификации,42795.38,3241.13,7.04,69408.5576048949,94135.136087694,5.698795180722892,5.5,5.5,35.624682800000016,5.62921686746988,3532.8317,1.09,умеренный рост в соответствии с официальным приоритетом кадров СПО,2025,Средняя зарплата крупной профессиональной группы Росстата за октябрь 2025,,,7.04,7.63,Для профессий со специальным зарплатным срезом используется медиана предложений «Работы России»; иначе зарплата наследуется от группы. Результат не является обещанием числа вакансий
2029,136,"Проводники железнодорожного вагона, бортпроводники, стюарды","Обслуживание, торговля и охрана",51218.21,4790.99,8.55,48161.539778495455,65318.935556180295,6.855421686746988,3.25,3.25,35.624682800000016,5.593524096385542,4886.8098,1.02,почти стабильный спрос с небольшим ростом,2025,Средняя зарплата крупной профессиональной группы Росстата за октябрь 2025,,,8.55,8.71,Для профессий со специальным зарплатным срезом используется медиана предложений «Работы России»; иначе зарплата наследуется от группы. Результат не является обещанием числа вакансий
2029,137,Закупщики,Специалисты средней квалификации,104123.01,7674.83,6.86,69408.5576048949,94135.136087694,5.626506024096385,5.5,5.5,35.624682800000016,5.58222891566265,8365.5647,1.09,умеренный рост в соответствии с официальным приоритетом кадров СПО,2025,Средняя зарплата крупной профессиональной группы Росстата за октябрь 2025,,,6.86,7.44,Для профессий со специальным зарплатным срезом используется медиана предложений «Работы России»; иначе зарплата наследуется от группы. Результат не является обещанием числа вакансий
2029,138,"Философы, историки и политологи",Специалисты высшей квалификации,5299.96,314.31,5.6,86292.29075362365,117033.64561545581,3.783132530120482,8.875,8.875,35.624682800000016,5.565286144578313,342.59790000000004,1.09,"умеренный рост за счёт здравоохранения, инженерных и других сложных функций",2025,Средняя зарплата крупной профессиональной группы Росстата за октябрь 2025,,,5.6,6.07,Для профессий со специальным зарплатным срезом используется медиана предложений «Работы России»; иначе зарплата наследуется от группы. Результат не является обещанием числа вакансий
2029,139,"Режиссеры кино, театра и родственные им деятели искусства и продюсеры",Специалисты высшей квалификации,25812.35,1520.73,5.56,86292.29075362365,117033.64561545581,3.7469879518072293,8.875,8.875,35.624682800000016,5.541792168674699,1657.5957,1.09,"умеренный рост за счёт здравоохранения, инженерных и других сложных функций",2025,Средняя зарплата крупной профессиональной группы Росстата за октябрь 2025,,,5.56,6.03,Для профессий со специальным зарплатным срезом используется медиана предложений «Работы России»; иначе зарплата наследуется от группы. Результат не является обещанием числа вакансий
2029,140,Специалисты по методике обучения,Специалисты высшей квалификации,48482.91,2853.61,5.56,86292.29075362365,117033.64561545581,3.7108433734939763,8.875,8.875,35.624682800000016,5.518298192771084,3110.4349,1.09,"умеренный рост за счёт здравоохранения, инженерных и других сложных функций",2025,Средняя зарплата крупной профессиональной группы Росстата за октябрь 2025,,,5.56,6.03,Для профессий со специальным зарплатным срезом используется медиана предложений «Работы России»; иначе зарплата наследуется от группы. Результат не является обещанием числа вакансий
2029,141,Художники-декораторы и оформители,Специалисты средней квалификации,4802.9,350.31,6.8,69408.5576048949,94135.136087694,5.481927710843373,5.5,5.5,35.624682800000016,5.488253012048193,381.83790000000005,1.09,умеренный рост в соответствии с официальным приоритетом кадров СПО,2025,Средняя зарплата крупной профессиональной группы Росстата за октябрь 2025,,,6.8,7.36,Для профессий со специальным зарплатным срезом используется медиана предложений «Работы России»; иначе зарплата наследуется от группы. Результат не является обещанием числа вакансий
2029,142,"Дикторы радио, телевидения и других средств массовой информации",Специалисты высшей квалификации,2462.76,142.87,5.48,86292.29075362365,117033.64561545581,3.63855421686747,8.875,8.875,35.624682800000016,5.471310240963855,155.72830000000002,1.09,"умеренный рост за счёт здравоохранения, инженерных и других сложных функций",2025,Средняя зарплата крупной профессиональной группы Росстата за октябрь 2025,,,5.49,5.95,Для профессий со специальным зарплатным срезом используется медиана предложений «Работы России»; иначе зарплата наследуется от группы. Результат не является обещанием числа вакансий
2029,143,Товарные производители продукции животноводства,Сельское и лесное хозяйство,83376.21,8630.66,9.38,47973.921731658804,65064.479175282526,7.253012048192771,2.125,2.125,35.624682800000016,5.458207831325301,8716.9666,1.01,почти неизменный спрос: малая численность не превращается автоматически в быстрый рост всей отрасли,2025,Средняя зарплата крупной профессиональной группы Росстата за октябрь 2025,,,9.38,9.47,Для профессий со специальным зарплатным срезом используется медиана предложений «Работы России»; иначе зарплата наследуется от группы. Результат не является обещанием числа вакансий
2029,144,Программисты приложений,Специалисты высшей квалификации,30240.38,1746.33,5.46,86292.29075362365,117033.64561545581,3.602409638554217,8.875,8.875,35.624682800000016,5.44781626506024,1903.4997,1.09,"умеренный рост за счёт здравоохранения, инженерных и других сложных функций",2025,Средняя зарплата крупной профессиональной группы Росстата за октябрь 2025,,,5.46,5.92,Для профессий со специальным зарплатным срезом используется медиана предложений «Работы России»; иначе зарплата наследуется от группы. Результат не является обещанием числа вакансий
2029,145,Служащие коллекторских фирм и работники родственных занятий по сбору задолженностей и платежей,Офисные и учётные служащие,2099.78,197.43,8.59,54045.78718009234,73299.42742976331,6.024096385542168,4.375,4.375,35.624682800000016,5.4469126506024095,179.6613,0.91,наиболее заметное снижение из-за цифровизации стандартных операций,2025,Средняя зарплата крупной профессиональной группы Росстата за октябрь 2025,,,8.57,7.88,Для профессий со специальным зарплатным срезом используется медиана предложений «Работы России»; иначе зарплата наследуется от группы. Результат не является обещанием числа вакансий
2029,146,Специалисты-техники по поддержке пользователей ИКТ,Специалисты средней квалификации,35578.76,2580.92,6.76,69408.5576048949,94135.136087694,5.409638554216867,5.5,5.5,35.624682800000016,5.441265060240964,2813.2028000000005,1.09,умеренный рост в соответствии с официальным приоритетом кадров СПО,2025,Средняя зарплата крупной профессиональной группы Росстата за октябрь 2025,,,6.76,7.33,Для профессий со специальным зарплатным срезом используется медиана предложений «Работы России»; иначе зарплата наследуется от группы. Результат не является обещанием числа вакансий
2029,147,"Деятели искусств, не входящие в другие группы",Специалисты высшей квалификации,29195.23,1682.62,5.45,86292.29075362365,117033.64561545581,3.5301204819277108,8.875,8.875,35.624682800000016,5.400828313253012,1834.0558,1.09,"умеренный рост за счёт здравоохранения, инженерных и других сложных функций",2025,Средняя зарплата крупной профессиональной группы Росстата за октябрь 2025,,,5.45,5.91,Для профессий со специальным зарплатным срезом используется медиана предложений «Работы России»; иначе зарплата наследуется от группы. Результат не является обещанием числа вакансий
2029,148,Дизайнеры товаров и одежды,Специалисты высшей квалификации,5238.64,301.48,5.44,86292.29075362365,117033.64561545581,3.4939759036144578,8.875,8.875,35.624682800000016,5.377334337349398,328.61320000000006,1.09,"умеренный рост за счёт здравоохранения, инженерных и других сложных функций",2025,Средняя зарплата крупной профессиональной группы Росстата за октябрь 2025,,,5.45,5.9,Для профессий со специальным зарплатным срезом используется медиана предложений «Работы России»; иначе зарплата наследуется от группы. Результат не является обещанием числа вакансий
2029,149,Капитаны судов и лоцманы,Специалисты средней квалификации,17941.21,1279.7,6.66,69408.5576048949,94135.136087694,5.265060240963855,5.5,5.5,35.624682800000016,5.347289156626506,1394.873,1.09,умеренный рост в соответствии с официальным приоритетом кадров СПО,2025,Средняя зарплата крупной профессиональной группы Росстата за октябрь 2025,,,6.66,7.21,Для профессий со специальным зарплатным срезом используется медиана предложений «Работы России»; иначе зарплата наследуется от группы. Результат не является обещанием числа вакансий
2029,150,Специалисты-техники по радио- и телевещанию,Специалисты средней квалификации,11434.5,814.31,6.65,69408.5576048949,94135.136087694,5.228915662650603,5.5,5.5,35.624682800000016,5.323795180722892,887.5979,1.09,умеренный рост в соответствии с официальным приоритетом кадров СПО,2025,Средняя зарплата крупной профессиональной группы Росстата за октябрь 2025,,,6.65,7.2,Для профессий со специальным зарплатным срезом используется медиана предложений «Работы России»; иначе зарплата наследуется от группы. Результат не является обещанием числа вакансий
2029,151,"Техники (операторы) по управлению технологическими процессами, не входящие в другие группы",Специалисты средней квалификации,68817.68,4842.79,6.57,69408.5576048949,94135.136087694,5.156626506024097,5.5,5.5,35.624682800000016,5.276807228915663,5278.641100000001,1.09,умеренный рост в соответствии с официальным приоритетом кадров СПО,2025,Средняя зарплата крупной профессиональной группы Росстата за октябрь 2025,,,6.57,7.12,Для профессий со специальным зарплатным срезом используется медиана предложений «Работы России»; иначе зарплата наследуется от группы. Результат не является обещанием числа вакансий
2029,152,Агенты по коммерческим продажам,Специалисты средней квалификации,55827.87,3915.01,6.55,69408.5576048949,94135.136087694,5.120481927710843,5.5,5.5,35.624682800000016,5.253313253012048,4267.360900000001,1.09,умеренный рост в соответствии с официальным приоритетом кадров СПО,2025,Средняя зарплата крупной профессиональной группы Росстата за октябрь 2025,,,6.55,7.1,Для профессий со специальным зарплатным срезом используется медиана предложений «Работы России»; иначе зарплата наследуется от группы. Результат не является обещанием числа вакансий
2029,153,Повара,"Обслуживание, торговля и охрана",208162.59,18296.69,8.08,48161.539778495455,65318.935556180295,6.313253012048193,3.25,3.25,35.624682800000016,5.241114457831325,18662.623799999998,1.02,почти стабильный спрос с небольшим ростом,2025,Средняя зарплата крупной профессиональной группы Росстата за октябрь 2025,,,8.08,8.23,Для профессий со специальным зарплатным срезом используется медиана предложений «Работы России»; иначе зарплата наследуется от группы. Результат не является обещанием числа вакансий
2029,154,Инструкторы по вождению,"Обслуживание, торговля и охрана",3727.77,325.0,8.02,48161.539778495455,65318.935556180295,6.27710843373494,3.25,3.25,35.624682800000016,5.21762048192771,331.5,1.02,почти стабильный спрос с небольшим ростом,2025,Средняя зарплата крупной профессиональной группы Росстата за октябрь 2025,,,8.02,8.17,Для профессий со специальным зарплатным срезом используется медиана предложений «Работы России»; иначе зарплата наследуется от группы. Результат не является обещанием числа вакансий
2029,155,"Специалисты в области образования, не входящие в другие группы",Специалисты высшей квалификации,158973.76,8953.69,5.33,86292.29075362365,117033.64561545581,3.2409638554216866,8.875,8.875,35.624682800000016,5.212876506024096,9759.522100000002,1.09,"умеренный рост за счёт здравоохранения, инженерных и других сложных функций",2025,Средняя зарплата крупной профессиональной группы Росстата за октябрь 2025,,,5.33,5.78,Для профессий со специальным зарплатным срезом используется медиана предложений «Работы России»; иначе зарплата наследуется от группы. Результат не является обещанием числа вакансий
2029,156,Средний медицинский персонал по уходу,Специалисты средней квалификации,554518.73,37615.55,6.35,69408.5576048949,94135.136087694,5.0120481927710845,5.5,5.5,35.624682800000016,5.182831325301205,41000.94950000001,1.09,умеренный рост в соответствии с официальным приоритетом кадров СПО,2025,Средняя зарплата крупной профессиональной группы Росстата за октябрь 2025,,,6.35,6.88,Для профессий со специальным зарплатным срезом используется медиана предложений «Работы России»; иначе зарплата наследуется от группы. Результат не является обещанием числа вакансий
2029,157,"Работники служб, осуществляющих охрану граждан и собственности, не входящие в другие группы","Обслуживание, торговля и охрана",202517.11,17305.24,7.87,48161.539778495455,65318.935556180295,6.204819277108434,3.25,3.25,35.624682800000016,5.170632530120482,17651.344800000003,1.02,почти стабильный спрос с небольшим ростом,2025,Средняя зарплата крупной профессиональной группы Росстата за октябрь 2025,,,7.87,8.02,Для профессий со специальным зарплатным срезом используется медиана предложений «Работы России»; иначе зарплата наследуется от группы. Результат не является обещанием числа вакансий
2029,158,Спортсмены (спортсмены высокого класса),Специалисты средней квалификации,23353.66,1581.06,6.34,69408.5576048949,94135.136087694,4.975903614457831,5.5,5.5,35.624682800000016,5.159337349397591,1723.3554000000001,1.09,умеренный рост в соответствии с официальным приоритетом кадров СПО,2025,Средняя зарплата крупной профессиональной группы Росстата за октябрь 2025,,,6.34,6.87,Для профессий со специальным зарплатным срезом используется медиана предложений «Работы России»; иначе зарплата наследуется от группы. Результат не является обещанием числа вакансий
2029,159,Помощники бухгалтеров,Специалисты средней квалификации,12017.62,812.74,6.33,69408.5576048949,94135.136087694,4.9397590361445785,5.5,5.5,35.624682800000016,5.135843373493976,885.8866,1.09,умеренный рост в соответствии с официальным приоритетом кадров СПО,2025,Средняя зарплата крупной профессиональной группы Росстата за октябрь 2025,,,6.33,6.87,Для профессий со специальным зарплатным срезом используется медиана предложений «Работы России»; иначе зарплата наследуется от группы. Результат не является обещанием числа вакансий
2029,160,Стоматологи,Специалисты высшей квалификации,42810.06,2350.24,5.2,86292.29075362365,117033.64561545581,3.0240963855421685,8.875,8.875,35.624682800000016,5.0719126506024095,2561.7616,1.09,"умеренный рост за счёт здравоохранения, инженерных и других сложных функций",2025,Средняя зарплата крупной профессиональной группы Росстата за октябрь 2025,,,5.2,5.65,Для профессий со специальным зарплатным срезом используется медиана предложений «Работы России»; иначе зарплата наследуется от группы. Результат не является обещанием числа вакансий
2029,161,Специалисты в области политики администрирования,Специалисты высшей квалификации,52882.03,2902.21,5.2,86292.29075362365,117033.64561545581,2.9879518072289155,8.875,8.875,35.624682800000016,5.048418674698795,3163.4089000000004,1.09,"умеренный рост за счёт здравоохранения, инженерных и других сложных функций",2025,Средняя зарплата крупной профессиональной группы Росстата за октябрь 2025,,,5.2,5.64,Для профессий со специальным зарплатным срезом используется медиана предложений «Работы России»; иначе зарплата наследуется от группы. Результат не является обещанием числа вакансий
2029,162,Административный и иной исполнительный среднетехнический персонал,Специалисты средней квалификации,214133.0,14217.57,6.23,69408.5576048949,94135.136087694,4.795180722891566,5.5,5.5,35.624682800000016,5.041867469879518,15497.151300000001,1.09,умеренный рост в соответствии с официальным приоритетом кадров СПО,2025,Средняя зарплата крупной профессиональной группы Росстата за октябрь 2025,,,6.23,6.75,Для профессий со специальным зарплатным срезом используется медиана предложений «Работы России»; иначе зарплата наследуется от группы. Результат не является обещанием числа вакансий
2029,163,Специалисты в области подбора и использования персонала,Специалисты высшей квалификации,122563.84,6493.79,5.03,86292.29075362365,117033.64561545581,2.9156626506024095,8.875,8.875,35.624682800000016,5.001430722891566,7078.231100000001,1.09,"умеренный рост за счёт здравоохранения, инженерных и других сложных функций",2025,Средняя зарплата крупной профессиональной группы Росстата за октябрь 2025,,,5.03,5.46,Для профессий со специальным зарплатным срезом используется медиана предложений «Работы России»; иначе зарплата наследуется от группы. Результат не является обещанием числа вакансий
2029,164,Товарные производители смешанной растениеводческой и животноводческой продукции,Сельское и лесное хозяйство,13757.86,1235.84,8.24,47973.921731658804,65064.479175282526,6.53012048192771,2.125,2.125,35.624682800000016,4.988328313253012,1248.1984,1.01,почти неизменный спрос: малая численность не превращается автоматически в быстрый рост всей отрасли,2025,Средняя зарплата крупной профессиональной группы Росстата за октябрь 2025,,,8.25,8.32,Для профессий со специальным зарплатным срезом используется медиана предложений «Работы России»; иначе зарплата наследуется от группы. Результат не является обещанием числа вакансий
2029,165,Специалисты по компьютерным сетям,Специалисты высшей квалификации,28202.95,1487.08,5.01,86292.29075362365,117033.64561545581,2.8795180722891565,8.875,8.875,35.624682800000016,4.977936746987951,1620.9172,1.09,"умеренный рост за счёт здравоохранения, инженерных и других сложных функций",2025,Средняя зарплата крупной профессиональной группы Росстата за октябрь 2025,,,5.01,5.43,Для профессий со специальным зарплатным срезом используется медиана предложений «Работы России»; иначе зарплата наследуется от группы. Результат не является обещанием числа вакансий
2029,166,Пожарные,"Обслуживание, торговля и охрана",20973.6,1726.33,7.61,48161.539778495455,65318.935556180295,5.879518072289156,3.25,3.25,35.624682800000016,4.959186746987951,1760.8565999999998,1.02,почти стабильный спрос с небольшим ростом,2025,Средняя зарплата крупной профессиональной группы Росстата за октябрь 2025,,,7.61,7.75,Для профессий со специальным зарплатным срезом используется медиана предложений «Работы России»; иначе зарплата наследуется от группы. Результат не является обещанием числа вакансий
2029,167,"Разработчики и аналитики программного обеспечения и приложений, не входящие в другие группы",Специалисты высшей квалификации,59266.1,3104.53,4.98,86292.29075362365,117033.64561545581,2.7710843373493974,8.875,8.875,35.624682800000016,4.907454819277108,3383.9377000000004,1.09,"умеренный рост за счёт здравоохранения, инженерных и других сложных функций",2025,Средняя зарплата крупной профессиональной группы Росстата за октябрь 2025,,,4.98,5.4,Для профессий со специальным зарплатным срезом используется медиана предложений «Работы России»; иначе зарплата наследуется от группы. Результат не является обещанием числа вакансий
2029,168,"Средний персонал культуры и кулинарного искусства, не входящий в другие группы",Специалисты средней квалификации,27849.53,1796.32,6.06,69408.5576048949,94135.136087694,4.578313253012048,5.5,5.5,35.624682800000016,4.900903614457832,1957.9888,1.09,умеренный рост в соответствии с официальным приоритетом кадров СПО,2025,Средняя зарплата крупной профессиональной группы Росстата за октябрь 2025,,,6.06,6.57,Для профессий со специальным зарплатным срезом используется медиана предложений «Работы России»; иначе зарплата наследуется от группы. Результат не является обещанием числа вакансий
2029,169,Специалисты библиотек,Специалисты высшей квалификации,86836.09,4525.65,4.95,86292.29075362365,117033.64561545581,2.734939759036145,8.875,8.875,35.624682800000016,4.883960843373494,4932.9585,1.09,"умеренный рост за счёт здравоохранения, инженерных и других сложных функций",2025,Средняя зарплата крупной профессиональной группы Росстата за октябрь 2025,,,4.95,5.38,Для профессий со специальным зарплатным срезом используется медиана предложений «Работы России»; иначе зарплата наследуется от группы. Результат не является обещанием числа вакансий
2029,170,Специалисты-техники по телекоммуникационному оборудованию,Специалисты средней квалификации,11498.66,738.4,6.03,69408.5576048949,94135.136087694,4.542168674698795,5.5,5.5,35.624682800000016,4.877409638554217,804.856,1.09,умеренный рост в соответствии с официальным приоритетом кадров СПО,2025,Средняя зарплата крупной профессиональной группы Росстата за октябрь 2025,,,6.03,6.54,Для профессий со специальным зарплатным срезом используется медиана предложений «Работы России»; иначе зарплата наследуется от группы. Результат не является обещанием числа вакансий
2029,171,Бухгалтеры,Специалисты высшей квалификации,411977.43,21218.76,4.9,86292.29075362365,117033.64561545581,2.662650602409639,8.875,8.875,35.624682800000016,4.836972891566265,23128.4484,1.09,"умеренный рост за счёт здравоохранения, инженерных и других сложных функций",2025,Средняя зарплата крупной профессиональной группы Росстата за октябрь 2025,,,4.9,5.32,Для профессий со специальным зарплатным срезом используется медиана предложений «Работы России»; иначе зарплата наследуется от группы. Результат не является обещанием числа вакансий
2029,172,"Средний юридический персонал в судебной, адвокатской и нотариальной деятельности",Специалисты средней квалификации,2243.42,143.48,6.01,69408.5576048949,94135.136087694,4.46987951807229,5.5,5.5,35.624682800000016,4.830421686746988,156.3932,1.09,умеренный рост в соответствии с официальным приоритетом кадров СПО,2025,Средняя зарплата крупной профессиональной группы Росстата за октябрь 2025,,,6.02,6.52,Для профессий со специальным зарплатным срезом используется медиана предложений «Работы России»; иначе зарплата наследуется от группы. Результат не является обещанием числа вакансий
2029,173,Продавцы,"Обслуживание, торговля и охрана",984767.09,77818.8,7.32,48161.539778495455,65318.935556180295,5.662650602409639,3.25,3.25,35.624682800000016,4.818222891566265,79375.176,1.02,почти стабильный спрос с небольшим ростом,2025,Средняя зарплата крупной профессиональной группы Росстата за октябрь 2025,,,7.32,7.46,Для профессий со специальным зарплатным срезом используется медиана предложений «Работы России»; иначе зарплата наследуется от группы. Результат не является обещанием числа вакансий
2029,174,Специалисты по сбыту информационно-коммуникационных технологий (ИКТ),Специалисты высшей квалификации,46145.96,2362.25,4.87,86292.29075362365,117033.64561545581,2.6265060240963853,8.875,8.875,35.624682800000016,4.8134789156626505,2574.8525,1.09,"умеренный рост за счёт здравоохранения, инженерных и других сложных функций",2025,Средняя зарплата крупной профессиональной группы Росстата за октябрь 2025,,,4.87,5.28,Для профессий со специальным зарплатным срезом используется медиана предложений «Работы России»; иначе зарплата наследуется от группы. Результат не является обещанием числа вакансий
2029,175,Специалисты архивов и музеев,Специалисты высшей квалификации,29493.94,1492.58,4.82,86292.29075362365,117033.64561545581,2.5542168674698793,8.875,8.875,35.624682800000016,4.766490963855421,1626.9122,1.09,"умеренный рост за счёт здравоохранения, инженерных и других сложных функций",2025,Средняя зарплата крупной профессиональной группы Росстата за октябрь 2025,,,4.82,5.23,Для профессий со специальным зарплатным срезом используется медиана предложений «Работы России»; иначе зарплата наследуется от группы. Результат не является обещанием числа вакансий
2029,176,Техники по обслуживанию медицинского оборудования,Специалисты средней квалификации,19027.22,1199.3,5.93,69408.5576048949,94135.136087694,4.36144578313253,5.5,5.5,35.624682800000016,4.759939759036144,1307.237,1.09,умеренный рост в соответствии с официальным приоритетом кадров СПО,2025,Средняя зарплата крупной профессиональной группы Росстата за октябрь 2025,,,5.93,6.43,Для профессий со специальным зарплатным срезом используется медиана предложений «Работы России»; иначе зарплата наследуется от группы. Результат не является обещанием числа вакансий
2029,177,Тренеры и инструкторы-методисты по физкультуре и спорту,Специалисты высшей квалификации,95782.77,4808.93,4.78,86292.29075362365,117033.64561545581,2.5180722891566263,8.875,8.875,35.624682800000016,4.742996987951807,5241.733700000001,1.09,"умеренный рост за счёт здравоохранения, инженерных и других сложных функций",2025,Средняя зарплата крупной профессиональной группы Росстата за октябрь 2025,,,4.78,5.19,Для профессий со специальным зарплатным срезом используется медиана предложений «Работы России»; иначе зарплата наследуется от группы. Результат не является обещанием числа вакансий
2029,178,Специалисты-техники по компьютерным сетям и системам,Специалисты средней квалификации,11950.44,747.62,5.89,69408.5576048949,94135.136087694,4.325301204819278,5.5,5.5,35.624682800000016,4.73644578313253,814.9058000000001,1.09,умеренный рост в соответствии с официальным приоритетом кадров СПО,2025,Средняя зарплата крупной профессиональной группы Росстата за октябрь 2025,,,5.89,6.38,Для профессий со специальным зарплатным срезом используется медиана предложений «Работы России»; иначе зарплата наследуется от группы. Результат не является обещанием числа вакансий
2029,179,Аналитики систем управления и организации,Специалисты высшей квалификации,67372.84,3349.41,4.74,86292.29075362365,117033.64561545581,2.4457831325301207,8.875,8.875,35.624682800000016,4.696009036144578,3650.8569,1.09,"умеренный рост за счёт здравоохранения, инженерных и других сложных функций",2025,Средняя зарплата крупной профессиональной группы Росстата за октябрь 2025,,,4.74,5.14,Для профессий со специальным зарплатным срезом используется медиана предложений «Работы России»; иначе зарплата наследуется от группы. Результат не является обещанием числа вакансий
2029,180,Техники-электрики,Специалисты средней квалификации,71428.88,4458.69,5.88,69408.5576048949,94135.136087694,4.253012048192771,5.5,5.5,35.624682800000016,4.689457831325301,4859.9721,1.09,умеренный рост в соответствии с официальным приоритетом кадров СПО,2025,Средняя зарплата крупной профессиональной группы Росстата за октябрь 2025,,,5.88,6.37,Для профессий со специальным зарплатным срезом используется медиана предложений «Работы России»; иначе зарплата наследуется от группы. Результат не является обещанием числа вакансий
2029,181,Буфетчики (бармены),"Обслуживание, торговля и охрана",39797.92,3092.85,7.21,48161.539778495455,65318.935556180295,5.445783132530121,3.25,3.25,35.624682800000016,4.677259036144578,3154.707,1.02,почти стабильный спрос с небольшим ростом,2025,Средняя зарплата крупной профессиональной группы Росстата за октябрь 2025,,,7.21,7.34,Для профессий со специальным зарплатным срезом используется медиана предложений «Работы России»; иначе зарплата наследуется от группы. Результат не является обещанием числа вакансий
2029,182,Актеры,Специалисты высшей квалификации,13335.35,644.36,4.61,86292.29075362365,117033.64561545581,2.3734939759036147,8.875,8.875,35.624682800000016,4.649021084337349,702.3524000000001,1.09,"умеренный рост за счёт здравоохранения, инженерных и других сложных функций",2025,Средняя зарплата крупной профессиональной группы Росстата за октябрь 2025,,,4.62,5.0,Для профессий со специальным зарплатным срезом используется медиана предложений «Работы России»; иначе зарплата наследуется от группы. Результат не является обещанием числа вакансий
2029,183,"Преподаватели, работающие с инвалидами или лицами с особыми возможностями здоровья",Специалисты высшей квалификации,81551.34,3888.47,4.55,86292.29075362365,117033.64561545581,2.337349397590361,8.875,8.875,35.624682800000016,4.625527108433735,4238.4323,1.09,"умеренный рост за счёт здравоохранения, инженерных и других сложных функций",2025,Средняя зарплата крупной профессиональной группы Росстата за октябрь 2025,,,4.55,4.94,Для профессий со специальным зарплатным срезом используется медиана предложений «Работы России»; иначе зарплата наследуется от группы. Результат не является обещанием числа вакансий
2029,184,Мастера (бригадиры) в обрабатывающей промышленности,Специалисты средней квалификации,189186.87,11731.82,5.84,69408.5576048949,94135.136087694,4.144578313253012,5.5,5.5,35.624682800000016,4.618975903614458,12787.6838,1.09,умеренный рост в соответствии с официальным приоритетом кадров СПО,2025,Средняя зарплата крупной профессиональной группы Росстата за октябрь 2025,,,5.84,6.33,Для профессий со специальным зарплатным срезом используется медиана предложений «Работы России»; иначе зарплата наследуется от группы. Результат не является обещанием числа вакансий
2029,185,Художники,Специалисты высшей квалификации,7410.24,351.57,4.53,86292.29075362365,117033.64561545581,2.265060240963855,8.875,8.875,35.624682800000016,4.578539156626506,383.2113,1.09,"умеренный рост за счёт здравоохранения, инженерных и других сложных функций",2025,Средняя зарплата крупной профессиональной группы Росстата за октябрь 2025,,,4.54,4.92,Для профессий со специальным зарплатным срезом используется медиана предложений «Работы России»; иначе зарплата наследуется от группы. Результат не является обещанием числа вакансий
2029,186,Операторы нефте- и газоочистных и перерабатывающих установок,Специалисты средней квалификации,37748.79,2306.19,5.76,69408.5576048949,94135.136087694,3.963855421686747,5.5,5.5,35.624682800000016,4.501506024096385,2513.7471,1.09,умеренный рост в соответствии с официальным приоритетом кадров СПО,2025,Средняя зарплата крупной профессиональной группы Росстата за октябрь 2025,,,5.76,6.24,Для профессий со специальным зарплатным срезом используется медиана предложений «Работы России»; иначе зарплата наследуется от группы. Результат не является обещанием числа вакансий
2029,187,Социальные работники,Специалисты средней квалификации,119218.58,7276.73,5.75,69408.5576048949,94135.136087694,3.927710843373494,5.5,5.5,35.624682800000016,4.47801204819277,7931.6357,1.09,умеренный рост в соответствии с официальным приоритетом кадров СПО,2025,Средняя зарплата крупной профессиональной группы Росстата за октябрь 2025,,,5.75,6.24,Для профессий со специальным зарплатным срезом используется медиана предложений «Работы России»; иначе зарплата наследуется от группы. Результат не является обещанием числа вакансий
2029,188,"Техники в области физических и технических наук, не входящие в другие группы",Специалисты средней квалификации,77725.51,4733.78,5.74,69408.5576048949,94135.136087694,3.891566265060241,5.5,5.5,35.624682800000016,4.454518072289156,5159.8202,1.09,умеренный рост в соответствии с официальным приоритетом кадров СПО,2025,Средняя зарплата крупной профессиональной группы Росстата за октябрь 2025,,,5.74,6.23,Для профессий со специальным зарплатным срезом используется медиана предложений «Работы России»; иначе зарплата наследуется от группы. Результат не является обещанием числа вакансий
2029,189,"Биологи, ботаники, зоологи и специалисты родственных занятий",Специалисты высшей квалификации,43949.99,2043.52,4.44,86292.29075362365,117033.64561545581,2.0481927710843375,8.875,8.875,35.624682800000016,4.437575301204818,2227.4368,1.09,"умеренный рост за счёт здравоохранения, инженерных и других сложных функций",2025,Средняя зарплата крупной профессиональной группы Росстата за октябрь 2025,,,4.44,4.82,Для профессий со специальным зарплатным срезом используется медиана предложений «Работы России»; иначе зарплата наследуется от группы. Результат не является обещанием числа вакансий
2029,190,"Средний медицинский персонал здравоохранения, не входящий в другие группы",Специалисты средней квалификации,287748.11,17489.79,5.73,69408.5576048949,94135.136087694,3.855421686746988,5.5,5.5,35.624682800000016,4.431024096385542,19063.871100000004,1.09,умеренный рост в соответствии с официальным приоритетом кадров СПО,2025,Средняя зарплата крупной профессиональной группы Росстата за октябрь 2025,,,5.73,6.21,Для профессий со специальным зарплатным срезом используется медиана предложений «Работы России»; иначе зарплата наследуется от группы. Результат не является обещанием числа вакансий
2029,191,"Горные инженеры, металлурги и специалисты родственных занятий",Специалисты высшей квалификации,26734.55,1208.76,4.33,86292.29075362365,117033.64561545581,1.9759036144578315,8.875,8.875,35.624682800000016,4.39058734939759,1317.5484000000001,1.09,"умеренный рост за счёт здравоохранения, инженерных и других сложных функций",2025,Средняя зарплата крупной профессиональной группы Росстата за октябрь 2025,,,4.33,4.7,Для профессий со специальным зарплатным срезом используется медиана предложений «Работы России»; иначе зарплата наследуется от группы. Результат не является обещанием числа вакансий
2029,192,"Бригадиры уборщиков и помощники по хозяйству в отелях (гостиницах), офисах и других учреждениях","Обслуживание, торговля и охрана",20820.65,1503.54,6.74,48161.539778495455,65318.935556180295,4.903614457831326,3.25,3.25,35.624682800000016,4.324849397590362,1533.6108,1.02,почти стабильный спрос с небольшим ростом,2025,Средняя зарплата крупной профессиональной группы Росстата за октябрь 2025,,,6.74,6.86,Для профессий со специальным зарплатным срезом используется медиана предложений «Работы России»; иначе зарплата наследуется от группы. Результат не является обещанием числа вакансий
2029,193,Педагогические работники в дошкольном образовании,Специалисты высшей квалификации,576091.37,25444.14,4.23,86292.29075362365,117033.64561545581,1.8674698795180724,8.875,8.875,35.624682800000016,4.320105421686747,27734.1126,1.09,"умеренный рост за счёт здравоохранения, инженерных и других сложных функций",2025,Средняя зарплата крупной профессиональной группы Росстата за октябрь 2025,,,4.23,4.59,Для профессий со специальным зарплатным срезом используется медиана предложений «Работы России»; иначе зарплата наследуется от группы. Результат не является обещанием числа вакансий
2029,194,Техники-электроники по системам безопасности полетов,Специалисты средней квалификации,1457.81,84.83,5.5,69408.5576048949,94135.136087694,3.674698795180723,5.5,5.5,35.624682800000016,4.31355421686747,92.46470000000001,1.09,умеренный рост в соответствии с официальным приоритетом кадров СПО,2025,Средняя зарплата крупной профессиональной группы Росстата за октябрь 2025,,,5.52,5.96,Для профессий со специальным зарплатным срезом используется медиана предложений «Работы России»; иначе зарплата наследуется от группы. Результат не является обещанием числа вакансий
2029,195,Преподаватели средних профессиональных образовательных организаций,Специалисты высшей квалификации,161960.9,7148.83,4.23,86292.29075362365,117033.64561545581,1.8313253012048194,8.875,8.875,35.624682800000016,4.296611445783132,7792.224700000001,1.09,"умеренный рост за счёт здравоохранения, инженерных и других сложных функций",2025,Средняя зарплата крупной профессиональной группы Росстата за октябрь 2025,,,4.23,4.59,Для профессий со специальным зарплатным срезом используется медиана предложений «Работы России»; иначе зарплата наследуется от группы. Результат не является обещанием числа вакансий
2029,196,Помощники учителей,"Обслуживание, торговля и охрана",8563.16,610.25,6.65,48161.539778495455,65318.935556180295,4.831325301204819,3.25,3.25,35.624682800000016,4.277861445783133,622.455,1.02,почти стабильный спрос с небольшим ростом,2025,Средняя зарплата крупной профессиональной группы Росстата за октябрь 2025,,,6.65,6.78,Для профессий со специальным зарплатным срезом используется медиана предложений «Работы России»; иначе зарплата наследуется от группы. Результат не является обещанием числа вакансий
2029,197,Преподаватели по обучению компьютерной грамотности,Специалисты высшей квалификации,1642.78,67.79,3.96,86292.29075362365,117033.64561545581,1.7951807228915664,8.875,8.875,35.624682800000016,4.273117469879518,73.89110000000001,1.09,"умеренный рост за счёт здравоохранения, инженерных и других сложных функций",2025,Средняя зарплата крупной профессиональной группы Росстата за октябрь 2025,,,4.02,4.3,Для профессий со специальным зарплатным срезом используется медиана предложений «Работы России»; иначе зарплата наследуется от группы. Результат не является обещанием числа вакансий
2029,198,Мастера (бригадиры) в добывающей промышленности,Специалисты средней квалификации,42806.71,2468.09,5.45,69408.5576048949,94135.136087694,3.566265060240964,5.5,5.5,35.624682800000016,4.243072289156626,2690.2181000000005,1.09,умеренный рост в соответствии с официальным приоритетом кадров СПО,2025,Средняя зарплата крупной профессиональной группы Росстата за октябрь 2025,,,5.45,5.91,Для профессий со специальным зарплатным срезом используется медиана предложений «Работы России»; иначе зарплата наследуется от группы. Результат не является обещанием числа вакансий
2029,199,Преподаватели по программам дополнительного обучения,Специалисты высшей квалификации,154267.01,6256.21,3.9,86292.29075362365,117033.64561545581,1.7228915662650603,8.875,8.875,35.624682800000016,4.226129518072289,6819.268900000001,1.09,"умеренный рост за счёт здравоохранения, инженерных и других сложных функций",2025,Средняя зарплата крупной профессиональной группы Росстата за октябрь 2025,,,3.9,4.23,Для профессий со специальным зарплатным срезом используется медиана предложений «Работы России»; иначе зарплата наследуется от группы. Результат не является обещанием числа вакансий
2029,200,Операторы металлоплавильных установок и установок по обработке металлов,"Операторы машин, сборщики и водители",129714.41,6350.65,4.67,78339.15258467232,106247.22720116985,2.3012048192771086,7.75,7.75,35.624682800000016,4.20828313253012,6731.689,1.06,умеренный рост: официальный кадровый прогноз указывает на высокий вес профессий со средним профессиональным образованием,2025,Средняя зарплата крупной профессиональной группы Росстата за октябрь 2025,,,4.67,4.93,Для профессий со специальным зарплатным срезом используется медиана предложений «Работы России»; иначе зарплата наследуется от группы. Результат не является обещанием числа вакансий
2029,201,Средний медицинский персонал по акушерству,Специалисты средней квалификации,42268.15,2426.46,5.43,69408.5576048949,94135.136087694,3.4216867469879517,5.5,5.5,35.624682800000016,4.149096385542169,2644.8414000000002,1.09,умеренный рост в соответствии с официальным приоритетом кадров СПО,2025,Средняя зарплата крупной профессиональной группы Росстата за октябрь 2025,,,5.43,5.89,Для профессий со специальным зарплатным срезом используется медиана предложений «Работы России»; иначе зарплата наследуется от группы. Результат не является обещанием числа вакансий
2029,202,Служащие в приемной (общего профиля),Офисные и учётные служащие,4341.93,318.59,6.84,54045.78718009234,73299.42742976331,4.0,4.375,4.375,35.624682800000016,4.13125,289.9169,0.91,наиболее заметное снижение из-за цифровизации стандартных операций,2025,Средняя зарплата крупной профессиональной группы Росстата за октябрь 2025,,,6.84,6.26,Для профессий со специальным зарплатным срезом используется медиана предложений «Работы России»; иначе зарплата наследуется от группы. Результат не является обещанием числа вакансий
2029,203,"Техники-статистики и персонал родственных занятий, связанных с проведением математических расчетов и вычислений",Специалисты средней квалификации,6746.14,386.22,5.42,69408.5576048949,94135.136087694,3.349397590361446,5.5,5.5,35.624682800000016,4.102108433734941,420.97980000000007,1.09,умеренный рост в соответствии с официальным приоритетом кадров СПО,2025,Средняя зарплата крупной профессиональной группы Росстата за октябрь 2025,,,5.42,5.87,Для профессий со специальным зарплатным срезом используется медиана предложений «Работы России»; иначе зарплата наследуется от группы. Результат не является обещанием числа вакансий
2029,204,Техники-электроники,Специалисты средней квалификации,17334.21,986.85,5.39,69408.5576048949,94135.136087694,3.3132530120481927,5.5,5.5,35.624682800000016,4.078614457831325,1075.6665,1.09,умеренный рост в соответствии с официальным приоритетом кадров СПО,2025,Средняя зарплата крупной профессиональной группы Росстата за октябрь 2025,,,5.39,5.84,Для профессий со специальным зарплатным срезом используется медиана предложений «Работы России»; иначе зарплата наследуется от группы. Результат не является обещанием числа вакансий
2029,205,Инженеры по телекоммуникациям,Специалисты высшей квалификации,68407.62,2382.98,3.37,86292.29075362365,117033.64561545581,1.4698795180722892,8.875,8.875,35.624682800000016,4.061671686746988,2597.4482000000003,1.09,"умеренный рост за счёт здравоохранения, инженерных и других сложных функций",2025,Средняя зарплата крупной профессиональной группы Росстата за октябрь 2025,,,3.37,3.66,Для профессий со специальным зарплатным срезом используется медиана предложений «Работы России»; иначе зарплата наследуется от группы. Результат не является обещанием числа вакансий
2029,206,Агенты по операциям с недвижимостью и другой собственностью,Специалисты средней квалификации,4946.98,281.14,5.38,69408.5576048949,94135.136087694,3.2771084337349397,5.5,5.5,35.624682800000016,4.055120481927711,306.4426,1.09,умеренный рост в соответствии с официальным приоритетом кадров СПО,2025,Средняя зарплата крупной профессиональной группы Росстата за октябрь 2025,,,5.39,5.83,Для профессий со специальным зарплатным срезом используется медиана предложений «Работы России»; иначе зарплата наследуется от группы. Результат не является обещанием числа вакансий
2029,207,Машинистки и операторы оборудования по редактированию текстов,Офисные и учётные служащие,7695.99,550.61,6.68,54045.78718009234,73299.42742976331,3.819277108433735,4.375,4.375,35.624682800000016,4.013780120481927,501.05510000000004,0.91,наиболее заметное снижение из-за цифровизации стандартных операций,2025,Средняя зарплата крупной профессиональной группы Росстата за октябрь 2025,,,6.68,6.11,Для профессий со специальным зарплатным срезом используется медиана предложений «Работы России»; иначе зарплата наследуется от группы. Результат не является обещанием числа вакансий
2029,208,Спортивные служащие,Специалисты средней квалификации,4132.03,232.13,5.32,69408.5576048949,94135.136087694,3.2048192771084336,5.5,5.5,35.624682800000016,4.0081325301204815,253.0217,1.09,умеренный рост в соответствии с официальным приоритетом кадров СПО,2025,Средняя зарплата крупной профессиональной группы Росстата за октябрь 2025,,,5.33,5.77,Для профессий со специальным зарплатным срезом используется медиана предложений «Работы России»; иначе зарплата наследуется от группы. Результат не является обещанием числа вакансий
2029,209,Фельдшеры-лаборанты медицинских и патологоанатомических лабораторий,Специалисты средней квалификации,64080.86,3592.01,5.31,69408.5576048949,94135.136087694,3.1686746987951806,5.5,5.5,35.624682800000016,3.9846385542168674,3915.2909000000004,1.09,умеренный рост в соответствии с официальным приоритетом кадров СПО,2025,Средняя зарплата крупной профессиональной группы Росстата за октябрь 2025,,,5.31,5.76,Для профессий со специальным зарплатным срезом используется медиана предложений «Работы России»; иначе зарплата наследуется от группы. Результат не является обещанием числа вакансий
2029,210,Помощники (ассистенты) врачей,Специалисты средней квалификации,114610.01,6406.24,5.29,69408.5576048949,94135.136087694,3.1325301204819276,5.5,5.5,35.624682800000016,3.9611445783132533,6982.801600000001,1.09,умеренный рост в соответствии с официальным приоритетом кадров СПО,2025,Средняя зарплата крупной профессиональной группы Росстата за октябрь 2025,,,5.29,5.74,Для профессий со специальным зарплатным срезом используется медиана предложений «Работы России»; иначе зарплата наследуется от группы. Результат не является обещанием числа вакансий
2029,211,Машинисты локомотивов и рабочие родственных занятий,"Операторы машин, сборщики и водители",228676.27,10409.8,4.35,78339.15258467232,106247.22720116985,1.9036144578313254,7.75,7.75,35.624682800000016,3.9498493975903615,11034.387999999999,1.06,умеренный рост: официальный кадровый прогноз указывает на высокий вес профессий со средним профессиональным образованием,2025,Средняя зарплата крупной профессиональной группы Росстата за октябрь 2025,,,4.35,4.6,Для профессий со специальным зарплатным срезом используется медиана предложений «Работы России»; иначе зарплата наследуется от группы. Результат не является обещанием числа вакансий
2029,212,Физики и астрономы,Специалисты высшей квалификации,20823.06,675.33,3.14,86292.29075362365,117033.64561545581,1.2891566265060241,8.875,8.875,35.624682800000016,3.9442018072289153,736.1097000000001,1.09,"умеренный рост за счёт здравоохранения, инженерных и других сложных функций",2025,Средняя зарплата крупной профессиональной группы Росстата за октябрь 2025,,,3.15,3.41,Для профессий со специальным зарплатным срезом используется медиана предложений «Работы России»; иначе зарплата наследуется от группы. Результат не является обещанием числа вакансий
2029,213,Специалисты-техники в области биологических исследований (за исключением среднего медицинского персонала),Специалисты средней квалификации,9879.27,544.07,5.22,69408.5576048949,94135.136087694,3.096385542168675,5.5,5.5,35.624682800000016,3.9376506024096387,593.0363000000001,1.09,умеренный рост в соответствии с официальным приоритетом кадров СПО,2025,Средняя зарплата крупной профессиональной группы Росстата за октябрь 2025,,,5.22,5.66,Для профессий со специальным зарплатным срезом используется медиана предложений «Работы России»; иначе зарплата наследуется от группы. Результат не является обещанием числа вакансий
2029,214,"Работники, оказывающие индивидуальные услуги, не входящие в другие группы","Обслуживание, торговля и охрана",18507.78,1235.27,6.26,48161.539778495455,65318.935556180295,4.289156626506024,3.25,3.25,35.624682800000016,3.9254518072289155,1259.9754,1.02,почти стабильный спрос с небольшим ростом,2025,Средняя зарплата крупной профессиональной группы Росстата за октябрь 2025,,,6.26,6.37,Для профессий со специальным зарплатным срезом используется медиана предложений «Работы России»; иначе зарплата наследуется от группы. Результат не является обещанием числа вакансий
2029,215,Преподаватели музыки в музыкальных школах и частные,Специалисты высшей квалификации,41410.74,1280.21,3.0,86292.29075362365,117033.64561545581,1.2530120481927711,8.875,8.875,35.624682800000016,3.9207078313253008,1395.4289,1.09,"умеренный рост за счёт здравоохранения, инженерных и других сложных функций",2025,Средняя зарплата крупной профессиональной группы Росстата за октябрь 2025,,,3.0,3.26,Для профессий со специальным зарплатным срезом используется медиана предложений «Работы России»; иначе зарплата наследуется от группы. Результат не является обещанием числа вакансий
2029,216,Специалисты-техники по эксплуатации ИКТ,Специалисты средней квалификации,11920.32,656.35,5.22,69408.5576048949,94135.136087694,3.0602409638554215,5.5,5.5,35.624682800000016,3.9141566265060237,715.4215,1.09,умеренный рост в соответствии с официальным приоритетом кадров СПО,2025,Средняя зарплата крупной профессиональной группы Росстата за октябрь 2025,,,5.22,5.66,Для профессий со специальным зарплатным срезом используется медиана предложений «Работы России»; иначе зарплата наследуется от группы. Результат не является обещанием числа вакансий
2029,217,Педагогические работники в средней школе,Специалисты высшей квалификации,959380.42,25558.15,2.59,86292.29075362365,117033.64561545581,1.180722891566265,8.875,8.875,35.624682800000016,3.873719879518072,27858.383500000004,1.09,"умеренный рост за счёт здравоохранения, инженерных и других сложных функций",2025,Средняя зарплата крупной профессиональной группы Росстата за октябрь 2025,,,2.59,2.82,Для профессий со специальным зарплатным срезом используется медиана предложений «Работы России»; иначе зарплата наследуется от группы. Результат не является обещанием числа вакансий
2029,218,Преподаватели в области изобразительных и иных искусств,Специалисты высшей квалификации,10965.2,284.57,2.53,86292.29075362365,117033.64561545581,1.144578313253012,8.875,8.875,35.624682800000016,3.8502259036144575,310.1813,1.09,"умеренный рост за счёт здравоохранения, инженерных и других сложных функций",2025,Средняя зарплата крупной профессиональной группы Росстата за октябрь 2025,,,2.55,2.75,Для профессий со специальным зарплатным срезом используется медиана предложений «Работы России»; иначе зарплата наследуется от группы. Результат не является обещанием числа вакансий
2029,219,Профессорско-преподавательский персонал университетов и других организаций высшего образования,Специалисты высшей квалификации,216131.92,4630.68,2.1,86292.29075362365,117033.64561545581,1.072289156626506,8.875,8.875,35.624682800000016,3.8032379518072283,5047.441200000001,1.09,"умеренный рост за счёт здравоохранения, инженерных и других сложных функций",2025,Средняя зарплата крупной профессиональной группы Росстата за октябрь 2025,,,2.1,2.28,Для профессий со специальным зарплатным срезом используется медиана предложений «Работы России»; иначе зарплата наследуется от группы. Результат не является обещанием числа вакансий
2029,220,Судьи,Специалисты высшей квалификации,201.42,3.33,1.63,86292.29075362365,117033.64561545581,1.036144578313253,8.875,8.875,35.624682800000016,3.779743975903614,3.6297,1.09,"умеренный рост за счёт здравоохранения, инженерных и других сложных функций",2025,Средняя зарплата крупной профессиональной группы Росстата за октябрь 2025,,,2.56,1.77,Для профессий со специальным зарплатным срезом используется медиана предложений «Работы России»; иначе зарплата наследуется от группы. Результат не является обещанием числа вакансий
2029,221,"Офисные служащие, не входящие в другие группы",Офисные и учётные служащие,97214.46,6692.36,6.44,54045.78718009234,73299.42742976331,3.4578313253012047,4.375,4.375,35.624682800000016,3.7788403614457833,6090.0476,0.91,наиболее заметное снижение из-за цифровизации стандартных операций,2025,Средняя зарплата крупной профессиональной группы Росстата за октябрь 2025,,,6.44,5.9,Для профессий со специальным зарплатным срезом используется медиана предложений «Работы России»; иначе зарплата наследуется от группы. Результат не является обещанием числа вакансий
2029,222,Педагогические работники в начальном образовании,Специалисты высшей квалификации,225322.42,2882.53,1.26,86292.29075362365,117033.64561545581,1.0,8.875,8.875,35.624682800000016,3.7562499999999996,3141.9577000000004,1.09,"умеренный рост за счёт здравоохранения, инженерных и других сложных функций",2025,Средняя зарплата крупной профессиональной группы Росстата за октябрь 2025,,,1.26,1.38,Для профессий со специальным зарплатным срезом используется медиана предложений «Работы России»; иначе зарплата наследуется от группы. Результат не является обещанием числа вакансий
2029,223,"Служащие, занятые учетом, приемом и выдачей товаров на складе",Офисные и учётные служащие,415617.77,27119.89,6.13,54045.78718009234,73299.42742976331,2.951807228915663,4.375,4.375,35.624682800000016,3.4499246987951806,24679.0999,0.91,наиболее заметное снижение из-за цифровизации стандартных операций,2025,Средняя зарплата крупной профессиональной группы Росстата за октябрь 2025,,,6.13,5.61,Для профессий со специальным зарплатным срезом используется медиана предложений «Работы России»; иначе зарплата наследуется от группы. Результат не является обещанием числа вакансий
2029,224,Пилоты воздушных судов и специалисты родственных занятий,Специалисты средней квалификации,14820.95,701.97,4.52,69408.5576048949,94135.136087694,2.1927710843373496,5.5,5.5,35.624682800000016,3.350301204819277,765.1473000000001,1.09,умеренный рост в соответствии с официальным приоритетом кадров СПО,2025,Средняя зарплата крупной профессиональной группы Росстата за октябрь 2025,,,4.52,4.91,Для профессий со специальным зарплатным срезом используется медиана предложений «Работы России»; иначе зарплата наследуется от группы. Результат не является обещанием числа вакансий
2029,225,Помощники по уходу за больными,"Обслуживание, торговля и охрана",179539.65,10988.94,5.77,48161.539778495455,65318.935556180295,3.385542168674699,3.25,3.25,35.624682800000016,3.3381024096385543,11208.7188,1.02,почти стабильный спрос с небольшим ростом,2025,Средняя зарплата крупной профессиональной группы Росстата за октябрь 2025,,,5.77,5.88,Для профессий со специальным зарплатным срезом используется медиана предложений «Работы России»; иначе зарплата наследуется от группы. Результат не является обещанием числа вакансий
2029,226,Техники в добывающей промышленности и металлургии,Специалисты средней квалификации,6406.44,301.14,4.49,69408.5576048949,94135.136087694,2.1566265060240966,5.5,5.5,35.624682800000016,3.3268072289156625,328.2426,1.09,умеренный рост в соответствии с официальным приоритетом кадров СПО,2025,Средняя зарплата крупной профессиональной группы Росстата за октябрь 2025,,,4.5,4.87,Для профессий со специальным зарплатным срезом используется медиана предложений «Работы России»; иначе зарплата наследуется от группы. Результат не является обещанием числа вакансий
2029,227,Агенты по трудовым договорам и найму,Специалисты средней квалификации,5404.3,245.85,4.35,69408.5576048949,94135.136087694,2.0120481927710845,5.5,5.5,35.624682800000016,3.2328313253012047,267.9765,1.09,умеренный рост в соответствии с официальным приоритетом кадров СПО,2025,Средняя зарплата крупной профессиональной группы Росстата за октябрь 2025,,,4.36,4.72,Для профессий со специальным зарплатным срезом используется медиана предложений «Работы России»; иначе зарплата наследуется от группы. Результат не является обещанием числа вакансий
2029,228,Служащие бюро путешествий,Офисные и учётные служащие,4137.99,250.97,5.72,54045.78718009234,73299.42742976331,2.5903614457831328,4.375,4.375,35.624682800000016,3.2149849397590358,228.3827,0.91,наиболее заметное снижение из-за цифровизации стандартных операций,2025,Средняя зарплата крупной профессиональной группы Росстата за октябрь 2025,,,5.73,5.23,Для профессий со специальным зарплатным срезом используется медиана предложений «Работы России»; иначе зарплата наследуется от группы. Результат не является обещанием числа вакансий
2029,229,Служащие по бухгалтерским операциям и учету,Офисные и учётные служащие,37339.17,2243.11,5.67,54045.78718009234,73299.42742976331,2.4819277108433733,4.375,4.375,35.624682800000016,3.1445030120481925,2041.2301000000002,0.91,наиболее заметное снижение из-за цифровизации стандартных операций,2025,Средняя зарплата крупной профессиональной группы Росстата за октябрь 2025,,,5.67,5.18,Для профессий со специальным зарплатным срезом используется медиана предложений «Работы России»; иначе зарплата наследуется от группы. Результат не является обещанием числа вакансий
2029,230,"Служащие, занятые диспетчерской подготовкой производства",Офисные и учётные служащие,77854.13,4566.45,5.54,54045.78718009234,73299.42742976331,2.4096385542168672,4.375,4.375,35.624682800000016,3.097515060240964,4155.4695,0.91,наиболее заметное снижение из-за цифровизации стандартных операций,2025,Средняя зарплата крупной профессиональной группы Росстата за октябрь 2025,,,5.54,5.07,Для профессий со специальным зарплатным срезом используется медиана предложений «Работы России»; иначе зарплата наследуется от группы. Результат не является обещанием числа вакансий
2029,231,"Работники, оказывающие индивидуальные услуги по уходу за больными, не входящие в другие группы","Обслуживание, торговля и охрана",19841.24,1114.28,5.32,48161.539778495455,65318.935556180295,2.8433734939759034,3.25,3.25,35.624682800000016,2.985692771084337,1136.5656,1.02,почти стабильный спрос с небольшим ростом,2025,Средняя зарплата крупной профессиональной группы Росстата за октябрь 2025,,,5.32,5.42,Для профессий со специальным зарплатным срезом используется медиана предложений «Работы России»; иначе зарплата наследуется от группы. Результат не является обещанием числа вакансий
2029,232,"Служащие, встречающие и регистрирующие клиентов в отелях (гостиницах)",Офисные и учётные служащие,27086.85,1538.13,5.37,54045.78718009234,73299.42742976331,2.2289156626506026,4.375,4.375,35.624682800000016,2.9800451807228914,1399.6983000000002,0.91,наиболее заметное снижение из-за цифровизации стандартных операций,2025,Средняя зарплата крупной профессиональной группы Росстата за октябрь 2025,,,5.37,4.91,Для профессий со специальным зарплатным срезом используется медиана предложений «Работы России»; иначе зарплата наследуется от группы. Результат не является обещанием числа вакансий
2029,233,Работники по уходу за детьми,"Обслуживание, торговля и охрана",271431.98,15231.75,5.31,48161.539778495455,65318.935556180295,2.807228915662651,3.25,3.25,35.624682800000016,2.962198795180723,15536.385,1.02,почти стабильный спрос с небольшим ростом,2025,Средняя зарплата крупной профессиональной группы Росстата за октябрь 2025,,,5.31,5.41,Для профессий со специальным зарплатным срезом используется медиана предложений «Работы России»; иначе зарплата наследуется от группы. Результат не является обещанием числа вакансий
2029,234,Зубные врачи,Специалисты средней квалификации,9542.87,337.81,3.42,69408.5576048949,94135.136087694,1.5421686746987953,5.5,5.5,35.624682800000016,2.9274096385542165,368.21290000000005,1.09,умеренный рост в соответствии с официальным приоритетом кадров СПО,2025,Средняя зарплата крупной профессиональной группы Росстата за октябрь 2025,,,3.43,3.72,Для профессий со специальным зарплатным срезом используется медиана предложений «Работы России»; иначе зарплата наследуется от группы. Результат не является обещанием числа вакансий
2029,235,Служащие по ведению кадровой документации,Офисные и учётные служащие,40139.13,2246.66,5.3,54045.78718009234,73299.42742976331,2.120481927710843,4.375,4.375,35.624682800000016,2.909563253012048,2044.4605999999999,0.91,наиболее заметное снижение из-за цифровизации стандартных операций,2025,Средняя зарплата крупной профессиональной группы Росстата за октябрь 2025,,,5.3,4.85,Для профессий со специальным зарплатным срезом используется медиана предложений «Работы России»; иначе зарплата наследуется от группы. Результат не является обещанием числа вакансий
2029,236,"Работники, оказывающие индивидуальные услуги по уходу за больными на дому","Обслуживание, торговля и охрана",23788.62,1313.06,5.23,48161.539778495455,65318.935556180295,2.6987951807228914,3.25,3.25,35.624682800000016,2.8917168674698797,1339.3211999999999,1.02,почти стабильный спрос с небольшим ростом,2025,Средняя зарплата крупной профессиональной группы Росстата за октябрь 2025,,,5.23,5.33,Для профессий со специальным зарплатным срезом используется медиана предложений «Работы России»; иначе зарплата наследуется от группы. Результат не является обещанием числа вакансий
2029,237,Служащие по транспортным перевозкам,Офисные и учётные служащие,120313.91,6716.64,5.29,54045.78718009234,73299.42742976331,2.0843373493975905,4.375,4.375,35.624682800000016,2.8860692771084335,6112.142400000001,0.91,наиболее заметное снижение из-за цифровизации стандартных операций,2025,Средняя зарплата крупной профессиональной группы Росстата за октябрь 2025,,,5.29,4.83,Для профессий со специальным зарплатным срезом используется медиана предложений «Работы России»; иначе зарплата наследуется от группы. Результат не является обещанием числа вакансий
2029,238,"Средний специальный персонал художественных галерей, музеев и библиотек",Специалисты средней квалификации,15592.42,532.13,3.3,69408.5576048949,94135.136087694,1.4337349397590362,5.5,5.5,35.624682800000016,2.8569277108433733,580.0217,1.09,умеренный рост в соответствии с официальным приоритетом кадров СПО,2025,Средняя зарплата крупной профессиональной группы Росстата за октябрь 2025,,,3.31,3.59,Для профессий со специальным зарплатным срезом используется медиана предложений «Работы России»; иначе зарплата наследуется от группы. Результат не является обещанием числа вакансий
2029,239,Офисные служащие общего профиля,Офисные и учётные служащие,81907.49,4351.0,5.04,54045.78718009234,73299.42742976331,1.9397590361445782,4.375,4.375,35.624682800000016,2.7920933734939757,3959.4100000000003,0.91,наиболее заметное снижение из-за цифровизации стандартных операций,2025,Средняя зарплата крупной профессиональной группы Росстата за октябрь 2025,,,5.04,4.61,Для профессий со специальным зарплатным срезом используется медиана предложений «Работы России»; иначе зарплата наследуется от группы. Результат не является обещанием числа вакансий
2029,240,Зубные техники и техники-протезисты,Специалисты средней квалификации,10488.47,347.52,3.21,69408.5576048949,94135.136087694,1.3253012048192772,5.5,5.5,35.624682800000016,2.78644578313253,378.7968,1.09,умеренный рост в соответствии с официальным приоритетом кадров СПО,2025,Средняя зарплата крупной профессиональной группы Росстата за октябрь 2025,,,3.22,3.49,Для профессий со специальным зарплатным срезом используется медиана предложений «Работы России»; иначе зарплата наследуется от группы. Результат не является обещанием числа вакансий
2029,241,Медицинские регистраторы,Специалисты средней квалификации,44750.88,1318.16,2.86,69408.5576048949,94135.136087694,1.216867469879518,5.5,5.5,35.624682800000016,2.7159638554216867,1436.7944000000002,1.09,умеренный рост в соответствии с официальным приоритетом кадров СПО,2025,Средняя зарплата крупной профессиональной группы Росстата за октябрь 2025,,,2.86,3.11,Для профессий со специальным зарплатным срезом используется медиана предложений «Работы России»; иначе зарплата наследуется от группы. Результат не является обещанием числа вакансий
2029,242,Служащие по введению данных,Офисные и учётные служащие,72178.33,3548.91,4.69,54045.78718009234,73299.42742976331,1.7590361445783131,4.375,4.375,35.624682800000016,2.6746234939759033,3229.5081,0.91,наиболее заметное снижение из-за цифровизации стандартных операций,2025,Средняя зарплата крупной профессиональной группы Росстата за октябрь 2025,,,4.69,4.28,Для профессий со специальным зарплатным срезом используется медиана предложений «Работы России»; иначе зарплата наследуется от группы. Результат не является обещанием числа вакансий
2029,243,Авиационные диспетчеры,Специалисты средней квалификации,15422.3,396.15,2.5,69408.5576048949,94135.136087694,1.108433734939759,5.5,5.5,35.624682800000016,2.6454819277108435,431.8035,1.09,умеренный рост в соответствии с официальным приоритетом кадров СПО,2025,Средняя зарплата крупной профессиональной группы Росстата за октябрь 2025,,,2.51,2.72,Для профессий со специальным зарплатным срезом используется медиана предложений «Работы России»; иначе зарплата наследуется от группы. Результат не является обещанием числа вакансий
2029,244,"Кодировщики, корректоры и другие родственные служащие",Офисные и учётные служащие,2738.42,127.21,4.44,54045.78718009234,73299.42742976331,1.6867469879518073,4.375,4.375,35.624682800000016,2.6276355421686746,115.7611,0.91,наиболее заметное снижение из-за цифровизации стандартных операций,2025,Средняя зарплата крупной профессиональной группы Росстата за октябрь 2025,,,4.47,4.06,Для профессий со специальным зарплатным срезом используется медиана предложений «Работы России»; иначе зарплата наследуется от группы. Результат не является обещанием числа вакансий
2029,245,Служащие по учету рабочего времени и расчету заработной платы,Офисные и учётные служащие,16564.84,766.97,4.43,54045.78718009234,73299.42742976331,1.6506024096385543,4.375,4.375,35.624682800000016,2.60414156626506,697.9427000000001,0.91,наиболее заметное снижение из-за цифровизации стандартных операций,2025,Средняя зарплата крупной профессиональной группы Росстата за октябрь 2025,,,4.44,4.04,Для профессий со специальным зарплатным срезом используется медиана предложений «Работы России»; иначе зарплата наследуется от группы. Результат не является обещанием числа вакансий
2029,246,"Служащие по обработке статистической, финансовой и страховой информации и ведению расчетов",Офисные и учётные служащие,10794.03,487.76,4.32,54045.78718009234,73299.42742976331,1.6144578313253013,4.375,4.375,35.624682800000016,2.580647590361446,443.8616,0.91,наиболее заметное снижение из-за цифровизации стандартных операций,2025,Средняя зарплата крупной профессиональной группы Росстата за октябрь 2025,,,4.33,3.95,Для профессий со специальным зарплатным срезом используется медиана предложений «Работы России»; иначе зарплата наследуется от группы. Результат не является обещанием числа вакансий
2029,247,Секретари (общего профиля),Офисные и учётные служащие,115617.96,5151.23,4.27,54045.78718009234,73299.42742976331,1.5783132530120483,4.375,4.375,35.624682800000016,2.557153614457831,4687.619299999999,0.91,наиболее заметное снижение из-за цифровизации стандартных операций,2025,Средняя зарплата крупной профессиональной группы Росстата за октябрь 2025,,,4.27,3.9,Для профессий со специальным зарплатным срезом используется медиана предложений «Работы России»; иначе зарплата наследуется от группы. Результат не является обещанием числа вакансий
2029,248,Служащие библиотек,Офисные и учётные служащие,11915.13,479.04,3.87,54045.78718009234,73299.42742976331,1.3975903614457832,4.375,4.375,35.624682800000016,2.439683734939759,435.92640000000006,0.91,наиболее заметное снижение из-за цифровизации стандартных операций,2025,Средняя зарплата крупной профессиональной группы Росстата за октябрь 2025,,,3.88,3.53,Для профессий со специальным зарплатным срезом используется медиана предложений «Работы России»; иначе зарплата наследуется от группы. Результат не является обещанием числа вакансий
2029,249,Регистраторы и копировщики,Офисные и учётные служащие,12393.01,494.12,3.83,54045.78718009234,73299.42742976331,1.3614457831325302,4.375,4.375,35.624682800000016,2.4161897590361443,449.6492,0.91,наиболее заметное снижение из-за цифровизации стандартных операций,2025,Средняя зарплата крупной профессиональной группы Росстата за октябрь 2025,,,3.84,3.5,Для профессий со специальным зарплатным срезом используется медиана предложений «Работы России»; иначе зарплата наследуется от группы. Результат не является обещанием числа вакансий
2029,250,Экономки,"Обслуживание, торговля и охрана",946.8,35.5,3.61,48161.539778495455,65318.935556180295,1.5060240963855422,3.25,3.25,35.624682800000016,2.1164156626506023,36.21,1.02,почти стабильный спрос с небольшим ростом,2025,Средняя зарплата крупной профессиональной группы Росстата за октябрь 2025,,,3.71,3.68,Для профессий со специальным зарплатным срезом используется медиана предложений «Работы России»; иначе зарплата наследуется от группы. Результат не является обещанием числа вакансий
2030,1,Врачи скорой медицинской помощи и парамедики,Специалисты высшей квалификации,12108.49,2846.35,19.03,81908.0,106853.64165072,9.927710843373495,8.875,8.875,30.455684000000005,9.559262048192771,3187.9120000000003,1.12,"умеренный рост за счёт здравоохранения, инженерных и других сложных функций",2026,Медиана середины зарплатных вилок вакансий API «Работа России»,2026-08-13,503.0,18.98,20.84,Для профессий со специальным зарплатным срезом используется медиана предложений «Работы России»; иначе зарплата наследуется от группы. Результат не является обещанием числа вакансий
2030,2,Провизоры,Специалисты высшей квалификации,23377.51,4299.29,15.53,59250.0,77294.99277000001,9.819277108433734,8.875,8.875,30.455684000000026,9.488780120481927,4815.2048,1.12,"умеренный рост за счёт здравоохранения, инженерных и других сложных функций",2026,Медиана середины зарплатных вилок вакансий API «Работа России»,2026-08-13,547.0,15.51,17.08,Для профессий со специальным зарплатным срезом используется медиана предложений «Работы России»; иначе зарплата наследуется от группы. Результат не является обещанием числа вакансий
2030,3,Диетологи и специалисты по рациональному питанию,Специалисты высшей квалификации,1240.56,217.56,14.92,60773.0,79281.83283732,9.710843373493976,8.875,8.875,30.455684000000005,9.418298192771083,243.66720000000004,1.12,"умеренный рост за счёт здравоохранения, инженерных и других сложных функций",2026,Медиана середины зарплатных вилок вакансий API «Работа России»,2026-08-13,134.0,14.59,16.42,Для профессий со специальным зарплатным срезом используется медиана предложений «Работы России»; иначе зарплата наследуется от группы. Результат не является обещанием числа вакансий
2030,4,Врачи общей практики,Специалисты высшей квалификации,47658.93,7302.5,13.29,70000.0,91318.97880000001,9.493975903614457,8.875,8.875,30.455684000000026,9.277334337349398,8178.800000000001,1.12,"умеренный рост за счёт здравоохранения, инженерных и других сложных функций",2026,Медиана середины зарплатных вилок вакансий API «Работа России»,2026-08-13,787.0,13.28,14.65,Для профессий со специальным зарплатным срезом используется медиана предложений «Работы России»; иначе зарплата наследуется от группы. Результат не является обещанием числа вакансий
2030,5,Преподаватели иностранных языков на курсах и частные,Специалисты высшей квалификации,6215.38,935.98,13.09,38546.0,50285.44795464,9.3855421686747,8.875,8.875,30.455684000000005,9.206852409638554,1048.2976,1.12,"умеренный рост за счёт здравоохранения, инженерных и других сложных функций",2026,Медиана середины зарплатных вилок вакансий API «Работа России»,2026-08-13,106.0,13.03,14.43,Для профессий со специальным зарплатным срезом используется медиана предложений «Работы России»; иначе зарплата наследуется от группы. Результат не является обещанием числа вакансий
2030,6,Физиотерапевты,Специалисты высшей квалификации,5196.6,726.16,12.26,64522.0,84172.61643048,9.204819277108435,8.875,8.875,30.455684000000005,9.089382530120483,813.2992,1.12,"умеренный рост за счёт здравоохранения, инженерных и других сложных функций",2026,Медиана середины зарплатных вилок вакансий API «Работа России»,2026-08-13,420.0,12.2,13.53,Для профессий со специальным зарплатным срезом используется медиана предложений «Работы России»; иначе зарплата наследуется от группы. Результат не является обещанием числа вакансий
2030,7,Специалисты в области медицинских аспектов охраны труда и окружающей среды,Специалисты высшей квалификации,7981.23,1110.18,12.21,40640.0,53017.1899776,9.168674698795181,8.875,8.875,30.455684000000005,9.065888554216865,1243.4016000000001,1.12,"умеренный рост за счёт здравоохранения, инженерных и других сложных функций",2026,Медиана середины зарплатных вилок вакансий API «Работа России»,2026-08-13,1198.0,12.17,13.48,Для профессий со специальным зарплатным срезом используется медиана предложений «Работы России»; иначе зарплата наследуется от группы. Результат не является обещанием числа вакансий
2030,8,Ветеринарные врачи,Специалисты высшей квалификации,31769.11,4306.14,11.94,47500.0,61966.4499,9.096385542168674,8.875,8.875,30.455684000000005,9.018900602409637,4822.876800000001,1.12,"умеренный рост за счёт здравоохранения, инженерных и других сложных функций",2026,Медиана середины зарплатных вилок вакансий API «Работа России»,2026-08-13,1195.0,11.93,13.18,Для профессий со специальным зарплатным срезом используется медиана предложений «Работы России»; иначе зарплата наследуется от группы. Результат не является обещанием числа вакансий
2030,9,Специалисты по сбыту продукции (исключая информационно-коммуникационные технологии),Специалисты высшей квалификации,333714.47,42836.23,11.38,55400.0,72272.448936,8.987951807228917,8.875,8.875,30.455684000000005,8.948418674698795,47976.57760000001,1.12,"умеренный рост за счёт здравоохранения, инженерных и других сложных функций",2026,Медиана середины зарплатных вилок вакансий API «Работа России»,2026-08-13,16.0,11.38,12.57,Для профессий со специальным зарплатным срезом используется медиана предложений «Работы России»; иначе зарплата наследуется от группы. Результат не является обещанием числа вакансий
2030,10,"Операторы машин по производству текстильной, меховой и кожаной продукции","Операторы машин, сборщики и водители",38214.07,6454.81,14.45,55382.0,72248.96691288,9.53012048192771,7.75,7.75,30.455684000000005,8.907078313253013,6971.194800000001,1.08,умеренный рост: официальный кадровый прогноз указывает на высокий вес профессий со средним профессиональным образованием,2026,"Росстат 57-Т за октябрь 2025: точная составная группа ОКЗ, 57-Т",2026-08-13,1.0,14.44,15.43,Для профессий со специальным зарплатным срезом используется медиана предложений «Работы России»; иначе зарплата наследуется от группы. Результат не является обещанием числа вакансий
2030,11,Специалисты по медицинскому уходу,Специалисты высшей квалификации,45448.13,5783.7,11.29,86292.29075362365,124055.66435238316,8.91566265060241,8.875,8.875,43.762163768000015,8.901430722891565,6477.744000000001,1.12,"умеренный рост за счёт здравоохранения, инженерных и других сложных функций",2025,Средняя зарплата крупной профессиональной группы Росстата за октябрь 2025,,,11.28,12.47,Для профессий со специальным зарплатным срезом используется медиана предложений «Работы России»; иначе зарплата наследуется от группы. Результат не является обещанием числа вакансий
2030,12,Аудиологи и специалисты по развитию и восстановлению речи,Специалисты высшей квалификации,2690.66,330.81,10.95,86292.29075362365,124055.66435238316,8.843373493975903,8.875,8.875,43.762163768000015,8.854442771084337,370.5072,1.12,"умеренный рост за счёт здравоохранения, инженерных и других сложных функций",2025,Средняя зарплата крупной профессиональной группы Росстата за октябрь 2025,,,10.86,12.1,Для профессий со специальным зарплатным срезом используется медиана предложений «Работы России»; иначе зарплата наследуется от группы. Результат не является обещанием числа вакансий
2030,13,"Специалисты в области сельского, лесного и рыбного хозяйства",Специалисты высшей квалификации,47780.61,5521.76,10.36,86292.29075362365,124055.66435238316,8.626506024096386,8.875,8.875,43.762163768000015,8.713478915662652,6184.3712000000005,1.12,"умеренный рост за счёт здравоохранения, инженерных и других сложных функций",2025,Средняя зарплата крупной профессиональной группы Росстата за октябрь 2025,,,10.36,11.46,Для профессий со специальным зарплатным срезом используется медиана предложений «Работы России»; иначе зарплата наследуется от группы. Результат не является обещанием числа вакансий
2030,14,"Специалисты в области права, не входящие в другие группы",Специалисты высшей квалификации,34278.45,3943.51,10.32,86292.29075362365,124055.66435238316,8.590361445783133,8.875,8.875,43.762163768000015,8.689984939759036,4416.731200000001,1.12,"умеренный рост за счёт здравоохранения, инженерных и других сложных функций",2025,Средняя зарплата крупной профессиональной группы Росстата за октябрь 2025,,,10.31,11.41,Для профессий со специальным зарплатным срезом используется медиана предложений «Работы России»; иначе зарплата наследуется от группы. Результат не является обещанием числа вакансий
2030,15,Психологи,Специалисты высшей квалификации,31243.12,3563.57,10.24,86292.29075362365,124055.66435238316,8.481927710843372,8.875,8.875,43.762163768000015,8.619503012048193,3991.1984000000007,1.12,"умеренный рост за счёт здравоохранения, инженерных и других сложных функций",2025,Средняя зарплата крупной профессиональной группы Росстата за октябрь 2025,,,10.23,11.33,Для профессий со специальным зарплатным срезом используется медиана предложений «Работы России»; иначе зарплата наследуется от группы. Результат не является обещанием числа вакансий
2030,16,Статистики,Специалисты высшей квалификации,2906.95,331.45,10.24,86292.29075362365,124055.66435238316,8.44578313253012,8.875,8.875,43.762163768000015,8.596009036144578,371.22400000000005,1.12,"умеренный рост за счёт здравоохранения, инженерных и других сложных функций",2025,Средняя зарплата крупной профессиональной группы Росстата за октябрь 2025,,,10.17,11.32,Для профессий со специальным зарплатным срезом используется медиана предложений «Работы России»; иначе зарплата наследуется от группы. Результат не является обещанием числа вакансий
2030,17,Врачи-специалисты,Специалисты высшей квалификации,439766.85,49806.52,10.17,86292.29075362365,124055.66435238316,8.409638554216867,8.875,8.875,43.762163768000015,8.572515060240963,55783.3024,1.12,"умеренный рост за счёт здравоохранения, инженерных и других сложных функций",2025,Средняя зарплата крупной профессиональной группы Росстата за октябрь 2025,,,10.17,11.26,Для профессий со специальным зарплатным срезом используется медиана предложений «Работы России»; иначе зарплата наследуется от группы. Результат не является обещанием числа вакансий
2030,18,Водители грузового и пассажирского транспорта,"Операторы машин, сборщики и водители",676870.77,89632.86,11.69,78339.15258467232,112622.06083324004,8.951807228915662,7.75,7.75,43.762163768000015,8.53117469879518,96803.4888,1.08,умеренный рост: официальный кадровый прогноз указывает на высокий вес профессий со средним профессиональным образованием,2025,Средняя зарплата крупной профессиональной группы Росстата за октябрь 2025,,,11.69,12.51,Для профессий со специальным зарплатным срезом используется медиана предложений «Работы России»; иначе зарплата наследуется от группы. Результат не является обещанием числа вакансий
2030,19,Разработчики Web и мультимедийных приложений,Специалисты высшей квалификации,25444.66,2830.89,10.01,86292.29075362365,124055.66435238316,8.265060240963855,8.875,8.875,43.762163768000015,8.478539156626505,3170.5968000000003,1.12,"умеренный рост за счёт здравоохранения, инженерных и других сложных функций",2025,Средняя зарплата крупной профессиональной группы Росстата за октябрь 2025,,,10.0,11.08,Для профессий со специальным зарплатным срезом используется медиана предложений «Работы России»; иначе зарплата наследуется от группы. Результат не является обещанием числа вакансий
2030,20,Переводчики и другие лингвисты,Специалисты высшей квалификации,6287.39,697.65,9.99,86292.29075362365,124055.66435238316,8.192771084337348,8.875,8.875,43.762163768000015,8.431551204819277,781.368,1.12,"умеренный рост за счёт здравоохранения, инженерных и других сложных функций",2025,Средняя зарплата крупной профессиональной группы Росстата за октябрь 2025,,,9.96,11.05,Для профессий со специальным зарплатным срезом используется медиана предложений «Работы России»; иначе зарплата наследуется от группы. Результат не является обещанием числа вакансий
2030,21,Специалисты-техники по Web,Специалисты средней квалификации,6454.93,5145.29,44.36,69408.5576048949,99783.24425295564,10.0,5.5,5.5,43.762163768000015,8.425,5762.724800000001,1.12,умеренный рост в соответствии с официальным приоритетом кадров СПО,2025,Средняя зарплата крупной профессиональной группы Росстата за октябрь 2025,,,44.28,47.17,Для профессий со специальным зарплатным срезом используется медиана предложений «Работы России»; иначе зарплата наследуется от группы. Результат не является обещанием числа вакансий
2030,22,Операторы машин по переработке древесины и изготовлению бумаги,"Операторы машин, сборщики и водители",29554.64,3555.44,10.74,78339.15258467232,112622.06083324004,8.734939759036145,7.75,7.75,43.762163768000015,8.390210843373493,3839.8752000000004,1.08,умеренный рост: официальный кадровый прогноз указывает на высокий вес профессий со средним профессиональным образованием,2025,Средняя зарплата крупной профессиональной группы Росстата за октябрь 2025,,,10.73,11.5,Для профессий со специальным зарплатным срезом используется медиана предложений «Работы России»; иначе зарплата наследуется от группы. Результат не является обещанием числа вакансий
2030,23,Рабочие-отделочники и рабочие родственных занятий,"Промышленность, строительство и транспорт",249810.29,40122.94,13.84,78166.90311606236,112374.43127008747,9.313253012048193,6.625,6.625,43.762163768000015,8.372364457831326,39721.7106,0.99,"в 2027–2029 годах применён циклический дисконт из-за слабого роста ВВП, дорогого кредита и снижения строительства; затем — умеренная стабилизация",2025,Средняя зарплата крупной профессиональной группы Росстата за октябрь 2025,,,13.84,13.72,Для профессий со специальным зарплатным срезом используется медиана предложений «Работы России»; иначе зарплата наследуется от группы. Результат не является обещанием числа вакансий
2030,24,Специалисты в области организации и ведения социальной работы,Специалисты высшей квалификации,64659.26,7005.0,9.77,86292.29075362365,124055.66435238316,8.012048192771084,8.875,8.875,43.762163768000015,8.314081325301206,7845.6,1.12,"умеренный рост за счёт здравоохранения, инженерных и других сложных функций",2025,Средняя зарплата крупной профессиональной группы Росстата за октябрь 2025,,,9.77,10.82,Для профессий со специальным зарплатным срезом используется медиана предложений «Работы России»; иначе зарплата наследуется от группы. Результат не является обещанием числа вакансий
2030,25,Ландшафтные архитекторы,Специалисты высшей квалификации,744.15,79.78,9.68,86292.29075362365,124055.66435238316,7.975903614457831,8.875,8.875,43.762163768000015,8.29058734939759,89.35360000000001,1.12,"умеренный рост за счёт здравоохранения, инженерных и других сложных функций",2025,Средняя зарплата крупной профессиональной группы Росстата за октябрь 2025,,,9.44,10.72,Для профессий со специальным зарплатным срезом используется медиана предложений «Работы России»; иначе зарплата наследуется от группы. Результат не является обещанием числа вакансий
2030,26,Фармацевты,Специалисты средней квалификации,40852.8,7435.39,15.4,69408.5576048949,99783.24425295564,9.783132530120483,5.5,5.5,43.762163768000015,8.284036144578312,8327.636800000002,1.12,умеренный рост в соответствии с официальным приоритетом кадров СПО,2025,Средняя зарплата крупной профессиональной группы Росстата за октябрь 2025,,,15.4,16.93,Для профессий со специальным зарплатным срезом используется медиана предложений «Работы России»; иначе зарплата наследуется от группы. Результат не является обещанием числа вакансий
2030,27,"Рабочие ручного труда, производящие одежду и обувь","Промышленность, строительство и транспорт",44591.64,7001.83,13.57,78166.90311606236,112374.43127008747,9.132530120481928,6.625,6.625,43.762163768000015,8.254894578313253,6931.8117,0.99,"в 2027–2029 годах применён циклический дисконт из-за слабого роста ВВП, дорогого кредита и снижения строительства; затем — умеренная стабилизация",2025,Средняя зарплата крупной профессиональной группы Росстата за октябрь 2025,,,13.56,13.45,Для профессий со специальным зарплатным срезом используется медиана предложений «Работы России»; иначе зарплата наследуется от группы. Результат не является обещанием числа вакансий
2030,28,Специалисты по патентной работе и защите авторских прав,Специалисты высшей квалификации,3578.16,380.92,9.62,86292.29075362365,124055.66435238316,7.867469879518072,8.875,8.875,43.762163768000015,8.220105421686748,426.63040000000007,1.12,"умеренный рост за счёт здравоохранения, инженерных и других сложных функций",2025,Средняя зарплата крупной профессиональной группы Росстата за октябрь 2025,,,9.57,10.65,Для профессий со специальным зарплатным срезом используется медиана предложений «Работы России»; иначе зарплата наследуется от группы. Результат не является обещанием числа вакансий
2030,29,Ветеринарные фельдшеры,Специалисты средней квалификации,10262.63,1762.24,14.65,69408.5576048949,99783.24425295564,9.674698795180722,5.5,5.5,43.762163768000015,8.21355421686747,1973.7088,1.12,умеренный рост в соответствии с официальным приоритетом кадров СПО,2025,Средняя зарплата крупной профессиональной группы Росстата за октябрь 2025,,,14.63,16.13,Для профессий со специальным зарплатным срезом используется медиана предложений «Работы России»; иначе зарплата наследуется от группы. Результат не является обещанием числа вакансий
2030,30,Рабочие строительных и родственных занятий,"Промышленность, строительство и транспорт",417619.3,62554.11,13.03,78166.90311606236,112374.43127008747,9.060240963855422,6.625,6.625,43.762163768000015,8.207906626506023,61928.5689,0.99,"в 2027–2029 годах применён циклический дисконт из-за слабого роста ВВП, дорогого кредита и снижения строительства; затем — умеренная стабилизация",2025,Средняя зарплата крупной профессиональной группы Росстата за октябрь 2025,,,13.03,12.91,Для профессий со специальным зарплатным срезом используется медиана предложений «Работы России»; иначе зарплата наследуется от группы. Результат не является обещанием числа вакансий
2030,31,Архитекторы зданий и сооружений,Специалисты высшей квалификации,15834.32,1681.75,9.6,86292.29075362365,124055.66435238316,7.831325301204819,8.875,8.875,43.762163768000015,8.196611445783132,1883.5600000000002,1.12,"умеренный рост за счёт здравоохранения, инженерных и других сложных функций",2025,Средняя зарплата крупной профессиональной группы Росстата за октябрь 2025,,,9.59,10.63,Для профессий со специальным зарплатным срезом используется медиана предложений «Работы России»; иначе зарплата наследуется от группы. Результат не является обещанием числа вакансий
2030,32,"Геодезисты, картографы и топографы",Специалисты высшей квалификации,28056.28,2954.47,9.53,86292.29075362365,124055.66435238316,7.7951807228915655,8.875,8.875,43.762163768000015,8.173117469879518,3309.0064,1.12,"умеренный рост за счёт здравоохранения, инженерных и других сложных функций",2025,Средняя зарплата крупной профессиональной группы Росстата за октябрь 2025,,,9.52,10.55,Для профессий со специальным зарплатным срезом используется медиана предложений «Работы России»; иначе зарплата наследуется от группы. Результат не является обещанием числа вакансий
2030,33,Шеф-повара,Специалисты средней квалификации,30106.14,5063.79,14.4,69408.5576048949,99783.24425295564,9.602409638554217,5.5,5.5,43.762163768000015,8.166566265060242,5671.4448,1.12,умеренный рост в соответствии с официальным приоритетом кадров СПО,2025,Средняя зарплата крупной профессиональной группы Росстата за октябрь 2025,,,14.39,15.85,Для профессий со специальным зарплатным срезом используется медиана предложений «Работы России»; иначе зарплата наследуется от группы. Результат не является обещанием числа вакансий
2030,34,Инженеры по гражданскому строительству,Специалисты высшей квалификации,99841.52,10465.24,9.49,86292.29075362365,124055.66435238316,7.759036144578314,8.875,8.875,43.762163768000015,8.149623493975904,11721.068800000001,1.12,"умеренный рост за счёт здравоохранения, инженерных и других сложных функций",2025,Средняя зарплата крупной профессиональной группы Росстата за октябрь 2025,,,9.49,10.51,Для профессий со специальным зарплатным срезом используется медиана предложений «Работы России»; иначе зарплата наследуется от группы. Результат не является обещанием числа вакансий
2030,35,Рабочие пищевой промышленности и рабочие родственных занятий,"Промышленность, строительство и транспорт",231279.5,32269.14,12.24,78166.90311606236,112374.43127008747,8.879518072289157,6.625,6.625,43.762163768000015,8.090436746987953,31946.4486,0.99,"в 2027–2029 годах применён циклический дисконт из-за слабого роста ВВП, дорогого кредита и снижения строительства; затем — умеренная стабилизация",2025,Средняя зарплата крупной профессиональной группы Росстата за октябрь 2025,,,12.24,12.14,Для профессий со специальным зарплатным срезом используется медиана предложений «Работы России»; иначе зарплата наследуется от группы. Результат не является обещанием числа вакансий
2030,36,Операторы подвижного оборудования,"Операторы машин, сборщики и водители",474888.55,54728.23,10.33,78339.15258467232,112622.06083324004,8.228915662650603,7.75,7.75,43.762163768000015,8.061295180722892,59106.48840000001,1.08,умеренный рост: официальный кадровый прогноз указывает на высокий вес профессий со средним профессиональным образованием,2025,Средняя зарплата крупной профессиональной группы Росстата за октябрь 2025,,,10.33,11.07,Для профессий со специальным зарплатным срезом используется медиана предложений «Работы России»; иначе зарплата наследуется от группы. Результат не является обещанием числа вакансий
2030,37,Системные аналитики,Специалисты высшей квалификации,49571.73,5070.93,9.28,86292.29075362365,124055.66435238316,7.614457831325302,8.875,8.875,43.762163768000015,8.055647590361446,5679.441600000001,1.12,"умеренный рост за счёт здравоохранения, инженерных и других сложных функций",2025,Средняя зарплата крупной профессиональной группы Росстата за октябрь 2025,,,9.28,10.28,Для профессий со специальным зарплатным срезом используется медиана предложений «Работы России»; иначе зарплата наследуется от группы. Результат не является обещанием числа вакансий
2030,38,Специалисты-техники по лесному хозяйству и лесозаготовительному производству,Специалисты средней квалификации,4510.66,680.6,13.11,69408.5576048949,99783.24425295564,9.421686746987952,5.5,5.5,43.762163768000015,8.049096385542168,762.272,1.12,умеренный рост в соответствии с официальным приоритетом кадров СПО,2025,Средняя зарплата крупной профессиональной группы Росстата за октябрь 2025,,,13.08,14.46,Для профессий со специальным зарплатным срезом используется медиана предложений «Работы России»; иначе зарплата наследуется от группы. Результат не является обещанием числа вакансий
2030,39,Специалисты в области защиты окружающей среды,Специалисты высшей квалификации,10727.3,1071.53,9.08,86292.29075362365,124055.66435238316,7.506024096385542,8.875,8.875,43.762163768000015,7.985165662650602,1200.1136000000001,1.12,"умеренный рост за счёт здравоохранения, инженерных и других сложных функций",2025,Средняя зарплата крупной профессиональной группы Росстата за октябрь 2025,,,9.07,10.06,Для профессий со специальным зарплатным срезом используется медиана предложений «Работы России»; иначе зарплата наследуется от группы. Результат не является обещанием числа вакансий
2030,40,Операторы машин по обработке пищевых и аналогичных продуктов,"Операторы машин, сборщики и водители",88059.62,10052.93,10.25,78339.15258467232,112622.06083324004,8.08433734939759,7.75,7.75,43.762163768000015,7.967319277108433,10857.164400000001,1.08,умеренный рост: официальный кадровый прогноз указывает на высокий вес профессий со средним профессиональным образованием,2025,Средняя зарплата крупной профессиональной группы Росстата за октябрь 2025,,,10.25,10.98,Для профессий со специальным зарплатным срезом используется медиана предложений «Работы России»; иначе зарплата наследуется от группы. Результат не является обещанием числа вакансий
2030,41,Электромонтажники и ремонтники электрического оборудования,"Промышленность, строительство и транспорт",490322.23,64251.65,11.59,78166.90311606236,112374.43127008747,8.662650602409638,6.625,6.625,43.762163768000015,7.949472891566265,63609.1335,0.99,"в 2027–2029 годах применён циклический дисконт из-за слабого роста ВВП, дорогого кредита и снижения строительства; затем — умеренная стабилизация",2025,Средняя зарплата крупной профессиональной группы Росстата за октябрь 2025,,,11.59,11.48,Для профессий со специальным зарплатным срезом используется медиана предложений «Работы России»; иначе зарплата наследуется от группы. Результат не является обещанием числа вакансий
2030,42,Графические и мультимедийные дизайнеры,Специалисты высшей квалификации,21266.7,2117.0,9.05,86292.29075362365,124055.66435238316,7.433734939759036,8.875,8.875,43.762163768000015,7.938177710843373,2371.0400000000004,1.12,"умеренный рост за счёт здравоохранения, инженерных и других сложных функций",2025,Средняя зарплата крупной профессиональной группы Росстата за октябрь 2025,,,9.04,10.03,Для профессий со специальным зарплатным срезом используется медиана предложений «Работы России»; иначе зарплата наследуется от группы. Результат не является обещанием числа вакансий
2030,43,Рабочие полиграфического производства,"Промышленность, строительство и транспорт",21705.35,2823.04,11.51,78166.90311606236,112374.43127008747,8.55421686746988,6.625,6.625,43.762163768000015,7.878990963855422,2794.8096,0.99,"в 2027–2029 годах применён циклический дисконт из-за слабого роста ВВП, дорогого кредита и снижения строительства; затем — умеренная стабилизация",2025,Средняя зарплата крупной профессиональной группы Росстата за октябрь 2025,,,11.5,11.41,Для профессий со специальным зарплатным срезом используется медиана предложений «Работы России»; иначе зарплата наследуется от группы. Результат не является обещанием числа вакансий
2030,44,Служащие по проведению опросов потребителей,Офисные и учётные служащие,1314.4,298.84,18.52,54045.78718009234,77697.3930755491,9.74698795180723,4.375,4.375,43.762163768000015,7.866792168674698,265.9676,0.89,наиболее заметное снижение из-за цифровизации стандартных операций,2025,Средняя зарплата крупной профессиональной группы Росстата за октябрь 2025,,,18.3,16.83,Для профессий со специальным зарплатным срезом используется медиана предложений «Работы России»; иначе зарплата наследуется от группы. Результат не является обещанием числа вакансий
2030,45,Кассиры банков и работники других родственных занятий,Офисные и учётные служащие,51902.3,10817.59,17.25,54045.78718009234,77697.3930755491,9.566265060240964,4.375,4.375,43.762163768000015,7.749322289156626,9627.6551,0.89,наиболее заметное снижение из-за цифровизации стандартных операций,2025,Средняя зарплата крупной профессиональной группы Росстата за октябрь 2025,,,17.24,15.65,Для профессий со специальным зарплатным срезом используется медиана предложений «Работы России»; иначе зарплата наследуется от группы. Результат не является обещанием числа вакансий
2030,46,Геологи и геофизики,Специалисты высшей квалификации,28986.0,2663.82,8.42,86292.29075362365,124055.66435238316,7.0,8.875,8.875,43.762163768000015,7.656249999999999,2983.4784000000004,1.12,"умеренный рост за счёт здравоохранения, инженерных и других сложных функций",2025,Средняя зарплата крупной профессиональной группы Росстата за октябрь 2025,,,8.42,9.33,Для профессий со специальным зарплатным срезом используется медиана предложений «Работы России»; иначе зарплата наследуется от группы. Результат не является обещанием числа вакансий
2030,47,Кондукторы общественного транспорта,"Обслуживание, торговля и охрана",20933.31,9846.92,31.99,48161.539778495455,69238.07168955111,9.963855421686747,3.25,3.25,43.762163768000036,7.614006024096386,10142.3276,1.03,почти стабильный спрос с небольшим ростом,2025,Средняя зарплата крупной профессиональной группы Росстата за октябрь 2025,,,31.97,32.64,Для профессий со специальным зарплатным срезом используется медиана предложений «Работы России»; иначе зарплата наследуется от группы. Результат не является обещанием числа вакансий
2030,48,Метеорологи,Специалисты высшей квалификации,5908.32,533.74,8.29,86292.29075362365,124055.66435238316,6.927710843373494,8.875,8.875,43.762163768000015,7.609262048192771,597.7888,1.12,"умеренный рост за счёт здравоохранения, инженерных и других сложных функций",2025,Средняя зарплата крупной профессиональной группы Росстата за октябрь 2025,,,8.27,9.19,Для профессий со специальным зарплатным срезом используется медиана предложений «Работы России»; иначе зарплата наследуется от группы. Результат не является обещанием числа вакансий
2030,49,"Букмекеры, крупье и работники родственных занятий в сфере азартных игр",Офисные и учётные служащие,762.5,141.71,15.67,54045.78718009234,77697.3930755491,9.349397590361445,4.375,4.375,43.762163768000015,7.6083584337349395,126.12190000000001,0.89,наиболее заметное снижение из-за цифровизации стандартных операций,2025,Средняя зарплата крупной профессиональной группы Росстата за октябрь 2025,,,15.38,14.19,Для профессий со специальным зарплатным срезом используется медиана предложений «Работы России»; иначе зарплата наследуется от группы. Результат не является обещанием числа вакансий
2030,50,Средний медицинский персонал скорой помощи,Специалисты средней квалификации,97927.77,11352.84,10.39,69408.5576048949,99783.24425295564,8.698795180722891,5.5,5.5,43.762163768000015,7.579216867469879,12715.180800000002,1.12,умеренный рост в соответствии с официальным приоритетом кадров СПО,2025,Средняя зарплата крупной профессиональной группы Росстата за октябрь 2025,,,10.39,11.49,Для профессий со специальным зарплатным срезом используется медиана предложений «Работы России»; иначе зарплата наследуется от группы. Результат не является обещанием числа вакансий
2030,51,"Водители легковых автомобилей, фургонов и мотоциклов","Операторы машин, сборщики и водители",561198.36,58047.79,9.37,78339.15258467232,112622.06083324004,7.469879518072289,7.75,7.75,43.762163768000015,7.567921686746987,62691.61320000001,1.08,умеренный рост: официальный кадровый прогноз указывает на высокий вес профессий со средним профессиональным образованием,2025,Средняя зарплата крупной профессиональной группы Росстата за октябрь 2025,,,9.37,10.05,Для профессий со специальным зарплатным срезом используется медиана предложений «Работы России»; иначе зарплата наследуется от группы. Результат не является обещанием числа вакансий
2030,52,Телефонисты,Офисные и учётные служащие,14674.17,2610.71,15.1,54045.78718009234,77697.3930755491,9.27710843373494,4.375,4.375,43.762163768000015,7.561370481927711,2323.5319,0.89,наиболее заметное снижение из-за цифровизации стандартных операций,2025,Средняя зарплата крупной профессиональной группы Росстата за октябрь 2025,,,15.09,13.67,Для профессий со специальным зарплатным срезом используется медиана предложений «Работы России»; иначе зарплата наследуется от группы. Результат не является обещанием числа вакансий
2030,53,"Операторы машин по производству изделий из резины, пластмасс и бумаги","Операторы машин, сборщики и водители",55505.09,5635.81,9.22,78339.15258467232,112622.06083324004,7.36144578313253,7.75,7.75,43.762163768000015,7.497439759036144,6086.674800000001,1.08,умеренный рост: официальный кадровый прогноз указывает на высокий вес профессий со средним профессиональным образованием,2025,Средняя зарплата крупной профессиональной группы Росстата за октябрь 2025,,,9.22,9.88,Для профессий со специальным зарплатным срезом используется медиана предложений «Работы России»; иначе зарплата наследуется от группы. Результат не является обещанием числа вакансий
2030,54,Специалисты в области подготовки и развития персонала,Специалисты высшей квалификации,31645.7,2683.42,7.82,86292.29075362365,124055.66435238316,6.746987951807228,8.875,8.875,43.762163768000015,7.491792168674699,3005.4304,1.12,"умеренный рост за счёт здравоохранения, инженерных и других сложных функций",2025,Средняя зарплата крупной профессиональной группы Росстата за октябрь 2025,,,7.82,8.67,Для профессий со специальным зарплатным срезом используется медиана предложений «Работы России»; иначе зарплата наследуется от группы. Результат не является обещанием числа вакансий
2030,55,Инженеры-химики,Специалисты высшей квалификации,39303.84,3332.37,7.82,86292.29075362365,124055.66435238316,6.710843373493976,8.875,8.875,43.762163768000015,7.468298192771084,3732.2544000000003,1.12,"умеренный рост за счёт здравоохранения, инженерных и других сложных функций",2025,Средняя зарплата крупной профессиональной группы Росстата за октябрь 2025,,,7.82,8.67,Для профессий со специальным зарплатным срезом используется медиана предложений «Работы России»; иначе зарплата наследуется от группы. Результат не является обещанием числа вакансий
2030,56,"Формовщики, сварщики, вальцовщики, подготовители конструкционного металла и рабочие родственных занятий","Промышленность, строительство и транспорт",399740.94,48322.58,10.78,78166.90311606236,112374.43127008747,7.903614457831325,6.625,6.625,43.762163768000015,7.456099397590361,47839.3542,0.99,"в 2027–2029 годах применён циклический дисконт из-за слабого роста ВВП, дорогого кредита и снижения строительства; затем — умеренная стабилизация",2025,Средняя зарплата крупной профессиональной группы Росстата за октябрь 2025,,,10.78,10.69,Для профессий со специальным зарплатным срезом используется медиана предложений «Работы России»; иначе зарплата наследуется от группы. Результат не является обещанием числа вакансий
2030,57,Члены судовых команд и рабочие родственных занятий,"Операторы машин, сборщики и водители",33842.77,3368.94,9.05,78339.15258467232,112622.06083324004,7.289156626506024,7.75,7.75,43.762163768000015,7.450451807228916,3638.4552000000003,1.08,умеренный рост: официальный кадровый прогноз указывает на высокий вес профессий со средним профессиональным образованием,2025,Средняя зарплата крупной профессиональной группы Росстата за октябрь 2025,,,9.05,9.71,Для профессий со специальным зарплатным срезом используется медиана предложений «Работы России»; иначе зарплата наследуется от группы. Результат не является обещанием числа вакансий
2030,58,Специалисты по рекламе и маркетингу,Специалисты высшей квалификации,72729.03,6089.22,7.73,86292.29075362365,124055.66435238316,6.63855421686747,8.875,8.875,43.762163768000015,7.421310240963856,6819.926400000001,1.12,"умеренный рост за счёт здравоохранения, инженерных и других сложных функций",2025,Средняя зарплата крупной профессиональной группы Росстата за октябрь 2025,,,7.73,8.57,Для профессий со специальным зарплатным срезом используется медиана предложений «Работы России»; иначе зарплата наследуется от группы. Результат не является обещанием числа вакансий
2030,59,Разносчики и сортировщики почты,Офисные и учётные служащие,93302.36,15507.37,14.25,54045.78718009234,77697.3930755491,9.024096385542169,4.375,4.375,43.762163768000015,7.39691265060241,13801.5593,0.89,наиболее заметное снижение из-за цифровизации стандартных операций,2025,Средняя зарплата крупной профессиональной группы Росстата за октябрь 2025,,,14.25,12.89,Для профессий со специальным зарплатным срезом используется медиана предложений «Работы России»; иначе зарплата наследуется от группы. Результат не является обещанием числа вакансий
2030,60,Специалисты по акушерству,Специалисты высшей квалификации,24246.89,2027.17,7.72,86292.29075362365,124055.66435238316,6.566265060240964,8.875,8.875,43.762163768000015,7.374322289156627,2270.4304,1.12,"умеренный рост за счёт здравоохранения, инженерных и других сложных функций",2025,Средняя зарплата крупной профессиональной группы Росстата за октябрь 2025,,,7.72,8.56,Для профессий со специальным зарплатным срезом используется медиана предложений «Работы России»; иначе зарплата наследуется от группы. Результат не является обещанием числа вакансий
2030,61,"Агенты по коммерческим услугам, не входящие в другие группы",Специалисты средней квалификации,8132.63,918.11,10.14,69408.5576048949,99783.24425295564,8.373493975903614,5.5,5.5,43.762163768000015,7.36777108433735,1028.2832,1.12,умеренный рост в соответствии с официальным приоритетом кадров СПО,2025,Средняя зарплата крупной профессиональной группы Росстата за октябрь 2025,,,10.13,11.22,Для профессий со специальным зарплатным срезом используется медиана предложений «Работы России»; иначе зарплата наследуется от группы. Результат не является обещанием числа вакансий
2030,62,"Маляры, рабочие по очистке поверхностей зданий и сооружений и родственных занятий","Промышленность, строительство и транспорт",80544.63,9456.95,10.51,78166.90311606236,112374.43127008747,7.72289156626506,6.625,6.625,43.762163768000015,7.338629518072289,9362.380500000001,0.99,"в 2027–2029 годах применён циклический дисконт из-за слабого роста ВВП, дорогого кредита и снижения строительства; затем — умеренная стабилизация",2025,Средняя зарплата крупной профессиональной группы Росстата за октябрь 2025,,,10.51,10.41,Для профессий со специальным зарплатным срезом используется медиана предложений «Работы России»; иначе зарплата наследуется от группы. Результат не является обещанием числа вакансий
2030,63,Сборщики,"Операторы машин, сборщики и водители",260596.46,25504.05,8.91,78339.15258467232,112622.06083324004,7.108433734939759,7.75,7.75,43.762163768000015,7.332981927710843,27544.374,1.08,умеренный рост: официальный кадровый прогноз указывает на высокий вес профессий со средним профессиональным образованием,2025,Средняя зарплата крупной профессиональной группы Росстата за октябрь 2025,,,8.91,9.56,Для профессий со специальным зарплатным срезом используется медиана предложений «Работы России»; иначе зарплата наследуется от группы. Результат не является обещанием числа вакансий
2030,64,Средний юридический персонал,Специалисты средней квалификации,6021.33,670.86,10.02,69408.5576048949,99783.24425295564,8.301204819277109,5.5,5.5,43.762163768000015,7.320783132530121,751.3632000000001,1.12,умеренный рост в соответствии с официальным приоритетом кадров СПО,2025,Средняя зарплата крупной профессиональной группы Росстата за октябрь 2025,,,10.01,11.09,Для профессий со специальным зарплатным срезом используется медиана предложений «Работы России»; иначе зарплата наследуется от группы. Результат не является обещанием числа вакансий
2030,65,Официанты,"Обслуживание, торговля и охрана",26886.02,4436.24,14.16,48161.539778495455,69238.07168955111,9.457831325301205,3.25,3.25,43.762163768000036,7.285090361445784,4569.3272,1.03,почти стабильный спрос с небольшим ростом,2025,Средняя зарплата крупной профессиональной группы Росстата за октябрь 2025,,,14.16,14.53,Для профессий со специальным зарплатным срезом используется медиана предложений «Работы России»; иначе зарплата наследуется от группы. Результат не является обещанием числа вакансий
2030,66,Медицинские оптики-оптометристы,Специалисты средней квалификации,914.13,100.8,9.93,69408.5576048949,99783.24425295564,8.156626506024097,5.5,5.5,43.762163768000015,7.226807228915664,112.896,1.12,умеренный рост в соответствии с официальным приоритетом кадров СПО,2025,Средняя зарплата крупной профессиональной группы Росстата за октябрь 2025,,,9.86,10.99,Для профессий со специальным зарплатным срезом используется медиана предложений «Работы России»; иначе зарплата наследуется от группы. Результат не является обещанием числа вакансий
2030,67,"Рабочие, занятые изготовлением прецизионных инструментов и приборов, рабочие художественных промыслов","Промышленность, строительство и транспорт",26978.74,3066.04,10.2,78166.90311606236,112374.43127008747,7.542168674698796,6.625,6.625,43.762163768000015,7.221159638554218,3035.3795999999998,0.99,"в 2027–2029 годах применён циклический дисконт из-за слабого роста ВВП, дорогого кредита и снижения строительства; затем — умеренная стабилизация",2025,Средняя зарплата крупной профессиональной группы Росстата за октябрь 2025,,,10.2,10.11,Для профессий со специальным зарплатным срезом используется медиана предложений «Работы России»; иначе зарплата наследуется от группы. Результат не является обещанием числа вакансий
2030,68,Операторы по управлению технологическими процессами в химическом производстве,Специалисты средней квалификации,33627.15,3706.96,9.93,69408.5576048949,99783.24425295564,8.120481927710843,5.5,5.5,43.762163768000015,7.203313253012047,4151.7952000000005,1.12,умеренный рост в соответствии с официальным приоритетом кадров СПО,2025,Средняя зарплата крупной профессиональной группы Росстата за октябрь 2025,,,9.93,10.99,Для профессий со специальным зарплатным срезом используется медиана предложений «Работы России»; иначе зарплата наследуется от группы. Результат не является обещанием числа вакансий
2030,69,"Товарные производители огородных, плодовых и полевых культур",Сельское и лесное хозяйство,34815.1,8666.15,19.93,47973.921731658804,68968.34792579948,9.891566265060241,2.125,2.125,43.762163768000015,7.173268072289156,8752.8115,1.01,почти неизменный спрос: малая численность не превращается автоматически в быстрый рост всей отрасли,2025,Средняя зарплата крупной профессиональной группы Росстата за октябрь 2025,,,19.92,20.09,Для профессий со специальным зарплатным срезом используется медиана предложений «Работы России»; иначе зарплата наследуется от группы. Результат не является обещанием числа вакансий
2030,70,Лесоводы и работники родственных занятий,Сельское и лесное хозяйство,15417.43,3303.59,17.65,47973.921731658804,68968.34792579948,9.855421686746988,2.125,2.125,43.762163768000015,7.149774096385542,3336.6259,1.01,почти неизменный спрос: малая численность не превращается автоматически в быстрый рост всей отрасли,2025,Средняя зарплата крупной профессиональной группы Росстата за октябрь 2025,,,17.64,17.79,Для профессий со специальным зарплатным срезом используется медиана предложений «Работы России»; иначе зарплата наследуется от группы. Результат не является обещанием числа вакансий
2030,71,Операторы установок по переработке химического сырья и операторы машин по производству фотографической продукции,"Операторы машин, сборщики и водители",151259.83,13405.94,8.14,78339.15258467232,112622.06083324004,6.819277108433735,7.75,7.75,43.762163768000015,7.145030120481928,14478.415200000001,1.08,умеренный рост: официальный кадровый прогноз указывает на высокий вес профессий со средним профессиональным образованием,2025,Средняя зарплата крупной профессиональной группы Росстата за октябрь 2025,,,8.14,8.74,Для профессий со специальным зарплатным срезом используется медиана предложений «Работы России»; иначе зарплата наследуется от группы. Результат не является обещанием числа вакансий
2030,72,Работники ритуальных услуг,"Обслуживание, торговля и охрана",948.61,145.14,13.27,48161.539778495455,69238.07168955111,9.240963855421686,3.25,3.25,43.762163768000036,7.144126506024096,149.49419999999998,1.03,почти стабильный спрос с небольшим ростом,2025,Средняя зарплата крупной профессиональной группы Росстата за октябрь 2025,,,13.16,13.61,Для профессий со специальным зарплатным срезом используется медиана предложений «Работы России»; иначе зарплата наследуется от группы. Результат не является обещанием числа вакансий
2030,73,Инженеры по охране окружающей среды,Специалисты высшей квалификации,20680.22,1643.42,7.36,86292.29075362365,124055.66435238316,6.204819277108434,8.875,8.875,43.762163768000015,7.139382530120482,1840.6304000000002,1.12,"умеренный рост за счёт здравоохранения, инженерных и других сложных функций",2025,Средняя зарплата крупной профессиональной группы Росстата за октябрь 2025,,,7.36,8.17,Для профессий со специальным зарплатным срезом используется медиана предложений «Работы России»; иначе зарплата наследуется от группы. Результат не является обещанием числа вакансий
2030,74,"Инструкторы фитнес-клубов, спортивных зон отдыха и организаторы спортивных программ",Специалисты средней квалификации,9353.55,1002.74,9.68,69408.5576048949,99783.24425295564,7.9397590361445785,5.5,5.5,43.762163768000015,7.085843373493976,1123.0688,1.12,умеренный рост в соответствии с официальным приоритетом кадров СПО,2025,Средняя зарплата крупной профессиональной группы Росстата за октябрь 2025,,,9.67,10.72,Для профессий со специальным зарплатным срезом используется медиана предложений «Работы России»; иначе зарплата наследуется от группы. Результат не является обещанием числа вакансий
2030,75,Проектировщики-градостроители и проектировщики транспортных узлов,Специалисты высшей квалификации,27542.48,2142.68,7.22,86292.29075362365,124055.66435238316,6.024096385542168,8.875,8.875,43.762163768000015,7.02191265060241,2399.8016000000002,1.12,"умеренный рост за счёт здравоохранения, инженерных и других сложных функций",2025,Средняя зарплата крупной профессиональной группы Росстата за октябрь 2025,,,7.22,8.01,Для профессий со специальным зарплатным срезом используется медиана предложений «Работы России»; иначе зарплата наследуется от группы. Результат не является обещанием числа вакансий
2030,76,"Работники рыбоводства и рыболовства, охотники-стрелки и охотники-трапперы (капканщики)",Сельское и лесное хозяйство,6602.04,1232.35,15.73,47973.921731658804,68968.34792579948,9.638554216867469,2.125,2.125,43.762163768000015,7.0088102409638555,1244.6734999999999,1.01,почти неизменный спрос: малая численность не превращается автоматически в быстрый рост всей отрасли,2025,Средняя зарплата крупной профессиональной группы Росстата за октябрь 2025,,,15.72,15.86,Для профессий со специальным зарплатным срезом используется медиана предложений «Работы России»; иначе зарплата наследуется от группы. Результат не является обещанием числа вакансий
2030,77,"Деревообработчики, краснодеревщики и рабочие родственных занятий","Промышленность, строительство и транспорт",25947.59,2789.71,9.71,78166.90311606236,112374.43127008747,7.180722891566265,6.625,6.625,43.762163768000015,6.986219879518072,2761.8129,0.99,"в 2027–2029 годах применён циклический дисконт из-за слабого роста ВВП, дорогого кредита и снижения строительства; затем — умеренная стабилизация",2025,Средняя зарплата крупной профессиональной группы Росстата за октябрь 2025,,,9.72,9.62,Для профессий со специальным зарплатным срезом используется медиана предложений «Работы России»; иначе зарплата наследуется от группы. Результат не является обещанием числа вакансий
2030,78,Инженеры-электроники,Специалисты высшей квалификации,74539.94,5754.74,7.17,86292.29075362365,124055.66435238316,5.951807228915662,8.875,8.875,43.762163768000015,6.9749246987951805,6445.308800000001,1.12,"умеренный рост за счёт здравоохранения, инженерных и других сложных функций",2025,Средняя зарплата крупной профессиональной группы Росстата за октябрь 2025,,,7.17,7.96,Для профессий со специальным зарплатным срезом используется медиана предложений «Работы России»; иначе зарплата наследуется от группы. Результат не является обещанием числа вакансий
2030,79,Инженеры-электрики,Специалисты высшей квалификации,98947.27,7569.62,7.11,86292.29075362365,124055.66435238316,5.9156626506024095,8.875,8.875,43.762163768000015,6.951430722891567,8477.974400000001,1.12,"умеренный рост за счёт здравоохранения, инженерных и других сложных функций",2025,Средняя зарплата крупной профессиональной группы Росстата за октябрь 2025,,,7.11,7.89,Для профессий со специальным зарплатным срезом используется медиана предложений «Работы России»; иначе зарплата наследуется от группы. Результат не является обещанием числа вакансий
2030,80,Служащие контактных информационных центров,Офисные и учётные служащие,82707.99,11644.12,12.34,54045.78718009234,77697.3930755491,8.337349397590362,4.375,4.375,43.762163768000015,6.950527108433735,10363.266800000001,0.89,наиболее заметное снижение из-за цифровизации стандартных операций,2025,Средняя зарплата крупной профессиональной группы Росстата за октябрь 2025,,,12.34,11.13,Для профессий со специальным зарплатным срезом используется медиана предложений «Работы России»; иначе зарплата наследуется от группы. Результат не является обещанием числа вакансий
2030,81,Операторы установок по выработке электроэнергии,Специалисты средней квалификации,14501.79,1504.98,9.4,69408.5576048949,99783.24425295564,7.686746987951808,5.5,5.5,43.762163768000015,6.921385542168675,1685.5776,1.12,умеренный рост в соответствии с официальным приоритетом кадров СПО,2025,Средняя зарплата крупной профессиональной группы Росстата за октябрь 2025,,,9.4,10.41,Для профессий со специальным зарплатным срезом используется медиана предложений «Работы России»; иначе зарплата наследуется от группы. Результат не является обещанием числа вакансий
2030,82,Оценщики и эксперты,Специалисты высшей квалификации,20984.21,1596.49,7.07,86292.29075362365,124055.66435238316,5.843373493975903,8.875,8.875,43.762163768000015,6.904442771084337,1788.0688000000002,1.12,"умеренный рост за счёт здравоохранения, инженерных и других сложных функций",2025,Средняя зарплата крупной профессиональной группы Росстата за октябрь 2025,,,7.07,7.85,Для профессий со специальным зарплатным срезом используется медиана предложений «Работы России»; иначе зарплата наследуется от группы. Результат не является обещанием числа вакансий
2030,83,Фотографы (художественные),Специалисты средней квалификации,3195.19,327.46,9.3,69408.5576048949,99783.24425295564,7.650602409638554,5.5,5.5,43.762163768000015,6.897891566265061,366.7552,1.12,умеренный рост в соответствии с официальным приоритетом кадров СПО,2025,Средняя зарплата крупной профессиональной группы Росстата за октябрь 2025,,,9.28,10.3,Для профессий со специальным зарплатным срезом используется медиана предложений «Работы России»; иначе зарплата наследуется от группы. Результат не является обещанием числа вакансий
2030,84,Косметологи и работники родственных занятий,"Обслуживание, торговля и охрана",1058.07,139.31,11.63,48161.539778495455,69238.07168955111,8.807228915662652,3.25,3.25,43.762163768000036,6.862198795180724,143.48930000000001,1.03,почти стабильный спрос с небольшим ростом,2025,Средняя зарплата крупной профессиональной группы Росстата за октябрь 2025,,,11.56,11.94,Для профессий со специальным зарплатным срезом используется медиана предложений «Работы России»; иначе зарплата наследуется от группы. Результат не является обещанием числа вакансий
2030,85,"Грумеры и другие работники, ухаживающие за животными","Обслуживание, торговля и охрана",9386.94,1184.22,11.2,48161.539778495455,69238.07168955111,8.771084337349397,3.25,3.25,43.762163768000036,6.838704819277108,1219.7466000000002,1.03,почти стабильный спрос с небольшим ростом,2025,Средняя зарплата крупной профессиональной группы Росстата за октябрь 2025,,,11.19,11.5,Для профессий со специальным зарплатным срезом используется медиана предложений «Работы России»; иначе зарплата наследуется от группы. Результат не является обещанием числа вакансий
2030,86,Системные администраторы,Специалисты высшей квалификации,64846.06,4778.07,6.86,86292.29075362365,124055.66435238316,5.626506024096385,8.875,8.875,43.762163768000015,6.76347891566265,5351.4384,1.12,"умеренный рост за счёт здравоохранения, инженерных и других сложных функций",2025,Средняя зарплата крупной профессиональной группы Росстата за октябрь 2025,,,6.86,7.62,Для профессий со специальным зарплатным срезом используется медиана предложений «Работы России»; иначе зарплата наследуется от группы. Результат не является обещанием числа вакансий
2030,87,Юристы,Специалисты высшей квалификации,89292.04,6549.04,6.83,86292.29075362365,124055.66435238316,5.590361445783133,8.875,8.875,43.762163768000015,6.739984939759036,7334.924800000001,1.12,"умеренный рост за счёт здравоохранения, инженерных и других сложных функций",2025,Средняя зарплата крупной профессиональной группы Росстата за октябрь 2025,,,6.83,7.59,Для профессий со специальным зарплатным срезом используется медиана предложений «Работы России»; иначе зарплата наследуется от группы. Результат не является обещанием числа вакансий
2030,88,Работники общественного здоровья,Специалисты средней квалификации,1517.35,150.77,9.04,69408.5576048949,99783.24425295564,7.397590361445783,5.5,5.5,43.762163768000015,6.733433734939759,168.86240000000004,1.12,умеренный рост в соответствии с официальным приоритетом кадров СПО,2025,Средняя зарплата крупной профессиональной группы Росстата за октябрь 2025,,,9.01,10.01,Для профессий со специальным зарплатным срезом используется медиана предложений «Работы России»; иначе зарплата наследуется от группы. Результат не является обещанием числа вакансий
2030,89,Офтальмологи-оптики и оптометристы (за исключением врачей-офтальмологов),Специалисты высшей квалификации,2362.83,172.48,6.8,86292.29075362365,124055.66435238316,5.554216867469879,8.875,8.875,43.762163768000015,6.7164909638554215,193.1776,1.12,"умеренный рост за счёт здравоохранения, инженерных и других сложных функций",2025,Средняя зарплата крупной профессиональной группы Росстата за октябрь 2025,,,6.78,7.56,Для профессий со специальным зарплатным срезом используется медиана предложений «Работы России»; иначе зарплата наследуется от группы. Результат не является обещанием числа вакансий
2030,90,Мастера (бригадиры) в строительстве,Специалисты средней квалификации,73504.32,7091.57,8.8,69408.5576048949,99783.24425295564,7.325301204819277,5.5,5.5,43.762163768000015,6.6864457831325295,7942.558400000001,1.12,умеренный рост в соответствии с официальным приоритетом кадров СПО,2025,Средняя зарплата крупной профессиональной группы Росстата за октябрь 2025,,,8.8,9.75,Для профессий со специальным зарплатным срезом используется медиана предложений «Работы России»; иначе зарплата наследуется от группы. Результат не является обещанием числа вакансий
2030,91,Компаньоны и камердинеры,"Обслуживание, торговля и охрана",564.97,70.13,11.04,48161.539778495455,69238.07168955111,8.518072289156626,3.25,3.25,43.762163768000036,6.674246987951807,72.23389999999999,1.03,почти стабильный спрос с небольшим ростом,2025,Средняя зарплата крупной профессиональной группы Росстата за октябрь 2025,,,10.93,11.34,Для профессий со специальным зарплатным срезом используется медиана предложений «Работы России»; иначе зарплата наследуется от группы. Результат не является обещанием числа вакансий
2030,92,"Механики и ремонтники транспортных средств, сельскохозяйственного и производственного оборудования и рабочие родственных занятий","Промышленность, строительство и транспорт",763482.53,73069.57,8.73,78166.90311606236,112374.43127008747,6.674698795180722,6.625,6.625,43.762163768000015,6.65730421686747,72338.87430000001,0.99,"в 2027–2029 годах применён циклический дисконт из-за слабого роста ВВП, дорогого кредита и снижения строительства; затем — умеренная стабилизация",2025,Средняя зарплата крупной профессиональной группы Росстата за октябрь 2025,,,8.73,8.65,Для профессий со специальным зарплатным срезом используется медиана предложений «Работы России»; иначе зарплата наследуется от группы. Результат не является обещанием числа вакансий
2030,93,Инспекторы и другой средний медицинский персонал по охране труда и окружающей среды,Специалисты средней квалификации,6292.92,601.21,8.72,69408.5576048949,99783.24425295564,7.253012048192771,5.5,5.5,43.762163768000015,6.639457831325301,673.3552000000001,1.12,умеренный рост в соответствии с официальным приоритетом кадров СПО,2025,Средняя зарплата крупной профессиональной группы Росстата за октябрь 2025,,,8.71,9.67,Для профессий со специальным зарплатным срезом используется медиана предложений «Работы России»; иначе зарплата наследуется от группы. Результат не является обещанием числа вакансий
2030,94,"Специалисты по базам данных и сетям, не входящие в другие группы",Специалисты высшей квалификации,61617.89,4419.07,6.69,86292.29075362365,124055.66435238316,5.409638554216867,8.875,8.875,43.762163768000015,6.622515060240964,4949.3584,1.12,"умеренный рост за счёт здравоохранения, инженерных и других сложных функций",2025,Средняя зарплата крупной профессиональной группы Росстата за октябрь 2025,,,6.69,7.44,Для профессий со специальным зарплатным срезом используется медиана предложений «Работы России»; иначе зарплата наследуется от группы. Результат не является обещанием числа вакансий
2030,95,Агенты по таможенной очистке и сопровождению грузов и товаров,Специалисты средней квалификации,20509.57,1949.21,8.68,69408.5576048949,99783.24425295564,7.216867469879518,5.5,5.5,43.762163768000015,6.615963855421686,2183.1152,1.12,умеренный рост в соответствии с официальным приоритетом кадров СПО,2025,Средняя зарплата крупной профессиональной группы Росстата за октябрь 2025,,,8.68,9.62,Для профессий со специальным зарплатным срезом используется медиана предложений «Работы России»; иначе зарплата наследуется от группы. Результат не является обещанием числа вакансий
2030,96,Инженеры в промышленности и на производстве,Специалисты высшей квалификации,663382.99,47449.49,6.68,86292.29075362365,124055.66435238316,5.373493975903615,8.875,8.875,43.762163768000015,6.59902108433735,53143.4288,1.12,"умеренный рост за счёт здравоохранения, инженерных и других сложных функций",2025,Средняя зарплата крупной профессиональной группы Росстата за октябрь 2025,,,6.68,7.42,Для профессий со специальным зарплатным срезом используется медиана предложений «Работы России»; иначе зарплата наследуется от группы. Результат не является обещанием числа вакансий
2030,97,Операторы технологических процессов производства металла,Специалисты средней квалификации,23370.2,2209.58,8.64,69408.5576048949,99783.24425295564,7.144578313253012,5.5,5.5,43.762163768000015,6.568975903614458,2474.7296,1.12,умеренный рост в соответствии с официальным приоритетом кадров СПО,2025,Средняя зарплата крупной профессиональной группы Росстата за октябрь 2025,,,8.64,9.58,Для профессий со специальным зарплатным срезом используется медиана предложений «Работы России»; иначе зарплата наследуется от группы. Результат не является обещанием числа вакансий
2030,98,Медицинские статистики,Специалисты средней квалификации,7281.56,682.07,8.56,69408.5576048949,99783.24425295564,7.072289156626505,5.5,5.5,43.762163768000015,6.52198795180723,763.9184000000001,1.12,умеренный рост в соответствии с официальным приоритетом кадров СПО,2025,Средняя зарплата крупной профессиональной группы Росстата за октябрь 2025,,,8.55,9.5,Для профессий со специальным зарплатным срезом используется медиана предложений «Работы России»; иначе зарплата наследуется от группы. Результат не является обещанием числа вакансий
2030,99,"Кузнецы, слесари-инструментальщики, станочники, наладчики и рабочие родственных занятий","Промышленность, строительство и транспорт",482638.86,45082.23,8.54,78166.90311606236,112374.43127008747,6.457831325301205,6.625,6.625,43.762163768000015,6.516340361445783,44631.4077,0.99,"в 2027–2029 годах применён циклический дисконт из-за слабого роста ВВП, дорогого кредита и снижения строительства; затем — умеренная стабилизация",2025,Средняя зарплата крупной профессиональной группы Росстата за октябрь 2025,,,8.54,8.46,Для профессий со специальным зарплатным срезом используется медиана предложений «Работы России»; иначе зарплата наследуется от группы. Результат не является обещанием числа вакансий
2030,100,Инженеры-механики,Специалисты высшей квалификации,170568.23,12026.98,6.59,86292.29075362365,124055.66435238316,5.19277108433735,8.875,8.875,43.762163768000015,6.481551204819277,13470.2176,1.12,"умеренный рост за счёт здравоохранения, инженерных и других сложных функций",2025,Средняя зарплата крупной профессиональной группы Росстата за октябрь 2025,,,6.59,7.32,Для профессий со специальным зарплатным срезом используется медиана предложений «Работы России»; иначе зарплата наследуется от группы. Результат не является обещанием числа вакансий
2030,101,"Другие квалифицированные рабочие, занятые в промышленности, и рабочие родственных занятий","Промышленность, строительство и транспорт",195256.7,18004.05,8.44,78166.90311606236,112374.43127008747,6.385542168674699,6.625,6.625,43.762163768000015,6.469352409638554,17824.0095,0.99,"в 2027–2029 годах применён циклический дисконт из-за слабого роста ВВП, дорогого кредита и снижения строительства; затем — умеренная стабилизация",2025,Средняя зарплата крупной профессиональной группы Росстата за октябрь 2025,,,8.44,8.36,Для профессий со специальным зарплатным срезом используется медиана предложений «Работы России»; иначе зарплата наследуется от группы. Результат не является обещанием числа вакансий
2030,102,Консультанты по финансовым вопросам и инвестициям,Специалисты высшей квалификации,20214.73,1399.45,6.47,86292.29075362365,124055.66435238316,5.048192771084337,8.875,8.875,43.762163768000015,6.387575301204818,1567.3840000000002,1.12,"умеренный рост за счёт здравоохранения, инженерных и других сложных функций",2025,Средняя зарплата крупной профессиональной группы Росстата за октябрь 2025,,,6.47,7.2,Для профессий со специальным зарплатным срезом используется медиана предложений «Работы России»; иначе зарплата наследуется от группы. Результат не является обещанием числа вакансий
2030,103,Парикмахеры,"Обслуживание, торговля и охрана",2502.1,296.01,10.58,48161.539778495455,69238.07168955111,8.048192771084338,3.25,3.25,43.762163768000036,6.3688253012048195,304.8903,1.03,почти стабильный спрос с небольшим ростом,2025,Средняя зарплата крупной профессиональной группы Росстата за октябрь 2025,,,10.56,10.86,Для профессий со специальным зарплатным срезом используется медиана предложений «Работы России»; иначе зарплата наследуется от группы. Результат не является обещанием числа вакансий
2030,104,Фельдшеры-физиотерапевты и другие физиотерапевты среднего уровня квалификации,Специалисты средней квалификации,32344.73,2755.42,7.85,69408.5576048949,99783.24425295564,6.783132530120482,5.5,5.5,43.762163768000015,6.334036144578313,3086.0704000000005,1.12,умеренный рост в соответствии с официальным приоритетом кадров СПО,2025,Средняя зарплата крупной профессиональной группы Росстата за октябрь 2025,,,7.85,8.71,Для профессий со специальным зарплатным срезом используется медиана предложений «Работы России»; иначе зарплата наследуется от группы. Результат не является обещанием числа вакансий
2030,105,"Писатели, поэты и другие литераторы",Специалисты высшей квалификации,6018.7,401.46,6.25,86292.29075362365,124055.66435238316,4.903614457831326,8.875,8.875,43.762163768000015,6.293599397590361,449.6352,1.12,"умеренный рост за счёт здравоохранения, инженерных и других сложных функций",2025,Средняя зарплата крупной профессиональной группы Росстата за октябрь 2025,,,6.25,6.95,Для профессий со специальным зарплатным срезом используется медиана предложений «Работы России»; иначе зарплата наследуется от группы. Результат не является обещанием числа вакансий
2030,106,Химики,Специалисты высшей квалификации,29054.01,1926.76,6.22,86292.29075362365,124055.66435238316,4.795180722891566,8.875,8.875,43.762163768000015,6.223117469879518,2157.9712000000004,1.12,"умеренный рост за счёт здравоохранения, инженерных и других сложных функций",2025,Средняя зарплата крупной профессиональной группы Росстата за октябрь 2025,,,6.22,6.91,Для профессий со специальным зарплатным срезом используется медиана предложений «Работы России»; иначе зарплата наследуется от группы. Результат не является обещанием числа вакансий
2030,107,Техники по гражданскому строительству,Специалисты средней квалификации,16579.97,1386.65,7.72,69408.5576048949,99783.24425295564,6.602409638554216,5.5,5.5,43.762163768000015,6.216566265060241,1553.0480000000002,1.12,умеренный рост в соответствии с официальным приоритетом кадров СПО,2025,Средняя зарплата крупной профессиональной группы Росстата за октябрь 2025,,,7.72,8.56,Для профессий со специальным зарплатным срезом используется медиана предложений «Работы России»; иначе зарплата наследуется от группы. Результат не является обещанием числа вакансий
2030,108,Монтажники и ремонтники электронного и телекоммуникационного оборудования,"Промышленность, строительство и транспорт",131055.42,11515.56,8.08,78166.90311606236,112374.43127008747,5.9879518072289155,6.625,6.625,43.762163768000015,6.210918674698795,11400.4044,0.99,"в 2027–2029 годах применён циклический дисконт из-за слабого роста ВВП, дорогого кредита и снижения строительства; затем — умеренная стабилизация",2025,Средняя зарплата крупной профессиональной группы Росстата за октябрь 2025,,,8.08,8.0,Для профессий со специальным зарплатным срезом используется медиана предложений «Работы России»; иначе зарплата наследуется от группы. Результат не является обещанием числа вакансий
2030,109,Танцоры и хореографы,Специалисты высшей квалификации,14963.39,986.57,6.19,86292.29075362365,124055.66435238316,4.759036144578313,8.875,8.875,43.762163768000015,6.199623493975904,1104.9584000000002,1.12,"умеренный рост за счёт здравоохранения, инженерных и других сложных функций",2025,Средняя зарплата крупной профессиональной группы Росстата за октябрь 2025,,,6.19,6.88,Для профессий со специальным зарплатным срезом используется медиана предложений «Работы России»; иначе зарплата наследуется от группы. Результат не является обещанием числа вакансий
2030,110,Журналисты,Специалисты высшей квалификации,17668.77,1161.41,6.17,86292.29075362365,124055.66435238316,4.72289156626506,8.875,8.875,43.762163768000015,6.1761295180722895,1300.7792000000002,1.12,"умеренный рост за счёт здравоохранения, инженерных и других сложных функций",2025,Средняя зарплата крупной профессиональной группы Росстата за октябрь 2025,,,6.17,6.86,Для профессий со специальным зарплатным срезом используется медиана предложений «Работы России»; иначе зарплата наследуется от группы. Результат не является обещанием числа вакансий
2030,111,Судовые механики,Специалисты средней квалификации,16523.52,1375.0,7.68,69408.5576048949,99783.24425295564,6.53012048192771,5.5,5.5,43.762163768000015,6.169578313253012,1540.0000000000002,1.12,умеренный рост в соответствии с официальным приоритетом кадров СПО,2025,Средняя зарплата крупной профессиональной группы Росстата за октябрь 2025,,,7.68,8.53,Для профессий со специальным зарплатным срезом используется медиана предложений «Работы России»; иначе зарплата наследуется от группы. Результат не является обещанием числа вакансий
2030,112,Операторы горнодобывающих и горно-обогатительных установок,"Операторы машин, сборщики и водители",251088.15,18580.55,6.89,78339.15258467232,112622.06083324004,5.301204819277109,7.75,7.75,43.762163768000015,6.15828313253012,20066.994,1.08,умеренный рост: официальный кадровый прогноз указывает на высокий вес профессий со средним профессиональным образованием,2025,Средняя зарплата крупной профессиональной группы Росстата за октябрь 2025,,,6.89,7.4,Для профессий со специальным зарплатным срезом используется медиана предложений «Работы России»; иначе зарплата наследуется от группы. Результат не является обещанием числа вакансий
2030,113,Техники-механики,Специалисты средней квалификации,65654.04,5426.26,7.63,69408.5576048949,99783.24425295564,6.493975903614459,5.5,5.5,43.762163768000015,6.146084337349397,6077.4112000000005,1.12,умеренный рост в соответствии с официальным приоритетом кадров СПО,2025,Средняя зарплата крупной профессиональной группы Росстата за октябрь 2025,,,7.63,8.47,Для профессий со специальным зарплатным срезом используется медиана предложений «Работы России»; иначе зарплата наследуется от группы. Результат не является обещанием числа вакансий
2030,114,"Специалисты в области здравоохранения, не входящие в другие группы",Специалисты высшей квалификации,44234.42,2888.95,6.13,86292.29075362365,124055.66435238316,4.650602409638554,8.875,8.875,43.762163768000015,6.12914156626506,3235.6240000000003,1.12,"умеренный рост за счёт здравоохранения, инженерных и других сложных функций",2025,Средняя зарплата крупной профессиональной группы Росстата за октябрь 2025,,,6.13,6.82,Для профессий со специальным зарплатным срезом используется медиана предложений «Работы России»; иначе зарплата наследуется от группы. Результат не является обещанием числа вакансий
2030,115,Дизайнеры баз данных и администраторы,Специалисты высшей квалификации,9372.29,607.35,6.09,86292.29075362365,124055.66435238316,4.614457831325302,8.875,8.875,43.762163768000015,6.105647590361446,680.2320000000001,1.12,"умеренный рост за счёт здравоохранения, инженерных и других сложных функций",2025,Средняя зарплата крупной профессиональной группы Росстата за октябрь 2025,,,6.09,6.77,Для профессий со специальным зарплатным срезом используется медиана предложений «Работы России»; иначе зарплата наследуется от группы. Результат не является обещанием числа вакансий
2030,116,Техники в химическом производстве,Специалисты средней квалификации,9990.75,822.65,7.61,69408.5576048949,99783.24425295564,6.421686746987953,5.5,5.5,43.762163768000015,6.099096385542169,921.368,1.12,умеренный рост в соответствии с официальным приоритетом кадров СПО,2025,Средняя зарплата крупной профессиональной группы Росстата за октябрь 2025,,,7.61,8.44,Для профессий со специальным зарплатным срезом используется медиана предложений «Работы России»; иначе зарплата наследуется от группы. Результат не является обещанием числа вакансий
2030,117,Охранники,"Обслуживание, торговля и охрана",427713.79,47284.6,9.95,48161.539778495455,69238.07168955111,7.578313253012048,3.25,3.25,43.762163768000036,6.063403614457831,48703.138,1.03,почти стабильный спрос с небольшим ростом,2025,Средняя зарплата крупной профессиональной группы Росстата за октябрь 2025,,,9.95,10.22,Для профессий со специальным зарплатным срезом используется медиана предложений «Работы России»; иначе зарплата наследуется от группы. Результат не является обещанием числа вакансий
2030,118,"Специалисты в области техники, не входящие в другие группы",Специалисты высшей квалификации,380015.01,24315.45,6.01,86292.29075362365,124055.66435238316,4.506024096385542,8.875,8.875,43.762163768000015,6.035165662650602,27233.304000000004,1.12,"умеренный рост за счёт здравоохранения, инженерных и других сложных функций",2025,Средняя зарплата крупной профессиональной группы Росстата за октябрь 2025,,,6.01,6.69,Для профессий со специальным зарплатным срезом используется медиана предложений «Работы России»; иначе зарплата наследуется от группы. Результат не является обещанием числа вакансий
2030,119,Другие операторы промышленных установок и машин,"Операторы машин, сборщики и водители",518084.43,37327.87,6.72,78339.15258467232,112622.06083324004,5.0843373493975905,7.75,7.75,43.762163768000015,6.017319277108433,40314.09960000001,1.08,умеренный рост: официальный кадровый прогноз указывает на высокий вес профессий со средним профессиональным образованием,2025,Средняя зарплата крупной профессиональной группы Росстата за октябрь 2025,,,6.72,7.22,Для профессий со специальным зарплатным срезом используется медиана предложений «Работы России»; иначе зарплата наследуется от группы. Результат не является обещанием числа вакансий
2030,120,"Служащие по информированию клиентов, не входящие в другие группы",Офисные и учётные служащие,33530.81,3761.76,10.09,54045.78718009234,77697.3930755491,6.891566265060241,4.375,4.375,43.762163768000015,6.0107680722891565,3347.9664000000002,0.89,наиболее заметное снижение из-за цифровизации стандартных операций,2025,Средняя зарплата крупной профессиональной группы Росстата за октябрь 2025,,,10.09,9.08,Для профессий со специальным зарплатным срезом используется медиана предложений «Работы России»; иначе зарплата наследуется от группы. Результат не является обещанием числа вакансий
2030,121,Разработчики программного обеспечения,Специалисты высшей квалификации,119598.92,7641.17,6.01,86292.29075362365,124055.66435238316,4.433734939759036,8.875,8.875,43.762163768000015,5.988177710843374,8558.110400000001,1.12,"умеренный рост за счёт здравоохранения, инженерных и других сложных функций",2025,Средняя зарплата крупной профессиональной группы Росстата за октябрь 2025,,,6.01,6.68,Для профессий со специальным зарплатным срезом используется медиана предложений «Работы России»; иначе зарплата наследуется от группы. Результат не является обещанием числа вакансий
2030,122,Офис-менеджеры,Специалисты средней квалификации,49620.63,3962.22,7.39,69408.5576048949,99783.24425295564,6.240963855421687,5.5,5.5,43.762163768000015,5.981626506024098,4437.6864000000005,1.12,умеренный рост в соответствии с официальным приоритетом кадров СПО,2025,Средняя зарплата крупной профессиональной группы Росстата за октябрь 2025,,,7.39,8.21,Для профессий со специальным зарплатным срезом используется медиана предложений «Работы России»; иначе зарплата наследуется от группы. Результат не является обещанием числа вакансий
2030,123,Финансовые аналитики,Специалисты высшей квалификации,46629.53,2950.36,5.95,86292.29075362365,124055.66435238316,4.397590361445783,8.875,8.875,43.762163768000015,5.964683734939758,3304.4032000000007,1.12,"умеренный рост за счёт здравоохранения, инженерных и других сложных функций",2025,Средняя зарплата крупной профессиональной группы Росстата за октябрь 2025,,,5.95,6.62,Для профессий со специальным зарплатным срезом используется медиана предложений «Работы России»; иначе зарплата наследуется от группы. Результат не является обещанием числа вакансий
2030,124,Организаторы конференций и других мероприятий,Специалисты средней квалификации,4680.34,369.34,7.31,69408.5576048949,99783.24425295564,6.168674698795181,5.5,5.5,43.762163768000015,5.934638554216868,413.6608,1.12,умеренный рост в соответствии с официальным приоритетом кадров СПО,2025,Средняя зарплата крупной профессиональной группы Росстата за октябрь 2025,,,7.31,8.12,Для профессий со специальным зарплатным срезом используется медиана предложений «Работы России»; иначе зарплата наследуется от группы. Результат не является обещанием числа вакансий
2030,125,Средний специальный персонал в сельском хозяйстве,Специалисты средней квалификации,26879.65,2111.35,7.28,69408.5576048949,99783.24425295564,6.096385542168675,5.5,5.5,43.762163768000015,5.8876506024096384,2364.712,1.12,умеренный рост в соответствии с официальным приоритетом кадров СПО,2025,Средняя зарплата крупной профессиональной группы Росстата за октябрь 2025,,,7.28,8.09,Для профессий со специальным зарплатным срезом используется медиана предложений «Работы России»; иначе зарплата наследуется от группы. Результат не является обещанием числа вакансий
2030,126,Математики (включая актуариев),Специалисты высшей квалификации,8087.13,504.22,5.87,86292.29075362365,124055.66435238316,4.253012048192771,8.875,8.875,43.762163768000015,5.8707078313253005,564.7264000000001,1.12,"умеренный рост за счёт здравоохранения, инженерных и других сложных функций",2025,Средняя зарплата крупной профессиональной группы Росстата за октябрь 2025,,,5.87,6.53,Для профессий со специальным зарплатным срезом используется медиана предложений «Работы России»; иначе зарплата наследуется от группы. Результат не является обещанием числа вакансий
2030,127,Специалисты по связям с общественностью,Специалисты высшей квалификации,35434.79,2202.36,5.85,86292.29075362365,124055.66435238316,4.216867469879518,8.875,8.875,43.762163768000015,5.847213855421686,2466.6432000000004,1.12,"умеренный рост за счёт здравоохранения, инженерных и других сложных функций",2025,Средняя зарплата крупной профессиональной группы Росстата за октябрь 2025,,,5.85,6.51,Для профессий со специальным зарплатным срезом используется медиана предложений «Работы России»; иначе зарплата наследуется от группы. Результат не является обещанием числа вакансий
2030,128,"Музыканты, певцы и композиторы",Специалисты высшей квалификации,56876.67,3504.92,5.8,86292.29075362365,124055.66435238316,4.144578313253012,8.875,8.875,43.762163768000015,5.800225903614457,3925.5104000000006,1.12,"умеренный рост за счёт здравоохранения, инженерных и других сложных функций",2025,Средняя зарплата крупной профессиональной группы Росстата за октябрь 2025,,,5.8,6.46,Для профессий со специальным зарплатным срезом используется медиана предложений «Работы России»; иначе зарплата наследуется от группы. Результат не является обещанием числа вакансий
2030,129,"Социологи, антропологи и специалисты родственных занятий",Специалисты высшей квалификации,2458.39,151.21,5.79,86292.29075362365,124055.66435238316,4.108433734939759,8.875,8.875,43.762163768000015,5.776731927710843,169.35520000000002,1.12,"умеренный рост за счёт здравоохранения, инженерных и других сложных функций",2025,Средняя зарплата крупной профессиональной группы Росстата за октябрь 2025,,,5.79,6.44,Для профессий со специальным зарплатным срезом используется медиана предложений «Работы России»; иначе зарплата наследуется от группы. Результат не является обещанием числа вакансий
2030,130,Экономисты,Специалисты высшей квалификации,174232.19,10697.72,5.78,86292.29075362365,124055.66435238316,4.072289156626506,8.875,8.875,43.762163768000015,5.753237951807229,11981.4464,1.12,"умеренный рост за счёт здравоохранения, инженерных и других сложных функций",2025,Средняя зарплата крупной профессиональной группы Росстата за октябрь 2025,,,5.78,6.43,Для профессий со специальным зарплатным срезом используется медиана предложений «Работы России»; иначе зарплата наследуется от группы. Результат не является обещанием числа вакансий
2030,131,Техники в области химических и физических наук,Специалисты средней квалификации,18387.61,1404.67,7.1,69408.5576048949,99783.24425295564,5.879518072289156,5.5,5.5,43.762163768000015,5.746686746987952,1573.2304000000001,1.12,умеренный рост в соответствии с официальным приоритетом кадров СПО,2025,Средняя зарплата крупной профессиональной группы Росстата за октябрь 2025,,,7.1,7.88,Для профессий со специальным зарплатным срезом используется медиана предложений «Работы России»; иначе зарплата наследуется от группы. Результат не является обещанием числа вакансий
2030,132,Чертежники,Специалисты средней квалификации,2703.3,204.8,7.04,69408.5576048949,99783.24425295564,5.80722891566265,5.5,5.5,43.762163768000015,5.699698795180723,229.37600000000003,1.12,умеренный рост в соответствии с официальным приоритетом кадров СПО,2025,Средняя зарплата крупной профессиональной группы Росстата за октябрь 2025,,,7.04,7.82,Для профессий со специальным зарплатным срезом используется медиана предложений «Работы России»; иначе зарплата наследуется от группы. Результат не является обещанием числа вакансий
2030,133,"Операторы мусоросжигательных печей, очистных сооружений и аналогичного оборудования",Специалисты средней квалификации,42795.38,3241.13,7.04,69408.5576048949,99783.24425295564,5.771084337349398,5.5,5.5,43.762163768000015,5.676204819277109,3630.0656000000004,1.12,умеренный рост в соответствии с официальным приоритетом кадров СПО,2025,Средняя зарплата крупной профессиональной группы Росстата за октябрь 2025,,,7.04,7.82,Для профессий со специальным зарплатным срезом используется медиана предложений «Работы России»; иначе зарплата наследуется от группы. Результат не является обещанием числа вакансий
2030,134,Смотрители зданий и персонал родственных занятий,"Обслуживание, торговля и охрана",40431.97,4031.33,9.07,48161.539778495455,69238.07168955111,6.963855421686747,3.25,3.25,43.762163768000036,5.664006024096386,4152.2699,1.03,почти стабильный спрос с небольшим ростом,2025,Средняя зарплата крупной профессиональной группы Росстата за октябрь 2025,,,9.07,9.31,Для профессий со специальным зарплатным срезом используется медиана предложений «Работы России»; иначе зарплата наследуется от группы. Результат не является обещанием числа вакансий
2030,135,"Философы, историки и политологи",Специалисты высшей квалификации,5299.96,314.31,5.6,86292.29075362365,124055.66435238316,3.855421686746988,8.875,8.875,43.762163768000015,5.6122740963855415,352.02720000000005,1.12,"умеренный рост за счёт здравоохранения, инженерных и других сложных функций",2025,Средняя зарплата крупной профессиональной группы Росстата за октябрь 2025,,,5.6,6.23,Для профессий со специальным зарплатным срезом используется медиана предложений «Работы России»; иначе зарплата наследуется от группы. Результат не является обещанием числа вакансий
2030,136,Закупщики,Специалисты средней квалификации,104123.01,7674.83,6.86,69408.5576048949,99783.24425295564,5.662650602409639,5.5,5.5,43.762163768000015,5.605722891566265,8595.8096,1.12,умеренный рост в соответствии с официальным приоритетом кадров СПО,2025,Средняя зарплата крупной профессиональной группы Росстата за октябрь 2025,,,6.86,7.63,Для профессий со специальным зарплатным срезом используется медиана предложений «Работы России»; иначе зарплата наследуется от группы. Результат не является обещанием числа вакансий
2030,137,"Проводники железнодорожного вагона, бортпроводники, стюарды","Обслуживание, торговля и охрана",51218.21,4790.99,8.55,48161.539778495455,69238.07168955111,6.855421686746988,3.25,3.25,43.762163768000036,5.593524096385542,4934.7197,1.03,почти стабильный спрос с небольшим ростом,2025,Средняя зарплата крупной профессиональной группы Росстата за октябрь 2025,,,8.55,8.79,Для профессий со специальным зарплатным срезом используется медиана предложений «Работы России»; иначе зарплата наследуется от группы. Результат не является обещанием числа вакансий
2030,138,"Режиссеры кино, театра и родственные им деятели искусства и продюсеры",Специалисты высшей квалификации,25812.35,1520.73,5.56,86292.29075362365,124055.66435238316,3.819277108433735,8.875,8.875,43.762163768000015,5.588780120481927,1703.2176000000002,1.12,"умеренный рост за счёт здравоохранения, инженерных и других сложных функций",2025,Средняя зарплата крупной профессиональной группы Росстата за октябрь 2025,,,5.56,6.19,Для профессий со специальным зарплатным срезом используется медиана предложений «Работы России»; иначе зарплата наследуется от группы. Результат не является обещанием числа вакансий
2030,139,Специалисты по методике обучения,Специалисты высшей квалификации,48482.91,2853.61,5.56,86292.29075362365,124055.66435238316,3.783132530120482,8.875,8.875,43.762163768000015,5.565286144578313,3196.0432000000005,1.12,"умеренный рост за счёт здравоохранения, инженерных и других сложных функций",2025,Средняя зарплата крупной профессиональной группы Росстата за октябрь 2025,,,5.56,6.18,Для профессий со специальным зарплатным срезом используется медиана предложений «Работы России»; иначе зарплата наследуется от группы. Результат не является обещанием числа вакансий
2030,140,Художники-декораторы и оформители,Специалисты средней квалификации,4802.9,350.31,6.8,69408.5576048949,99783.24425295564,5.518072289156627,5.5,5.5,43.762163768000015,5.511746987951807,392.34720000000004,1.12,умеренный рост в соответствии с официальным приоритетом кадров СПО,2025,Средняя зарплата крупной профессиональной группы Росстата за октябрь 2025,,,6.8,7.55,Для профессий со специальным зарплатным срезом используется медиана предложений «Работы России»; иначе зарплата наследуется от группы. Результат не является обещанием числа вакансий
2030,141,"Дикторы радио, телевидения и других средств массовой информации",Специалисты высшей квалификации,2462.76,142.87,5.48,86292.29075362365,124055.66435238316,3.674698795180723,8.875,8.875,43.762163768000015,5.49480421686747,160.01440000000002,1.12,"умеренный рост за счёт здравоохранения, инженерных и других сложных функций",2025,Средняя зарплата крупной профессиональной группы Росстата за октябрь 2025,,,5.49,6.1,Для профессий со специальным зарплатным срезом используется медиана предложений «Работы России»; иначе зарплата наследуется от группы. Результат не является обещанием числа вакансий
2030,142,Программисты приложений,Специалисты высшей квалификации,30240.38,1746.33,5.46,86292.29075362365,124055.66435238316,3.63855421686747,8.875,8.875,43.762163768000015,5.471310240963855,1955.8896000000002,1.12,"умеренный рост за счёт здравоохранения, инженерных и других сложных функций",2025,Средняя зарплата крупной профессиональной группы Росстата за октябрь 2025,,,5.46,6.07,Для профессий со специальным зарплатным срезом используется медиана предложений «Работы России»; иначе зарплата наследуется от группы. Результат не является обещанием числа вакансий
2030,143,Служащие по проведению социологических опросов и изучению конъюнктуры рынка,Офисные и учётные служащие,709.23,69.88,8.97,54045.78718009234,77697.3930755491,6.0602409638554215,4.375,4.375,43.762163768000015,5.470406626506024,62.1932,0.89,наиболее заметное снижение из-за цифровизации стандартных операций,2025,Средняя зарплата крупной профессиональной группы Росстата за октябрь 2025,,,8.9,8.06,Для профессий со специальным зарплатным срезом используется медиана предложений «Работы России»; иначе зарплата наследуется от группы. Результат не является обещанием числа вакансий
2030,144,Специалисты-техники по поддержке пользователей ИКТ,Специалисты средней квалификации,35578.76,2580.92,6.76,69408.5576048949,99783.24425295564,5.445783132530121,5.5,5.5,43.762163768000015,5.464759036144578,2890.6304000000005,1.12,умеренный рост в соответствии с официальным приоритетом кадров СПО,2025,Средняя зарплата крупной профессиональной группы Росстата за октябрь 2025,,,6.76,7.51,Для профессий со специальным зарплатным срезом используется медиана предложений «Работы России»; иначе зарплата наследуется от группы. Результат не является обещанием числа вакансий
2030,145,"Деятели искусств, не входящие в другие группы",Специалисты высшей квалификации,29195.23,1682.62,5.45,86292.29075362365,124055.66435238316,3.566265060240964,8.875,8.875,43.762163768000015,5.424322289156626,1884.5344,1.12,"умеренный рост за счёт здравоохранения, инженерных и других сложных функций",2025,Средняя зарплата крупной профессиональной группы Росстата за октябрь 2025,,,5.45,6.06,Для профессий со специальным зарплатным срезом используется медиана предложений «Работы России»; иначе зарплата наследуется от группы. Результат не является обещанием числа вакансий
2030,146,Дизайнеры товаров и одежды,Специалисты высшей квалификации,5238.64,301.48,5.44,86292.29075362365,124055.66435238316,3.5301204819277108,8.875,8.875,43.762163768000015,5.400828313253012,337.65760000000006,1.12,"умеренный рост за счёт здравоохранения, инженерных и других сложных функций",2025,Средняя зарплата крупной профессиональной группы Росстата за октябрь 2025,,,5.45,6.06,Для профессий со специальным зарплатным срезом используется медиана предложений «Работы России»; иначе зарплата наследуется от группы. Результат не является обещанием числа вакансий
2030,147,Капитаны судов и лоцманы,Специалисты средней квалификации,17941.21,1279.7,6.66,69408.5576048949,99783.24425295564,5.265060240963855,5.5,5.5,43.762163768000015,5.347289156626506,1433.2640000000001,1.12,умеренный рост в соответствии с официальным приоритетом кадров СПО,2025,Средняя зарплата крупной профессиональной группы Росстата за октябрь 2025,,,6.66,7.4,Для профессий со специальным зарплатным срезом используется медиана предложений «Работы России»; иначе зарплата наследуется от группы. Результат не является обещанием числа вакансий
2030,148,Специалисты-техники по радио- и телевещанию,Специалисты средней квалификации,11434.5,814.31,6.65,69408.5576048949,99783.24425295564,5.228915662650603,5.5,5.5,43.762163768000015,5.323795180722892,912.0272,1.12,умеренный рост в соответствии с официальным приоритетом кадров СПО,2025,Средняя зарплата крупной профессиональной группы Росстата за октябрь 2025,,,6.65,7.39,Для профессий со специальным зарплатным срезом используется медиана предложений «Работы России»; иначе зарплата наследуется от группы. Результат не является обещанием числа вакансий
2030,149,Товарные производители продукции животноводства,Сельское и лесное хозяйство,83376.21,8630.66,9.38,47973.921731658804,68968.34792579948,7.0361445783132535,2.125,2.125,43.762163768000015,5.317243975903614,8716.9666,1.01,почти неизменный спрос: малая численность не превращается автоматически в быстрый рост всей отрасли,2025,Средняя зарплата крупной профессиональной группы Росстата за октябрь 2025,,,9.38,9.47,Для профессий со специальным зарплатным срезом используется медиана предложений «Работы России»; иначе зарплата наследуется от группы. Результат не является обещанием числа вакансий
2030,150,"Техники (операторы) по управлению технологическими процессами, не входящие в другие группы",Специалисты средней квалификации,68817.68,4842.79,6.57,69408.5576048949,99783.24425295564,5.156626506024097,5.5,5.5,43.762163768000015,5.276807228915663,5423.924800000001,1.12,умеренный рост в соответствии с официальным приоритетом кадров СПО,2025,Средняя зарплата крупной профессиональной группы Росстата за октябрь 2025,,,6.57,7.31,Для профессий со специальным зарплатным срезом используется медиана предложений «Работы России»; иначе зарплата наследуется от группы. Результат не является обещанием числа вакансий
2030,151,"Специалисты в области образования, не входящие в другие группы",Специалисты высшей квалификации,158973.76,8953.69,5.33,86292.29075362365,124055.66435238316,3.3132530120481927,8.875,8.875,43.762163768000015,5.259864457831324,10028.132800000001,1.12,"умеренный рост за счёт здравоохранения, инженерных и других сложных функций",2025,Средняя зарплата крупной профессиональной группы Росстата за октябрь 2025,,,5.33,5.93,Для профессий со специальным зарплатным срезом используется медиана предложений «Работы России»; иначе зарплата наследуется от группы. Результат не является обещанием числа вакансий
2030,152,Агенты по коммерческим продажам,Специалисты средней квалификации,55827.87,3915.01,6.55,69408.5576048949,99783.24425295564,5.120481927710843,5.5,5.5,43.762163768000015,5.253313253012048,4384.811200000001,1.12,умеренный рост в соответствии с официальным приоритетом кадров СПО,2025,Средняя зарплата крупной профессиональной группы Росстата за октябрь 2025,,,6.55,7.28,Для профессий со специальным зарплатным срезом используется медиана предложений «Работы России»; иначе зарплата наследуется от группы. Результат не является обещанием числа вакансий
2030,153,Повара,"Обслуживание, торговля и охрана",208162.59,18296.69,8.08,48161.539778495455,69238.07168955111,6.313253012048193,3.25,3.25,43.762163768000036,5.241114457831325,18845.5907,1.03,почти стабильный спрос с небольшим ростом,2025,Средняя зарплата крупной профессиональной группы Росстата за октябрь 2025,,,8.08,8.3,Для профессий со специальным зарплатным срезом используется медиана предложений «Работы России»; иначе зарплата наследуется от группы. Результат не является обещанием числа вакансий
2030,154,Служащие коллекторских фирм и работники родственных занятий по сбору задолженностей и платежей,Офисные и учётные служащие,2099.78,197.43,8.59,54045.78718009234,77697.3930755491,5.698795180722892,4.375,4.375,43.762163768000015,5.23546686746988,175.7127,0.89,наиболее заметное снижение из-за цифровизации стандартных операций,2025,Средняя зарплата крупной профессиональной группы Росстата за октябрь 2025,,,8.57,7.72,Для профессий со специальным зарплатным срезом используется медиана предложений «Работы России»; иначе зарплата наследуется от группы. Результат не является обещанием числа вакансий
2030,155,Инструкторы по вождению,"Обслуживание, торговля и охрана",3727.77,325.0,8.02,48161.539778495455,69238.07168955111,6.27710843373494,3.25,3.25,43.762163768000036,5.21762048192771,334.75,1.03,почти стабильный спрос с небольшим ростом,2025,Средняя зарплата крупной профессиональной группы Росстата за октябрь 2025,,,8.02,8.24,Для профессий со специальным зарплатным срезом используется медиана предложений «Работы России»; иначе зарплата наследуется от группы. Результат не является обещанием числа вакансий
2030,156,Средний медицинский персонал по уходу,Специалисты средней квалификации,554518.73,37615.55,6.35,69408.5576048949,99783.24425295564,5.0120481927710845,5.5,5.5,43.762163768000015,5.182831325301205,42129.416000000005,1.12,умеренный рост в соответствии с официальным приоритетом кадров СПО,2025,Средняя зарплата крупной профессиональной группы Росстата за октябрь 2025,,,6.35,7.06,Для профессий со специальным зарплатным срезом используется медиана предложений «Работы России»; иначе зарплата наследуется от группы. Результат не является обещанием числа вакансий
2030,157,Спортсмены (спортсмены высокого класса),Специалисты средней квалификации,23353.66,1581.06,6.34,69408.5576048949,99783.24425295564,4.975903614457831,5.5,5.5,43.762163768000015,5.159337349397591,1770.7872000000002,1.12,умеренный рост в соответствии с официальным приоритетом кадров СПО,2025,Средняя зарплата крупной профессиональной группы Росстата за октябрь 2025,,,6.34,7.05,Для профессий со специальным зарплатным срезом используется медиана предложений «Работы России»; иначе зарплата наследуется от группы. Результат не является обещанием числа вакансий
2030,158,Помощники бухгалтеров,Специалисты средней квалификации,12017.62,812.74,6.33,69408.5576048949,99783.24425295564,4.9397590361445785,5.5,5.5,43.762163768000015,5.135843373493976,910.2688,1.12,умеренный рост в соответствии с официальным приоритетом кадров СПО,2025,Средняя зарплата крупной профессиональной группы Росстата за октябрь 2025,,,6.33,7.04,Для профессий со специальным зарплатным срезом используется медиана предложений «Работы России»; иначе зарплата наследуется от группы. Результат не является обещанием числа вакансий
2030,159,"Работники служб, осуществляющих охрану граждан и собственности, не входящие в другие группы","Обслуживание, торговля и охрана",202517.11,17305.24,7.87,48161.539778495455,69238.07168955111,6.132530120481928,3.25,3.25,43.762163768000036,5.123644578313253,17824.397200000003,1.03,почти стабильный спрос с небольшим ростом,2025,Средняя зарплата крупной профессиональной группы Росстата за октябрь 2025,,,7.87,8.09,Для профессий со специальным зарплатным срезом используется медиана предложений «Работы России»; иначе зарплата наследуется от группы. Результат не является обещанием числа вакансий
2030,160,Стоматологи,Специалисты высшей квалификации,42810.06,2350.24,5.2,86292.29075362365,124055.66435238316,3.0602409638554215,8.875,8.875,43.762163768000015,5.095406626506024,2632.2688,1.12,"умеренный рост за счёт здравоохранения, инженерных и других сложных функций",2025,Средняя зарплата крупной профессиональной группы Росстата за октябрь 2025,,,5.2,5.79,Для профессий со специальным зарплатным срезом используется медиана предложений «Работы России»; иначе зарплата наследуется от группы. Результат не является обещанием числа вакансий
2030,161,Специалисты в области политики администрирования,Специалисты высшей квалификации,52882.03,2902.21,5.2,86292.29075362365,124055.66435238316,3.0240963855421685,8.875,8.875,43.762163768000015,5.0719126506024095,3250.4752000000003,1.12,"умеренный рост за счёт здравоохранения, инженерных и других сложных функций",2025,Средняя зарплата крупной профессиональной группы Росстата за октябрь 2025,,,5.2,5.79,Для профессий со специальным зарплатным срезом используется медиана предложений «Работы России»; иначе зарплата наследуется от группы. Результат не является обещанием числа вакансий
2030,162,Административный и иной исполнительный среднетехнический персонал,Специалисты средней квалификации,214133.0,14217.57,6.23,69408.5576048949,99783.24425295564,4.831325301204819,5.5,5.5,43.762163768000015,5.065361445783132,15923.6784,1.12,умеренный рост в соответствии с официальным приоритетом кадров СПО,2025,Средняя зарплата крупной профессиональной группы Росстата за октябрь 2025,,,6.23,6.92,Для профессий со специальным зарплатным срезом используется медиана предложений «Работы России»; иначе зарплата наследуется от группы. Результат не является обещанием числа вакансий
2030,163,Специалисты в области подбора и использования персонала,Специалисты высшей квалификации,122563.84,6493.79,5.03,86292.29075362365,124055.66435238316,2.951807228915663,8.875,8.875,43.762163768000015,5.02492469879518,7273.044800000001,1.12,"умеренный рост за счёт здравоохранения, инженерных и других сложных функций",2025,Средняя зарплата крупной профессиональной группы Росстата за октябрь 2025,,,5.03,5.6,Для профессий со специальным зарплатным срезом используется медиана предложений «Работы России»; иначе зарплата наследуется от группы. Результат не является обещанием числа вакансий
2030,164,Специалисты по компьютерным сетям,Специалисты высшей квалификации,28202.95,1487.08,5.01,86292.29075362365,124055.66435238316,2.9156626506024095,8.875,8.875,43.762163768000015,5.001430722891566,1665.5296,1.12,"умеренный рост за счёт здравоохранения, инженерных и других сложных функций",2025,Средняя зарплата крупной профессиональной группы Росстата за октябрь 2025,,,5.01,5.58,Для профессий со специальным зарплатным срезом используется медиана предложений «Работы России»; иначе зарплата наследуется от группы. Результат не является обещанием числа вакансий
2030,165,"Разработчики и аналитики программного обеспечения и приложений, не входящие в другие группы",Специалисты высшей квалификации,59266.1,3104.53,4.98,86292.29075362365,124055.66435238316,2.8795180722891565,8.875,8.875,43.762163768000015,4.977936746987951,3477.0736000000006,1.12,"умеренный рост за счёт здравоохранения, инженерных и других сложных функций",2025,Средняя зарплата крупной профессиональной группы Росстата за октябрь 2025,,,4.98,5.54,Для профессий со специальным зарплатным срезом используется медиана предложений «Работы России»; иначе зарплата наследуется от группы. Результат не является обещанием числа вакансий
2030,166,Специалисты библиотек,Специалисты высшей квалификации,86836.09,4525.65,4.95,86292.29075362365,124055.66435238316,2.8433734939759034,8.875,8.875,43.762163768000015,4.954442771084337,5068.728,1.12,"умеренный рост за счёт здравоохранения, инженерных и других сложных функций",2025,Средняя зарплата крупной профессиональной группы Росстата за октябрь 2025,,,4.95,5.52,Для профессий со специальным зарплатным срезом используется медиана предложений «Работы России»; иначе зарплата наследуется от группы. Результат не является обещанием числа вакансий
2030,167,"Средний персонал культуры и кулинарного искусства, не входящий в другие группы",Специалисты средней квалификации,27849.53,1796.32,6.06,69408.5576048949,99783.24425295564,4.578313253012048,5.5,5.5,43.762163768000015,4.900903614457832,2011.8784,1.12,умеренный рост в соответствии с официальным приоритетом кадров СПО,2025,Средняя зарплата крупной профессиональной группы Росстата за октябрь 2025,,,6.06,6.74,Для профессий со специальным зарплатным срезом используется медиана предложений «Работы России»; иначе зарплата наследуется от группы. Результат не является обещанием числа вакансий
2030,168,Специалисты-техники по телекоммуникационному оборудованию,Специалисты средней квалификации,11498.66,738.4,6.03,69408.5576048949,99783.24425295564,4.542168674698795,5.5,5.5,43.762163768000015,4.877409638554217,827.008,1.12,умеренный рост в соответствии с официальным приоритетом кадров СПО,2025,Средняя зарплата крупной профессиональной группы Росстата за октябрь 2025,,,6.03,6.71,Для профессий со специальным зарплатным срезом используется медиана предложений «Работы России»; иначе зарплата наследуется от группы. Результат не является обещанием числа вакансий
2030,169,Товарные производители смешанной растениеводческой и животноводческой продукции,Сельское и лесное хозяйство,13757.86,1235.84,8.24,47973.921731658804,68968.34792579948,6.349397590361446,2.125,2.125,43.762163768000015,4.87085843373494,1248.1984,1.01,почти неизменный спрос: малая численность не превращается автоматически в быстрый рост всей отрасли,2025,Средняя зарплата крупной профессиональной группы Росстата за октябрь 2025,,,8.25,8.32,Для профессий со специальным зарплатным срезом используется медиана предложений «Работы России»; иначе зарплата наследуется от группы. Результат не является обещанием числа вакансий
2030,170,Пожарные,"Обслуживание, торговля и охрана",20973.6,1726.33,7.61,48161.539778495455,69238.07168955111,5.734939759036145,3.25,3.25,43.762163768000036,4.865210843373494,1778.1199,1.03,почти стабильный спрос с небольшим ростом,2025,Средняя зарплата крупной профессиональной группы Росстата за октябрь 2025,,,7.61,7.82,Для профессий со специальным зарплатным срезом используется медиана предложений «Работы России»; иначе зарплата наследуется от группы. Результат не является обещанием числа вакансий
2030,171,Бухгалтеры,Специалисты высшей квалификации,411977.43,21218.76,4.9,86292.29075362365,124055.66435238316,2.6987951807228914,8.875,8.875,43.762163768000015,4.86046686746988,23765.0112,1.12,"умеренный рост за счёт здравоохранения, инженерных и других сложных функций",2025,Средняя зарплата крупной профессиональной группы Росстата за октябрь 2025,,,4.9,5.45,Для профессий со специальным зарплатным срезом используется медиана предложений «Работы России»; иначе зарплата наследуется от группы. Результат не является обещанием числа вакансий
2030,172,Специалисты по сбыту информационно-коммуникационных технологий (ИКТ),Специалисты высшей квалификации,46145.96,2362.25,4.87,86292.29075362365,124055.66435238316,2.662650602409639,8.875,8.875,43.762163768000015,4.836972891566265,2645.7200000000003,1.12,"умеренный рост за счёт здравоохранения, инженерных и других сложных функций",2025,Средняя зарплата крупной профессиональной группы Росстата за октябрь 2025,,,4.87,5.42,Для профессий со специальным зарплатным срезом используется медиана предложений «Работы России»; иначе зарплата наследуется от группы. Результат не является обещанием числа вакансий
2030,173,"Средний юридический персонал в судебной, адвокатской и нотариальной деятельности",Специалисты средней квалификации,2243.42,143.48,6.01,69408.5576048949,99783.24425295564,4.46987951807229,5.5,5.5,43.762163768000015,4.830421686746988,160.6976,1.12,умеренный рост в соответствии с официальным приоритетом кадров СПО,2025,Средняя зарплата крупной профессиональной группы Росстата за октябрь 2025,,,6.02,6.68,Для профессий со специальным зарплатным срезом используется медиана предложений «Работы России»; иначе зарплата наследуется от группы. Результат не является обещанием числа вакансий
2030,174,Специалисты архивов и музеев,Специалисты высшей квалификации,29493.94,1492.58,4.82,86292.29075362365,124055.66435238316,2.5903614457831328,8.875,8.875,43.762163768000015,4.7899849397590355,1671.6896000000002,1.12,"умеренный рост за счёт здравоохранения, инженерных и других сложных функций",2025,Средняя зарплата крупной профессиональной группы Росстата за октябрь 2025,,,4.82,5.36,Для профессий со специальным зарплатным срезом используется медиана предложений «Работы России»; иначе зарплата наследуется от группы. Результат не является обещанием числа вакансий
2030,175,Тренеры и инструкторы-методисты по физкультуре и спорту,Специалисты высшей квалификации,95782.77,4808.93,4.78,86292.29075362365,124055.66435238316,2.5542168674698793,8.875,8.875,43.762163768000015,4.766490963855421,5386.0016000000005,1.12,"умеренный рост за счёт здравоохранения, инженерных и других сложных функций",2025,Средняя зарплата крупной профессиональной группы Росстата за октябрь 2025,,,4.78,5.32,Для профессий со специальным зарплатным срезом используется медиана предложений «Работы России»; иначе зарплата наследуется от группы. Результат не является обещанием числа вакансий
2030,176,Техники по обслуживанию медицинского оборудования,Специалисты средней квалификации,19027.22,1199.3,5.93,69408.5576048949,99783.24425295564,4.36144578313253,5.5,5.5,43.762163768000015,4.759939759036144,1343.2160000000001,1.12,умеренный рост в соответствии с официальным приоритетом кадров СПО,2025,Средняя зарплата крупной профессиональной группы Росстата за октябрь 2025,,,5.93,6.59,Для профессий со специальным зарплатным срезом используется медиана предложений «Работы России»; иначе зарплата наследуется от группы. Результат не является обещанием числа вакансий
2030,177,Аналитики систем управления и организации,Специалисты высшей квалификации,67372.84,3349.41,4.74,86292.29075362365,124055.66435238316,2.5180722891566263,8.875,8.875,43.762163768000015,4.742996987951807,3751.3392000000003,1.12,"умеренный рост за счёт здравоохранения, инженерных и других сложных функций",2025,Средняя зарплата крупной профессиональной группы Росстата за октябрь 2025,,,4.74,5.27,Для профессий со специальным зарплатным срезом используется медиана предложений «Работы России»; иначе зарплата наследуется от группы. Результат не является обещанием числа вакансий
2030,178,Специалисты-техники по компьютерным сетям и системам,Специалисты средней квалификации,11950.44,747.62,5.89,69408.5576048949,99783.24425295564,4.325301204819278,5.5,5.5,43.762163768000015,4.73644578313253,837.3344000000001,1.12,умеренный рост в соответствии с официальным приоритетом кадров СПО,2025,Средняя зарплата крупной профессиональной группы Росстата за октябрь 2025,,,5.89,6.55,Для профессий со специальным зарплатным срезом используется медиана предложений «Работы России»; иначе зарплата наследуется от группы. Результат не является обещанием числа вакансий
2030,179,Актеры,Специалисты высшей квалификации,13335.35,644.36,4.61,86292.29075362365,124055.66435238316,2.4819277108433733,8.875,8.875,43.762163768000015,4.719503012048193,721.6832,1.12,"умеренный рост за счёт здравоохранения, инженерных и других сложных функций",2025,Средняя зарплата крупной профессиональной группы Росстата за октябрь 2025,,,4.62,5.13,Для профессий со специальным зарплатным срезом используется медиана предложений «Работы России»; иначе зарплата наследуется от группы. Результат не является обещанием числа вакансий
2030,180,Техники-электрики,Специалисты средней квалификации,71428.88,4458.69,5.88,69408.5576048949,99783.24425295564,4.289156626506024,5.5,5.5,43.762163768000015,4.712951807228915,4993.7328,1.12,умеренный рост в соответствии с официальным приоритетом кадров СПО,2025,Средняя зарплата крупной профессиональной группы Росстата за октябрь 2025,,,5.88,6.53,Для профессий со специальным зарплатным срезом используется медиана предложений «Работы России»; иначе зарплата наследуется от группы. Результат не является обещанием числа вакансий
2030,181,Продавцы,"Обслуживание, торговля и охрана",984767.09,77818.8,7.32,48161.539778495455,69238.07168955111,5.481927710843373,3.25,3.25,43.762163768000036,4.700753012048192,80153.364,1.03,почти стабильный спрос с небольшим ростом,2025,Средняя зарплата крупной профессиональной группы Росстата за октябрь 2025,,,7.32,7.53,Для профессий со специальным зарплатным срезом используется медиана предложений «Работы России»; иначе зарплата наследуется от группы. Результат не является обещанием числа вакансий
2030,182,"Преподаватели, работающие с инвалидами или лицами с особыми возможностями здоровья",Специалисты высшей квалификации,81551.34,3888.47,4.55,86292.29075362365,124055.66435238316,2.3734939759036147,8.875,8.875,43.762163768000015,4.649021084337349,4355.0864,1.12,"умеренный рост за счёт здравоохранения, инженерных и других сложных функций",2025,Средняя зарплата крупной профессиональной группы Росстата за октябрь 2025,,,4.55,5.07,Для профессий со специальным зарплатным срезом используется медиана предложений «Работы России»; иначе зарплата наследуется от группы. Результат не является обещанием числа вакансий
2030,183,Мастера (бригадиры) в обрабатывающей промышленности,Специалисты средней квалификации,189186.87,11731.82,5.84,69408.5576048949,99783.24425295564,4.1807228915662655,5.5,5.5,43.762163768000015,4.642469879518073,13139.638400000002,1.12,умеренный рост в соответствии с официальным приоритетом кадров СПО,2025,Средняя зарплата крупной профессиональной группы Росстата за октябрь 2025,,,5.84,6.49,Для профессий со специальным зарплатным срезом используется медиана предложений «Работы России»; иначе зарплата наследуется от группы. Результат не является обещанием числа вакансий
2030,184,Художники,Специалисты высшей квалификации,7410.24,351.57,4.53,86292.29075362365,124055.66435238316,2.337349397590361,8.875,8.875,43.762163768000015,4.625527108433735,393.75840000000005,1.12,"умеренный рост за счёт здравоохранения, инженерных и других сложных функций",2025,Средняя зарплата крупной профессиональной группы Росстата за октябрь 2025,,,4.54,5.05,Для профессий со специальным зарплатным срезом используется медиана предложений «Работы России»; иначе зарплата наследуется от группы. Результат не является обещанием числа вакансий
2030,185,Буфетчики (бармены),"Обслуживание, торговля и охрана",39797.92,3092.85,7.21,48161.539778495455,69238.07168955111,5.337349397590361,3.25,3.25,43.762163768000036,4.606777108433735,3185.6355,1.03,почти стабильный спрос с небольшим ростом,2025,Средняя зарплата крупной профессиональной группы Росстата за октябрь 2025,,,7.21,7.41,Для профессий со специальным зарплатным срезом используется медиана предложений «Работы России»; иначе зарплата наследуется от группы. Результат не является обещанием числа вакансий
2030,186,Операторы нефте- и газоочистных и перерабатывающих установок,Специалисты средней квалификации,37748.79,2306.19,5.76,69408.5576048949,99783.24425295564,4.0,5.5,5.5,43.762163768000015,4.525,2582.9328000000005,1.12,умеренный рост в соответствии с официальным приоритетом кадров СПО,2025,Средняя зарплата крупной профессиональной группы Росстата за октябрь 2025,,,5.76,6.4,Для профессий со специальным зарплатным срезом используется медиана предложений «Работы России»; иначе зарплата наследуется от группы. Результат не является обещанием числа вакансий
2030,187,"Биологи, ботаники, зоологи и специалисты родственных занятий",Специалисты высшей квалификации,43949.99,2043.52,4.44,86292.29075362365,124055.66435238316,2.1566265060240966,8.875,8.875,43.762163768000015,4.508057228915662,2288.7424,1.12,"умеренный рост за счёт здравоохранения, инженерных и других сложных функций",2025,Средняя зарплата крупной профессиональной группы Росстата за октябрь 2025,,,4.44,4.95,Для профессий со специальным зарплатным срезом используется медиана предложений «Работы России»; иначе зарплата наследуется от группы. Результат не является обещанием числа вакансий
2030,188,Социальные работники,Специалисты средней квалификации,119218.58,7276.73,5.75,69408.5576048949,99783.24425295564,3.963855421686747,5.5,5.5,43.762163768000015,4.501506024096385,8149.9376,1.12,умеренный рост в соответствии с официальным приоритетом кадров СПО,2025,Средняя зарплата крупной профессиональной группы Росстата за октябрь 2025,,,5.75,6.4,Для профессий со специальным зарплатным срезом используется медиана предложений «Работы России»; иначе зарплата наследуется от группы. Результат не является обещанием числа вакансий
2030,189,"Техники в области физических и технических наук, не входящие в другие группы",Специалисты средней квалификации,77725.51,4733.78,5.74,69408.5576048949,99783.24425295564,3.927710843373494,5.5,5.5,43.762163768000015,4.47801204819277,5301.8336,1.12,умеренный рост в соответствии с официальным приоритетом кадров СПО,2025,Средняя зарплата крупной профессиональной группы Росстата за октябрь 2025,,,5.74,6.39,Для профессий со специальным зарплатным срезом используется медиана предложений «Работы России»; иначе зарплата наследуется от группы. Результат не является обещанием числа вакансий
2030,190,"Горные инженеры, металлурги и специалисты родственных занятий",Специалисты высшей квалификации,26734.55,1208.76,4.33,86292.29075362365,124055.66435238316,2.0843373493975905,8.875,8.875,43.762163768000015,4.461069277108434,1353.8112,1.12,"умеренный рост за счёт здравоохранения, инженерных и других сложных функций",2025,Средняя зарплата крупной профессиональной группы Росстата за октябрь 2025,,,4.33,4.82,Для профессий со специальным зарплатным срезом используется медиана предложений «Работы России»; иначе зарплата наследуется от группы. Результат не является обещанием числа вакансий
2030,191,"Средний медицинский персонал здравоохранения, не входящий в другие группы",Специалисты средней квалификации,287748.11,17489.79,5.73,69408.5576048949,99783.24425295564,3.891566265060241,5.5,5.5,43.762163768000015,4.454518072289156,19588.564800000004,1.12,умеренный рост в соответствии с официальным приоритетом кадров СПО,2025,Средняя зарплата крупной профессиональной группы Росстата за октябрь 2025,,,5.73,6.37,Для профессий со специальным зарплатным срезом используется медиана предложений «Работы России»; иначе зарплата наследуется от группы. Результат не является обещанием числа вакансий
2030,192,Педагогические работники в дошкольном образовании,Специалисты высшей квалификации,576091.37,25444.14,4.23,86292.29075362365,124055.66435238316,1.9397590361445782,8.875,8.875,43.762163768000015,4.367093373493976,28497.436800000003,1.12,"умеренный рост за счёт здравоохранения, инженерных и других сложных функций",2025,Средняя зарплата крупной профессиональной группы Росстата за октябрь 2025,,,4.23,4.71,Для профессий со специальным зарплатным срезом используется медиана предложений «Работы России»; иначе зарплата наследуется от группы. Результат не является обещанием числа вакансий
2030,193,Преподаватели средних профессиональных образовательных организаций,Специалисты высшей квалификации,161960.9,7148.83,4.23,86292.29075362365,124055.66435238316,1.9036144578313254,8.875,8.875,43.762163768000015,4.343599397590361,8006.689600000001,1.12,"умеренный рост за счёт здравоохранения, инженерных и других сложных функций",2025,Средняя зарплата крупной профессиональной группы Росстата за октябрь 2025,,,4.23,4.71,Для профессий со специальным зарплатным срезом используется медиана предложений «Работы России»; иначе зарплата наследуется от группы. Результат не является обещанием числа вакансий
2030,194,Техники-электроники по системам безопасности полетов,Специалисты средней квалификации,1457.81,84.83,5.5,69408.5576048949,99783.24425295564,3.7108433734939763,5.5,5.5,43.762163768000015,4.337048192771085,95.0096,1.12,умеренный рост в соответствии с официальным приоритетом кадров СПО,2025,Средняя зарплата крупной профессиональной группы Росстата за октябрь 2025,,,5.52,6.12,Для профессий со специальным зарплатным срезом используется медиана предложений «Работы России»; иначе зарплата наследуется от группы. Результат не является обещанием числа вакансий
2030,195,"Бригадиры уборщиков и помощники по хозяйству в отелях (гостиницах), офисах и других учреждениях","Обслуживание, торговля и охрана",20820.65,1503.54,6.74,48161.539778495455,69238.07168955111,4.867469879518072,3.25,3.25,43.762163768000036,4.301355421686747,1548.6462,1.03,почти стабильный спрос с небольшим ростом,2025,Средняя зарплата крупной профессиональной группы Росстата за октябрь 2025,,,6.74,6.92,Для профессий со специальным зарплатным срезом используется медиана предложений «Работы России»; иначе зарплата наследуется от группы. Результат не является обещанием числа вакансий
2030,196,Преподаватели по обучению компьютерной грамотности,Специалисты высшей квалификации,1642.78,67.79,3.96,86292.29075362365,124055.66435238316,1.7951807228915664,8.875,8.875,43.762163768000015,4.273117469879518,75.92480000000002,1.12,"умеренный рост за счёт здравоохранения, инженерных и других сложных функций",2025,Средняя зарплата крупной профессиональной группы Росстата за октябрь 2025,,,4.02,4.42,Для профессий со специальным зарплатным срезом используется медиана предложений «Работы России»; иначе зарплата наследуется от группы. Результат не является обещанием числа вакансий
2030,197,Мастера (бригадиры) в добывающей промышленности,Специалисты средней квалификации,42806.71,2468.09,5.45,69408.5576048949,99783.24425295564,3.602409638554217,5.5,5.5,43.762163768000015,4.2665662650602405,2764.2608000000005,1.12,умеренный рост в соответствии с официальным приоритетом кадров СПО,2025,Средняя зарплата крупной профессиональной группы Росстата за октябрь 2025,,,5.45,6.07,Для профессий со специальным зарплатным срезом используется медиана предложений «Работы России»; иначе зарплата наследуется от группы. Результат не является обещанием числа вакансий
2030,198,Преподаватели по программам дополнительного обучения,Специалисты высшей квалификации,154267.01,6256.21,3.9,86292.29075362365,124055.66435238316,1.7590361445783131,8.875,8.875,43.762163768000015,4.249623493975903,7006.9552,1.12,"умеренный рост за счёт здравоохранения, инженерных и других сложных функций",2025,Средняя зарплата крупной профессиональной группы Росстата за октябрь 2025,,,3.9,4.34,Для профессий со специальным зарплатным срезом используется медиана предложений «Работы России»; иначе зарплата наследуется от группы. Результат не является обещанием числа вакансий
2030,199,Средний медицинский персонал по акушерству,Специалисты средней квалификации,42268.15,2426.46,5.43,69408.5576048949,99783.24425295564,3.4939759036144578,5.5,5.5,43.762163768000015,4.196084337349397,2717.6352,1.12,умеренный рост в соответствии с официальным приоритетом кадров СПО,2025,Средняя зарплата крупной профессиональной группы Росстата за октябрь 2025,,,5.43,6.04,Для профессий со специальным зарплатным срезом используется медиана предложений «Работы России»; иначе зарплата наследуется от группы. Результат не является обещанием числа вакансий
2030,200,Операторы металлоплавильных установок и установок по обработке металлов,"Операторы машин, сборщики и водители",129714.41,6350.65,4.67,78339.15258467232,112622.06083324004,2.265060240963855,7.75,7.75,43.762163768000015,4.184789156626506,6858.702,1.08,умеренный рост: официальный кадровый прогноз указывает на высокий вес профессий со средним профессиональным образованием,2025,Средняя зарплата крупной профессиональной группы Росстата за октябрь 2025,,,4.67,5.02,Для профессий со специальным зарплатным срезом используется медиана предложений «Работы России»; иначе зарплата наследуется от группы. Результат не является обещанием числа вакансий
2030,201,Помощники учителей,"Обслуживание, торговля и охрана",8563.16,610.25,6.65,48161.539778495455,69238.07168955111,4.686746987951807,3.25,3.25,43.762163768000036,4.1838855421686745,628.5575,1.03,почти стабильный спрос с небольшим ростом,2025,Средняя зарплата крупной профессиональной группы Росстата за октябрь 2025,,,6.65,6.84,Для профессий со специальным зарплатным срезом используется медиана предложений «Работы России»; иначе зарплата наследуется от группы. Результат не является обещанием числа вакансий
2030,202,"Техники-статистики и персонал родственных занятий, связанных с проведением математических расчетов и вычислений",Специалисты средней квалификации,6746.14,386.22,5.42,69408.5576048949,99783.24425295564,3.4578313253012047,5.5,5.5,43.762163768000015,4.172590361445783,432.56640000000004,1.12,умеренный рост в соответствии с официальным приоритетом кадров СПО,2025,Средняя зарплата крупной профессиональной группы Росстата за октябрь 2025,,,5.42,6.03,Для профессий со специальным зарплатным срезом используется медиана предложений «Работы России»; иначе зарплата наследуется от группы. Результат не является обещанием числа вакансий
2030,203,Техники-электроники,Специалисты средней квалификации,17334.21,986.85,5.39,69408.5576048949,99783.24425295564,3.4216867469879517,5.5,5.5,43.762163768000015,4.149096385542169,1105.2720000000002,1.12,умеренный рост в соответствии с официальным приоритетом кадров СПО,2025,Средняя зарплата крупной профессиональной группы Росстата за октябрь 2025,,,5.39,5.99,Для профессий со специальным зарплатным срезом используется медиана предложений «Работы России»; иначе зарплата наследуется от группы. Результат не является обещанием числа вакансий
2030,204,Агенты по операциям с недвижимостью и другой собственностью,Специалисты средней квалификации,4946.98,281.14,5.38,69408.5576048949,99783.24425295564,3.349397590361446,5.5,5.5,43.762163768000015,4.102108433734941,314.8768,1.12,умеренный рост в соответствии с официальным приоритетом кадров СПО,2025,Средняя зарплата крупной профессиональной группы Росстата за октябрь 2025,,,5.39,5.98,Для профессий со специальным зарплатным срезом используется медиана предложений «Работы России»; иначе зарплата наследуется от группы. Результат не является обещанием числа вакансий
2030,205,Инженеры по телекоммуникациям,Специалисты высшей квалификации,68407.62,2382.98,3.37,86292.29075362365,124055.66435238316,1.5060240963855422,8.875,8.875,43.762163768000015,4.085165662650602,2668.9376,1.12,"умеренный рост за счёт здравоохранения, инженерных и других сложных функций",2025,Средняя зарплата крупной профессиональной группы Росстата за октябрь 2025,,,3.37,3.76,Для профессий со специальным зарплатным срезом используется медиана предложений «Работы России»; иначе зарплата наследуется от группы. Результат не является обещанием числа вакансий
2030,206,Спортивные служащие,Специалисты средней квалификации,4132.03,232.13,5.32,69408.5576048949,99783.24425295564,3.2409638554216866,5.5,5.5,43.762163768000015,4.031626506024097,259.98560000000003,1.12,умеренный рост в соответствии с официальным приоритетом кадров СПО,2025,Средняя зарплата крупной профессиональной группы Росстата за октябрь 2025,,,5.33,5.92,Для профессий со специальным зарплатным срезом используется медиана предложений «Работы России»; иначе зарплата наследуется от группы. Результат не является обещанием числа вакансий
2030,207,Фельдшеры-лаборанты медицинских и патологоанатомических лабораторий,Специалисты средней квалификации,64080.86,3592.01,5.31,69408.5576048949,99783.24425295564,3.2048192771084336,5.5,5.5,43.762163768000015,4.0081325301204815,4023.051200000001,1.12,умеренный рост в соответствии с официальным приоритетом кадров СПО,2025,Средняя зарплата крупной профессиональной группы Росстата за октябрь 2025,,,5.31,5.91,Для профессий со специальным зарплатным срезом используется медиана предложений «Работы России»; иначе зарплата наследуется от группы. Результат не является обещанием числа вакансий
2030,208,Физики и астрономы,Специалисты высшей квалификации,20823.06,675.33,3.14,86292.29075362365,124055.66435238316,1.3614457831325302,8.875,8.875,43.762163768000015,3.991189759036144,756.3696000000001,1.12,"умеренный рост за счёт здравоохранения, инженерных и других сложных функций",2025,Средняя зарплата крупной профессиональной группы Росстата за октябрь 2025,,,3.15,3.51,Для профессий со специальным зарплатным срезом используется медиана предложений «Работы России»; иначе зарплата наследуется от группы. Результат не является обещанием числа вакансий
2030,209,Помощники (ассистенты) врачей,Специалисты средней квалификации,114610.01,6406.24,5.29,69408.5576048949,99783.24425295564,3.1686746987951806,5.5,5.5,43.762163768000015,3.9846385542168674,7174.9888,1.12,умеренный рост в соответствии с официальным приоритетом кадров СПО,2025,Средняя зарплата крупной профессиональной группы Росстата за октябрь 2025,,,5.29,5.89,Для профессий со специальным зарплатным срезом используется медиана предложений «Работы России»; иначе зарплата наследуется от группы. Результат не является обещанием числа вакансий
2030,210,Служащие в приемной (общего профиля),Офисные и учётные служащие,4341.93,318.59,6.84,54045.78718009234,77697.3930755491,3.7469879518072293,4.375,4.375,43.762163768000015,3.9667921686746985,283.5451,0.89,наиболее заметное снижение из-за цифровизации стандартных операций,2025,Средняя зарплата крупной профессиональной группы Росстата за октябрь 2025,,,6.84,6.13,Для профессий со специальным зарплатным срезом используется медиана предложений «Работы России»; иначе зарплата наследуется от группы. Результат не является обещанием числа вакансий
2030,211,Специалисты-техники в области биологических исследований (за исключением среднего медицинского персонала),Специалисты средней квалификации,9879.27,544.07,5.22,69408.5576048949,99783.24425295564,3.1325301204819276,5.5,5.5,43.762163768000015,3.9611445783132533,609.3584000000001,1.12,умеренный рост в соответствии с официальным приоритетом кадров СПО,2025,Средняя зарплата крупной профессиональной группы Росстата за октябрь 2025,,,5.22,5.81,Для профессий со специальным зарплатным срезом используется медиана предложений «Работы России»; иначе зарплата наследуется от группы. Результат не является обещанием числа вакансий
2030,212,Специалисты-техники по эксплуатации ИКТ,Специалисты средней квалификации,11920.32,656.35,5.22,69408.5576048949,99783.24425295564,3.096385542168675,5.5,5.5,43.762163768000015,3.9376506024096387,735.1120000000001,1.12,умеренный рост в соответствии с официальным приоритетом кадров СПО,2025,Средняя зарплата крупной профессиональной группы Росстата за октябрь 2025,,,5.22,5.81,Для профессий со специальным зарплатным срезом используется медиана предложений «Работы России»; иначе зарплата наследуется от группы. Результат не является обещанием числа вакансий
2030,213,Машинисты локомотивов и рабочие родственных занятий,"Операторы машин, сборщики и водители",228676.27,10409.8,4.35,78339.15258467232,112622.06083324004,1.8674698795180724,7.75,7.75,43.762163768000015,3.9263554216867464,11242.584,1.08,умеренный рост: официальный кадровый прогноз указывает на высокий вес профессий со средним профессиональным образованием,2025,Средняя зарплата крупной профессиональной группы Росстата за октябрь 2025,,,4.35,4.69,Для профессий со специальным зарплатным срезом используется медиана предложений «Работы России»; иначе зарплата наследуется от группы. Результат не является обещанием числа вакансий
2030,214,Преподаватели музыки в музыкальных школах и частные,Специалисты высшей квалификации,41410.74,1280.21,3.0,86292.29075362365,124055.66435238316,1.2530120481927711,8.875,8.875,43.762163768000015,3.9207078313253008,1433.8352000000002,1.12,"умеренный рост за счёт здравоохранения, инженерных и других сложных функций",2025,Средняя зарплата крупной профессиональной группы Росстата за октябрь 2025,,,3.0,3.35,Для профессий со специальным зарплатным срезом используется медиана предложений «Работы России»; иначе зарплата наследуется от группы. Результат не является обещанием числа вакансий
2030,215,Педагогические работники в средней школе,Специалисты высшей квалификации,959380.42,25558.15,2.59,86292.29075362365,124055.66435238316,1.180722891566265,8.875,8.875,43.762163768000015,3.873719879518072,28625.128000000004,1.12,"умеренный рост за счёт здравоохранения, инженерных и других сложных функций",2025,Средняя зарплата крупной профессиональной группы Росстата за октябрь 2025,,,2.59,2.9,Для профессий со специальным зарплатным срезом используется медиана предложений «Работы России»; иначе зарплата наследуется от группы. Результат не является обещанием числа вакансий
2030,216,Преподаватели в области изобразительных и иных искусств,Специалисты высшей квалификации,10965.2,284.57,2.53,86292.29075362365,124055.66435238316,1.144578313253012,8.875,8.875,43.762163768000015,3.8502259036144575,318.71840000000003,1.12,"умеренный рост за счёт здравоохранения, инженерных и других сложных функций",2025,Средняя зарплата крупной профессиональной группы Росстата за октябрь 2025,,,2.55,2.82,Для профессий со специальным зарплатным срезом используется медиана предложений «Работы России»; иначе зарплата наследуется от группы. Результат не является обещанием числа вакансий
2030,217,Профессорско-преподавательский персонал университетов и других организаций высшего образования,Специалисты высшей квалификации,216131.92,4630.68,2.1,86292.29075362365,124055.66435238316,1.072289156626506,8.875,8.875,43.762163768000015,3.8032379518072283,5186.361600000001,1.12,"умеренный рост за счёт здравоохранения, инженерных и других сложных функций",2025,Средняя зарплата крупной профессиональной группы Росстата за октябрь 2025,,,2.1,2.34,Для профессий со специальным зарплатным срезом используется медиана предложений «Работы России»; иначе зарплата наследуется от группы. Результат не является обещанием числа вакансий
2030,218,Судьи,Специалисты высшей квалификации,201.42,3.33,1.63,86292.29075362365,124055.66435238316,1.036144578313253,8.875,8.875,43.762163768000015,3.779743975903614,3.7296000000000005,1.12,"умеренный рост за счёт здравоохранения, инженерных и других сложных функций",2025,Средняя зарплата крупной профессиональной группы Росстата за октябрь 2025,,,2.56,1.82,Для профессий со специальным зарплатным срезом используется медиана предложений «Работы России»; иначе зарплата наследуется от группы. Результат не является обещанием числа вакансий
2030,219,"Работники, оказывающие индивидуальные услуги, не входящие в другие группы","Обслуживание, торговля и охрана",18507.78,1235.27,6.26,48161.539778495455,69238.07168955111,4.036144578313253,3.25,3.25,43.762163768000036,3.760993975903615,1272.3281,1.03,почти стабильный спрос с небольшим ростом,2025,Средняя зарплата крупной профессиональной группы Росстата за октябрь 2025,,,6.26,6.43,Для профессий со специальным зарплатным срезом используется медиана предложений «Работы России»; иначе зарплата наследуется от группы. Результат не является обещанием числа вакансий
2030,220,Педагогические работники в начальном образовании,Специалисты высшей квалификации,225322.42,2882.53,1.26,86292.29075362365,124055.66435238316,1.0,8.875,8.875,43.762163768000015,3.7562499999999996,3228.4336000000008,1.12,"умеренный рост за счёт здравоохранения, инженерных и других сложных функций",2025,Средняя зарплата крупной профессиональной группы Росстата за октябрь 2025,,,1.26,1.41,Для профессий со специальным зарплатным срезом используется медиана предложений «Работы России»; иначе зарплата наследуется от группы. Результат не является обещанием числа вакансий
2030,221,Машинистки и операторы оборудования по редактированию текстов,Офисные и учётные служащие,7695.99,550.61,6.68,54045.78718009234,77697.3930755491,3.385542168674699,4.375,4.375,43.762163768000015,3.731852409638554,490.04290000000003,0.89,наиболее заметное снижение из-за цифровизации стандартных операций,2025,Средняя зарплата крупной профессиональной группы Росстата за октябрь 2025,,,6.68,5.99,Для профессий со специальным зарплатным срезом используется медиана предложений «Работы России»; иначе зарплата наследуется от группы. Результат не является обещанием числа вакансий
2030,222,"Офисные служащие, не входящие в другие группы",Офисные и учётные служащие,97214.46,6692.36,6.44,54045.78718009234,77697.3930755491,2.9879518072289155,4.375,4.375,43.762163768000015,3.473418674698795,5956.2004,0.89,наиболее заметное снижение из-за цифровизации стандартных операций,2025,Средняя зарплата крупной профессиональной группы Росстата за октябрь 2025,,,6.44,5.77,Для профессий со специальным зарплатным срезом используется медиана предложений «Работы России»; иначе зарплата наследуется от группы. Результат не является обещанием числа вакансий
2030,223,Пилоты воздушных судов и специалисты родственных занятий,Специалисты средней квалификации,14820.95,701.97,4.52,69408.5576048949,99783.24425295564,2.3012048192771086,5.5,5.5,43.762163768000015,3.4207831325301203,786.2064000000001,1.12,умеренный рост в соответствии с официальным приоритетом кадров СПО,2025,Средняя зарплата крупной профессиональной группы Росстата за октябрь 2025,,,4.52,5.04,Для профессий со специальным зарплатным срезом используется медиана предложений «Работы России»; иначе зарплата наследуется от группы. Результат не является обещанием числа вакансий
2030,224,Техники в добывающей промышленности и металлургии,Специалисты средней квалификации,6406.44,301.14,4.49,69408.5576048949,99783.24425295564,2.2289156626506026,5.5,5.5,43.762163768000015,3.373795180722891,337.27680000000004,1.12,умеренный рост в соответствии с официальным приоритетом кадров СПО,2025,Средняя зарплата крупной профессиональной группы Росстата за октябрь 2025,,,4.5,5.0,Для профессий со специальным зарплатным срезом используется медиана предложений «Работы России»; иначе зарплата наследуется от группы. Результат не является обещанием числа вакансий
2030,225,"Служащие, занятые учетом, приемом и выдачей товаров на складе",Офисные и учётные служащие,415617.77,27119.89,6.13,54045.78718009234,77697.3930755491,2.807228915662651,4.375,4.375,43.762163768000015,3.3559487951807228,24136.7021,0.89,наиболее заметное снижение из-за цифровизации стандартных операций,2025,Средняя зарплата крупной профессиональной группы Росстата за октябрь 2025,,,6.13,5.49,Для профессий со специальным зарплатным срезом используется медиана предложений «Работы России»; иначе зарплата наследуется от группы. Результат не является обещанием числа вакансий
2030,226,Агенты по трудовым договорам и найму,Специалисты средней квалификации,5404.3,245.85,4.35,69408.5576048949,99783.24425295564,2.120481927710843,5.5,5.5,43.762163768000015,3.3033132530120484,275.35200000000003,1.12,умеренный рост в соответствии с официальным приоритетом кадров СПО,2025,Средняя зарплата крупной профессиональной группы Росстата за октябрь 2025,,,4.36,4.85,Для профессий со специальным зарплатным срезом используется медиана предложений «Работы России»; иначе зарплата наследуется от группы. Результат не является обещанием числа вакансий
2030,227,Помощники по уходу за больными,"Обслуживание, торговля и охрана",179539.65,10988.94,5.77,48161.539778495455,69238.07168955111,3.2771084337349397,3.25,3.25,43.762163768000036,3.2676204819277106,11318.6082,1.03,почти стабильный спрос с небольшим ростом,2025,Средняя зарплата крупной профессиональной группы Росстата за октябрь 2025,,,5.77,5.93,Для профессий со специальным зарплатным срезом используется медиана предложений «Работы России»; иначе зарплата наследуется от группы. Результат не является обещанием числа вакансий
2030,228,Служащие бюро путешествий,Офисные и учётные служащие,4137.99,250.97,5.72,54045.78718009234,77697.3930755491,2.4457831325301207,4.375,4.375,43.762163768000015,3.1210090361445784,223.3633,0.89,наиболее заметное снижение из-за цифровизации стандартных операций,2025,Средняя зарплата крупной профессиональной группы Росстата за октябрь 2025,,,5.73,5.12,Для профессий со специальным зарплатным срезом используется медиана предложений «Работы России»; иначе зарплата наследуется от группы. Результат не является обещанием числа вакансий
2030,229,Служащие по бухгалтерским операциям и учету,Офисные и учётные служащие,37339.17,2243.11,5.67,54045.78718009234,77697.3930755491,2.4096385542168672,4.375,4.375,43.762163768000015,3.097515060240964,1996.3679000000002,0.89,наиболее заметное снижение из-за цифровизации стандартных операций,2025,Средняя зарплата крупной профессиональной группы Росстата за октябрь 2025,,,5.67,5.08,Для профессий со специальным зарплатным срезом используется медиана предложений «Работы России»; иначе зарплата наследуется от группы. Результат не является обещанием числа вакансий
2030,230,"Служащие, занятые диспетчерской подготовкой производства",Офисные и учётные служащие,77854.13,4566.45,5.54,54045.78718009234,77697.3930755491,2.1927710843373496,4.375,4.375,43.762163768000015,2.956551204819277,4064.1405,0.89,наиболее заметное снижение из-за цифровизации стандартных операций,2025,Средняя зарплата крупной профессиональной группы Росстата за октябрь 2025,,,5.54,4.96,Для профессий со специальным зарплатным срезом используется медиана предложений «Работы России»; иначе зарплата наследуется от группы. Результат не является обещанием числа вакансий
2030,231,"Работники, оказывающие индивидуальные услуги по уходу за больными, не входящие в другие группы","Обслуживание, торговля и охрана",19841.24,1114.28,5.32,48161.539778495455,69238.07168955111,2.7710843373493974,3.25,3.25,43.762163768000036,2.9387048192771084,1147.7084,1.03,почти стабильный спрос с небольшим ростом,2025,Средняя зарплата крупной профессиональной группы Росстата за октябрь 2025,,,5.32,5.47,Для профессий со специальным зарплатным срезом используется медиана предложений «Работы России»; иначе зарплата наследуется от группы. Результат не является обещанием числа вакансий
2030,232,Зубные врачи,Специалисты средней квалификации,9542.87,337.81,3.42,69408.5576048949,99783.24425295564,1.5421686746987953,5.5,5.5,43.762163768000015,2.9274096385542165,378.34720000000004,1.12,умеренный рост в соответствии с официальным приоритетом кадров СПО,2025,Средняя зарплата крупной профессиональной группы Росстата за октябрь 2025,,,3.43,3.81,Для профессий со специальным зарплатным срезом используется медиана предложений «Работы России»; иначе зарплата наследуется от группы. Результат не является обещанием числа вакансий
2030,233,Работники по уходу за детьми,"Обслуживание, торговля и охрана",271431.98,15231.75,5.31,48161.539778495455,69238.07168955111,2.734939759036145,3.25,3.25,43.762163768000036,2.915210843373494,15688.702500000001,1.03,почти стабильный спрос с небольшим ростом,2025,Средняя зарплата крупной профессиональной группы Росстата за октябрь 2025,,,5.31,5.46,Для профессий со специальным зарплатным срезом используется медиана предложений «Работы России»; иначе зарплата наследуется от группы. Результат не является обещанием числа вакансий
2030,234,"Служащие, встречающие и регистрирующие клиентов в отелях (гостиницах)",Офисные и учётные служащие,27086.85,1538.13,5.37,54045.78718009234,77697.3930755491,2.0481927710843375,4.375,4.375,43.762163768000015,2.862575301204819,1368.9357000000002,0.89,наиболее заметное снижение из-за цифровизации стандартных операций,2025,Средняя зарплата крупной профессиональной группы Росстата за октябрь 2025,,,5.37,4.81,Для профессий со специальным зарплатным срезом используется медиана предложений «Работы России»; иначе зарплата наследуется от группы. Результат не является обещанием числа вакансий
2030,235,"Средний специальный персонал художественных галерей, музеев и библиотек",Специалисты средней квалификации,15592.42,532.13,3.3,69408.5576048949,99783.24425295564,1.4337349397590362,5.5,5.5,43.762163768000015,2.8569277108433733,595.9856000000001,1.12,умеренный рост в соответствии с официальным приоритетом кадров СПО,2025,Средняя зарплата крупной профессиональной группы Росстата за октябрь 2025,,,3.31,3.68,Для профессий со специальным зарплатным срезом используется медиана предложений «Работы России»; иначе зарплата наследуется от группы. Результат не является обещанием числа вакансий
2030,236,"Работники, оказывающие индивидуальные услуги по уходу за больными на дому","Обслуживание, торговля и охрана",23788.62,1313.06,5.23,48161.539778495455,69238.07168955111,2.6265060240963853,3.25,3.25,43.762163768000036,2.8447289156626505,1352.4518,1.03,почти стабильный спрос с небольшим ростом,2025,Средняя зарплата крупной профессиональной группы Росстата за октябрь 2025,,,5.23,5.38,Для профессий со специальным зарплатным срезом используется медиана предложений «Работы России»; иначе зарплата наследуется от группы. Результат не является обещанием числа вакансий
2030,237,Служащие по ведению кадровой документации,Офисные и учётные служащие,40139.13,2246.66,5.3,54045.78718009234,77697.3930755491,2.0120481927710845,4.375,4.375,43.762163768000015,2.839081325301205,1999.5274,0.89,наиболее заметное снижение из-за цифровизации стандартных операций,2025,Средняя зарплата крупной профессиональной группы Росстата за октябрь 2025,,,5.3,4.75,Для профессий со специальным зарплатным срезом используется медиана предложений «Работы России»; иначе зарплата наследуется от группы. Результат не является обещанием числа вакансий
2030,238,Зубные техники и техники-протезисты,Специалисты средней квалификации,10488.47,347.52,3.21,69408.5576048949,99783.24425295564,1.3975903614457832,5.5,5.5,43.762163768000015,2.833433734939759,389.2224,1.12,умеренный рост в соответствии с официальным приоритетом кадров СПО,2025,Средняя зарплата крупной профессиональной группы Росстата за октябрь 2025,,,3.22,3.58,Для профессий со специальным зарплатным срезом используется медиана предложений «Работы России»; иначе зарплата наследуется от группы. Результат не является обещанием числа вакансий
2030,239,Служащие по транспортным перевозкам,Офисные и учётные служащие,120313.91,6716.64,5.29,54045.78718009234,77697.3930755491,1.9759036144578315,4.375,4.375,43.762163768000015,2.8155873493975903,5977.8096000000005,0.89,наиболее заметное снижение из-за цифровизации стандартных операций,2025,Средняя зарплата крупной профессиональной группы Росстата за октябрь 2025,,,5.29,4.73,Для профессий со специальным зарплатным срезом используется медиана предложений «Работы России»; иначе зарплата наследуется от группы. Результат не является обещанием числа вакансий
2030,240,Офисные служащие общего профиля,Офисные и учётные служащие,81907.49,4351.0,5.04,54045.78718009234,77697.3930755491,1.8313253012048194,4.375,4.375,43.762163768000015,2.7216114457831324,3872.39,0.89,наиболее заметное снижение из-за цифровизации стандартных операций,2025,Средняя зарплата крупной профессиональной группы Росстата за октябрь 2025,,,5.04,4.51,Для профессий со специальным зарплатным срезом используется медиана предложений «Работы России»; иначе зарплата наследуется от группы. Результат не является обещанием числа вакансий
2030,241,Медицинские регистраторы,Специалисты средней квалификации,44750.88,1318.16,2.86,69408.5576048949,99783.24425295564,1.216867469879518,5.5,5.5,43.762163768000015,2.7159638554216867,1476.3392000000001,1.12,умеренный рост в соответствии с официальным приоритетом кадров СПО,2025,Средняя зарплата крупной профессиональной группы Росстата за октябрь 2025,,,2.86,3.19,Для профессий со специальным зарплатным срезом используется медиана предложений «Работы России»; иначе зарплата наследуется от группы. Результат не является обещанием числа вакансий
2030,242,Служащие по введению данных,Офисные и учётные служащие,72178.33,3548.91,4.69,54045.78718009234,77697.3930755491,1.7228915662650603,4.375,4.375,43.762163768000015,2.651129518072289,3158.5299,0.89,наиболее заметное снижение из-за цифровизации стандартных операций,2025,Средняя зарплата крупной профессиональной группы Росстата за октябрь 2025,,,4.69,4.19,Для профессий со специальным зарплатным срезом используется медиана предложений «Работы России»; иначе зарплата наследуется от группы. Результат не является обещанием числа вакансий
2030,243,Авиационные диспетчеры,Специалисты средней квалификации,15422.3,396.15,2.5,69408.5576048949,99783.24425295564,1.108433734939759,5.5,5.5,43.762163768000015,2.6454819277108435,443.68800000000005,1.12,умеренный рост в соответствии с официальным приоритетом кадров СПО,2025,Средняя зарплата крупной профессиональной группы Росстата за октябрь 2025,,,2.51,2.8,Для профессий со специальным зарплатным срезом используется медиана предложений «Работы России»; иначе зарплата наследуется от группы. Результат не является обещанием числа вакансий
2030,244,"Кодировщики, корректоры и другие родственные служащие",Офисные и учётные служащие,2738.42,127.21,4.44,54045.78718009234,77697.3930755491,1.6867469879518073,4.375,4.375,43.762163768000015,2.6276355421686746,113.2169,0.89,наиболее заметное снижение из-за цифровизации стандартных операций,2025,Средняя зарплата крупной профессиональной группы Росстата за октябрь 2025,,,4.47,3.97,Для профессий со специальным зарплатным срезом используется медиана предложений «Работы России»; иначе зарплата наследуется от группы. Результат не является обещанием числа вакансий
2030,245,Служащие по учету рабочего времени и расчету заработной платы,Офисные и учётные служащие,16564.84,766.97,4.43,54045.78718009234,77697.3930755491,1.6506024096385543,4.375,4.375,43.762163768000015,2.60414156626506,682.6033,0.89,наиболее заметное снижение из-за цифровизации стандартных операций,2025,Средняя зарплата крупной профессиональной группы Росстата за октябрь 2025,,,4.44,3.96,Для профессий со специальным зарплатным срезом используется медиана предложений «Работы России»; иначе зарплата наследуется от группы. Результат не является обещанием числа вакансий
2030,246,"Служащие по обработке статистической, финансовой и страховой информации и ведению расчетов",Офисные и учётные служащие,10794.03,487.76,4.32,54045.78718009234,77697.3930755491,1.6144578313253013,4.375,4.375,43.762163768000015,2.580647590361446,434.1064,0.89,наиболее заметное снижение из-за цифровизации стандартных операций,2025,Средняя зарплата крупной профессиональной группы Росстата за октябрь 2025,,,4.33,3.87,Для профессий со специальным зарплатным срезом используется медиана предложений «Работы России»; иначе зарплата наследуется от группы. Результат не является обещанием числа вакансий
2030,247,Секретари (общего профиля),Офисные и учётные служащие,115617.96,5151.23,4.27,54045.78718009234,77697.3930755491,1.5783132530120483,4.375,4.375,43.762163768000015,2.557153614457831,4584.5947,0.89,наиболее заметное снижение из-за цифровизации стандартных операций,2025,Средняя зарплата крупной профессиональной группы Росстата за октябрь 2025,,,4.27,3.81,Для профессий со специальным зарплатным срезом используется медиана предложений «Работы России»; иначе зарплата наследуется от группы. Результат не является обещанием числа вакансий
2030,248,Служащие библиотек,Офисные и учётные служащие,11915.13,479.04,3.87,54045.78718009234,77697.3930755491,1.3253012048192772,4.375,4.375,43.762163768000015,2.39269578313253,426.34560000000005,0.89,наиболее заметное снижение из-за цифровизации стандартных операций,2025,Средняя зарплата крупной профессиональной группы Росстата за октябрь 2025,,,3.88,3.45,Для профессий со специальным зарплатным срезом используется медиана предложений «Работы России»; иначе зарплата наследуется от группы. Результат не является обещанием числа вакансий
2030,249,Регистраторы и копировщики,Офисные и учётные служащие,12393.01,494.12,3.83,54045.78718009234,77697.3930755491,1.2891566265060241,4.375,4.375,43.762163768000015,2.369201807228915,439.7668,0.89,наиболее заметное снижение из-за цифровизации стандартных операций,2025,Средняя зарплата крупной профессиональной группы Росстата за октябрь 2025,,,3.84,3.43,Для профессий со специальным зарплатным срезом используется медиана предложений «Работы России»; иначе зарплата наследуется от группы. Результат не является обещанием числа вакансий
2030,250,Экономки,"Обслуживание, торговля и охрана",946.8,35.5,3.61,48161.539778495455,69238.07168955111,1.4698795180722892,3.25,3.25,43.762163768000036,2.0929216867469878,36.565,1.03,почти стабильный спрос с небольшим ростом,2025,Средняя зарплата крупной профессиональной группы Росстата за октябрь 2025,,,3.71,3.72,Для профессий со специальным зарплатным срезом используется медиана предложений «Работы России»; иначе зарплата наследуется от группы. Результат не является обещанием числа вакансий
2031,1,Врачи скорой медицинской помощи и парамедики,Специалисты высшей квалификации,12108.49,2846.35,19.03,81908.0,112730.59194150959,9.927710843373495,8.875,8.875,37.63074661999999,9.559262048192771,3244.8389999999995,1.14,"умеренный рост за счёт здравоохранения, инженерных и других сложных функций",2026,Медиана середины зарплатных вилок вакансий API «Работа России»,2026-08-13,503.0,18.98,21.13,Для профессий со специальным зарплатным срезом используется медиана предложений «Работы России»; иначе зарплата наследуется от группы. Результат не является обещанием числа вакансий
2031,2,Провизоры,Специалисты высшей квалификации,23377.51,4299.29,15.53,59250.0,81546.21737235,9.819277108433734,8.875,8.875,37.63074662000001,9.488780120481927,4901.1906,1.14,"умеренный рост за счёт здравоохранения, инженерных и других сложных функций",2026,Медиана середины зарплатных вилок вакансий API «Работа России»,2026-08-13,547.0,15.51,17.33,Для профессий со специальным зарплатным срезом используется медиана предложений «Работы России»; иначе зарплата наследуется от группы. Результат не является обещанием числа вакансий
2031,3,Диетологи и специалисты по рациональному питанию,Специалисты высшей квалификации,1240.56,217.56,14.92,60773.0,83642.33364337259,9.74698795180723,8.875,8.875,37.63074661999999,9.441792168674699,248.01839999999999,1.14,"умеренный рост за счёт здравоохранения, инженерных и других сложных функций",2026,Медиана середины зарплатных вилок вакансий API «Работа России»,2026-08-13,134.0,14.59,16.66,Для профессий со специальным зарплатным срезом используется медиана предложений «Работы России»; иначе зарплата наследуется от группы. Результат не является обещанием числа вакансий
2031,4,Врачи общей практики,Специалисты высшей квалификации,47658.93,7302.5,13.29,70000.0,96341.522634,9.493975903614457,8.875,8.875,37.63074661999999,9.277334337349398,8324.849999999999,1.14,"умеренный рост за счёт здравоохранения, инженерных и других сложных функций",2026,Медиана середины зарплатных вилок вакансий API «Работа России»,2026-08-13,787.0,13.28,14.87,Для профессий со специальным зарплатным срезом используется медиана предложений «Работы России»; иначе зарплата наследуется от группы. Результат не является обещанием числа вакансий
2031,5,Преподаватели иностранных языков на курсах и частные,Специалисты высшей квалификации,6215.38,935.98,13.09,38546.0,53051.14759214519,9.421686746987952,8.875,8.875,37.63074661999999,9.23034638554217,1067.0172,1.14,"умеренный рост за счёт здравоохранения, инженерных и других сложных функций",2026,Медиана середины зарплатных вилок вакансий API «Работа России»,2026-08-13,106.0,13.03,14.65,Для профессий со специальным зарплатным срезом используется медиана предложений «Работы России»; иначе зарплата наследуется от группы. Результат не является обещанием числа вакансий
2031,6,Физиотерапевты,Специалисты высшей квалификации,5196.6,726.16,12.26,64522.0,88802.11033415639,9.240963855421686,8.875,8.875,37.63074661999999,9.112876506024095,827.8223999999999,1.14,"умеренный рост за счёт здравоохранения, инженерных и других сложных функций",2026,Медиана середины зарплатных вилок вакансий API «Работа России»,2026-08-13,420.0,12.2,13.74,Для профессий со специальным зарплатным срезом используется медиана предложений «Работы России»; иначе зарплата наследуется от группы. Результат не является обещанием числа вакансий
2031,7,Специалисты в области медицинских аспектов охраны труда и окружающей среды,Специалисты высшей квалификации,7981.23,1110.18,12.21,40640.0,55933.135426368,9.168674698795181,8.875,8.875,37.63074661999999,9.065888554216865,1265.6052,1.14,"умеренный рост за счёт здравоохранения, инженерных и других сложных функций",2026,Медиана середины зарплатных вилок вакансий API «Работа России»,2026-08-13,1198.0,12.17,13.69,Для профессий со специальным зарплатным срезом используется медиана предложений «Работы России»; иначе зарплата наследуется от группы. Результат не является обещанием числа вакансий
2031,8,Ветеринарные врачи,Специалисты высшей квалификации,31769.11,4306.14,11.94,47500.0,65374.604644499996,9.096385542168674,8.875,8.875,37.63074661999999,9.018900602409637,4908.9996,1.14,"умеренный рост за счёт здравоохранения, инженерных и других сложных функций",2026,Медиана середины зарплатных вилок вакансий API «Работа России»,2026-08-13,1195.0,11.93,13.38,Для профессий со специальным зарплатным срезом используется медиана предложений «Работы России»; иначе зарплата наследуется от группы. Результат не является обещанием числа вакансий
2031,9,Специалисты по сбыту продукции (исключая информационно-коммуникационные технологии),Специалисты высшей квалификации,333714.47,42836.23,11.38,55400.0,76247.43362747999,9.024096385542169,8.875,8.875,37.63074661999997,8.971912650602409,48833.3022,1.14,"умеренный рост за счёт здравоохранения, инженерных и других сложных функций",2026,Медиана середины зарплатных вилок вакансий API «Работа России»,2026-08-13,16.0,11.38,12.77,Для профессий со специальным зарплатным срезом используется медиана предложений «Работы России»; иначе зарплата наследуется от группы. Результат не является обещанием числа вакансий
2031,10,"Операторы машин по производству текстильной, меховой и кожаной продукции","Операторы машин, сборщики и водители",38214.07,6454.81,14.45,55382.0,76222.6600930884,9.566265060240964,7.75,7.75,37.63074662000001,8.930572289156625,7100.291000000001,1.1,умеренный рост: официальный кадровый прогноз указывает на высокий вес профессий со средним профессиональным образованием,2026,"Росстат 57-Т за октябрь 2025: точная составная группа ОКЗ, 57-Т",2026-08-13,1.0,14.44,15.67,Для профессий со специальным зарплатным срезом используется медиана предложений «Работы России»; иначе зарплата наследуется от группы. Результат не является обещанием числа вакансий
2031,11,Специалисты по медицинскому уходу,Специалисты высшей квалификации,45448.13,5783.7,11.29,86292.29075362365,130878.72589176422,8.951807228915662,8.875,8.875,51.66908277524001,8.92492469879518,6593.418,1.14,"умеренный рост за счёт здравоохранения, инженерных и других сложных функций",2025,Средняя зарплата крупной профессиональной группы Росстата за октябрь 2025,,,11.28,12.67,Для профессий со специальным зарплатным срезом используется медиана предложений «Работы России»; иначе зарплата наследуется от группы. Результат не является обещанием числа вакансий
2031,12,Аудиологи и специалисты по развитию и восстановлению речи,Специалисты высшей квалификации,2690.66,330.81,10.95,86292.29075362365,130878.72589176422,8.843373493975903,8.875,8.875,51.66908277524001,8.854442771084337,377.12339999999995,1.14,"умеренный рост за счёт здравоохранения, инженерных и других сложных функций",2025,Средняя зарплата крупной профессиональной группы Росстата за октябрь 2025,,,10.86,12.29,Для профессий со специальным зарплатным срезом используется медиана предложений «Работы России»; иначе зарплата наследуется от группы. Результат не является обещанием числа вакансий
2031,13,"Специалисты в области сельского, лесного и рыбного хозяйства",Специалисты высшей квалификации,47780.61,5521.76,10.36,86292.29075362365,130878.72589176422,8.626506024096386,8.875,8.875,51.66908277524001,8.713478915662652,6294.8063999999995,1.14,"умеренный рост за счёт здравоохранения, инженерных и других сложных функций",2025,Средняя зарплата крупной профессиональной группы Росстата за октябрь 2025,,,10.36,11.64,Для профессий со специальным зарплатным срезом используется медиана предложений «Работы России»; иначе зарплата наследуется от группы. Результат не является обещанием числа вакансий
2031,14,"Специалисты в области права, не входящие в другие группы",Специалисты высшей квалификации,34278.45,3943.51,10.32,86292.29075362365,130878.72589176422,8.55421686746988,8.875,8.875,51.66908277524001,8.666490963855424,4495.6014,1.14,"умеренный рост за счёт здравоохранения, инженерных и других сложных функций",2025,Средняя зарплата крупной профессиональной группы Росстата за октябрь 2025,,,10.31,11.59,Для профессий со специальным зарплатным срезом используется медиана предложений «Работы России»; иначе зарплата наследуется от группы. Результат не является обещанием числа вакансий
2031,15,Психологи,Специалисты высшей квалификации,31243.12,3563.57,10.24,86292.29075362365,130878.72589176422,8.518072289156626,8.875,8.875,51.66908277524001,8.642996987951806,4062.4698,1.14,"умеренный рост за счёт здравоохранения, инженерных и других сложных функций",2025,Средняя зарплата крупной профессиональной группы Росстата за октябрь 2025,,,10.23,11.51,Для профессий со специальным зарплатным срезом используется медиана предложений «Работы России»; иначе зарплата наследуется от группы. Результат не является обещанием числа вакансий
2031,16,Статистики,Специалисты высшей квалификации,2906.95,331.45,10.24,86292.29075362365,130878.72589176422,8.481927710843372,8.875,8.875,51.66908277524001,8.619503012048193,377.85299999999995,1.14,"умеренный рост за счёт здравоохранения, инженерных и других сложных функций",2025,Средняя зарплата крупной профессиональной группы Росстата за октябрь 2025,,,10.17,11.5,Для профессий со специальным зарплатным срезом используется медиана предложений «Работы России»; иначе зарплата наследуется от группы. Результат не является обещанием числа вакансий
2031,17,Врачи-специалисты,Специалисты высшей квалификации,439766.85,49806.52,10.17,86292.29075362365,130878.72589176422,8.44578313253012,8.875,8.875,51.66908277524001,8.596009036144578,56779.432799999995,1.14,"умеренный рост за счёт здравоохранения, инженерных и других сложных функций",2025,Средняя зарплата крупной профессиональной группы Росстата за октябрь 2025,,,10.17,11.43,Для профессий со специальным зарплатным срезом используется медиана предложений «Работы России»; иначе зарплата наследуется от группы. Результат не является обещанием числа вакансий
2031,18,Водители грузового и пассажирского транспорта,"Операторы машин, сборщики и водители",676870.77,89632.86,11.69,78339.15258467232,118816.27417906823,8.987951807228917,7.75,7.75,51.66908277524001,8.554668674698796,98596.14600000001,1.1,умеренный рост: официальный кадровый прогноз указывает на высокий вес профессий со средним профессиональным образованием,2025,Средняя зарплата крупной профессиональной группы Росстата за октябрь 2025,,,11.69,12.71,Для профессий со специальным зарплатным срезом используется медиана предложений «Работы России»; иначе зарплата наследуется от группы. Результат не является обещанием числа вакансий
2031,19,Разработчики Web и мультимедийных приложений,Специалисты высшей квалификации,25444.66,2830.89,10.01,86292.29075362365,130878.72589176422,8.301204819277109,8.875,8.875,51.66908277524001,8.50203313253012,3227.2146,1.14,"умеренный рост за счёт здравоохранения, инженерных и других сложных функций",2025,Средняя зарплата крупной профессиональной группы Росстата за октябрь 2025,,,10.0,11.26,Для профессий со специальным зарплатным срезом используется медиана предложений «Работы России»; иначе зарплата наследуется от группы. Результат не является обещанием числа вакансий
2031,20,Переводчики и другие лингвисты,Специалисты высшей квалификации,6287.39,697.65,9.99,86292.29075362365,130878.72589176422,8.228915662650603,8.875,8.875,51.66908277524001,8.455045180722891,795.3209999999999,1.14,"умеренный рост за счёт здравоохранения, инженерных и других сложных функций",2025,Средняя зарплата крупной профессиональной группы Росстата за октябрь 2025,,,9.96,11.23,Для профессий со специальным зарплатным срезом используется медиана предложений «Работы России»; иначе зарплата наследуется от группы. Результат не является обещанием числа вакансий
2031,21,Специалисты-техники по Web,Специалисты средней квалификации,6454.93,5145.29,44.36,69408.5576048949,105271.32268686818,10.0,5.5,5.5,51.66908277524001,8.425,5865.6305999999995,1.14,умеренный рост в соответствии с официальным приоритетом кадров СПО,2025,Средняя зарплата крупной профессиональной группы Росстата за октябрь 2025,,,44.28,47.61,Для профессий со специальным зарплатным срезом используется медиана предложений «Работы России»; иначе зарплата наследуется от группы. Результат не является обещанием числа вакансий
2031,22,Рабочие-отделочники и рабочие родственных занятий,"Промышленность, строительство и транспорт",249810.29,40122.94,13.84,78166.90311606236,118555.02498994228,9.349397590361445,6.625,6.625,51.66908277524001,8.39585843373494,40925.3988,1.02,"в 2027–2029 годах применён циклический дисконт из-за слабого роста ВВП, дорогого кредита и снижения строительства; затем — умеренная стабилизация",2025,Средняя зарплата крупной профессиональной группы Росстата за октябрь 2025,,,13.84,14.08,Для профессий со специальным зарплатным срезом используется медиана предложений «Работы России»; иначе зарплата наследуется от группы. Результат не является обещанием числа вакансий
2031,23,Операторы машин по переработке древесины и изготовлению бумаги,"Операторы машин, сборщики и водители",29554.64,3555.44,10.74,78339.15258467232,118816.27417906823,8.698795180722891,7.75,7.75,51.66908277524001,8.36671686746988,3910.9840000000004,1.1,умеренный рост: официальный кадровый прогноз указывает на высокий вес профессий со средним профессиональным образованием,2025,Средняя зарплата крупной профессиональной группы Росстата за октябрь 2025,,,10.73,11.69,Для профессий со специальным зарплатным срезом используется медиана предложений «Работы России»; иначе зарплата наследуется от группы. Результат не является обещанием числа вакансий
2031,24,Специалисты в области организации и ведения социальной работы,Специалисты высшей квалификации,64659.26,7005.0,9.77,86292.29075362365,130878.72589176422,8.08433734939759,8.875,8.875,51.66908277524001,8.361069277108435,7985.699999999999,1.14,"умеренный рост за счёт здравоохранения, инженерных и других сложных функций",2025,Средняя зарплата крупной профессиональной группы Росстата за октябрь 2025,,,9.77,10.99,Для профессий со специальным зарплатным срезом используется медиана предложений «Работы России»; иначе зарплата наследуется от группы. Результат не является обещанием числа вакансий
2031,25,"Рабочие ручного труда, производящие одежду и обувь","Промышленность, строительство и транспорт",44591.64,7001.83,13.57,78166.90311606236,118555.02498994228,9.27710843373494,6.625,6.625,51.66908277524001,8.348870481927712,7141.8666,1.02,"в 2027–2029 годах применён циклический дисконт из-за слабого роста ВВП, дорогого кредита и снижения строительства; затем — умеренная стабилизация",2025,Средняя зарплата крупной профессиональной группы Росстата за октябрь 2025,,,13.56,13.81,Для профессий со специальным зарплатным срезом используется медиана предложений «Работы России»; иначе зарплата наследуется от группы. Результат не является обещанием числа вакансий
2031,26,Фармацевты,Специалисты средней квалификации,40852.8,7435.39,15.4,69408.5576048949,105271.32268686818,9.783132530120483,5.5,5.5,51.66908277524001,8.284036144578312,8476.3446,1.14,умеренный рост в соответствии с официальным приоритетом кадров СПО,2025,Средняя зарплата крупной профессиональной группы Росстата за октябрь 2025,,,15.4,17.18,Для профессий со специальным зарплатным срезом используется медиана предложений «Работы России»; иначе зарплата наследуется от группы. Результат не является обещанием числа вакансий
2031,27,Ландшафтные архитекторы,Специалисты высшей квалификации,744.15,79.78,9.68,86292.29075362365,130878.72589176422,7.9397590361445785,8.875,8.875,51.66908277524001,8.267093373493976,90.94919999999999,1.14,"умеренный рост за счёт здравоохранения, инженерных и других сложных функций",2025,Средняя зарплата крупной профессиональной группы Росстата за октябрь 2025,,,9.44,10.89,Для профессий со специальным зарплатным срезом используется медиана предложений «Работы России»; иначе зарплата наследуется от группы. Результат не является обещанием числа вакансий
2031,28,Специалисты по патентной работе и защите авторских прав,Специалисты высшей квалификации,3578.16,380.92,9.62,86292.29075362365,130878.72589176422,7.867469879518072,8.875,8.875,51.66908277524001,8.220105421686748,434.24879999999996,1.14,"умеренный рост за счёт здравоохранения, инженерных и других сложных функций",2025,Средняя зарплата крупной профессиональной группы Росстата за октябрь 2025,,,9.57,10.82,Для профессий со специальным зарплатным срезом используется медиана предложений «Работы России»; иначе зарплата наследуется от группы. Результат не является обещанием числа вакансий
2031,29,Ветеринарные фельдшеры,Специалисты средней квалификации,10262.63,1762.24,14.65,69408.5576048949,105271.32268686818,9.674698795180722,5.5,5.5,51.66908277524001,8.21355421686747,2008.9535999999998,1.14,умеренный рост в соответствии с официальным приоритетом кадров СПО,2025,Средняя зарплата крупной профессиональной группы Росстата за октябрь 2025,,,14.63,16.37,Для профессий со специальным зарплатным срезом используется медиана предложений «Работы России»; иначе зарплата наследуется от группы. Результат не является обещанием числа вакансий
2031,30,Рабочие строительных и родственных занятий,"Промышленность, строительство и транспорт",417619.3,62554.11,13.03,78166.90311606236,118555.02498994228,9.060240963855422,6.625,6.625,51.66908277524001,8.207906626506023,63805.192200000005,1.02,"в 2027–2029 годах применён циклический дисконт из-за слабого роста ВВП, дорогого кредита и снижения строительства; затем — умеренная стабилизация",2025,Средняя зарплата крупной профессиональной группы Росстата за октябрь 2025,,,13.03,13.25,Для профессий со специальным зарплатным срезом используется медиана предложений «Работы России»; иначе зарплата наследуется от группы. Результат не является обещанием числа вакансий
2031,31,Архитекторы зданий и сооружений,Специалисты высшей квалификации,15834.32,1681.75,9.6,86292.29075362365,130878.72589176422,7.831325301204819,8.875,8.875,51.66908277524001,8.196611445783132,1917.195,1.14,"умеренный рост за счёт здравоохранения, инженерных и других сложных функций",2025,Средняя зарплата крупной профессиональной группы Росстата за октябрь 2025,,,9.59,10.8,Для профессий со специальным зарплатным срезом используется медиана предложений «Работы России»; иначе зарплата наследуется от группы. Результат не является обещанием числа вакансий
2031,32,Шеф-повара,Специалисты средней квалификации,30106.14,5063.79,14.4,69408.5576048949,105271.32268686818,9.638554216867469,5.5,5.5,51.66908277524001,8.190060240963856,5772.7206,1.14,умеренный рост в соответствии с официальным приоритетом кадров СПО,2025,Средняя зарплата крупной профессиональной группы Росстата за октябрь 2025,,,14.39,16.09,Для профессий со специальным зарплатным срезом используется медиана предложений «Работы России»; иначе зарплата наследуется от группы. Результат не является обещанием числа вакансий
2031,33,"Геодезисты, картографы и топографы",Специалисты высшей квалификации,28056.28,2954.47,9.53,86292.29075362365,130878.72589176422,7.7951807228915655,8.875,8.875,51.66908277524001,8.173117469879518,3368.0957999999996,1.14,"умеренный рост за счёт здравоохранения, инженерных и других сложных функций",2025,Средняя зарплата крупной профессиональной группы Росстата за октябрь 2025,,,9.52,10.72,Для профессий со специальным зарплатным срезом используется медиана предложений «Работы России»; иначе зарплата наследуется от группы. Результат не является обещанием числа вакансий
2031,34,Инженеры по гражданскому строительству,Специалисты высшей квалификации,99841.52,10465.24,9.49,86292.29075362365,130878.72589176422,7.72289156626506,8.875,8.875,51.66908277524001,8.126129518072288,11930.373599999999,1.14,"умеренный рост за счёт здравоохранения, инженерных и других сложных функций",2025,Средняя зарплата крупной профессиональной группы Росстата за октябрь 2025,,,9.49,10.67,Для профессий со специальным зарплатным срезом используется медиана предложений «Работы России»; иначе зарплата наследуется от группы. Результат не является обещанием числа вакансий
2031,35,Рабочие пищевой промышленности и рабочие родственных занятий,"Промышленность, строительство и транспорт",231279.5,32269.14,12.24,78166.90311606236,118555.02498994228,8.879518072289157,6.625,6.625,51.66908277524001,8.090436746987953,32914.5228,1.02,"в 2027–2029 годах применён циклический дисконт из-за слабого роста ВВП, дорогого кредита и снижения строительства; затем — умеренная стабилизация",2025,Средняя зарплата крупной профессиональной группы Росстата за октябрь 2025,,,12.24,12.46,Для профессий со специальным зарплатным срезом используется медиана предложений «Работы России»; иначе зарплата наследуется от группы. Результат не является обещанием числа вакансий
2031,36,Операторы подвижного оборудования,"Операторы машин, сборщики и водители",474888.55,54728.23,10.33,78339.15258467232,118816.27417906823,8.265060240963855,7.75,7.75,51.66908277524001,8.084789156626506,60201.05300000001,1.1,умеренный рост: официальный кадровый прогноз указывает на высокий вес профессий со средним профессиональным образованием,2025,Средняя зарплата крупной профессиональной группы Росстата за октябрь 2025,,,10.33,11.25,Для профессий со специальным зарплатным срезом используется медиана предложений «Работы России»; иначе зарплата наследуется от группы. Результат не является обещанием числа вакансий
2031,37,Специалисты-техники по лесному хозяйству и лесозаготовительному производству,Специалисты средней квалификации,4510.66,680.6,13.11,69408.5576048949,105271.32268686818,9.457831325301205,5.5,5.5,51.66908277524001,8.072590361445783,775.884,1.14,умеренный рост в соответствии с официальным приоритетом кадров СПО,2025,Средняя зарплата крупной профессиональной группы Росстата за октябрь 2025,,,13.08,14.68,Для профессий со специальным зарплатным срезом используется медиана предложений «Работы России»; иначе зарплата наследуется от группы. Результат не является обещанием числа вакансий
2031,38,Системные аналитики,Специалисты высшей квалификации,49571.73,5070.93,9.28,86292.29075362365,130878.72589176422,7.614457831325302,8.875,8.875,51.66908277524001,8.055647590361446,5780.8602,1.14,"умеренный рост за счёт здравоохранения, инженерных и других сложных функций",2025,Средняя зарплата крупной профессиональной группы Росстата за октябрь 2025,,,9.28,10.44,Для профессий со специальным зарплатным срезом используется медиана предложений «Работы России»; иначе зарплата наследуется от группы. Результат не является обещанием числа вакансий
2031,39,Электромонтажники и ремонтники электрического оборудования,"Промышленность, строительство и транспорт",490322.23,64251.65,11.59,78166.90311606236,118555.02498994228,8.771084337349397,6.625,6.625,51.66908277524001,8.019954819277109,65536.683,1.02,"в 2027–2029 годах применён циклический дисконт из-за слабого роста ВВП, дорогого кредита и снижения строительства; затем — умеренная стабилизация",2025,Средняя зарплата крупной профессиональной группы Росстата за октябрь 2025,,,11.59,11.79,Для профессий со специальным зарплатным срезом используется медиана предложений «Работы России»; иначе зарплата наследуется от группы. Результат не является обещанием числа вакансий
2031,40,Рабочие полиграфического производства,"Промышленность, строительство и транспорт",21705.35,2823.04,11.51,78166.90311606236,118555.02498994228,8.734939759036145,6.625,6.625,51.66908277524001,7.996460843373494,2879.5008,1.02,"в 2027–2029 годах применён циклический дисконт из-за слабого роста ВВП, дорогого кредита и снижения строительства; затем — умеренная стабилизация",2025,Средняя зарплата крупной профессиональной группы Росстата за октябрь 2025,,,11.5,11.71,Для профессий со специальным зарплатным срезом используется медиана предложений «Работы России»; иначе зарплата наследуется от группы. Результат не является обещанием числа вакансий
2031,41,Операторы машин по обработке пищевых и аналогичных продуктов,"Операторы машин, сборщики и водители",88059.62,10052.93,10.25,78339.15258467232,118816.27417906823,8.120481927710843,7.75,7.75,51.66908277524001,7.990813253012048,11058.223000000002,1.1,умеренный рост: официальный кадровый прогноз указывает на высокий вес профессий со средним профессиональным образованием,2025,Средняя зарплата крупной профессиональной группы Росстата за октябрь 2025,,,10.25,11.16,Для профессий со специальным зарплатным срезом используется медиана предложений «Работы России»; иначе зарплата наследуется от группы. Результат не является обещанием числа вакансий
2031,42,Специалисты в области защиты окружающей среды,Специалисты высшей квалификации,10727.3,1071.53,9.08,86292.29075362365,130878.72589176422,7.506024096385542,8.875,8.875,51.66908277524001,7.985165662650602,1221.5441999999998,1.14,"умеренный рост за счёт здравоохранения, инженерных и других сложных функций",2025,Средняя зарплата крупной профессиональной группы Росстата за октябрь 2025,,,9.07,10.22,Для профессий со специальным зарплатным срезом используется медиана предложений «Работы России»; иначе зарплата наследуется от группы. Результат не является обещанием числа вакансий
2031,43,Графические и мультимедийные дизайнеры,Специалисты высшей квалификации,21266.7,2117.0,9.05,86292.29075362365,130878.72589176422,7.433734939759036,8.875,8.875,51.66908277524001,7.938177710843373,2413.3799999999997,1.14,"умеренный рост за счёт здравоохранения, инженерных и других сложных функций",2025,Средняя зарплата крупной профессиональной группы Росстата за октябрь 2025,,,9.04,10.19,Для профессий со специальным зарплатным срезом используется медиана предложений «Работы России»; иначе зарплата наследуется от группы. Результат не является обещанием числа вакансий
2031,44,Служащие по проведению опросов потребителей,Офисные и учётные служащие,1314.4,298.84,18.52,54045.78718009234,81970.7496947043,9.710843373493976,4.375,4.375,51.66908277524001,7.843298192771084,259.9908,0.87,наиболее заметное снижение из-за цифровизации стандартных операций,2025,Средняя зарплата крупной профессиональной группы Росстата за октябрь 2025,,,18.3,16.51,Для профессий со специальным зарплатным срезом используется медиана предложений «Работы России»; иначе зарплата наследуется от группы. Результат не является обещанием числа вакансий
2031,45,Кассиры банков и работники других родственных занятий,Офисные и учётные служащие,51902.3,10817.59,17.25,54045.78718009234,81970.7496947043,9.53012048192771,4.375,4.375,51.66908277524001,7.725828313253013,9411.3033,0.87,наиболее заметное снижение из-за цифровизации стандартных операций,2025,Средняя зарплата крупной профессиональной группы Росстата за октябрь 2025,,,17.24,15.35,Для профессий со специальным зарплатным срезом используется медиана предложений «Работы России»; иначе зарплата наследуется от группы. Результат не является обещанием числа вакансий
2031,46,Геологи и геофизики,Специалисты высшей квалификации,28986.0,2663.82,8.42,86292.29075362365,130878.72589176422,7.0,8.875,8.875,51.66908277524001,7.656249999999999,3036.7547999999997,1.14,"умеренный рост за счёт здравоохранения, инженерных и других сложных функций",2025,Средняя зарплата крупной профессиональной группы Росстата за октябрь 2025,,,8.42,9.48,Для профессий со специальным зарплатным срезом используется медиана предложений «Работы России»; иначе зарплата наследуется от группы. Результат не является обещанием числа вакансий
2031,47,Кондукторы общественного транспорта,"Обслуживание, торговля и охрана",20933.31,9846.92,31.99,48161.539778495455,73046.16563247642,9.963855421686747,3.25,3.25,51.66908277524003,7.614006024096386,10240.7968,1.04,почти стабильный спрос с небольшим ростом,2025,Средняя зарплата крупной профессиональной группы Росстата за октябрь 2025,,,31.97,32.85,Для профессий со специальным зарплатным срезом используется медиана предложений «Работы России»; иначе зарплата наследуется от группы. Результат не является обещанием числа вакансий
2031,48,Метеорологи,Специалисты высшей квалификации,5908.32,533.74,8.29,86292.29075362365,130878.72589176422,6.927710843373494,8.875,8.875,51.66908277524001,7.609262048192771,608.4635999999999,1.14,"умеренный рост за счёт здравоохранения, инженерных и других сложных функций",2025,Средняя зарплата крупной профессиональной группы Росстата за октябрь 2025,,,8.27,9.34,Для профессий со специальным зарплатным срезом используется медиана предложений «Работы России»; иначе зарплата наследуется от группы. Результат не является обещанием числа вакансий
2031,49,"Букмекеры, крупье и работники родственных занятий в сфере азартных игр",Офисные и учётные служащие,762.5,141.71,15.67,54045.78718009234,81970.7496947043,9.313253012048193,4.375,4.375,51.66908277524001,7.584864457831325,123.2877,0.87,наиболее заметное снижение из-за цифровизации стандартных операций,2025,Средняя зарплата крупной профессиональной группы Росстата за октябрь 2025,,,15.38,13.92,Для профессий со специальным зарплатным срезом используется медиана предложений «Работы России»; иначе зарплата наследуется от группы. Результат не является обещанием числа вакансий
2031,50,"Водители легковых автомобилей, фургонов и мотоциклов","Операторы машин, сборщики и водители",561198.36,58047.79,9.37,78339.15258467232,118816.27417906823,7.469879518072289,7.75,7.75,51.66908277524001,7.567921686746987,63852.569,1.1,умеренный рост: официальный кадровый прогноз указывает на высокий вес профессий со средним профессиональным образованием,2025,Средняя зарплата крупной профессиональной группы Росстата за октябрь 2025,,,9.37,10.22,Для профессий со специальным зарплатным срезом используется медиана предложений «Работы России»; иначе зарплата наследуется от группы. Результат не является обещанием числа вакансий
2031,51,Средний медицинский персонал скорой помощи,Специалисты средней квалификации,97927.77,11352.84,10.39,69408.5576048949,105271.32268686818,8.662650602409638,5.5,5.5,51.66908277524001,7.555722891566265,12942.237599999999,1.14,умеренный рост в соответствии с официальным приоритетом кадров СПО,2025,Средняя зарплата крупной профессиональной группы Росстата за октябрь 2025,,,10.39,11.67,Для профессий со специальным зарплатным срезом используется медиана предложений «Работы России»; иначе зарплата наследуется от группы. Результат не является обещанием числа вакансий
2031,52,"Формовщики, сварщики, вальцовщики, подготовители конструкционного металла и рабочие родственных занятий","Промышленность, строительство и транспорт",399740.94,48322.58,10.78,78166.90311606236,118555.02498994228,8.048192771084338,6.625,6.625,51.66908277524001,7.550075301204819,49289.0316,1.02,"в 2027–2029 годах применён циклический дисконт из-за слабого роста ВВП, дорогого кредита и снижения строительства; затем — умеренная стабилизация",2025,Средняя зарплата крупной профессиональной группы Росстата за октябрь 2025,,,10.78,10.98,Для профессий со специальным зарплатным срезом используется медиана предложений «Работы России»; иначе зарплата наследуется от группы. Результат не является обещанием числа вакансий
2031,53,"Операторы машин по производству изделий из резины, пластмасс и бумаги","Операторы машин, сборщики и водители",55505.09,5635.81,9.22,78339.15258467232,118816.27417906823,7.36144578313253,7.75,7.75,51.66908277524001,7.497439759036144,6199.3910000000005,1.1,умеренный рост: официальный кадровый прогноз указывает на высокий вес профессий со средним профессиональным образованием,2025,Средняя зарплата крупной профессиональной группы Росстата за октябрь 2025,,,9.22,10.05,Для профессий со специальным зарплатным срезом используется медиана предложений «Работы России»; иначе зарплата наследуется от группы. Результат не является обещанием числа вакансий
2031,54,Специалисты в области подготовки и развития персонала,Специалисты высшей квалификации,31645.7,2683.42,7.82,86292.29075362365,130878.72589176422,6.710843373493976,8.875,8.875,51.66908277524001,7.468298192771084,3059.0987999999998,1.14,"умеренный рост за счёт здравоохранения, инженерных и других сложных функций",2025,Средняя зарплата крупной профессиональной группы Росстата за октябрь 2025,,,7.82,8.81,Для профессий со специальным зарплатным срезом используется медиана предложений «Работы России»; иначе зарплата наследуется от группы. Результат не является обещанием числа вакансий
2031,55,Телефонисты,Офисные и учётные служащие,14674.17,2610.71,15.1,54045.78718009234,81970.7496947043,9.132530120481928,4.375,4.375,51.66908277524001,7.467394578313254,2271.3177,0.87,наиболее заметное снижение из-за цифровизации стандартных операций,2025,Средняя зарплата крупной профессиональной группы Росстата за октябрь 2025,,,15.09,13.4,Для профессий со специальным зарплатным срезом используется медиана предложений «Работы России»; иначе зарплата наследуется от группы. Результат не является обещанием числа вакансий
2031,56,Инженеры-химики,Специалисты высшей квалификации,39303.84,3332.37,7.82,86292.29075362365,130878.72589176422,6.674698795180722,8.875,8.875,51.66908277524001,7.44480421686747,3798.9017999999996,1.14,"умеренный рост за счёт здравоохранения, инженерных и других сложных функций",2025,Средняя зарплата крупной профессиональной группы Росстата за октябрь 2025,,,7.82,8.81,Для профессий со специальным зарплатным срезом используется медиана предложений «Работы России»; иначе зарплата наследуется от группы. Результат не является обещанием числа вакансий
2031,57,Члены судовых команд и рабочие родственных занятий,"Операторы машин, сборщики и водители",33842.77,3368.94,9.05,78339.15258467232,118816.27417906823,7.253012048192771,7.75,7.75,51.66908277524001,7.4269578313253,3705.8340000000003,1.1,умеренный рост: официальный кадровый прогноз указывает на высокий вес профессий со средним профессиональным образованием,2025,Средняя зарплата крупной профессиональной группы Росстата за октябрь 2025,,,9.05,9.87,Для профессий со специальным зарплатным срезом используется медиана предложений «Работы России»; иначе зарплата наследуется от группы. Результат не является обещанием числа вакансий
2031,58,Специалисты по рекламе и маркетингу,Специалисты высшей квалификации,72729.03,6089.22,7.73,86292.29075362365,130878.72589176422,6.63855421686747,8.875,8.875,51.66908277524001,7.421310240963856,6941.7108,1.14,"умеренный рост за счёт здравоохранения, инженерных и других сложных функций",2025,Средняя зарплата крупной профессиональной группы Росстата за октябрь 2025,,,7.73,8.71,Для профессий со специальным зарплатным срезом используется медиана предложений «Работы России»; иначе зарплата наследуется от группы. Результат не является обещанием числа вакансий
2031,59,Специалисты по акушерству,Специалисты высшей квалификации,24246.89,2027.17,7.72,86292.29075362365,130878.72589176422,6.566265060240964,8.875,8.875,51.66908277524001,7.374322289156627,2310.9737999999998,1.14,"умеренный рост за счёт здравоохранения, инженерных и других сложных функций",2025,Средняя зарплата крупной профессиональной группы Росстата за октябрь 2025,,,7.72,8.7,Для профессий со специальным зарплатным срезом используется медиана предложений «Работы России»; иначе зарплата наследуется от группы. Результат не является обещанием числа вакансий
2031,60,"Агенты по коммерческим услугам, не входящие в другие группы",Специалисты средней квалификации,8132.63,918.11,10.14,69408.5576048949,105271.32268686818,8.373493975903614,5.5,5.5,51.66908277524001,7.36777108433735,1046.6453999999999,1.14,умеренный рост в соответствии с официальным приоритетом кадров СПО,2025,Средняя зарплата крупной профессиональной группы Росстата за октябрь 2025,,,10.13,11.4,Для профессий со специальным зарплатным срезом используется медиана предложений «Работы России»; иначе зарплата наследуется от группы. Результат не является обещанием числа вакансий
2031,61,"Маляры, рабочие по очистке поверхностей зданий и сооружений и родственных занятий","Промышленность, строительство и транспорт",80544.63,9456.95,10.51,78166.90311606236,118555.02498994228,7.759036144578314,6.625,6.625,51.66908277524001,7.362123493975903,9646.089000000002,1.02,"в 2027–2029 годах применён циклический дисконт из-за слабого роста ВВП, дорогого кредита и снижения строительства; затем — умеренная стабилизация",2025,Средняя зарплата крупной профессиональной группы Росстата за октябрь 2025,,,10.51,10.7,Для профессий со специальным зарплатным срезом используется медиана предложений «Работы России»; иначе зарплата наследуется от группы. Результат не является обещанием числа вакансий
2031,62,Средний юридический персонал,Специалисты средней квалификации,6021.33,670.86,10.02,69408.5576048949,105271.32268686818,8.337349397590362,5.5,5.5,51.66908277524001,7.344277108433736,764.7804,1.14,умеренный рост в соответствии с официальным приоритетом кадров СПО,2025,Средняя зарплата крупной профессиональной группы Росстата за октябрь 2025,,,10.01,11.27,Для профессий со специальным зарплатным срезом используется медиана предложений «Работы России»; иначе зарплата наследуется от группы. Результат не является обещанием числа вакансий
2031,63,Сборщики,"Операторы машин, сборщики и водители",260596.46,25504.05,8.91,78339.15258467232,118816.27417906823,7.108433734939759,7.75,7.75,51.66908277524001,7.332981927710843,28054.455,1.1,умеренный рост: официальный кадровый прогноз указывает на высокий вес профессий со средним профессиональным образованием,2025,Средняя зарплата крупной профессиональной группы Росстата за октябрь 2025,,,8.91,9.72,Для профессий со специальным зарплатным срезом используется медиана предложений «Работы России»; иначе зарплата наследуется от группы. Результат не является обещанием числа вакансий
2031,64,Разносчики и сортировщики почты,Офисные и учётные служащие,93302.36,15507.37,14.25,54045.78718009234,81970.7496947043,8.91566265060241,4.375,4.375,51.66908277524001,7.3264307228915655,13491.411900000001,0.87,наиболее заметное снижение из-за цифровизации стандартных операций,2025,Средняя зарплата крупной профессиональной группы Росстата за октябрь 2025,,,14.25,12.63,Для профессий со специальным зарплатным срезом используется медиана предложений «Работы России»; иначе зарплата наследуется от группы. Результат не является обещанием числа вакансий
2031,65,Медицинские оптики-оптометристы,Специалисты средней квалификации,914.13,100.8,9.93,69408.5576048949,105271.32268686818,8.192771084337348,5.5,5.5,51.66908277524001,7.2503012048192765,114.91199999999999,1.14,умеренный рост в соответствии с официальным приоритетом кадров СПО,2025,Средняя зарплата крупной профессиональной группы Росстата за октябрь 2025,,,9.86,11.17,Для профессий со специальным зарплатным срезом используется медиана предложений «Работы России»; иначе зарплата наследуется от группы. Результат не является обещанием числа вакансий
2031,66,"Рабочие, занятые изготовлением прецизионных инструментов и приборов, рабочие художественных промыслов","Промышленность, строительство и транспорт",26978.74,3066.04,10.2,78166.90311606236,118555.02498994228,7.578313253012048,6.625,6.625,51.66908277524001,7.244653614457832,3127.3608,1.02,"в 2027–2029 годах применён циклический дисконт из-за слабого роста ВВП, дорогого кредита и снижения строительства; затем — умеренная стабилизация",2025,Средняя зарплата крупной профессиональной группы Росстата за октябрь 2025,,,10.2,10.39,Для профессий со специальным зарплатным срезом используется медиана предложений «Работы России»; иначе зарплата наследуется от группы. Результат не является обещанием числа вакансий
2031,67,Официанты,"Обслуживание, торговля и охрана",26886.02,4436.24,14.16,48161.539778495455,73046.16563247642,9.3855421686747,3.25,3.25,51.66908277524003,7.238102409638555,4613.6896,1.04,почти стабильный спрос с небольшим ростом,2025,Средняя зарплата крупной профессиональной группы Росстата за октябрь 2025,,,14.16,14.65,Для профессий со специальным зарплатным срезом используется медиана предложений «Работы России»; иначе зарплата наследуется от группы. Результат не является обещанием числа вакансий
2031,68,Операторы по управлению технологическими процессами в химическом производстве,Специалисты средней квалификации,33627.15,3706.96,9.93,69408.5576048949,105271.32268686818,8.156626506024097,5.5,5.5,51.66908277524001,7.226807228915664,4225.9344,1.14,умеренный рост в соответствии с официальным приоритетом кадров СПО,2025,Средняя зарплата крупной профессиональной группы Росстата за октябрь 2025,,,9.93,11.16,Для профессий со специальным зарплатным срезом используется медиана предложений «Работы России»; иначе зарплата наследуется от группы. Результат не является обещанием числа вакансий
2031,69,"Товарные производители огородных, плодовых и полевых культур",Сельское и лесное хозяйство,34815.1,8666.15,19.93,47973.921731658804,72761.60706171845,9.891566265060241,2.125,2.125,51.66908277524001,7.173268072289156,8839.473,1.02,почти неизменный спрос: малая численность не превращается автоматически в быстрый рост всей отрасли,2025,Средняя зарплата крупной профессиональной группы Росстата за октябрь 2025,,,19.92,20.25,Для профессий со специальным зарплатным срезом используется медиана предложений «Работы России»; иначе зарплата наследуется от группы. Результат не является обещанием числа вакансий
2031,70,Лесоводы и работники родственных занятий,Сельское и лесное хозяйство,15417.43,3303.59,17.65,47973.921731658804,72761.60706171845,9.855421686746988,2.125,2.125,51.66908277524001,7.149774096385542,3369.6618000000003,1.02,почти неизменный спрос: малая численность не превращается автоматически в быстрый рост всей отрасли,2025,Средняя зарплата крупной профессиональной группы Росстата за октябрь 2025,,,17.64,17.94,Для профессий со специальным зарплатным срезом используется медиана предложений «Работы России»; иначе зарплата наследуется от группы. Результат не является обещанием числа вакансий
2031,71,Операторы установок по переработке химического сырья и операторы машин по производству фотографической продукции,"Операторы машин, сборщики и водители",151259.83,13405.94,8.14,78339.15258467232,118816.27417906823,6.819277108433735,7.75,7.75,51.66908277524001,7.145030120481928,14746.534000000001,1.1,умеренный рост: официальный кадровый прогноз указывает на высокий вес профессий со средним профессиональным образованием,2025,Средняя зарплата крупной профессиональной группы Росстата за октябрь 2025,,,8.14,8.88,Для профессий со специальным зарплатным срезом используется медиана предложений «Работы России»; иначе зарплата наследуется от группы. Результат не является обещанием числа вакансий
2031,72,Инженеры по охране окружающей среды,Специалисты высшей квалификации,20680.22,1643.42,7.36,86292.29075362365,130878.72589176422,6.204819277108434,8.875,8.875,51.66908277524001,7.139382530120482,1873.4987999999998,1.14,"умеренный рост за счёт здравоохранения, инженерных и других сложных функций",2025,Средняя зарплата крупной профессиональной группы Росстата за октябрь 2025,,,7.36,8.31,Для профессий со специальным зарплатным срезом используется медиана предложений «Работы России»; иначе зарплата наследуется от группы. Результат не является обещанием числа вакансий
2031,73,Работники ритуальных услуг,"Обслуживание, торговля и охрана",948.61,145.14,13.27,48161.539778495455,73046.16563247642,9.204819277108435,3.25,3.25,51.66908277524003,7.120632530120483,150.94559999999998,1.04,почти стабильный спрос с небольшим ростом,2025,Средняя зарплата крупной профессиональной группы Росстата за октябрь 2025,,,13.16,13.73,Для профессий со специальным зарплатным срезом используется медиана предложений «Работы России»; иначе зарплата наследуется от группы. Результат не является обещанием числа вакансий
2031,74,"Инструкторы фитнес-клубов, спортивных зон отдыха и организаторы спортивных программ",Специалисты средней квалификации,9353.55,1002.74,9.68,69408.5576048949,105271.32268686818,7.903614457831325,5.5,5.5,51.66908277524001,7.062349397590362,1143.1236,1.14,умеренный рост в соответствии с официальным приоритетом кадров СПО,2025,Средняя зарплата крупной профессиональной группы Росстата за октябрь 2025,,,9.67,10.89,Для профессий со специальным зарплатным срезом используется медиана предложений «Работы России»; иначе зарплата наследуется от группы. Результат не является обещанием числа вакансий
2031,75,"Деревообработчики, краснодеревщики и рабочие родственных занятий","Промышленность, строительство и транспорт",25947.59,2789.71,9.71,78166.90311606236,118555.02498994228,7.289156626506024,6.625,6.625,51.66908277524001,7.056701807228916,2845.5042000000003,1.02,"в 2027–2029 годах применён циклический дисконт из-за слабого роста ВВП, дорогого кредита и снижения строительства; затем — умеренная стабилизация",2025,Средняя зарплата крупной профессиональной группы Росстата за октябрь 2025,,,9.72,9.88,Для профессий со специальным зарплатным срезом используется медиана предложений «Работы России»; иначе зарплата наследуется от группы. Результат не является обещанием числа вакансий
2031,76,Проектировщики-градостроители и проектировщики транспортных узлов,Специалисты высшей квалификации,27542.48,2142.68,7.22,86292.29075362365,130878.72589176422,6.024096385542168,8.875,8.875,51.66908277524001,7.02191265060241,2442.6551999999997,1.14,"умеренный рост за счёт здравоохранения, инженерных и других сложных функций",2025,Средняя зарплата крупной профессиональной группы Росстата за октябрь 2025,,,7.22,8.15,Для профессий со специальным зарплатным срезом используется медиана предложений «Работы России»; иначе зарплата наследуется от группы. Результат не является обещанием числа вакансий
2031,77,Инженеры-электроники,Специалисты высшей квалификации,74539.94,5754.74,7.17,86292.29075362365,130878.72589176422,5.9879518072289155,8.875,8.875,51.66908277524001,6.9984186746987955,6560.4036,1.14,"умеренный рост за счёт здравоохранения, инженерных и других сложных функций",2025,Средняя зарплата крупной профессиональной группы Росстата за октябрь 2025,,,7.17,8.09,Для профессий со специальным зарплатным срезом используется медиана предложений «Работы России»; иначе зарплата наследуется от группы. Результат не является обещанием числа вакансий
2031,78,"Работники рыбоводства и рыболовства, охотники-стрелки и охотники-трапперы (капканщики)",Сельское и лесное хозяйство,6602.04,1232.35,15.73,47973.921731658804,72761.60706171845,9.602409638554217,2.125,2.125,51.66908277524001,6.985316265060241,1256.9969999999998,1.02,почти неизменный спрос: малая численность не превращается автоматически в быстрый рост всей отрасли,2025,Средняя зарплата крупной профессиональной группы Росстата за октябрь 2025,,,15.72,15.99,Для профессий со специальным зарплатным срезом используется медиана предложений «Работы России»; иначе зарплата наследуется от группы. Результат не является обещанием числа вакансий
2031,79,Инженеры-электрики,Специалисты высшей квалификации,98947.27,7569.62,7.11,86292.29075362365,130878.72589176422,5.951807228915662,8.875,8.875,51.66908277524001,6.9749246987951805,8629.3668,1.14,"умеренный рост за счёт здравоохранения, инженерных и других сложных функций",2025,Средняя зарплата крупной профессиональной группы Росстата за октябрь 2025,,,7.11,8.02,Для профессий со специальным зарплатным срезом используется медиана предложений «Работы России»; иначе зарплата наследуется от группы. Результат не является обещанием числа вакансий
2031,80,Оценщики и эксперты,Специалисты высшей квалификации,20984.21,1596.49,7.07,86292.29075362365,130878.72589176422,5.879518072289156,8.875,8.875,51.66908277524001,6.927936746987951,1819.9986,1.14,"умеренный рост за счёт здравоохранения, инженерных и других сложных функций",2025,Средняя зарплата крупной профессиональной группы Росстата за октябрь 2025,,,7.07,7.98,Для профессий со специальным зарплатным срезом используется медиана предложений «Работы России»; иначе зарплата наследуется от группы. Результат не является обещанием числа вакансий
2031,81,Операторы установок по выработке электроэнергии,Специалисты средней квалификации,14501.79,1504.98,9.4,69408.5576048949,105271.32268686818,7.686746987951808,5.5,5.5,51.66908277524001,6.921385542168675,1715.6771999999999,1.14,умеренный рост в соответствии с официальным приоритетом кадров СПО,2025,Средняя зарплата крупной профессиональной группы Росстата за октябрь 2025,,,9.4,10.58,Для профессий со специальным зарплатным срезом используется медиана предложений «Работы России»; иначе зарплата наследуется от группы. Результат не является обещанием числа вакансий
2031,82,Фотографы (художественные),Специалисты средней квалификации,3195.19,327.46,9.3,69408.5576048949,105271.32268686818,7.650602409638554,5.5,5.5,51.66908277524001,6.897891566265061,373.30439999999993,1.14,умеренный рост в соответствии с официальным приоритетом кадров СПО,2025,Средняя зарплата крупной профессиональной группы Росстата за октябрь 2025,,,9.28,10.46,Для профессий со специальным зарплатным срезом используется медиана предложений «Работы России»; иначе зарплата наследуется от группы. Результат не является обещанием числа вакансий
2031,83,Косметологи и работники родственных занятий,"Обслуживание, торговля и охрана",1058.07,139.31,11.63,48161.539778495455,73046.16563247642,8.807228915662652,3.25,3.25,51.66908277524003,6.862198795180724,144.88240000000002,1.04,почти стабильный спрос с небольшим ростом,2025,Средняя зарплата крупной профессиональной группы Росстата за октябрь 2025,,,11.56,12.04,Для профессий со специальным зарплатным срезом используется медиана предложений «Работы России»; иначе зарплата наследуется от группы. Результат не является обещанием числа вакансий
2031,84,"Механики и ремонтники транспортных средств, сельскохозяйственного и производственного оборудования и рабочие родственных занятий","Промышленность, строительство и транспорт",763482.53,73069.57,8.73,78166.90311606236,118555.02498994228,6.891566265060241,6.625,6.625,51.66908277524001,6.798268072289157,74530.96140000001,1.02,"в 2027–2029 годах применён циклический дисконт из-за слабого роста ВВП, дорогого кредита и снижения строительства; затем — умеренная стабилизация",2025,Средняя зарплата крупной профессиональной группы Росстата за октябрь 2025,,,8.73,8.89,Для профессий со специальным зарплатным срезом используется медиана предложений «Работы России»; иначе зарплата наследуется от группы. Результат не является обещанием числа вакансий
2031,85,Системные администраторы,Специалисты высшей квалификации,64846.06,4778.07,6.86,86292.29075362365,130878.72589176422,5.662650602409639,8.875,8.875,51.66908277524001,6.786972891566265,5446.9998,1.14,"умеренный рост за счёт здравоохранения, инженерных и других сложных функций",2025,Средняя зарплата крупной профессиональной группы Росстата за октябрь 2025,,,6.86,7.75,Для профессий со специальным зарплатным срезом используется медиана предложений «Работы России»; иначе зарплата наследуется от группы. Результат не является обещанием числа вакансий
2031,86,Юристы,Специалисты высшей квалификации,89292.04,6549.04,6.83,86292.29075362365,130878.72589176422,5.626506024096385,8.875,8.875,51.66908277524001,6.76347891566265,7465.905599999999,1.14,"умеренный рост за счёт здравоохранения, инженерных и других сложных функций",2025,Средняя зарплата крупной профессиональной группы Росстата за октябрь 2025,,,6.83,7.72,Для профессий со специальным зарплатным срезом используется медиана предложений «Работы России»; иначе зарплата наследуется от группы. Результат не является обещанием числа вакансий
2031,87,Офтальмологи-оптики и оптометристы (за исключением врачей-офтальмологов),Специалисты высшей квалификации,2362.83,172.48,6.8,86292.29075362365,130878.72589176422,5.590361445783133,8.875,8.875,51.66908277524001,6.739984939759036,196.62719999999996,1.14,"умеренный рост за счёт здравоохранения, инженерных и других сложных функций",2025,Средняя зарплата крупной профессиональной группы Росстата за октябрь 2025,,,6.78,7.68,Для профессий со специальным зарплатным срезом используется медиана предложений «Работы России»; иначе зарплата наследуется от группы. Результат не является обещанием числа вакансий
2031,88,Работники общественного здоровья,Специалисты средней квалификации,1517.35,150.77,9.04,69408.5576048949,105271.32268686818,7.397590361445783,5.5,5.5,51.66908277524001,6.733433734939759,171.8778,1.14,умеренный рост в соответствии с официальным приоритетом кадров СПО,2025,Средняя зарплата крупной профессиональной группы Росстата за октябрь 2025,,,9.01,10.17,Для профессий со специальным зарплатным срезом используется медиана предложений «Работы России»; иначе зарплата наследуется от группы. Результат не является обещанием числа вакансий
2031,89,"Грумеры и другие работники, ухаживающие за животными","Обслуживание, торговля и охрана",9386.94,1184.22,11.2,48161.539778495455,73046.16563247642,8.590361445783133,3.25,3.25,51.66908277524003,6.721234939759037,1231.5888,1.04,почти стабильный спрос с небольшим ростом,2025,Средняя зарплата крупной профессиональной группы Росстата за октябрь 2025,,,11.19,11.6,Для профессий со специальным зарплатным срезом используется медиана предложений «Работы России»; иначе зарплата наследуется от группы. Результат не является обещанием числа вакансий
2031,90,Служащие контактных информационных центров,Офисные и учётные служащие,82707.99,11644.12,12.34,54045.78718009234,81970.7496947043,7.975903614457831,4.375,4.375,51.66908277524001,6.71558734939759,10130.3844,0.87,наиболее заметное снижение из-за цифровизации стандартных операций,2025,Средняя зарплата крупной профессиональной группы Росстата за октябрь 2025,,,12.34,10.91,Для профессий со специальным зарплатным срезом используется медиана предложений «Работы России»; иначе зарплата наследуется от группы. Результат не является обещанием числа вакансий
2031,91,Мастера (бригадиры) в строительстве,Специалисты средней квалификации,73504.32,7091.57,8.8,69408.5576048949,105271.32268686818,7.325301204819277,5.5,5.5,51.66908277524001,6.6864457831325295,8084.389799999999,1.14,умеренный рост в соответствии с официальным приоритетом кадров СПО,2025,Средняя зарплата крупной профессиональной группы Росстата за октябрь 2025,,,8.8,9.91,Для профессий со специальным зарплатным срезом используется медиана предложений «Работы России»; иначе зарплата наследуется от группы. Результат не является обещанием числа вакансий
2031,92,"Специалисты по базам данных и сетям, не входящие в другие группы",Специалисты высшей квалификации,61617.89,4419.07,6.69,86292.29075362365,130878.72589176422,5.409638554216867,8.875,8.875,51.66908277524001,6.622515060240964,5037.739799999999,1.14,"умеренный рост за счёт здравоохранения, инженерных и других сложных функций",2025,Средняя зарплата крупной профессиональной группы Росстата за октябрь 2025,,,6.69,7.56,Для профессий со специальным зарплатным срезом используется медиана предложений «Работы России»; иначе зарплата наследуется от группы. Результат не является обещанием числа вакансий
2031,93,Инспекторы и другой средний медицинский персонал по охране труда и окружающей среды,Специалисты средней квалификации,6292.92,601.21,8.72,69408.5576048949,105271.32268686818,7.216867469879518,5.5,5.5,51.66908277524001,6.615963855421686,685.3794,1.14,умеренный рост в соответствии с официальным приоритетом кадров СПО,2025,Средняя зарплата крупной профессиональной группы Росстата за октябрь 2025,,,8.71,9.82,Для профессий со специальным зарплатным срезом используется медиана предложений «Работы России»; иначе зарплата наследуется от группы. Результат не является обещанием числа вакансий
2031,94,Компаньоны и камердинеры,"Обслуживание, торговля и охрана",564.97,70.13,11.04,48161.539778495455,73046.16563247642,8.409638554216867,3.25,3.25,51.66908277524003,6.603765060240964,72.9352,1.04,почти стабильный спрос с небольшим ростом,2025,Средняя зарплата крупной профессиональной группы Росстата за октябрь 2025,,,10.93,11.43,Для профессий со специальным зарплатным срезом используется медиана предложений «Работы России»; иначе зарплата наследуется от группы. Результат не является обещанием числа вакансий
2031,95,Инженеры в промышленности и на производстве,Специалисты высшей квалификации,663382.99,47449.49,6.68,86292.29075362365,130878.72589176422,5.373493975903615,8.875,8.875,51.66908277524001,6.59902108433735,54092.41859999999,1.14,"умеренный рост за счёт здравоохранения, инженерных и других сложных функций",2025,Средняя зарплата крупной профессиональной группы Росстата за октябрь 2025,,,6.68,7.54,Для профессий со специальным зарплатным срезом используется медиана предложений «Работы России»; иначе зарплата наследуется от группы. Результат не является обещанием числа вакансий
2031,96,Агенты по таможенной очистке и сопровождению грузов и товаров,Специалисты средней квалификации,20509.57,1949.21,8.68,69408.5576048949,105271.32268686818,7.180722891566265,5.5,5.5,51.66908277524001,6.592469879518072,2222.0994,1.14,умеренный рост в соответствии с официальным приоритетом кадров СПО,2025,Средняя зарплата крупной профессиональной группы Росстата за октябрь 2025,,,8.68,9.78,Для профессий со специальным зарплатным срезом используется медиана предложений «Работы России»; иначе зарплата наследуется от группы. Результат не является обещанием числа вакансий
2031,97,Операторы технологических процессов производства металла,Специалисты средней квалификации,23370.2,2209.58,8.64,69408.5576048949,105271.32268686818,7.144578313253012,5.5,5.5,51.66908277524001,6.568975903614458,2518.9211999999998,1.14,умеренный рост в соответствии с официальным приоритетом кадров СПО,2025,Средняя зарплата крупной профессиональной группы Росстата за октябрь 2025,,,8.64,9.73,Для профессий со специальным зарплатным срезом используется медиана предложений «Работы России»; иначе зарплата наследуется от группы. Результат не является обещанием числа вакансий
2031,98,"Кузнецы, слесари-инструментальщики, станочники, наладчики и рабочие родственных занятий","Промышленность, строительство и транспорт",482638.86,45082.23,8.54,78166.90311606236,118555.02498994228,6.53012048192771,6.625,6.625,51.66908277524001,6.563328313253011,45983.8746,1.02,"в 2027–2029 годах применён циклический дисконт из-за слабого роста ВВП, дорогого кредита и снижения строительства; затем — умеренная стабилизация",2025,Средняя зарплата крупной профессиональной группы Росстата за октябрь 2025,,,8.54,8.7,Для профессий со специальным зарплатным срезом используется медиана предложений «Работы России»; иначе зарплата наследуется от группы. Результат не является обещанием числа вакансий
2031,99,Медицинские статистики,Специалисты средней квалификации,7281.56,682.07,8.56,69408.5576048949,105271.32268686818,7.072289156626505,5.5,5.5,51.66908277524001,6.52198795180723,777.5598,1.14,умеренный рост в соответствии с официальным приоритетом кадров СПО,2025,Средняя зарплата крупной профессиональной группы Росстата за октябрь 2025,,,8.55,9.65,Для профессий со специальным зарплатным срезом используется медиана предложений «Работы России»; иначе зарплата наследуется от группы. Результат не является обещанием числа вакансий
2031,100,"Другие квалифицированные рабочие, занятые в промышленности, и рабочие родственных занятий","Промышленность, строительство и транспорт",195256.7,18004.05,8.44,78166.90311606236,118555.02498994228,6.421686746987953,6.625,6.625,51.66908277524001,6.492846385542169,18364.131,1.02,"в 2027–2029 годах применён циклический дисконт из-за слабого роста ВВП, дорогого кредита и снижения строительства; затем — умеренная стабилизация",2025,Средняя зарплата крупной профессиональной группы Росстата за октябрь 2025,,,8.44,8.6,Для профессий со специальным зарплатным срезом используется медиана предложений «Работы России»; иначе зарплата наследуется от группы. Результат не является обещанием числа вакансий
2031,101,Инженеры-механики,Специалисты высшей квалификации,170568.23,12026.98,6.59,86292.29075362365,130878.72589176422,5.19277108433735,8.875,8.875,51.66908277524001,6.481551204819277,13710.757199999998,1.14,"умеренный рост за счёт здравоохранения, инженерных и других сложных функций",2025,Средняя зарплата крупной профессиональной группы Росстата за октябрь 2025,,,6.59,7.44,Для профессий со специальным зарплатным срезом используется медиана предложений «Работы России»; иначе зарплата наследуется от группы. Результат не является обещанием числа вакансий
2031,102,Консультанты по финансовым вопросам и инвестициям,Специалисты высшей квалификации,20214.73,1399.45,6.47,86292.29075362365,130878.72589176422,5.048192771084337,8.875,8.875,51.66908277524001,6.387575301204818,1595.3729999999998,1.14,"умеренный рост за счёт здравоохранения, инженерных и других сложных функций",2025,Средняя зарплата крупной профессиональной группы Росстата за октябрь 2025,,,6.47,7.31,Для профессий со специальным зарплатным срезом используется медиана предложений «Работы России»; иначе зарплата наследуется от группы. Результат не является обещанием числа вакансий
2031,103,Парикмахеры,"Обслуживание, торговля и охрана",2502.1,296.01,10.58,48161.539778495455,73046.16563247642,8.012048192771084,3.25,3.25,51.66908277524003,6.345331325301205,307.8504,1.04,почти стабильный спрос с небольшим ростом,2025,Средняя зарплата крупной профессиональной группы Росстата за октябрь 2025,,,10.56,10.96,Для профессий со специальным зарплатным срезом используется медиана предложений «Работы России»; иначе зарплата наследуется от группы. Результат не является обещанием числа вакансий
2031,104,Фельдшеры-физиотерапевты и другие физиотерапевты среднего уровня квалификации,Специалисты средней квалификации,32344.73,2755.42,7.85,69408.5576048949,105271.32268686818,6.746987951807228,5.5,5.5,51.66908277524001,6.310542168674698,3141.1787999999997,1.14,умеренный рост в соответствии с официальным приоритетом кадров СПО,2025,Средняя зарплата крупной профессиональной группы Росстата за октябрь 2025,,,7.85,8.85,Для профессий со специальным зарплатным срезом используется медиана предложений «Работы России»; иначе зарплата наследуется от группы. Результат не является обещанием числа вакансий
2031,105,Монтажники и ремонтники электронного и телекоммуникационного оборудования,"Промышленность, строительство и транспорт",131055.42,11515.56,8.08,78166.90311606236,118555.02498994228,6.132530120481928,6.625,6.625,51.66908277524001,6.304894578313254,11745.8712,1.02,"в 2027–2029 годах применён циклический дисконт из-за слабого роста ВВП, дорогого кредита и снижения строительства; затем — умеренная стабилизация",2025,Средняя зарплата крупной профессиональной группы Росстата за октябрь 2025,,,8.08,8.23,Для профессий со специальным зарплатным срезом используется медиана предложений «Работы России»; иначе зарплата наследуется от группы. Результат не является обещанием числа вакансий
2031,106,"Писатели, поэты и другие литераторы",Специалисты высшей квалификации,6018.7,401.46,6.25,86292.29075362365,130878.72589176422,4.903614457831326,8.875,8.875,51.66908277524001,6.293599397590361,457.66439999999994,1.14,"умеренный рост за счёт здравоохранения, инженерных и других сложных функций",2025,Средняя зарплата крупной профессиональной группы Росстата за октябрь 2025,,,6.25,7.07,Для профессий со специальным зарплатным срезом используется медиана предложений «Работы России»; иначе зарплата наследуется от группы. Результат не является обещанием числа вакансий
2031,107,Химики,Специалисты высшей квалификации,29054.01,1926.76,6.22,86292.29075362365,130878.72589176422,4.831325301204819,8.875,8.875,51.66908277524001,6.246611445783133,2196.5063999999998,1.14,"умеренный рост за счёт здравоохранения, инженерных и других сложных функций",2025,Средняя зарплата крупной профессиональной группы Росстата за октябрь 2025,,,6.22,7.03,Для профессий со специальным зарплатным срезом используется медиана предложений «Работы России»; иначе зарплата наследуется от группы. Результат не является обещанием числа вакансий
2031,108,Танцоры и хореографы,Специалисты высшей квалификации,14963.39,986.57,6.19,86292.29075362365,130878.72589176422,4.795180722891566,8.875,8.875,51.66908277524001,6.223117469879518,1124.6897999999999,1.14,"умеренный рост за счёт здравоохранения, инженерных и других сложных функций",2025,Средняя зарплата крупной профессиональной группы Росстата за октябрь 2025,,,6.19,6.99,Для профессий со специальным зарплатным срезом используется медиана предложений «Работы России»; иначе зарплата наследуется от группы. Результат не является обещанием числа вакансий
2031,109,Техники по гражданскому строительству,Специалисты средней квалификации,16579.97,1386.65,7.72,69408.5576048949,105271.32268686818,6.602409638554216,5.5,5.5,51.66908277524001,6.216566265060241,1580.781,1.14,умеренный рост в соответствии с официальным приоритетом кадров СПО,2025,Средняя зарплата крупной профессиональной группы Росстата за октябрь 2025,,,7.72,8.7,Для профессий со специальным зарплатным срезом используется медиана предложений «Работы России»; иначе зарплата наследуется от группы. Результат не является обещанием числа вакансий
2031,110,Операторы горнодобывающих и горно-обогатительных установок,"Операторы машин, сборщики и водители",251088.15,18580.55,6.89,78339.15258467232,118816.27417906823,5.337349397590361,7.75,7.75,51.66908277524001,6.181777108433734,20438.605,1.1,умеренный рост: официальный кадровый прогноз указывает на высокий вес профессий со средним профессиональным образованием,2025,Средняя зарплата крупной профессиональной группы Росстата за октябрь 2025,,,6.89,7.53,Для профессий со специальным зарплатным срезом используется медиана предложений «Работы России»; иначе зарплата наследуется от группы. Результат не является обещанием числа вакансий
2031,111,Журналисты,Специалисты высшей квалификации,17668.77,1161.41,6.17,86292.29075362365,130878.72589176422,4.72289156626506,8.875,8.875,51.66908277524001,6.1761295180722895,1324.0074,1.14,"умеренный рост за счёт здравоохранения, инженерных и других сложных функций",2025,Средняя зарплата крупной профессиональной группы Росстата за октябрь 2025,,,6.17,6.97,Для профессий со специальным зарплатным срезом используется медиана предложений «Работы России»; иначе зарплата наследуется от группы. Результат не является обещанием числа вакансий
2031,112,"Специалисты в области здравоохранения, не входящие в другие группы",Специалисты высшей квалификации,44234.42,2888.95,6.13,86292.29075362365,130878.72589176422,4.686746987951807,8.875,8.875,51.66908277524001,6.1526355421686745,3293.4029999999993,1.14,"умеренный рост за счёт здравоохранения, инженерных и других сложных функций",2025,Средняя зарплата крупной профессиональной группы Росстата за октябрь 2025,,,6.13,6.93,Для профессий со специальным зарплатным срезом используется медиана предложений «Работы России»; иначе зарплата наследуется от группы. Результат не является обещанием числа вакансий
2031,113,Судовые механики,Специалисты средней квалификации,16523.52,1375.0,7.68,69408.5576048949,105271.32268686818,6.493975903614459,5.5,5.5,51.66908277524001,6.146084337349397,1567.4999999999998,1.14,умеренный рост в соответствии с официальным приоритетом кадров СПО,2025,Средняя зарплата крупной профессиональной группы Росстата за октябрь 2025,,,7.68,8.66,Для профессий со специальным зарплатным срезом используется медиана предложений «Работы России»; иначе зарплата наследуется от группы. Результат не является обещанием числа вакансий
2031,114,Техники-механики,Специалисты средней квалификации,65654.04,5426.26,7.63,69408.5576048949,105271.32268686818,6.457831325301205,5.5,5.5,51.66908277524001,6.122590361445783,6185.9364,1.14,умеренный рост в соответствии с официальным приоритетом кадров СПО,2025,Средняя зарплата крупной профессиональной группы Росстата за октябрь 2025,,,7.63,8.61,Для профессий со специальным зарплатным срезом используется медиана предложений «Работы России»; иначе зарплата наследуется от группы. Результат не является обещанием числа вакансий
2031,115,Дизайнеры баз данных и администраторы,Специалисты высшей квалификации,9372.29,607.35,6.09,86292.29075362365,130878.72589176422,4.614457831325302,8.875,8.875,51.66908277524001,6.105647590361446,692.379,1.14,"умеренный рост за счёт здравоохранения, инженерных и других сложных функций",2025,Средняя зарплата крупной профессиональной группы Росстата за октябрь 2025,,,6.09,6.88,Для профессий со специальным зарплатным срезом используется медиана предложений «Работы России»; иначе зарплата наследуется от группы. Результат не является обещанием числа вакансий
2031,116,Техники в химическом производстве,Специалисты средней квалификации,9990.75,822.65,7.61,69408.5576048949,105271.32268686818,6.385542168674699,5.5,5.5,51.66908277524001,6.075602409638554,937.8209999999999,1.14,умеренный рост в соответствии с официальным приоритетом кадров СПО,2025,Средняя зарплата крупной профессиональной группы Росстата за октябрь 2025,,,7.61,8.58,Для профессий со специальным зарплатным срезом используется медиана предложений «Работы России»; иначе зарплата наследуется от группы. Результат не является обещанием числа вакансий
2031,117,Охранники,"Обслуживание, торговля и охрана",427713.79,47284.6,9.95,48161.539778495455,73046.16563247642,7.542168674698796,3.25,3.25,51.66908277524003,6.039909638554217,49175.984,1.04,почти стабильный спрос с небольшим ростом,2025,Средняя зарплата крупной профессиональной группы Росстата за октябрь 2025,,,9.95,10.31,Для профессий со специальным зарплатным срезом используется медиана предложений «Работы России»; иначе зарплата наследуется от группы. Результат не является обещанием числа вакансий
2031,118,"Специалисты в области техники, не входящие в другие группы",Специалисты высшей квалификации,380015.01,24315.45,6.01,86292.29075362365,130878.72589176422,4.506024096385542,8.875,8.875,51.66908277524001,6.035165662650602,27719.612999999998,1.14,"умеренный рост за счёт здравоохранения, инженерных и других сложных функций",2025,Средняя зарплата крупной профессиональной группы Росстата за октябрь 2025,,,6.01,6.8,Для профессий со специальным зарплатным срезом используется медиана предложений «Работы России»; иначе зарплата наследуется от группы. Результат не является обещанием числа вакансий
2031,119,Другие операторы промышленных установок и машин,"Операторы машин, сборщики и водители",518084.43,37327.87,6.72,78339.15258467232,118816.27417906823,5.0843373493975905,7.75,7.75,51.66908277524001,6.017319277108433,41060.65700000001,1.1,умеренный рост: официальный кадровый прогноз указывает на высокий вес профессий со средним профессиональным образованием,2025,Средняя зарплата крупной профессиональной группы Росстата за октябрь 2025,,,6.72,7.34,Для профессий со специальным зарплатным срезом используется медиана предложений «Работы России»; иначе зарплата наследуется от группы. Результат не является обещанием числа вакансий
2031,120,Офис-менеджеры,Специалисты средней квалификации,49620.63,3962.22,7.39,69408.5576048949,105271.32268686818,6.27710843373494,5.5,5.5,51.66908277524001,6.005120481927711,4516.930799999999,1.14,умеренный рост в соответствии с официальным приоритетом кадров СПО,2025,Средняя зарплата крупной профессиональной группы Росстата за октябрь 2025,,,7.39,8.34,Для профессий со специальным зарплатным срезом используется медиана предложений «Работы России»; иначе зарплата наследуется от группы. Результат не является обещанием числа вакансий
2031,121,Разработчики программного обеспечения,Специалисты высшей квалификации,119598.92,7641.17,6.01,86292.29075362365,130878.72589176422,4.433734939759036,8.875,8.875,51.66908277524001,5.988177710843374,8710.933799999999,1.14,"умеренный рост за счёт здравоохранения, инженерных и других сложных функций",2025,Средняя зарплата крупной профессиональной группы Росстата за октябрь 2025,,,6.01,6.79,Для профессий со специальным зарплатным срезом используется медиана предложений «Работы России»; иначе зарплата наследуется от группы. Результат не является обещанием числа вакансий
2031,122,"Служащие по информированию клиентов, не входящие в другие группы",Офисные и учётные служащие,33530.81,3761.76,10.09,54045.78718009234,81970.7496947043,6.855421686746988,4.375,4.375,51.66908277524001,5.9872740963855415,3272.7312,0.87,наиболее заметное снижение из-за цифровизации стандартных операций,2025,Средняя зарплата крупной профессиональной группы Росстата за октябрь 2025,,,10.09,8.89,Для профессий со специальным зарплатным срезом используется медиана предложений «Работы России»; иначе зарплата наследуется от группы. Результат не является обещанием числа вакансий
2031,123,Финансовые аналитики,Специалисты высшей квалификации,46629.53,2950.36,5.95,86292.29075362365,130878.72589176422,4.397590361445783,8.875,8.875,51.66908277524001,5.964683734939758,3363.4103999999998,1.14,"умеренный рост за счёт здравоохранения, инженерных и других сложных функций",2025,Средняя зарплата крупной профессиональной группы Росстата за октябрь 2025,,,5.95,6.73,Для профессий со специальным зарплатным срезом используется медиана предложений «Работы России»; иначе зарплата наследуется от группы. Результат не является обещанием числа вакансий
2031,124,Организаторы конференций и других мероприятий,Специалисты средней квалификации,4680.34,369.34,7.31,69408.5576048949,105271.32268686818,6.168674698795181,5.5,5.5,51.66908277524001,5.934638554216868,421.04759999999993,1.14,умеренный рост в соответствии с официальным приоритетом кадров СПО,2025,Средняя зарплата крупной профессиональной группы Росстата за октябрь 2025,,,7.31,8.25,Для профессий со специальным зарплатным срезом используется медиана предложений «Работы России»; иначе зарплата наследуется от группы. Результат не является обещанием числа вакансий
2031,125,Средний специальный персонал в сельском хозяйстве,Специалисты средней квалификации,26879.65,2111.35,7.28,69408.5576048949,105271.32268686818,6.096385542168675,5.5,5.5,51.66908277524001,5.8876506024096384,2406.939,1.14,умеренный рост в соответствии с официальным приоритетом кадров СПО,2025,Средняя зарплата крупной профессиональной группы Росстата за октябрь 2025,,,7.28,8.22,Для профессий со специальным зарплатным срезом используется медиана предложений «Работы России»; иначе зарплата наследуется от группы. Результат не является обещанием числа вакансий
2031,126,Математики (включая актуариев),Специалисты высшей квалификации,8087.13,504.22,5.87,86292.29075362365,130878.72589176422,4.253012048192771,8.875,8.875,51.66908277524001,5.8707078313253005,574.8108,1.14,"умеренный рост за счёт здравоохранения, инженерных и других сложных функций",2025,Средняя зарплата крупной профессиональной группы Росстата за октябрь 2025,,,5.87,6.64,Для профессий со специальным зарплатным срезом используется медиана предложений «Работы России»; иначе зарплата наследуется от группы. Результат не является обещанием числа вакансий
2031,127,Специалисты по связям с общественностью,Специалисты высшей квалификации,35434.79,2202.36,5.85,86292.29075362365,130878.72589176422,4.216867469879518,8.875,8.875,51.66908277524001,5.847213855421686,2510.6904,1.14,"умеренный рост за счёт здравоохранения, инженерных и других сложных функций",2025,Средняя зарплата крупной профессиональной группы Росстата за октябрь 2025,,,5.85,6.62,Для профессий со специальным зарплатным срезом используется медиана предложений «Работы России»; иначе зарплата наследуется от группы. Результат не является обещанием числа вакансий
2031,128,"Музыканты, певцы и композиторы",Специалисты высшей квалификации,56876.67,3504.92,5.8,86292.29075362365,130878.72589176422,4.144578313253012,8.875,8.875,51.66908277524001,5.800225903614457,3995.6087999999995,1.14,"умеренный рост за счёт здравоохранения, инженерных и других сложных функций",2025,Средняя зарплата крупной профессиональной группы Росстата за октябрь 2025,,,5.8,6.56,Для профессий со специальным зарплатным срезом используется медиана предложений «Работы России»; иначе зарплата наследуется от группы. Результат не является обещанием числа вакансий
2031,129,"Социологи, антропологи и специалисты родственных занятий",Специалисты высшей квалификации,2458.39,151.21,5.79,86292.29075362365,130878.72589176422,4.108433734939759,8.875,8.875,51.66908277524001,5.776731927710843,172.3794,1.14,"умеренный рост за счёт здравоохранения, инженерных и других сложных функций",2025,Средняя зарплата крупной профессиональной группы Росстата за октябрь 2025,,,5.79,6.55,Для профессий со специальным зарплатным срезом используется медиана предложений «Работы России»; иначе зарплата наследуется от группы. Результат не является обещанием числа вакансий
2031,130,Техники в области химических и физических наук,Специалисты средней квалификации,18387.61,1404.67,7.1,69408.5576048949,105271.32268686818,5.9156626506024095,5.5,5.5,51.66908277524001,5.770180722891566,1601.3238,1.14,умеренный рост в соответствии с официальным приоритетом кадров СПО,2025,Средняя зарплата крупной профессиональной группы Росстата за октябрь 2025,,,7.1,8.01,Для профессий со специальным зарплатным срезом используется медиана предложений «Работы России»; иначе зарплата наследуется от группы. Результат не является обещанием числа вакансий
2031,131,Экономисты,Специалисты высшей квалификации,174232.19,10697.72,5.78,86292.29075362365,130878.72589176422,4.072289156626506,8.875,8.875,51.66908277524001,5.753237951807229,12195.400799999998,1.14,"умеренный рост за счёт здравоохранения, инженерных и других сложных функций",2025,Средняя зарплата крупной профессиональной группы Росстата за октябрь 2025,,,5.78,6.54,Для профессий со специальным зарплатным срезом используется медиана предложений «Работы России»; иначе зарплата наследуется от группы. Результат не является обещанием числа вакансий
2031,132,Чертежники,Специалисты средней квалификации,2703.3,204.8,7.04,69408.5576048949,105271.32268686818,5.843373493975903,5.5,5.5,51.66908277524001,5.723192771084337,233.47199999999998,1.14,умеренный рост в соответствии с официальным приоритетом кадров СПО,2025,Средняя зарплата крупной профессиональной группы Росстата за октябрь 2025,,,7.04,7.95,Для профессий со специальным зарплатным срезом используется медиана предложений «Работы России»; иначе зарплата наследуется от группы. Результат не является обещанием числа вакансий
2031,133,"Операторы мусоросжигательных печей, очистных сооружений и аналогичного оборудования",Специалисты средней квалификации,42795.38,3241.13,7.04,69408.5576048949,105271.32268686818,5.80722891566265,5.5,5.5,51.66908277524001,5.699698795180723,3694.8882,1.14,умеренный рост в соответствии с официальным приоритетом кадров СПО,2025,Средняя зарплата крупной профессиональной группы Росстата за октябрь 2025,,,7.04,7.95,Для профессий со специальным зарплатным срезом используется медиана предложений «Работы России»; иначе зарплата наследуется от группы. Результат не является обещанием числа вакансий
2031,134,Смотрители зданий и персонал родственных занятий,"Обслуживание, торговля и охрана",40431.97,4031.33,9.07,48161.539778495455,73046.16563247642,6.963855421686747,3.25,3.25,51.66908277524003,5.664006024096386,4192.5832,1.04,почти стабильный спрос с небольшим ростом,2025,Средняя зарплата крупной профессиональной группы Росстата за октябрь 2025,,,9.07,9.4,Для профессий со специальным зарплатным срезом используется медиана предложений «Работы России»; иначе зарплата наследуется от группы. Результат не является обещанием числа вакансий
2031,135,Закупщики,Специалисты средней квалификации,104123.01,7674.83,6.86,69408.5576048949,105271.32268686818,5.698795180722892,5.5,5.5,51.66908277524001,5.62921686746988,8749.306199999999,1.14,умеренный рост в соответствии с официальным приоритетом кадров СПО,2025,Средняя зарплата крупной профессиональной группы Росстата за октябрь 2025,,,6.86,7.75,Для профессий со специальным зарплатным срезом используется медиана предложений «Работы России»; иначе зарплата наследуется от группы. Результат не является обещанием числа вакансий
2031,136,"Философы, историки и политологи",Специалисты высшей квалификации,5299.96,314.31,5.6,86292.29075362365,130878.72589176422,3.855421686746988,8.875,8.875,51.66908277524001,5.6122740963855415,358.31339999999994,1.14,"умеренный рост за счёт здравоохранения, инженерных и других сложных функций",2025,Средняя зарплата крупной профессиональной группы Росстата за октябрь 2025,,,5.6,6.33,Для профессий со специальным зарплатным срезом используется медиана предложений «Работы России»; иначе зарплата наследуется от группы. Результат не является обещанием числа вакансий
2031,137,"Режиссеры кино, театра и родственные им деятели искусства и продюсеры",Специалисты высшей квалификации,25812.35,1520.73,5.56,86292.29075362365,130878.72589176422,3.819277108433735,8.875,8.875,51.66908277524001,5.588780120481927,1733.6321999999998,1.14,"умеренный рост за счёт здравоохранения, инженерных и других сложных функций",2025,Средняя зарплата крупной профессиональной группы Росстата за октябрь 2025,,,5.56,6.29,Для профессий со специальным зарплатным срезом используется медиана предложений «Работы России»; иначе зарплата наследуется от группы. Результат не является обещанием числа вакансий
2031,138,Специалисты по методике обучения,Специалисты высшей квалификации,48482.91,2853.61,5.56,86292.29075362365,130878.72589176422,3.783132530120482,8.875,8.875,51.66908277524001,5.565286144578313,3253.1153999999997,1.14,"умеренный рост за счёт здравоохранения, инженерных и других сложных функций",2025,Средняя зарплата крупной профессиональной группы Росстата за октябрь 2025,,,5.56,6.29,Для профессий со специальным зарплатным срезом используется медиана предложений «Работы России»; иначе зарплата наследуется от группы. Результат не является обещанием числа вакансий
2031,139,"Проводники железнодорожного вагона, бортпроводники, стюарды","Обслуживание, торговля и охрана",51218.21,4790.99,8.55,48161.539778495455,73046.16563247642,6.783132530120482,3.25,3.25,51.66908277524003,5.5465361445783135,4982.6296,1.04,почти стабильный спрос с небольшим ростом,2025,Средняя зарплата крупной профессиональной группы Росстата за октябрь 2025,,,8.55,8.87,Для профессий со специальным зарплатным срезом используется медиана предложений «Работы России»; иначе зарплата наследуется от группы. Результат не является обещанием числа вакансий
2031,140,Художники-декораторы и оформители,Специалисты средней квалификации,4802.9,350.31,6.8,69408.5576048949,105271.32268686818,5.554216867469879,5.5,5.5,51.66908277524001,5.535240963855421,399.35339999999997,1.14,умеренный рост в соответствии с официальным приоритетом кадров СПО,2025,Средняя зарплата крупной профессиональной группы Росстата за октябрь 2025,,,6.8,7.68,Для профессий со специальным зарплатным срезом используется медиана предложений «Работы России»; иначе зарплата наследуется от группы. Результат не является обещанием числа вакансий
2031,141,"Дикторы радио, телевидения и других средств массовой информации",Специалисты высшей квалификации,2462.76,142.87,5.48,86292.29075362365,130878.72589176422,3.7108433734939763,8.875,8.875,51.66908277524001,5.518298192771084,162.87179999999998,1.14,"умеренный рост за счёт здравоохранения, инженерных и других сложных функций",2025,Средняя зарплата крупной профессиональной группы Росстата за октябрь 2025,,,5.49,6.2,Для профессий со специальным зарплатным срезом используется медиана предложений «Работы России»; иначе зарплата наследуется от группы. Результат не является обещанием числа вакансий
2031,142,Специалисты-техники по поддержке пользователей ИКТ,Специалисты средней квалификации,35578.76,2580.92,6.76,69408.5576048949,105271.32268686818,5.518072289156627,5.5,5.5,51.66908277524001,5.511746987951807,2942.2488,1.14,умеренный рост в соответствии с официальным приоритетом кадров СПО,2025,Средняя зарплата крупной профессиональной группы Росстата за октябрь 2025,,,6.76,7.64,Для профессий со специальным зарплатным срезом используется медиана предложений «Работы России»; иначе зарплата наследуется от группы. Результат не является обещанием числа вакансий
2031,143,Программисты приложений,Специалисты высшей квалификации,30240.38,1746.33,5.46,86292.29075362365,130878.72589176422,3.674698795180723,8.875,8.875,51.66908277524001,5.49480421686747,1990.8161999999998,1.14,"умеренный рост за счёт здравоохранения, инженерных и других сложных функций",2025,Средняя зарплата крупной профессиональной группы Росстата за октябрь 2025,,,5.46,6.18,Для профессий со специальным зарплатным срезом используется медиана предложений «Работы России»; иначе зарплата наследуется от группы. Результат не является обещанием числа вакансий
2031,144,"Деятели искусств, не входящие в другие группы",Специалисты высшей квалификации,29195.23,1682.62,5.45,86292.29075362365,130878.72589176422,3.602409638554217,8.875,8.875,51.66908277524001,5.44781626506024,1918.1867999999997,1.14,"умеренный рост за счёт здравоохранения, инженерных и других сложных функций",2025,Средняя зарплата крупной профессиональной группы Росстата за октябрь 2025,,,5.45,6.17,Для профессий со специальным зарплатным срезом используется медиана предложений «Работы России»; иначе зарплата наследуется от группы. Результат не является обещанием числа вакансий
2031,145,Дизайнеры товаров и одежды,Специалисты высшей квалификации,5238.64,301.48,5.44,86292.29075362365,130878.72589176422,3.566265060240964,8.875,8.875,51.66908277524001,5.424322289156626,343.6872,1.14,"умеренный рост за счёт здравоохранения, инженерных и других сложных функций",2025,Средняя зарплата крупной профессиональной группы Росстата за октябрь 2025,,,5.45,6.16,Для профессий со специальным зарплатным срезом используется медиана предложений «Работы России»; иначе зарплата наследуется от группы. Результат не является обещанием числа вакансий
2031,146,Капитаны судов и лоцманы,Специалисты средней квалификации,17941.21,1279.7,6.66,69408.5576048949,105271.32268686818,5.301204819277109,5.5,5.5,51.66908277524001,5.3707831325301205,1458.858,1.14,умеренный рост в соответствии с официальным приоритетом кадров СПО,2025,Средняя зарплата крупной профессиональной группы Росстата за октябрь 2025,,,6.66,7.52,Для профессий со специальным зарплатным срезом используется медиана предложений «Работы России»; иначе зарплата наследуется от группы. Результат не является обещанием числа вакансий
2031,147,Специалисты-техники по радио- и телевещанию,Специалисты средней квалификации,11434.5,814.31,6.65,69408.5576048949,105271.32268686818,5.265060240963855,5.5,5.5,51.66908277524001,5.347289156626506,928.3133999999999,1.14,умеренный рост в соответствии с официальным приоритетом кадров СПО,2025,Средняя зарплата крупной профессиональной группы Росстата за октябрь 2025,,,6.65,7.51,Для профессий со специальным зарплатным срезом используется медиана предложений «Работы России»; иначе зарплата наследуется от группы. Результат не является обещанием числа вакансий
2031,148,Товарные производители продукции животноводства,Сельское и лесное хозяйство,83376.21,8630.66,9.38,47973.921731658804,72761.60706171845,7.0361445783132535,2.125,2.125,51.66908277524001,5.317243975903614,8803.2732,1.02,почти неизменный спрос: малая численность не превращается автоматически в быстрый рост всей отрасли,2025,Средняя зарплата крупной профессиональной группы Росстата за октябрь 2025,,,9.38,9.55,Для профессий со специальным зарплатным срезом используется медиана предложений «Работы России»; иначе зарплата наследуется от группы. Результат не является обещанием числа вакансий
2031,149,"Специалисты в области образования, не входящие в другие группы",Специалисты высшей квалификации,158973.76,8953.69,5.33,86292.29075362365,130878.72589176422,3.385542168674699,8.875,8.875,51.66908277524001,5.306852409638554,10207.2066,1.14,"умеренный рост за счёт здравоохранения, инженерных и других сложных функций",2025,Средняя зарплата крупной профессиональной группы Росстата за октябрь 2025,,,5.33,6.03,Для профессий со специальным зарплатным срезом используется медиана предложений «Работы России»; иначе зарплата наследуется от группы. Результат не является обещанием числа вакансий
2031,150,Служащие по проведению социологических опросов и изучению конъюнктуры рынка,Офисные и учётные служащие,709.23,69.88,8.97,54045.78718009234,81970.7496947043,5.771084337349398,4.375,4.375,51.66908277524001,5.282454819277109,60.79559999999999,0.87,наиболее заметное снижение из-за цифровизации стандартных операций,2025,Средняя зарплата крупной профессиональной группы Росстата за октябрь 2025,,,8.9,7.9,Для профессий со специальным зарплатным срезом используется медиана предложений «Работы России»; иначе зарплата наследуется от группы. Результат не является обещанием числа вакансий
2031,151,"Техники (операторы) по управлению технологическими процессами, не входящие в другие группы",Специалисты средней квалификации,68817.68,4842.79,6.57,69408.5576048949,105271.32268686818,5.156626506024097,5.5,5.5,51.66908277524001,5.276807228915663,5520.780599999999,1.14,умеренный рост в соответствии с официальным приоритетом кадров СПО,2025,Средняя зарплата крупной профессиональной группы Росстата за октябрь 2025,,,6.57,7.43,Для профессий со специальным зарплатным срезом используется медиана предложений «Работы России»; иначе зарплата наследуется от группы. Результат не является обещанием числа вакансий
2031,152,Агенты по коммерческим продажам,Специалисты средней квалификации,55827.87,3915.01,6.55,69408.5576048949,105271.32268686818,5.120481927710843,5.5,5.5,51.66908277524001,5.253313253012048,4463.1114,1.14,умеренный рост в соответствии с официальным приоритетом кадров СПО,2025,Средняя зарплата крупной профессиональной группы Росстата за октябрь 2025,,,6.55,7.4,Для профессий со специальным зарплатным срезом используется медиана предложений «Работы России»; иначе зарплата наследуется от группы. Результат не является обещанием числа вакансий
2031,153,Повара,"Обслуживание, торговля и охрана",208162.59,18296.69,8.08,48161.539778495455,73046.16563247642,6.313253012048193,3.25,3.25,51.66908277524003,5.241114457831325,19028.5576,1.04,почти стабильный спрос с небольшим ростом,2025,Средняя зарплата крупной профессиональной группы Росстата за октябрь 2025,,,8.08,8.38,Для профессий со специальным зарплатным срезом используется медиана предложений «Работы России»; иначе зарплата наследуется от группы. Результат не является обещанием числа вакансий
2031,154,Инструкторы по вождению,"Обслуживание, торговля и охрана",3727.77,325.0,8.02,48161.539778495455,73046.16563247642,6.240963855421687,3.25,3.25,51.66908277524003,5.194126506024097,338.0,1.04,почти стабильный спрос с небольшим ростом,2025,Средняя зарплата крупной профессиональной группы Росстата за октябрь 2025,,,8.02,8.31,Для профессий со специальным зарплатным срезом используется медиана предложений «Работы России»; иначе зарплата наследуется от группы. Результат не является обещанием числа вакансий
2031,155,Средний медицинский персонал по уходу,Специалисты средней квалификации,554518.73,37615.55,6.35,69408.5576048949,105271.32268686818,5.0120481927710845,5.5,5.5,51.66908277524001,5.182831325301205,42881.727,1.14,умеренный рост в соответствии с официальным приоритетом кадров СПО,2025,Средняя зарплата крупной профессиональной группы Росстата за октябрь 2025,,,6.35,7.18,Для профессий со специальным зарплатным срезом используется медиана предложений «Работы России»; иначе зарплата наследуется от группы. Результат не является обещанием числа вакансий
2031,156,Спортсмены (спортсмены высокого класса),Специалисты средней квалификации,23353.66,1581.06,6.34,69408.5576048949,105271.32268686818,4.975903614457831,5.5,5.5,51.66908277524001,5.159337349397591,1802.4083999999998,1.14,умеренный рост в соответствии с официальным приоритетом кадров СПО,2025,Средняя зарплата крупной профессиональной группы Росстата за октябрь 2025,,,6.34,7.16,Для профессий со специальным зарплатным срезом используется медиана предложений «Работы России»; иначе зарплата наследуется от группы. Результат не является обещанием числа вакансий
2031,157,Помощники бухгалтеров,Специалисты средней квалификации,12017.62,812.74,6.33,69408.5576048949,105271.32268686818,4.9397590361445785,5.5,5.5,51.66908277524001,5.135843373493976,926.5236,1.14,умеренный рост в соответствии с официальным приоритетом кадров СПО,2025,Средняя зарплата крупной профессиональной группы Росстата за октябрь 2025,,,6.33,7.16,Для профессий со специальным зарплатным срезом используется медиана предложений «Работы России»; иначе зарплата наследуется от группы. Результат не является обещанием числа вакансий
2031,158,Стоматологи,Специалисты высшей квалификации,42810.06,2350.24,5.2,86292.29075362365,130878.72589176422,3.096385542168675,8.875,8.875,51.66908277524001,5.118900602409639,2679.2735999999995,1.14,"умеренный рост за счёт здравоохранения, инженерных и других сложных функций",2025,Средняя зарплата крупной профессиональной группы Росстата за октябрь 2025,,,5.2,5.89,Для профессий со специальным зарплатным срезом используется медиана предложений «Работы России»; иначе зарплата наследуется от группы. Результат не является обещанием числа вакансий
2031,159,Специалисты в области политики администрирования,Специалисты высшей квалификации,52882.03,2902.21,5.2,86292.29075362365,130878.72589176422,3.0602409638554215,8.875,8.875,51.66908277524001,5.095406626506024,3308.5193999999997,1.14,"умеренный рост за счёт здравоохранения, инженерных и других сложных функций",2025,Средняя зарплата крупной профессиональной группы Росстата за октябрь 2025,,,5.2,5.89,Для профессий со специальным зарплатным срезом используется медиана предложений «Работы России»; иначе зарплата наследуется от группы. Результат не является обещанием числа вакансий
2031,160,Административный и иной исполнительный среднетехнический персонал,Специалисты средней квалификации,214133.0,14217.57,6.23,69408.5576048949,105271.32268686818,4.867469879518072,5.5,5.5,51.66908277524001,5.0888554216867465,16208.029799999998,1.14,умеренный рост в соответствии с официальным приоритетом кадров СПО,2025,Средняя зарплата крупной профессиональной группы Росстата за октябрь 2025,,,6.23,7.04,Для профессий со специальным зарплатным срезом используется медиана предложений «Работы России»; иначе зарплата наследуется от группы. Результат не является обещанием числа вакансий
2031,161,"Работники служб, осуществляющих охрану граждан и собственности, не входящие в другие группы","Обслуживание, торговля и охрана",202517.11,17305.24,7.87,48161.539778495455,73046.16563247642,6.0602409638554215,3.25,3.25,51.66908277524003,5.076656626506024,17997.449600000004,1.04,почти стабильный спрос с небольшим ростом,2025,Средняя зарплата крупной профессиональной группы Росстата за октябрь 2025,,,7.87,8.16,Для профессий со специальным зарплатным срезом используется медиана предложений «Работы России»; иначе зарплата наследуется от группы. Результат не является обещанием числа вакансий
2031,162,Служащие коллекторских фирм и работники родственных занятий по сбору задолженностей и платежей,Офисные и учётные служащие,2099.78,197.43,8.59,54045.78718009234,81970.7496947043,5.445783132530121,4.375,4.375,51.66908277524001,5.071009036144578,171.7641,0.87,наиболее заметное снижение из-за цифровизации стандартных операций,2025,Средняя зарплата крупной профессиональной группы Росстата за октябрь 2025,,,8.57,7.56,Для профессий со специальным зарплатным срезом используется медиана предложений «Работы России»; иначе зарплата наследуется от группы. Результат не является обещанием числа вакансий
2031,163,Специалисты в области подбора и использования персонала,Специалисты высшей квалификации,122563.84,6493.79,5.03,86292.29075362365,130878.72589176422,2.9879518072289155,8.875,8.875,51.66908277524001,5.048418674698795,7402.9205999999995,1.14,"умеренный рост за счёт здравоохранения, инженерных и других сложных функций",2025,Средняя зарплата крупной профессиональной группы Росстата за октябрь 2025,,,5.03,5.7,Для профессий со специальным зарплатным срезом используется медиана предложений «Работы России»; иначе зарплата наследуется от группы. Результат не является обещанием числа вакансий
2031,164,Специалисты по компьютерным сетям,Специалисты высшей квалификации,28202.95,1487.08,5.01,86292.29075362365,130878.72589176422,2.951807228915663,8.875,8.875,51.66908277524001,5.02492469879518,1695.2711999999997,1.14,"умеренный рост за счёт здравоохранения, инженерных и других сложных функций",2025,Средняя зарплата крупной профессиональной группы Росстата за октябрь 2025,,,5.01,5.67,Для профессий со специальным зарплатным срезом используется медиана предложений «Работы России»; иначе зарплата наследуется от группы. Результат не является обещанием числа вакансий
2031,165,"Разработчики и аналитики программного обеспечения и приложений, не входящие в другие группы",Специалисты высшей квалификации,59266.1,3104.53,4.98,86292.29075362365,130878.72589176422,2.8795180722891565,8.875,8.875,51.66908277524001,4.977936746987951,3539.1641999999997,1.14,"умеренный рост за счёт здравоохранения, инженерных и других сложных функций",2025,Средняя зарплата крупной профессиональной группы Росстата за октябрь 2025,,,4.98,5.64,Для профессий со специальным зарплатным срезом используется медиана предложений «Работы России»; иначе зарплата наследуется от группы. Результат не является обещанием числа вакансий
2031,166,Специалисты библиотек,Специалисты высшей квалификации,86836.09,4525.65,4.95,86292.29075362365,130878.72589176422,2.8433734939759034,8.875,8.875,51.66908277524001,4.954442771084337,5159.240999999999,1.14,"умеренный рост за счёт здравоохранения, инженерных и других сложных функций",2025,Средняя зарплата крупной профессиональной группы Росстата за октябрь 2025,,,4.95,5.61,Для профессий со специальным зарплатным срезом используется медиана предложений «Работы России»; иначе зарплата наследуется от группы. Результат не является обещанием числа вакансий
2031,167,Бухгалтеры,Специалисты высшей квалификации,411977.43,21218.76,4.9,86292.29075362365,130878.72589176422,2.807228915662651,8.875,8.875,51.66908277524001,4.930948795180723,24189.386399999996,1.14,"умеренный рост за счёт здравоохранения, инженерных и других сложных функций",2025,Средняя зарплата крупной профессиональной группы Росстата за октябрь 2025,,,4.9,5.55,Для профессий со специальным зарплатным срезом используется медиана предложений «Работы России»; иначе зарплата наследуется от группы. Результат не является обещанием числа вакансий
2031,168,"Средний персонал культуры и кулинарного искусства, не входящий в другие группы",Специалисты средней квалификации,27849.53,1796.32,6.06,69408.5576048949,105271.32268686818,4.578313253012048,5.5,5.5,51.66908277524001,4.900903614457832,2047.8047999999997,1.14,умеренный рост в соответствии с официальным приоритетом кадров СПО,2025,Средняя зарплата крупной профессиональной группы Росстата за октябрь 2025,,,6.06,6.85,Для профессий со специальным зарплатным срезом используется медиана предложений «Работы России»; иначе зарплата наследуется от группы. Результат не является обещанием числа вакансий
2031,169,Специалисты-техники по телекоммуникационному оборудованию,Специалисты средней квалификации,11498.66,738.4,6.03,69408.5576048949,105271.32268686818,4.542168674698795,5.5,5.5,51.66908277524001,4.877409638554217,841.776,1.14,умеренный рост в соответствии с официальным приоритетом кадров СПО,2025,Средняя зарплата крупной профессиональной группы Росстата за октябрь 2025,,,6.03,6.82,Для профессий со специальным зарплатным срезом используется медиана предложений «Работы России»; иначе зарплата наследуется от группы. Результат не является обещанием числа вакансий
2031,170,Товарные производители смешанной растениеводческой и животноводческой продукции,Сельское и лесное хозяйство,13757.86,1235.84,8.24,47973.921731658804,72761.60706171845,6.349397590361446,2.125,2.125,51.66908277524001,4.87085843373494,1260.5567999999998,1.02,почти неизменный спрос: малая численность не превращается автоматически в быстрый рост всей отрасли,2025,Средняя зарплата крупной профессиональной группы Росстата за октябрь 2025,,,8.25,8.39,Для профессий со специальным зарплатным срезом используется медиана предложений «Работы России»; иначе зарплата наследуется от группы. Результат не является обещанием числа вакансий
2031,171,Пожарные,"Обслуживание, торговля и охрана",20973.6,1726.33,7.61,48161.539778495455,73046.16563247642,5.734939759036145,3.25,3.25,51.66908277524003,4.865210843373494,1795.3832,1.04,почти стабильный спрос с небольшим ростом,2025,Средняя зарплата крупной профессиональной группы Росстата за октябрь 2025,,,7.61,7.89,Для профессий со специальным зарплатным срезом используется медиана предложений «Работы России»; иначе зарплата наследуется от группы. Результат не является обещанием числа вакансий
2031,172,Специалисты по сбыту информационно-коммуникационных технологий (ИКТ),Специалисты высшей квалификации,46145.96,2362.25,4.87,86292.29075362365,130878.72589176422,2.6987951807228914,8.875,8.875,51.66908277524001,4.86046686746988,2692.9649999999997,1.14,"умеренный рост за счёт здравоохранения, инженерных и других сложных функций",2025,Средняя зарплата крупной профессиональной группы Росстата за октябрь 2025,,,4.87,5.51,Для профессий со специальным зарплатным срезом используется медиана предложений «Работы России»; иначе зарплата наследуется от группы. Результат не является обещанием числа вакансий
2031,173,Специалисты архивов и музеев,Специалисты высшей квалификации,29493.94,1492.58,4.82,86292.29075362365,130878.72589176422,2.662650602409639,8.875,8.875,51.66908277524001,4.836972891566265,1701.5411999999997,1.14,"умеренный рост за счёт здравоохранения, инженерных и других сложных функций",2025,Средняя зарплата крупной профессиональной группы Росстата за октябрь 2025,,,4.82,5.45,Для профессий со специальным зарплатным срезом используется медиана предложений «Работы России»; иначе зарплата наследуется от группы. Результат не является обещанием числа вакансий
2031,174,"Средний юридический персонал в судебной, адвокатской и нотариальной деятельности",Специалисты средней квалификации,2243.42,143.48,6.01,69408.5576048949,105271.32268686818,4.46987951807229,5.5,5.5,51.66908277524001,4.830421686746988,163.56719999999999,1.14,умеренный рост в соответствии с официальным приоритетом кадров СПО,2025,Средняя зарплата крупной профессиональной группы Росстата за октябрь 2025,,,6.02,6.8,Для профессий со специальным зарплатным срезом используется медиана предложений «Работы России»; иначе зарплата наследуется от группы. Результат не является обещанием числа вакансий
2031,175,Тренеры и инструкторы-методисты по физкультуре и спорту,Специалисты высшей квалификации,95782.77,4808.93,4.78,86292.29075362365,130878.72589176422,2.5903614457831328,8.875,8.875,51.66908277524001,4.7899849397590355,5482.1802,1.14,"умеренный рост за счёт здравоохранения, инженерных и других сложных функций",2025,Средняя зарплата крупной профессиональной группы Росстата за октябрь 2025,,,4.78,5.41,Для профессий со специальным зарплатным срезом используется медиана предложений «Работы России»; иначе зарплата наследуется от группы. Результат не является обещанием числа вакансий
2031,176,Техники по обслуживанию медицинского оборудования,Специалисты средней квалификации,19027.22,1199.3,5.93,69408.5576048949,105271.32268686818,4.36144578313253,5.5,5.5,51.66908277524001,4.759939759036144,1367.2019999999998,1.14,умеренный рост в соответствии с официальным приоритетом кадров СПО,2025,Средняя зарплата крупной профессиональной группы Росстата за октябрь 2025,,,5.93,6.7,Для профессий со специальным зарплатным срезом используется медиана предложений «Работы России»; иначе зарплата наследуется от группы. Результат не является обещанием числа вакансий
2031,177,Аналитики систем управления и организации,Специалисты высшей квалификации,67372.84,3349.41,4.74,86292.29075362365,130878.72589176422,2.5180722891566263,8.875,8.875,51.66908277524001,4.742996987951807,3818.3273999999997,1.14,"умеренный рост за счёт здравоохранения, инженерных и других сложных функций",2025,Средняя зарплата крупной профессиональной группы Росстата за октябрь 2025,,,4.74,5.36,Для профессий со специальным зарплатным срезом используется медиана предложений «Работы России»; иначе зарплата наследуется от группы. Результат не является обещанием числа вакансий
2031,178,Специалисты-техники по компьютерным сетям и системам,Специалисты средней квалификации,11950.44,747.62,5.89,69408.5576048949,105271.32268686818,4.325301204819278,5.5,5.5,51.66908277524001,4.73644578313253,852.2868,1.14,умеренный рост в соответствии с официальным приоритетом кадров СПО,2025,Средняя зарплата крупной профессиональной группы Росстата за октябрь 2025,,,5.89,6.66,Для профессий со специальным зарплатным срезом используется медиана предложений «Работы России»; иначе зарплата наследуется от группы. Результат не является обещанием числа вакансий
2031,179,Актеры,Специалисты высшей квалификации,13335.35,644.36,4.61,86292.29075362365,130878.72589176422,2.4819277108433733,8.875,8.875,51.66908277524001,4.719503012048193,734.5704,1.14,"умеренный рост за счёт здравоохранения, инженерных и других сложных функций",2025,Средняя зарплата крупной профессиональной группы Росстата за октябрь 2025,,,4.62,5.22,Для профессий со специальным зарплатным срезом используется медиана предложений «Работы России»; иначе зарплата наследуется от группы. Результат не является обещанием числа вакансий
2031,180,Техники-электрики,Специалисты средней квалификации,71428.88,4458.69,5.88,69408.5576048949,105271.32268686818,4.289156626506024,5.5,5.5,51.66908277524001,4.712951807228915,5082.906599999999,1.14,умеренный рост в соответствии с официальным приоритетом кадров СПО,2025,Средняя зарплата крупной профессиональной группы Росстата за октябрь 2025,,,5.88,6.64,Для профессий со специальным зарплатным срезом используется медиана предложений «Работы России»; иначе зарплата наследуется от группы. Результат не является обещанием числа вакансий
2031,181,Продавцы,"Обслуживание, торговля и охрана",984767.09,77818.8,7.32,48161.539778495455,73046.16563247642,5.481927710843373,3.25,3.25,51.66908277524003,4.700753012048192,80931.55200000001,1.04,почти стабильный спрос с небольшим ростом,2025,Средняя зарплата крупной профессиональной группы Росстата за октябрь 2025,,,7.32,7.59,Для профессий со специальным зарплатным срезом используется медиана предложений «Работы России»; иначе зарплата наследуется от группы. Результат не является обещанием числа вакансий
2031,182,"Преподаватели, работающие с инвалидами или лицами с особыми возможностями здоровья",Специалисты высшей квалификации,81551.34,3888.47,4.55,86292.29075362365,130878.72589176422,2.4457831325301207,8.875,8.875,51.66908277524001,4.696009036144578,4432.855799999999,1.14,"умеренный рост за счёт здравоохранения, инженерных и других сложных функций",2025,Средняя зарплата крупной профессиональной группы Росстата за октябрь 2025,,,4.55,5.16,Для профессий со специальным зарплатным срезом используется медиана предложений «Работы России»; иначе зарплата наследуется от группы. Результат не является обещанием числа вакансий
2031,183,Художники,Специалисты высшей квалификации,7410.24,351.57,4.53,86292.29075362365,130878.72589176422,2.4096385542168672,8.875,8.875,51.66908277524001,4.672515060240964,400.78979999999996,1.14,"умеренный рост за счёт здравоохранения, инженерных и других сложных функций",2025,Средняя зарплата крупной профессиональной группы Росстата за октябрь 2025,,,4.54,5.13,Для профессий со специальным зарплатным срезом используется медиана предложений «Работы России»; иначе зарплата наследуется от группы. Результат не является обещанием числа вакансий
2031,184,Мастера (бригадиры) в обрабатывающей промышленности,Специалисты средней квалификации,189186.87,11731.82,5.84,69408.5576048949,105271.32268686818,4.1807228915662655,5.5,5.5,51.66908277524001,4.642469879518073,13374.2748,1.14,умеренный рост в соответствии с официальным приоритетом кадров СПО,2025,Средняя зарплата крупной профессиональной группы Росстата за октябрь 2025,,,5.84,6.6,Для профессий со специальным зарплатным срезом используется медиана предложений «Работы России»; иначе зарплата наследуется от группы. Результат не является обещанием числа вакансий
2031,185,"Биологи, ботаники, зоологи и специалисты родственных занятий",Специалисты высшей квалификации,43949.99,2043.52,4.44,86292.29075362365,130878.72589176422,2.265060240963855,8.875,8.875,51.66908277524001,4.578539156626506,2329.6128,1.14,"умеренный рост за счёт здравоохранения, инженерных и других сложных функций",2025,Средняя зарплата крупной профессиональной группы Росстата за октябрь 2025,,,4.44,5.03,Для профессий со специальным зарплатным срезом используется медиана предложений «Работы России»; иначе зарплата наследуется от группы. Результат не является обещанием числа вакансий
2031,186,Операторы нефте- и газоочистных и перерабатывающих установок,Специалисты средней квалификации,37748.79,2306.19,5.76,69408.5576048949,105271.32268686818,4.036144578313253,5.5,5.5,51.66908277524001,4.5484939759036145,2629.0566,1.14,умеренный рост в соответствии с официальным приоритетом кадров СПО,2025,Средняя зарплата крупной профессиональной группы Росстата за октябрь 2025,,,5.76,6.51,Для профессий со специальным зарплатным срезом используется медиана предложений «Работы России»; иначе зарплата наследуется от группы. Результат не является обещанием числа вакансий
2031,187,Буфетчики (бармены),"Обслуживание, торговля и охрана",39797.92,3092.85,7.21,48161.539778495455,73046.16563247642,5.228915662650603,3.25,3.25,51.66908277524003,4.536295180722892,3216.564,1.04,почти стабильный спрос с небольшим ростом,2025,Средняя зарплата крупной профессиональной группы Росстата за октябрь 2025,,,7.21,7.48,Для профессий со специальным зарплатным срезом используется медиана предложений «Работы России»; иначе зарплата наследуется от группы. Результат не является обещанием числа вакансий
2031,188,Социальные работники,Специалисты средней квалификации,119218.58,7276.73,5.75,69408.5576048949,105271.32268686818,4.0,5.5,5.5,51.66908277524001,4.525,8295.472199999998,1.14,умеренный рост в соответствии с официальным приоритетом кадров СПО,2025,Средняя зарплата крупной профессиональной группы Росстата за октябрь 2025,,,5.75,6.51,Для профессий со специальным зарплатным срезом используется медиана предложений «Работы России»; иначе зарплата наследуется от группы. Результат не является обещанием числа вакансий
2031,189,"Техники в области физических и технических наук, не входящие в другие группы",Специалисты средней квалификации,77725.51,4733.78,5.74,69408.5576048949,105271.32268686818,3.963855421686747,5.5,5.5,51.66908277524001,4.501506024096385,5396.5091999999995,1.14,умеренный рост в соответствии с официальным приоритетом кадров СПО,2025,Средняя зарплата крупной профессиональной группы Росстата за октябрь 2025,,,5.74,6.49,Для профессий со специальным зарплатным срезом используется медиана предложений «Работы России»; иначе зарплата наследуется от группы. Результат не является обещанием числа вакансий
2031,190,"Горные инженеры, металлурги и специалисты родственных занятий",Специалисты высшей квалификации,26734.55,1208.76,4.33,86292.29075362365,130878.72589176422,2.120481927710843,8.875,8.875,51.66908277524001,4.484563253012048,1377.9863999999998,1.14,"умеренный рост за счёт здравоохранения, инженерных и других сложных функций",2025,Средняя зарплата крупной профессиональной группы Росстата за октябрь 2025,,,4.33,4.9,Для профессий со специальным зарплатным срезом используется медиана предложений «Работы России»; иначе зарплата наследуется от группы. Результат не является обещанием числа вакансий
2031,191,"Средний медицинский персонал здравоохранения, не входящий в другие группы",Специалисты средней квалификации,287748.11,17489.79,5.73,69408.5576048949,105271.32268686818,3.891566265060241,5.5,5.5,51.66908277524001,4.454518072289156,19938.3606,1.14,умеренный рост в соответствии с официальным приоритетом кадров СПО,2025,Средняя зарплата крупной профессиональной группы Росстата за октябрь 2025,,,5.73,6.48,Для профессий со специальным зарплатным срезом используется медиана предложений «Работы России»; иначе зарплата наследуется от группы. Результат не является обещанием числа вакансий
2031,192,Педагогические работники в дошкольном образовании,Специалисты высшей квалификации,576091.37,25444.14,4.23,86292.29075362365,130878.72589176422,2.0481927710843375,8.875,8.875,51.66908277524001,4.437575301204818,29006.319599999995,1.14,"умеренный рост за счёт здравоохранения, инженерных и других сложных функций",2025,Средняя зарплата крупной профессиональной группы Росстата за октябрь 2025,,,4.23,4.79,Для профессий со специальным зарплатным срезом используется медиана предложений «Работы России»; иначе зарплата наследуется от группы. Результат не является обещанием числа вакансий
2031,193,Преподаватели средних профессиональных образовательных организаций,Специалисты высшей квалификации,161960.9,7148.83,4.23,86292.29075362365,130878.72589176422,2.0120481927710845,8.875,8.875,51.66908277524001,4.414081325301204,8149.6662,1.14,"умеренный рост за счёт здравоохранения, инженерных и других сложных функций",2025,Средняя зарплата крупной профессиональной группы Росстата за октябрь 2025,,,4.23,4.79,Для профессий со специальным зарплатным срезом используется медиана предложений «Работы России»; иначе зарплата наследуется от группы. Результат не является обещанием числа вакансий
2031,194,Техники-электроники по системам безопасности полетов,Специалисты средней квалификации,1457.81,84.83,5.5,69408.5576048949,105271.32268686818,3.7469879518072293,5.5,5.5,51.66908277524001,4.360542168674699,96.7062,1.14,умеренный рост в соответствии с официальным приоритетом кадров СПО,2025,Средняя зарплата крупной профессиональной группы Росстата за октябрь 2025,,,5.52,6.22,Для профессий со специальным зарплатным срезом используется медиана предложений «Работы России»; иначе зарплата наследуется от группы. Результат не является обещанием числа вакансий
2031,195,Преподаватели по обучению компьютерной грамотности,Специалисты высшей квалификации,1642.78,67.79,3.96,86292.29075362365,130878.72589176422,1.8313253012048194,8.875,8.875,51.66908277524001,4.296611445783132,77.2806,1.14,"умеренный рост за счёт здравоохранения, инженерных и других сложных функций",2025,Средняя зарплата крупной профессиональной группы Росстата за октябрь 2025,,,4.02,4.49,Для профессий со специальным зарплатным срезом используется медиана предложений «Работы России»; иначе зарплата наследуется от группы. Результат не является обещанием числа вакансий
2031,196,Мастера (бригадиры) в добывающей промышленности,Специалисты средней квалификации,42806.71,2468.09,5.45,69408.5576048949,105271.32268686818,3.63855421686747,5.5,5.5,51.66908277524001,4.2900602409638555,2813.6226,1.14,умеренный рост в соответствии с официальным приоритетом кадров СПО,2025,Средняя зарплата крупной профессиональной группы Росстата за октябрь 2025,,,5.45,6.17,Для профессий со специальным зарплатным срезом используется медиана предложений «Работы России»; иначе зарплата наследуется от группы. Результат не является обещанием числа вакансий
2031,197,Преподаватели по программам дополнительного обучения,Специалисты высшей квалификации,154267.01,6256.21,3.9,86292.29075362365,130878.72589176422,1.7951807228915664,8.875,8.875,51.66908277524001,4.273117469879518,7132.0794,1.14,"умеренный рост за счёт здравоохранения, инженерных и других сложных функций",2025,Средняя зарплата крупной профессиональной группы Росстата за октябрь 2025,,,3.9,4.42,Для профессий со специальным зарплатным срезом используется медиана предложений «Работы России»; иначе зарплата наследуется от группы. Результат не является обещанием числа вакансий
2031,198,Операторы металлоплавильных установок и установок по обработке металлов,"Операторы машин, сборщики и водители",129714.41,6350.65,4.67,78339.15258467232,118816.27417906823,2.337349397590361,7.75,7.75,51.66908277524001,4.231777108433734,6985.715,1.1,умеренный рост: официальный кадровый прогноз указывает на высокий вес профессий со средним профессиональным образованием,2025,Средняя зарплата крупной профессиональной группы Росстата за октябрь 2025,,,4.67,5.11,Для профессий со специальным зарплатным срезом используется медиана предложений «Работы России»; иначе зарплата наследуется от группы. Результат не является обещанием числа вакансий
2031,199,"Бригадиры уборщиков и помощники по хозяйству в отелях (гостиницах), офисах и других учреждениях","Обслуживание, торговля и охрана",20820.65,1503.54,6.74,48161.539778495455,73046.16563247642,4.759036144578313,3.25,3.25,51.66908277524003,4.230873493975904,1563.6816000000001,1.04,почти стабильный спрос с небольшим ростом,2025,Средняя зарплата крупной профессиональной группы Росстата за октябрь 2025,,,6.74,6.99,Для профессий со специальным зарплатным срезом используется медиана предложений «Работы России»; иначе зарплата наследуется от группы. Результат не является обещанием числа вакансий
2031,200,Средний медицинский персонал по акушерству,Специалисты средней квалификации,42268.15,2426.46,5.43,69408.5576048949,105271.32268686818,3.5301204819277108,5.5,5.5,51.66908277524001,4.219578313253011,2766.1643999999997,1.14,умеренный рост в соответствии с официальным приоритетом кадров СПО,2025,Средняя зарплата крупной профессиональной группы Росстата за октябрь 2025,,,5.43,6.14,Для профессий со специальным зарплатным срезом используется медиана предложений «Работы России»; иначе зарплата наследуется от группы. Результат не является обещанием числа вакансий
2031,201,"Техники-статистики и персонал родственных занятий, связанных с проведением математических расчетов и вычислений",Специалисты средней квалификации,6746.14,386.22,5.42,69408.5576048949,105271.32268686818,3.4939759036144578,5.5,5.5,51.66908277524001,4.196084337349397,440.2908,1.14,умеренный рост в соответствии с официальным приоритетом кадров СПО,2025,Средняя зарплата крупной профессиональной группы Росстата за октябрь 2025,,,5.42,6.13,Для профессий со специальным зарплатным срезом используется медиана предложений «Работы России»; иначе зарплата наследуется от группы. Результат не является обещанием числа вакансий
2031,202,Техники-электроники,Специалисты средней квалификации,17334.21,986.85,5.39,69408.5576048949,105271.32268686818,3.4578313253012047,5.5,5.5,51.66908277524001,4.172590361445783,1125.009,1.14,умеренный рост в соответствии с официальным приоритетом кадров СПО,2025,Средняя зарплата крупной профессиональной группы Росстата за октябрь 2025,,,5.39,6.09,Для профессий со специальным зарплатным срезом используется медиана предложений «Работы России»; иначе зарплата наследуется от группы. Результат не является обещанием числа вакансий
2031,203,Помощники учителей,"Обслуживание, торговля и охрана",8563.16,610.25,6.65,48161.539778495455,73046.16563247642,4.650602409638554,3.25,3.25,51.66908277524003,4.16039156626506,634.66,1.04,почти стабильный спрос с небольшим ростом,2025,Средняя зарплата крупной профессиональной группы Росстата за октябрь 2025,,,6.65,6.9,Для профессий со специальным зарплатным срезом используется медиана предложений «Работы России»; иначе зарплата наследуется от группы. Результат не является обещанием числа вакансий
2031,204,Агенты по операциям с недвижимостью и другой собственностью,Специалисты средней квалификации,4946.98,281.14,5.38,69408.5576048949,105271.32268686818,3.4216867469879517,5.5,5.5,51.66908277524001,4.149096385542169,320.49959999999993,1.14,умеренный рост в соответствии с официальным приоритетом кадров СПО,2025,Средняя зарплата крупной профессиональной группы Росстата за октябрь 2025,,,5.39,6.08,Для профессий со специальным зарплатным срезом используется медиана предложений «Работы России»; иначе зарплата наследуется от группы. Результат не является обещанием числа вакансий
2031,205,Инженеры по телекоммуникациям,Специалисты высшей квалификации,68407.62,2382.98,3.37,86292.29075362365,130878.72589176422,1.5783132530120483,8.875,8.875,51.66908277524001,4.132153614457831,2716.5971999999997,1.14,"умеренный рост за счёт здравоохранения, инженерных и других сложных функций",2025,Средняя зарплата крупной профессиональной группы Росстата за октябрь 2025,,,3.37,3.82,Для профессий со специальным зарплатным срезом используется медиана предложений «Работы России»; иначе зарплата наследуется от группы. Результат не является обещанием числа вакансий
2031,206,Спортивные служащие,Специалисты средней квалификации,4132.03,232.13,5.32,69408.5576048949,105271.32268686818,3.349397590361446,5.5,5.5,51.66908277524001,4.102108433734941,264.6282,1.14,умеренный рост в соответствии с официальным приоритетом кадров СПО,2025,Средняя зарплата крупной профессиональной группы Росстата за октябрь 2025,,,5.33,6.02,Для профессий со специальным зарплатным срезом используется медиана предложений «Работы России»; иначе зарплата наследуется от группы. Результат не является обещанием числа вакансий
2031,207,Фельдшеры-лаборанты медицинских и патологоанатомических лабораторий,Специалисты средней квалификации,64080.86,3592.01,5.31,69408.5576048949,105271.32268686818,3.3132530120481927,5.5,5.5,51.66908277524001,4.078614457831325,4094.8914,1.14,умеренный рост в соответствии с официальным приоритетом кадров СПО,2025,Средняя зарплата крупной профессиональной группы Росстата за октябрь 2025,,,5.31,6.01,Для профессий со специальным зарплатным срезом используется медиана предложений «Работы России»; иначе зарплата наследуется от группы. Результат не является обещанием числа вакансий
2031,208,Помощники (ассистенты) врачей,Специалисты средней квалификации,114610.01,6406.24,5.29,69408.5576048949,105271.32268686818,3.2409638554216866,5.5,5.5,51.66908277524001,4.031626506024097,7303.113599999999,1.14,умеренный рост в соответствии с официальным приоритетом кадров СПО,2025,Средняя зарплата крупной профессиональной группы Росстата за октябрь 2025,,,5.29,5.99,Для профессий со специальным зарплатным срезом используется медиана предложений «Работы России»; иначе зарплата наследуется от группы. Результат не является обещанием числа вакансий
2031,209,Машинисты локомотивов и рабочие родственных занятий,"Операторы машин, сборщики и водители",228676.27,10409.8,4.35,78339.15258467232,118816.27417906823,1.9759036144578315,7.75,7.75,51.66908277524001,3.99683734939759,11450.78,1.1,умеренный рост: официальный кадровый прогноз указывает на высокий вес профессий со средним профессиональным образованием,2025,Средняя зарплата крупной профессиональной группы Росстата за октябрь 2025,,,4.35,4.77,Для профессий со специальным зарплатным срезом используется медиана предложений «Работы России»; иначе зарплата наследуется от группы. Результат не является обещанием числа вакансий
2031,210,Физики и астрономы,Специалисты высшей квалификации,20823.06,675.33,3.14,86292.29075362365,130878.72589176422,1.3614457831325302,8.875,8.875,51.66908277524001,3.991189759036144,769.8761999999999,1.14,"умеренный рост за счёт здравоохранения, инженерных и других сложных функций",2025,Средняя зарплата крупной профессиональной группы Росстата за октябрь 2025,,,3.15,3.57,Для профессий со специальным зарплатным срезом используется медиана предложений «Работы России»; иначе зарплата наследуется от группы. Результат не является обещанием числа вакансий
2031,211,Специалисты-техники в области биологических исследований (за исключением среднего медицинского персонала),Специалисты средней квалификации,9879.27,544.07,5.22,69408.5576048949,105271.32268686818,3.1686746987951806,5.5,5.5,51.66908277524001,3.9846385542168674,620.2398000000001,1.14,умеренный рост в соответствии с официальным приоритетом кадров СПО,2025,Средняя зарплата крупной профессиональной группы Росстата за октябрь 2025,,,5.22,5.91,Для профессий со специальным зарплатным срезом используется медиана предложений «Работы России»; иначе зарплата наследуется от группы. Результат не является обещанием числа вакансий
2031,212,Преподаватели музыки в музыкальных школах и частные,Специалисты высшей квалификации,41410.74,1280.21,3.0,86292.29075362365,130878.72589176422,1.3253012048192772,8.875,8.875,51.66908277524001,3.96769578313253,1459.4394,1.14,"умеренный рост за счёт здравоохранения, инженерных и других сложных функций",2025,Средняя зарплата крупной профессиональной группы Росстата за октябрь 2025,,,3.0,3.4,Для профессий со специальным зарплатным срезом используется медиана предложений «Работы России»; иначе зарплата наследуется от группы. Результат не является обещанием числа вакансий
2031,213,Специалисты-техники по эксплуатации ИКТ,Специалисты средней квалификации,11920.32,656.35,5.22,69408.5576048949,105271.32268686818,3.1325301204819276,5.5,5.5,51.66908277524001,3.9611445783132533,748.2389999999999,1.14,умеренный рост в соответствии с официальным приоритетом кадров СПО,2025,Средняя зарплата крупной профессиональной группы Росстата за октябрь 2025,,,5.22,5.91,Для профессий со специальным зарплатным срезом используется медиана предложений «Работы России»; иначе зарплата наследуется от группы. Результат не является обещанием числа вакансий
2031,214,Педагогические работники в средней школе,Специалисты высшей квалификации,959380.42,25558.15,2.59,86292.29075362365,130878.72589176422,1.180722891566265,8.875,8.875,51.66908277524001,3.873719879518072,29136.290999999997,1.14,"умеренный рост за счёт здравоохранения, инженерных и других сложных функций",2025,Средняя зарплата крупной профессиональной группы Росстата за октябрь 2025,,,2.59,2.95,Для профессий со специальным зарплатным срезом используется медиана предложений «Работы России»; иначе зарплата наследуется от группы. Результат не является обещанием числа вакансий
2031,215,Преподаватели в области изобразительных и иных искусств,Специалисты высшей квалификации,10965.2,284.57,2.53,86292.29075362365,130878.72589176422,1.144578313253012,8.875,8.875,51.66908277524001,3.8502259036144575,324.40979999999996,1.14,"умеренный рост за счёт здравоохранения, инженерных и других сложных функций",2025,Средняя зарплата крупной профессиональной группы Росстата за октябрь 2025,,,2.55,2.87,Для профессий со специальным зарплатным срезом используется медиана предложений «Работы России»; иначе зарплата наследуется от группы. Результат не является обещанием числа вакансий
2031,216,Профессорско-преподавательский персонал университетов и других организаций высшего образования,Специалисты высшей квалификации,216131.92,4630.68,2.1,86292.29075362365,130878.72589176422,1.072289156626506,8.875,8.875,51.66908277524001,3.8032379518072283,5278.9752,1.14,"умеренный рост за счёт здравоохранения, инженерных и других сложных функций",2025,Средняя зарплата крупной профессиональной группы Росстата за октябрь 2025,,,2.1,2.38,Для профессий со специальным зарплатным срезом используется медиана предложений «Работы России»; иначе зарплата наследуется от группы. Результат не является обещанием числа вакансий
2031,217,Судьи,Специалисты высшей квалификации,201.42,3.33,1.63,86292.29075362365,130878.72589176422,1.036144578313253,8.875,8.875,51.66908277524001,3.779743975903614,3.7962,1.14,"умеренный рост за счёт здравоохранения, инженерных и других сложных функций",2025,Средняя зарплата крупной профессиональной группы Росстата за октябрь 2025,,,2.56,1.85,Для профессий со специальным зарплатным срезом используется медиана предложений «Работы России»; иначе зарплата наследуется от группы. Результат не является обещанием числа вакансий
2031,218,Педагогические работники в начальном образовании,Специалисты высшей квалификации,225322.42,2882.53,1.26,86292.29075362365,130878.72589176422,1.0,8.875,8.875,51.66908277524001,3.7562499999999996,3286.0842,1.14,"умеренный рост за счёт здравоохранения, инженерных и других сложных функций",2025,Средняя зарплата крупной профессиональной группы Росстата за октябрь 2025,,,1.26,1.44,Для профессий со специальным зарплатным срезом используется медиана предложений «Работы России»; иначе зарплата наследуется от группы. Результат не является обещанием числа вакансий
2031,219,"Работники, оказывающие индивидуальные услуги, не входящие в другие группы","Обслуживание, торговля и охрана",18507.78,1235.27,6.26,48161.539778495455,73046.16563247642,3.927710843373494,3.25,3.25,51.66908277524003,3.690512048192771,1284.6808,1.04,почти стабильный спрос с небольшим ростом,2025,Средняя зарплата крупной профессиональной группы Росстата за октябрь 2025,,,6.26,6.49,Для профессий со специальным зарплатным срезом используется медиана предложений «Работы России»; иначе зарплата наследуется от группы. Результат не является обещанием числа вакансий
2031,220,Служащие в приемной (общего профиля),Офисные и учётные служащие,4341.93,318.59,6.84,54045.78718009234,81970.7496947043,3.2771084337349397,4.375,4.375,51.66908277524001,3.661370481927711,277.1733,0.87,наиболее заметное снижение из-за цифровизации стандартных операций,2025,Средняя зарплата крупной профессиональной группы Росстата за октябрь 2025,,,6.84,6.0,Для профессий со специальным зарплатным срезом используется медиана предложений «Работы России»; иначе зарплата наследуется от группы. Результат не является обещанием числа вакансий
2031,221,Машинистки и операторы оборудования по редактированию текстов,Офисные и учётные служащие,7695.99,550.61,6.68,54045.78718009234,81970.7496947043,3.0240963855421685,4.375,4.375,51.66908277524001,3.4969126506024093,479.0307,0.87,наиболее заметное снижение из-за цифровизации стандартных операций,2025,Средняя зарплата крупной профессиональной группы Росстата за октябрь 2025,,,6.68,5.86,Для профессий со специальным зарплатным срезом используется медиана предложений «Работы России»; иначе зарплата наследуется от группы. Результат не является обещанием числа вакансий
2031,222,Пилоты воздушных судов и специалисты родственных занятий,Специалисты средней квалификации,14820.95,701.97,4.52,69408.5576048949,105271.32268686818,2.3734939759036147,5.5,5.5,51.66908277524001,3.467771084337349,800.2457999999999,1.14,умеренный рост в соответствии с официальным приоритетом кадров СПО,2025,Средняя зарплата крупной профессиональной группы Росстата за октябрь 2025,,,4.52,5.12,Для профессий со специальным зарплатным срезом используется медиана предложений «Работы России»; иначе зарплата наследуется от группы. Результат не является обещанием числа вакансий
2031,223,"Офисные служащие, не входящие в другие группы",Офисные и учётные служащие,97214.46,6692.36,6.44,54045.78718009234,81970.7496947043,2.9156626506024095,4.375,4.375,51.66908277524001,3.4264307228915665,5822.3532,0.87,наиболее заметное снижение из-за цифровизации стандартных операций,2025,Средняя зарплата крупной профессиональной группы Росстата за октябрь 2025,,,6.44,5.65,Для профессий со специальным зарплатным срезом используется медиана предложений «Работы России»; иначе зарплата наследуется от группы. Результат не является обещанием числа вакансий
2031,224,Техники в добывающей промышленности и металлургии,Специалисты средней квалификации,6406.44,301.14,4.49,69408.5576048949,105271.32268686818,2.3012048192771086,5.5,5.5,51.66908277524001,3.4207831325301203,343.29959999999994,1.14,умеренный рост в соответствии с официальным приоритетом кадров СПО,2025,Средняя зарплата крупной профессиональной группы Росстата за октябрь 2025,,,4.5,5.09,Для профессий со специальным зарплатным срезом используется медиана предложений «Работы России»; иначе зарплата наследуется от группы. Результат не является обещанием числа вакансий
2031,225,Агенты по трудовым договорам и найму,Специалисты средней квалификации,5404.3,245.85,4.35,69408.5576048949,105271.32268686818,2.1566265060240966,5.5,5.5,51.66908277524001,3.3268072289156625,280.26899999999995,1.14,умеренный рост в соответствии с официальным приоритетом кадров СПО,2025,Средняя зарплата крупной профессиональной группы Росстата за октябрь 2025,,,4.36,4.93,Для профессий со специальным зарплатным срезом используется медиана предложений «Работы России»; иначе зарплата наследуется от группы. Результат не является обещанием числа вакансий
2031,226,Помощники по уходу за больными,"Обслуживание, торговля и охрана",179539.65,10988.94,5.77,48161.539778495455,73046.16563247642,3.2048192771084336,3.25,3.25,51.66908277524003,3.220632530120482,11428.4976,1.04,почти стабильный спрос с небольшим ростом,2025,Средняя зарплата крупной профессиональной группы Росстата за октябрь 2025,,,5.77,5.98,Для профессий со специальным зарплатным срезом используется медиана предложений «Работы России»; иначе зарплата наследуется от группы. Результат не является обещанием числа вакансий
2031,227,"Служащие, занятые учетом, приемом и выдачей товаров на складе",Офисные и учётные служащие,415617.77,27119.89,6.13,54045.78718009234,81970.7496947043,2.5542168674698793,4.375,4.375,51.66908277524001,3.1914909638554216,23594.3043,0.87,наиболее заметное снижение из-за цифровизации стандартных операций,2025,Средняя зарплата крупной профессиональной группы Росстата за октябрь 2025,,,6.13,5.37,Для профессий со специальным зарплатным срезом используется медиана предложений «Работы России»; иначе зарплата наследуется от группы. Результат не является обещанием числа вакансий
2031,228,Зубные врачи,Специалисты средней квалификации,9542.87,337.81,3.42,69408.5576048949,105271.32268686818,1.6506024096385543,5.5,5.5,51.66908277524001,2.9978915662650603,385.10339999999997,1.14,умеренный рост в соответствии с официальным приоритетом кадров СПО,2025,Средняя зарплата крупной профессиональной группы Росстата за октябрь 2025,,,3.43,3.88,Для профессий со специальным зарплатным срезом используется медиана предложений «Работы России»; иначе зарплата наследуется от группы. Результат не является обещанием числа вакансий
2031,229,Служащие бюро путешествий,Офисные и учётные служащие,4137.99,250.97,5.72,54045.78718009234,81970.7496947043,2.2289156626506026,4.375,4.375,51.66908277524001,2.9800451807228914,218.3439,0.87,наиболее заметное снижение из-за цифровизации стандартных операций,2025,Средняя зарплата крупной профессиональной группы Росстата за октябрь 2025,,,5.73,5.01,Для профессий со специальным зарплатным срезом используется медиана предложений «Работы России»; иначе зарплата наследуется от группы. Результат не является обещанием числа вакансий
2031,230,Служащие по бухгалтерским операциям и учету,Офисные и учётные служащие,37339.17,2243.11,5.67,54045.78718009234,81970.7496947043,2.1927710843373496,4.375,4.375,51.66908277524001,2.956551204819277,1951.5057000000002,0.87,наиболее заметное снижение из-за цифровизации стандартных операций,2025,Средняя зарплата крупной профессиональной группы Росстата за октябрь 2025,,,5.67,4.97,Для профессий со специальным зарплатным срезом используется медиана предложений «Работы России»; иначе зарплата наследуется от группы. Результат не является обещанием числа вакансий
2031,231,"Работники, оказывающие индивидуальные услуги по уходу за больными, не входящие в другие группы","Обслуживание, торговля и охрана",19841.24,1114.28,5.32,48161.539778495455,73046.16563247642,2.7710843373493974,3.25,3.25,51.66908277524003,2.9387048192771084,1158.8512,1.04,почти стабильный спрос с небольшим ростом,2025,Средняя зарплата крупной профессиональной группы Росстата за октябрь 2025,,,5.32,5.52,Для профессий со специальным зарплатным срезом используется медиана предложений «Работы России»; иначе зарплата наследуется от группы. Результат не является обещанием числа вакансий
2031,232,Работники по уходу за детьми,"Обслуживание, торговля и охрана",271431.98,15231.75,5.31,48161.539778495455,73046.16563247642,2.734939759036145,3.25,3.25,51.66908277524003,2.915210843373494,15841.02,1.04,почти стабильный спрос с небольшим ростом,2025,Средняя зарплата крупной профессиональной группы Росстата за октябрь 2025,,,5.31,5.51,Для профессий со специальным зарплатным срезом используется медиана предложений «Работы России»; иначе зарплата наследуется от группы. Результат не является обещанием числа вакансий
2031,233,"Служащие, занятые диспетчерской подготовкой производства",Офисные и учётные служащие,77854.13,4566.45,5.54,54045.78718009234,81970.7496947043,2.0843373493975905,4.375,4.375,51.66908277524001,2.8860692771084335,3972.8115,0.87,наиболее заметное снижение из-за цифровизации стандартных операций,2025,Средняя зарплата крупной профессиональной группы Росстата за октябрь 2025,,,5.54,4.86,Для профессий со специальным зарплатным срезом используется медиана предложений «Работы России»; иначе зарплата наследуется от группы. Результат не является обещанием числа вакансий
2031,234,"Средний специальный персонал художественных галерей, музеев и библиотек",Специалисты средней квалификации,15592.42,532.13,3.3,69408.5576048949,105271.32268686818,1.4698795180722892,5.5,5.5,51.66908277524001,2.880421686746988,606.6282,1.14,умеренный рост в соответствии с официальным приоритетом кадров СПО,2025,Средняя зарплата крупной профессиональной группы Росстата за октябрь 2025,,,3.31,3.74,Для профессий со специальным зарплатным срезом используется медиана предложений «Работы России»; иначе зарплата наследуется от группы. Результат не является обещанием числа вакансий
2031,235,"Работники, оказывающие индивидуальные услуги по уходу за больными на дому","Обслуживание, торговля и охрана",23788.62,1313.06,5.23,48161.539778495455,73046.16563247642,2.6265060240963853,3.25,3.25,51.66908277524003,2.8447289156626505,1365.5824,1.04,почти стабильный спрос с небольшим ростом,2025,Средняя зарплата крупной профессиональной группы Росстата за октябрь 2025,,,5.23,5.43,Для профессий со специальным зарплатным срезом используется медиана предложений «Работы России»; иначе зарплата наследуется от группы. Результат не является обещанием числа вакансий
2031,236,Зубные техники и техники-протезисты,Специалисты средней квалификации,10488.47,347.52,3.21,69408.5576048949,105271.32268686818,1.3975903614457832,5.5,5.5,51.66908277524001,2.833433734939759,396.17279999999994,1.14,умеренный рост в соответствии с официальным приоритетом кадров СПО,2025,Средняя зарплата крупной профессиональной группы Росстата за октябрь 2025,,,3.22,3.64,Для профессий со специальным зарплатным срезом используется медиана предложений «Работы России»; иначе зарплата наследуется от группы. Результат не является обещанием числа вакансий
2031,237,"Служащие, встречающие и регистрирующие клиентов в отелях (гостиницах)",Офисные и учётные служащие,27086.85,1538.13,5.37,54045.78718009234,81970.7496947043,1.9397590361445782,4.375,4.375,51.66908277524001,2.7920933734939757,1338.1731,0.87,наиболее заметное снижение из-за цифровизации стандартных операций,2025,Средняя зарплата крупной профессиональной группы Росстата за октябрь 2025,,,5.37,4.71,Для профессий со специальным зарплатным срезом используется медиана предложений «Работы России»; иначе зарплата наследуется от группы. Результат не является обещанием числа вакансий
2031,238,Служащие по ведению кадровой документации,Офисные и учётные служащие,40139.13,2246.66,5.3,54045.78718009234,81970.7496947043,1.9036144578313254,4.375,4.375,51.66908277524001,2.7685993975903616,1954.5941999999998,0.87,наиболее заметное снижение из-за цифровизации стандартных операций,2025,Средняя зарплата крупной профессиональной группы Росстата за октябрь 2025,,,5.3,4.64,Для профессий со специальным зарплатным срезом используется медиана предложений «Работы России»; иначе зарплата наследуется от группы. Результат не является обещанием числа вакансий
2031,239,Служащие по транспортным перевозкам,Офисные и учётные служащие,120313.91,6716.64,5.29,54045.78718009234,81970.7496947043,1.8674698795180724,4.375,4.375,51.66908277524001,2.7451054216867465,5843.4768,0.87,наиболее заметное снижение из-за цифровизации стандартных операций,2025,Средняя зарплата крупной профессиональной группы Росстата за октябрь 2025,,,5.29,4.63,Для профессий со специальным зарплатным срезом используется медиана предложений «Работы России»; иначе зарплата наследуется от группы. Результат не является обещанием числа вакансий
2031,240,Медицинские регистраторы,Специалисты средней квалификации,44750.88,1318.16,2.86,69408.5576048949,105271.32268686818,1.216867469879518,5.5,5.5,51.66908277524001,2.7159638554216867,1502.7024,1.14,умеренный рост в соответствии с официальным приоритетом кадров СПО,2025,Средняя зарплата крупной профессиональной группы Росстата за октябрь 2025,,,2.86,3.25,Для профессий со специальным зарплатным срезом используется медиана предложений «Работы России»; иначе зарплата наследуется от группы. Результат не является обещанием числа вакансий
2031,241,Офисные служащие общего профиля,Офисные и учётные служащие,81907.49,4351.0,5.04,54045.78718009234,81970.7496947043,1.7590361445783131,4.375,4.375,51.66908277524001,2.6746234939759033,3785.37,0.87,наиболее заметное снижение из-за цифровизации стандартных операций,2025,Средняя зарплата крупной профессиональной группы Росстата за октябрь 2025,,,5.04,4.42,Для профессий со специальным зарплатным срезом используется медиана предложений «Работы России»; иначе зарплата наследуется от группы. Результат не является обещанием числа вакансий
2031,242,Служащие по введению данных,Офисные и учётные служащие,72178.33,3548.91,4.69,54045.78718009234,81970.7496947043,1.7228915662650603,4.375,4.375,51.66908277524001,2.651129518072289,3087.5517,0.87,наиболее заметное снижение из-за цифровизации стандартных операций,2025,Средняя зарплата крупной профессиональной группы Росстата за октябрь 2025,,,4.69,4.1,Для профессий со специальным зарплатным срезом используется медиана предложений «Работы России»; иначе зарплата наследуется от группы. Результат не является обещанием числа вакансий
2031,243,Авиационные диспетчеры,Специалисты средней квалификации,15422.3,396.15,2.5,69408.5576048949,105271.32268686818,1.108433734939759,5.5,5.5,51.66908277524001,2.6454819277108435,451.61099999999993,1.14,умеренный рост в соответствии с официальным приоритетом кадров СПО,2025,Средняя зарплата крупной профессиональной группы Росстата за октябрь 2025,,,2.51,2.84,Для профессий со специальным зарплатным срезом используется медиана предложений «Работы России»; иначе зарплата наследуется от группы. Результат не является обещанием числа вакансий
2031,244,"Кодировщики, корректоры и другие родственные служащие",Офисные и учётные служащие,2738.42,127.21,4.44,54045.78718009234,81970.7496947043,1.6867469879518073,4.375,4.375,51.66908277524001,2.6276355421686746,110.67269999999999,0.87,наиболее заметное снижение из-за цифровизации стандартных операций,2025,Средняя зарплата крупной профессиональной группы Росстата за октябрь 2025,,,4.47,3.88,Для профессий со специальным зарплатным срезом используется медиана предложений «Работы России»; иначе зарплата наследуется от группы. Результат не является обещанием числа вакансий
2031,245,Служащие по учету рабочего времени и расчету заработной платы,Офисные и учётные служащие,16564.84,766.97,4.43,54045.78718009234,81970.7496947043,1.6144578313253013,4.375,4.375,51.66908277524001,2.580647590361446,667.2639,0.87,наиболее заметное снижение из-за цифровизации стандартных операций,2025,Средняя зарплата крупной профессиональной группы Росстата за октябрь 2025,,,4.44,3.87,Для профессий со специальным зарплатным срезом используется медиана предложений «Работы России»; иначе зарплата наследуется от группы. Результат не является обещанием числа вакансий
2031,246,"Служащие по обработке статистической, финансовой и страховой информации и ведению расчетов",Офисные и учётные служащие,10794.03,487.76,4.32,54045.78718009234,81970.7496947043,1.5421686746987953,4.375,4.375,51.66908277524001,2.5336596385542167,424.3512,0.87,наиболее заметное снижение из-за цифровизации стандартных операций,2025,Средняя зарплата крупной профессиональной группы Росстата за октябрь 2025,,,4.33,3.78,Для профессий со специальным зарплатным срезом используется медиана предложений «Работы России»; иначе зарплата наследуется от группы. Результат не является обещанием числа вакансий
2031,247,Секретари (общего профиля),Офисные и учётные служащие,115617.96,5151.23,4.27,54045.78718009234,81970.7496947043,1.4337349397590362,4.375,4.375,51.66908277524001,2.4631777108433734,4481.5701,0.87,наиболее заметное снижение из-за цифровизации стандартных операций,2025,Средняя зарплата крупной профессиональной группы Росстата за октябрь 2025,,,4.27,3.73,Для профессий со специальным зарплатным срезом используется медиана предложений «Работы России»; иначе зарплата наследуется от группы. Результат не является обещанием числа вакансий
2031,248,Служащие библиотек,Офисные и учётные служащие,11915.13,479.04,3.87,54045.78718009234,81970.7496947043,1.2891566265060241,4.375,4.375,51.66908277524001,2.369201807228915,416.76480000000004,0.87,наиболее заметное снижение из-за цифровизации стандартных операций,2025,Средняя зарплата крупной профессиональной группы Росстата за октябрь 2025,,,3.88,3.38,Для профессий со специальным зарплатным срезом используется медиана предложений «Работы России»; иначе зарплата наследуется от группы. Результат не является обещанием числа вакансий
2031,249,Регистраторы и копировщики,Офисные и учётные служащие,12393.01,494.12,3.83,54045.78718009234,81970.7496947043,1.2530120481927711,4.375,4.375,51.66908277524001,2.345707831325301,429.8844,0.87,наиболее заметное снижение из-за цифровизации стандартных операций,2025,Средняя зарплата крупной профессиональной группы Росстата за октябрь 2025,,,3.84,3.35,Для профессий со специальным зарплатным срезом используется медиана предложений «Работы России»; иначе зарплата наследуется от группы. Результат не является обещанием числа вакансий
2031,250,Экономки,"Обслуживание, торговля и охрана",946.8,35.5,3.61,48161.539778495455,73046.16563247642,1.5060240963855422,3.25,3.25,51.66908277524003,2.1164156626506023,36.92,1.04,почти стабильный спрос с небольшим ростом,2025,Средняя зарплата крупной профессиональной группы Росстата за октябрь 2025,,,3.71,3.75,Для профессий со специальным зарплатным срезом используется медиана предложений «Работы России»; иначе зарплата наследуется от группы. Результат не является обещанием числа вакансий
2032,1,Врачи скорой медицинской помощи и парамедики,Специалисты высшей квалификации,12108.49,2846.35,19.03,81908.0,118367.12153858508,9.927710843373495,8.875,8.875,44.512283951,9.559262048192771,3301.7659999999996,1.16,"умеренный рост за счёт здравоохранения, инженерных и других сложных функций",2026,Медиана середины зарплатных вилок вакансий API «Работа России»,2026-08-13,503.0,18.98,21.43,Для профессий со специальным зарплатным срезом используется медиана предложений «Работы России»; иначе зарплата наследуется от группы. Результат не является обещанием числа вакансий
2032,2,Провизоры,Специалисты высшей квалификации,23377.51,4299.29,15.53,59250.0,85623.5282409675,9.819277108433734,8.875,8.875,44.512283951,9.488780120481927,4987.176399999999,1.16,"умеренный рост за счёт здравоохранения, инженерных и других сложных функций",2026,Медиана середины зарплатных вилок вакансий API «Работа России»,2026-08-13,547.0,15.51,17.58,Для профессий со специальным зарплатным срезом используется медиана предложений «Работы России»; иначе зарплата наследуется от группы. Результат не является обещанием числа вакансий
2032,3,Диетологи и специалисты по рациональному питанию,Специалисты высшей квалификации,1240.56,217.56,14.92,60773.0,87824.45032554123,9.74698795180723,8.875,8.875,44.512283951,9.441792168674699,252.3696,1.16,"умеренный рост за счёт здравоохранения, инженерных и других сложных функций",2026,Медиана середины зарплатных вилок вакансий API «Работа России»,2026-08-13,134.0,14.59,16.9,Для профессий со специальным зарплатным срезом используется медиана предложений «Работы России»; иначе зарплата наследуется от группы. Результат не является обещанием числа вакансий
2032,4,Врачи общей практики,Специалисты высшей квалификации,47658.93,7302.5,13.29,70000.0,101158.59876570001,9.53012048192771,8.875,8.875,44.51228395100002,9.300828313253012,8470.9,1.16,"умеренный рост за счёт здравоохранения, инженерных и других сложных функций",2026,Медиана середины зарплатных вилок вакансий API «Работа России»,2026-08-13,787.0,13.28,15.09,Для профессий со специальным зарплатным срезом используется медиана предложений «Работы России»; иначе зарплата наследуется от группы. Результат не является обещанием числа вакансий
2032,5,Преподаватели иностранных языков на курсах и частные,Специалисты высшей квалификации,6215.38,935.98,13.09,38546.0,55703.70497175246,9.421686746987952,8.875,8.875,44.512283951,9.23034638554217,1085.7368,1.16,"умеренный рост за счёт здравоохранения, инженерных и других сложных функций",2026,Медиана середины зарплатных вилок вакансий API «Работа России»,2026-08-13,106.0,13.03,14.87,Для профессий со специальным зарплатным срезом используется медиана предложений «Работы России»; иначе зарплата наследуется от группы. Результат не является обещанием числа вакансий
2032,6,Физиотерапевты,Специалисты высшей квалификации,5196.6,726.16,12.26,64522.0,93242.21585086422,9.27710843373494,8.875,8.875,44.512283951,9.136370481927711,842.3455999999999,1.16,"умеренный рост за счёт здравоохранения, инженерных и других сложных функций",2026,Медиана середины зарплатных вилок вакансий API «Работа России»,2026-08-13,420.0,12.2,13.95,Для профессий со специальным зарплатным срезом используется медиана предложений «Работы России»; иначе зарплата наследуется от группы. Результат не является обещанием числа вакансий
2032,7,Специалисты в области медицинских аспектов охраны труда и окружающей среды,Специалисты высшей квалификации,7981.23,1110.18,12.21,40640.0,58729.792197686395,9.240963855421686,8.875,8.875,44.51228395099997,9.112876506024095,1287.8088,1.16,"умеренный рост за счёт здравоохранения, инженерных и других сложных функций",2026,Медиана середины зарплатных вилок вакансий API «Работа России»,2026-08-13,1198.0,12.17,13.89,Для профессий со специальным зарплатным срезом используется медиана предложений «Работы России»; иначе зарплата наследуется от группы. Результат не является обещанием числа вакансий
2032,8,Ветеринарные врачи,Специалисты высшей квалификации,31769.11,4306.14,11.94,47500.0,68643.334876725,9.096385542168674,8.875,8.875,44.512283951,9.018900602409637,4995.1224,1.16,"умеренный рост за счёт здравоохранения, инженерных и других сложных функций",2026,Медиана середины зарплатных вилок вакансий API «Работа России»,2026-08-13,1195.0,11.93,13.59,Для профессий со специальным зарплатным срезом используется медиана предложений «Работы России»; иначе зарплата наследуется от группы. Результат не является обещанием числа вакансий
2032,9,Специалисты по сбыту продукции (исключая информационно-коммуникационные технологии),Специалисты высшей квалификации,333714.47,42836.23,11.38,55400.0,80059.80530885399,9.024096385542169,8.875,8.875,44.51228395099997,8.971912650602409,49690.0268,1.16,"умеренный рост за счёт здравоохранения, инженерных и других сложных функций",2026,Медиана середины зарплатных вилок вакансий API «Работа России»,2026-08-13,16.0,11.38,12.96,Для профессий со специальным зарплатным срезом используется медиана предложений «Работы России»; иначе зарплата наследуется от группы. Результат не является обещанием числа вакансий
2032,10,"Операторы машин по производству текстильной, меховой и кожаной продукции","Операторы машин, сборщики и водители",38214.07,6454.81,14.45,55382.0,80033.79309774282,9.566265060240964,7.75,7.75,44.512283951,8.930572289156625,7229.387200000001,1.12,умеренный рост: официальный кадровый прогноз указывает на высокий вес профессий со средним профессиональным образованием,2026,"Росстат 57-Т за октябрь 2025: точная составная группа ОКЗ, 57-Т",2026-08-13,1.0,14.44,15.91,Для профессий со специальным зарплатным срезом используется медиана предложений «Работы России»; иначе зарплата наследуется от группы. Результат не является обещанием числа вакансий
2032,11,Специалисты по медицинскому уходу,Специалисты высшей квалификации,45448.13,5783.7,11.29,86292.29075362365,137422.66218635245,8.951807228915662,8.875,8.875,59.25253691400203,8.92492469879518,6709.092,1.16,"умеренный рост за счёт здравоохранения, инженерных и других сложных функций",2025,Средняя зарплата крупной профессиональной группы Росстата за октябрь 2025,,,11.28,12.86,Для профессий со специальным зарплатным срезом используется медиана предложений «Работы России»; иначе зарплата наследуется от группы. Результат не является обещанием числа вакансий
2032,12,Аудиологи и специалисты по развитию и восстановлению речи,Специалисты высшей квалификации,2690.66,330.81,10.95,86292.29075362365,137422.66218635245,8.879518072289157,8.875,8.875,59.25253691400203,8.877936746987952,383.7396,1.16,"умеренный рост за счёт здравоохранения, инженерных и других сложных функций",2025,Средняя зарплата крупной профессиональной группы Росстата за октябрь 2025,,,10.86,12.48,Для профессий со специальным зарплатным срезом используется медиана предложений «Работы России»; иначе зарплата наследуется от группы. Результат не является обещанием числа вакансий
2032,13,"Специалисты в области сельского, лесного и рыбного хозяйства",Специалисты высшей квалификации,47780.61,5521.76,10.36,86292.29075362365,137422.66218635245,8.626506024096386,8.875,8.875,59.25253691400203,8.713478915662652,6405.241599999999,1.16,"умеренный рост за счёт здравоохранения, инженерных и других сложных функций",2025,Средняя зарплата крупной профессиональной группы Росстата за октябрь 2025,,,10.36,11.82,Для профессий со специальным зарплатным срезом используется медиана предложений «Работы России»; иначе зарплата наследуется от группы. Результат не является обещанием числа вакансий
2032,14,"Специалисты в области права, не входящие в другие группы",Специалисты высшей квалификации,34278.45,3943.51,10.32,86292.29075362365,137422.66218635245,8.590361445783133,8.875,8.875,59.25253691400203,8.689984939759036,4574.4716,1.16,"умеренный рост за счёт здравоохранения, инженерных и других сложных функций",2025,Средняя зарплата крупной профессиональной группы Росстата за октябрь 2025,,,10.31,11.77,Для профессий со специальным зарплатным срезом используется медиана предложений «Работы России»; иначе зарплата наследуется от группы. Результат не является обещанием числа вакансий
2032,15,Психологи,Специалисты высшей квалификации,31243.12,3563.57,10.24,86292.29075362365,137422.66218635245,8.518072289156626,8.875,8.875,59.25253691400203,8.642996987951806,4133.7411999999995,1.16,"умеренный рост за счёт здравоохранения, инженерных и других сложных функций",2025,Средняя зарплата крупной профессиональной группы Росстата за октябрь 2025,,,10.23,11.68,Для профессий со специальным зарплатным срезом используется медиана предложений «Работы России»; иначе зарплата наследуется от группы. Результат не является обещанием числа вакансий
2032,16,Статистики,Специалисты высшей квалификации,2906.95,331.45,10.24,86292.29075362365,137422.66218635245,8.481927710843372,8.875,8.875,59.25253691400203,8.619503012048193,384.48199999999997,1.16,"умеренный рост за счёт здравоохранения, инженерных и других сложных функций",2025,Средняя зарплата крупной профессиональной группы Росстата за октябрь 2025,,,10.17,11.68,Для профессий со специальным зарплатным срезом используется медиана предложений «Работы России»; иначе зарплата наследуется от группы. Результат не является обещанием числа вакансий
2032,17,Врачи-специалисты,Специалисты высшей квалификации,439766.85,49806.52,10.17,86292.29075362365,137422.66218635245,8.44578313253012,8.875,8.875,59.25253691400203,8.596009036144578,57775.56319999999,1.16,"умеренный рост за счёт здравоохранения, инженерных и других сложных функций",2025,Средняя зарплата крупной профессиональной группы Росстата за октябрь 2025,,,10.17,11.61,Для профессий со специальным зарплатным срезом используется медиана предложений «Работы России»; иначе зарплата наследуется от группы. Результат не является обещанием числа вакансий
2032,18,Водители грузового и пассажирского транспорта,"Операторы машин, сборщики и водители",676870.77,89632.86,11.69,78339.15258467232,124757.08788802165,8.987951807228917,7.75,7.75,59.25253691400201,8.554668674698796,100388.80320000001,1.12,умеренный рост: официальный кадровый прогноз указывает на высокий вес профессий со средним профессиональным образованием,2025,Средняя зарплата крупной профессиональной группы Росстата за октябрь 2025,,,11.69,12.92,Для профессий со специальным зарплатным срезом используется медиана предложений «Работы России»; иначе зарплата наследуется от группы. Результат не является обещанием числа вакансий
2032,19,Разработчики Web и мультимедийных приложений,Специалисты высшей квалификации,25444.66,2830.89,10.01,86292.29075362365,137422.66218635245,8.265060240963855,8.875,8.875,59.25253691400203,8.478539156626505,3283.8324,1.16,"умеренный рост за счёт здравоохранения, инженерных и других сложных функций",2025,Средняя зарплата крупной профессиональной группы Росстата за октябрь 2025,,,10.0,11.43,Для профессий со специальным зарплатным срезом используется медиана предложений «Работы России»; иначе зарплата наследуется от группы. Результат не является обещанием числа вакансий
2032,20,Переводчики и другие лингвисты,Специалисты высшей квалификации,6287.39,697.65,9.99,86292.29075362365,137422.66218635245,8.228915662650603,8.875,8.875,59.25253691400203,8.455045180722891,809.2739999999999,1.16,"умеренный рост за счёт здравоохранения, инженерных и других сложных функций",2025,Средняя зарплата крупной профессиональной группы Росстата за октябрь 2025,,,9.96,11.4,Для профессий со специальным зарплатным срезом используется медиана предложений «Работы России»; иначе зарплата наследуется от группы. Результат не является обещанием числа вакансий
2032,21,Специалисты-техники по Web,Специалисты средней квалификации,6454.93,5145.29,44.36,69408.5576048949,110534.8888212116,10.0,5.5,5.5,59.25253691400201,8.425,5968.5364,1.16,умеренный рост в соответствии с официальным приоритетом кадров СПО,2025,Средняя зарплата крупной профессиональной группы Росстата за октябрь 2025,,,44.28,48.04,Для профессий со специальным зарплатным срезом используется медиана предложений «Работы России»; иначе зарплата наследуется от группы. Результат не является обещанием числа вакансий
2032,22,Рабочие-отделочники и рабочие родственных занятий,"Промышленность, строительство и транспорт",249810.29,40122.94,13.84,78166.90311606236,124482.7762394394,9.349397590361445,6.625,6.625,59.25253691400201,8.39585843373494,42129.08700000001,1.05,"в 2027–2029 годах применён циклический дисконт из-за слабого роста ВВП, дорогого кредита и снижения строительства; затем — умеренная стабилизация",2025,Средняя зарплата крупной профессиональной группы Росстата за октябрь 2025,,,13.84,14.43,Для профессий со специальным зарплатным срезом используется медиана предложений «Работы России»; иначе зарплата наследуется от группы. Результат не является обещанием числа вакансий
2032,23,"Рабочие ручного труда, производящие одежду и обувь","Промышленность, строительство и транспорт",44591.64,7001.83,13.57,78166.90311606236,124482.7762394394,9.313253012048193,6.625,6.625,59.25253691400201,8.372364457831326,7351.9215,1.05,"в 2027–2029 годах применён циклический дисконт из-за слабого роста ВВП, дорогого кредита и снижения строительства; затем — умеренная стабилизация",2025,Средняя зарплата крупной профессиональной группы Росстата за октябрь 2025,,,13.56,14.15,Для профессий со специальным зарплатным срезом используется медиана предложений «Работы России»; иначе зарплата наследуется от группы. Результат не является обещанием числа вакансий
2032,24,Операторы машин по переработке древесины и изготовлению бумаги,"Операторы машин, сборщики и водители",29554.64,3555.44,10.74,78339.15258467232,124757.08788802165,8.698795180722891,7.75,7.75,59.25253691400201,8.36671686746988,3982.0928000000004,1.12,умеренный рост: официальный кадровый прогноз указывает на высокий вес профессий со средним профессиональным образованием,2025,Средняя зарплата крупной профессиональной группы Росстата за октябрь 2025,,,10.73,11.87,Для профессий со специальным зарплатным срезом используется медиана предложений «Работы России»; иначе зарплата наследуется от группы. Результат не является обещанием числа вакансий
2032,25,Специалисты в области организации и ведения социальной работы,Специалисты высшей квалификации,64659.26,7005.0,9.77,86292.29075362365,137422.66218635245,8.048192771084338,8.875,8.875,59.25253691400203,8.337575301204819,8125.799999999999,1.16,"умеренный рост за счёт здравоохранения, инженерных и других сложных функций",2025,Средняя зарплата крупной профессиональной группы Росстата за октябрь 2025,,,9.77,11.16,Для профессий со специальным зарплатным срезом используется медиана предложений «Работы России»; иначе зарплата наследуется от группы. Результат не является обещанием числа вакансий
2032,26,Ландшафтные архитекторы,Специалисты высшей квалификации,744.15,79.78,9.68,86292.29075362365,137422.66218635245,8.012048192771084,8.875,8.875,59.25253691400203,8.314081325301206,92.5448,1.16,"умеренный рост за счёт здравоохранения, инженерных и других сложных функций",2025,Средняя зарплата крупной профессиональной группы Росстата за октябрь 2025,,,9.44,11.06,Для профессий со специальным зарплатным срезом используется медиана предложений «Работы России»; иначе зарплата наследуется от группы. Результат не является обещанием числа вакансий
2032,27,Фармацевты,Специалисты средней квалификации,40852.8,7435.39,15.4,69408.5576048949,110534.8888212116,9.783132530120483,5.5,5.5,59.25253691400201,8.284036144578312,8625.0524,1.16,умеренный рост в соответствии с официальным приоритетом кадров СПО,2025,Средняя зарплата крупной профессиональной группы Росстата за октябрь 2025,,,15.4,17.43,Для профессий со специальным зарплатным срезом используется медиана предложений «Работы России»; иначе зарплата наследуется от группы. Результат не является обещанием числа вакансий
2032,28,Рабочие строительных и родственных занятий,"Промышленность, строительство и транспорт",417619.3,62554.11,13.03,78166.90311606236,124482.7762394394,9.132530120481928,6.625,6.625,59.25253691400201,8.254894578313253,65681.8155,1.05,"в 2027–2029 годах применён циклический дисконт из-за слабого роста ВВП, дорогого кредита и снижения строительства; затем — умеренная стабилизация",2025,Средняя зарплата крупной профессиональной группы Росстата за октябрь 2025,,,13.03,13.59,Для профессий со специальным зарплатным срезом используется медиана предложений «Работы России»; иначе зарплата наследуется от группы. Результат не является обещанием числа вакансий
2032,29,Специалисты по патентной работе и защите авторских прав,Специалисты высшей квалификации,3578.16,380.92,9.62,86292.29075362365,137422.66218635245,7.903614457831325,8.875,8.875,59.25253691400203,8.243599397590362,441.86719999999997,1.16,"умеренный рост за счёт здравоохранения, инженерных и других сложных функций",2025,Средняя зарплата крупной профессиональной группы Росстата за октябрь 2025,,,9.57,10.99,Для профессий со специальным зарплатным срезом используется медиана предложений «Работы России»; иначе зарплата наследуется от группы. Результат не является обещанием числа вакансий
2032,30,Ветеринарные фельдшеры,Специалисты средней квалификации,10262.63,1762.24,14.65,69408.5576048949,110534.8888212116,9.710843373493976,5.5,5.5,59.25253691400201,8.237048192771084,2044.1983999999998,1.16,умеренный рост в соответствии с официальным приоритетом кадров СПО,2025,Средняя зарплата крупной профессиональной группы Росстата за октябрь 2025,,,14.63,16.61,Для профессий со специальным зарплатным срезом используется медиана предложений «Работы России»; иначе зарплата наследуется от группы. Результат не является обещанием числа вакансий
2032,31,Шеф-повара,Специалисты средней квалификации,30106.14,5063.79,14.4,69408.5576048949,110534.8888212116,9.674698795180722,5.5,5.5,59.25253691400201,8.21355421686747,5873.9964,1.16,умеренный рост в соответствии с официальным приоритетом кадров СПО,2025,Средняя зарплата крупной профессиональной группы Росстата за октябрь 2025,,,14.39,16.33,Для профессий со специальным зарплатным срезом используется медиана предложений «Работы России»; иначе зарплата наследуется от группы. Результат не является обещанием числа вакансий
2032,32,Архитекторы зданий и сооружений,Специалисты высшей квалификации,15834.32,1681.75,9.6,86292.29075362365,137422.66218635245,7.831325301204819,8.875,8.875,59.25253691400203,8.196611445783132,1950.83,1.16,"умеренный рост за счёт здравоохранения, инженерных и других сложных функций",2025,Средняя зарплата крупной профессиональной группы Росстата за октябрь 2025,,,9.59,10.97,Для профессий со специальным зарплатным срезом используется медиана предложений «Работы России»; иначе зарплата наследуется от группы. Результат не является обещанием числа вакансий
2032,33,"Геодезисты, картографы и топографы",Специалисты высшей квалификации,28056.28,2954.47,9.53,86292.29075362365,137422.66218635245,7.7951807228915655,8.875,8.875,59.25253691400203,8.173117469879518,3427.1851999999994,1.16,"умеренный рост за счёт здравоохранения, инженерных и других сложных функций",2025,Средняя зарплата крупной профессиональной группы Росстата за октябрь 2025,,,9.52,10.89,Для профессий со специальным зарплатным срезом используется медиана предложений «Работы России»; иначе зарплата наследуется от группы. Результат не является обещанием числа вакансий
2032,34,Инженеры по гражданскому строительству,Специалисты высшей квалификации,99841.52,10465.24,9.49,86292.29075362365,137422.66218635245,7.759036144578314,8.875,8.875,59.25253691400203,8.149623493975904,12139.678399999999,1.16,"умеренный рост за счёт здравоохранения, инженерных и других сложных функций",2025,Средняя зарплата крупной профессиональной группы Росстата за октябрь 2025,,,9.49,10.84,Для профессий со специальным зарплатным срезом используется медиана предложений «Работы России»; иначе зарплата наследуется от группы. Результат не является обещанием числа вакансий
2032,35,Рабочие пищевой промышленности и рабочие родственных занятий,"Промышленность, строительство и транспорт",231279.5,32269.14,12.24,78166.90311606236,124482.7762394394,8.91566265060241,6.625,6.625,59.25253691400201,8.113930722891567,33882.597,1.05,"в 2027–2029 годах применён циклический дисконт из-за слабого роста ВВП, дорогого кредита и снижения строительства; затем — умеренная стабилизация",2025,Средняя зарплата крупной профессиональной группы Росстата за октябрь 2025,,,12.24,12.78,Для профессий со специальным зарплатным срезом используется медиана предложений «Работы России»; иначе зарплата наследуется от группы. Результат не является обещанием числа вакансий
2032,36,Операторы подвижного оборудования,"Операторы машин, сборщики и водители",474888.55,54728.23,10.33,78339.15258467232,124757.08788802165,8.301204819277109,7.75,7.75,59.25253691400201,8.10828313253012,61295.61760000001,1.12,умеренный рост: официальный кадровый прогноз указывает на высокий вес профессий со средним профессиональным образованием,2025,Средняя зарплата крупной профессиональной группы Росстата за октябрь 2025,,,10.33,11.43,Для профессий со специальным зарплатным срезом используется медиана предложений «Работы России»; иначе зарплата наследуется от группы. Результат не является обещанием числа вакансий
2032,37,Специалисты-техники по лесному хозяйству и лесозаготовительному производству,Специалисты средней квалификации,4510.66,680.6,13.11,69408.5576048949,110534.8888212116,9.457831325301205,5.5,5.5,59.25253691400201,8.072590361445783,789.496,1.16,умеренный рост в соответствии с официальным приоритетом кадров СПО,2025,Средняя зарплата крупной профессиональной группы Росстата за октябрь 2025,,,13.08,14.9,Для профессий со специальным зарплатным срезом используется медиана предложений «Работы России»; иначе зарплата наследуется от группы. Результат не является обещанием числа вакансий
2032,38,Системные аналитики,Специалисты высшей квалификации,49571.73,5070.93,9.28,86292.29075362365,137422.66218635245,7.578313253012048,8.875,8.875,59.25253691400203,8.032153614457831,5882.2788,1.16,"умеренный рост за счёт здравоохранения, инженерных и других сложных функций",2025,Средняя зарплата крупной профессиональной группы Росстата за октябрь 2025,,,9.28,10.61,Для профессий со специальным зарплатным срезом используется медиана предложений «Работы России»; иначе зарплата наследуется от группы. Результат не является обещанием числа вакансий
2032,39,Электромонтажники и ремонтники электрического оборудования,"Промышленность, строительство и транспорт",490322.23,64251.65,11.59,78166.90311606236,124482.7762394394,8.771084337349397,6.625,6.625,59.25253691400201,8.019954819277109,67464.2325,1.05,"в 2027–2029 годах применён циклический дисконт из-за слабого роста ВВП, дорогого кредита и снижения строительства; затем — умеренная стабилизация",2025,Средняя зарплата крупной профессиональной группы Росстата за октябрь 2025,,,11.59,12.09,Для профессий со специальным зарплатным срезом используется медиана предложений «Работы России»; иначе зарплата наследуется от группы. Результат не является обещанием числа вакансий
2032,40,Рабочие полиграфического производства,"Промышленность, строительство и транспорт",21705.35,2823.04,11.51,78166.90311606236,124482.7762394394,8.734939759036145,6.625,6.625,59.25253691400201,7.996460843373494,2964.192,1.05,"в 2027–2029 годах применён циклический дисконт из-за слабого роста ВВП, дорогого кредита и снижения строительства; затем — умеренная стабилизация",2025,Средняя зарплата крупной профессиональной группы Росстата за октябрь 2025,,,11.5,12.02,Для профессий со специальным зарплатным срезом используется медиана предложений «Работы России»; иначе зарплата наследуется от группы. Результат не является обещанием числа вакансий
2032,41,Операторы машин по обработке пищевых и аналогичных продуктов,"Операторы машин, сборщики и водители",88059.62,10052.93,10.25,78339.15258467232,124757.08788802165,8.120481927710843,7.75,7.75,59.25253691400201,7.990813253012048,11259.281600000002,1.12,умеренный рост: официальный кадровый прогноз указывает на высокий вес профессий со средним профессиональным образованием,2025,Средняя зарплата крупной профессиональной группы Росстата за октябрь 2025,,,10.25,11.34,Для профессий со специальным зарплатным срезом используется медиана предложений «Работы России»; иначе зарплата наследуется от группы. Результат не является обещанием числа вакансий
2032,42,Специалисты в области защиты окружающей среды,Специалисты высшей квалификации,10727.3,1071.53,9.08,86292.29075362365,137422.66218635245,7.506024096385542,8.875,8.875,59.25253691400203,7.985165662650602,1242.9748,1.16,"умеренный рост за счёт здравоохранения, инженерных и других сложных функций",2025,Средняя зарплата крупной профессиональной группы Росстата за октябрь 2025,,,9.07,10.38,Для профессий со специальным зарплатным срезом используется медиана предложений «Работы России»; иначе зарплата наследуется от группы. Результат не является обещанием числа вакансий
2032,43,Графические и мультимедийные дизайнеры,Специалисты высшей квалификации,21266.7,2117.0,9.05,86292.29075362365,137422.66218635245,7.433734939759036,8.875,8.875,59.25253691400203,7.938177710843373,2455.72,1.16,"умеренный рост за счёт здравоохранения, инженерных и других сложных функций",2025,Средняя зарплата крупной профессиональной группы Росстата за октябрь 2025,,,9.04,10.35,Для профессий со специальным зарплатным срезом используется медиана предложений «Работы России»; иначе зарплата наследуется от группы. Результат не является обещанием числа вакансий
2032,44,Служащие по проведению опросов потребителей,Офисные и учётные служащие,1314.4,298.84,18.52,54045.78718009234,86069.28717943952,9.638554216867469,4.375,4.375,59.25253691400201,7.796310240963855,254.01399999999998,0.85,наиболее заметное снижение из-за цифровизации стандартных операций,2025,Средняя зарплата крупной профессиональной группы Росстата за октябрь 2025,,,18.3,16.2,Для профессий со специальным зарплатным срезом используется медиана предложений «Работы России»; иначе зарплата наследуется от группы. Результат не является обещанием числа вакансий
2032,45,Кассиры банков и работники других родственных занятий,Офисные и учётные служащие,51902.3,10817.59,17.25,54045.78718009234,86069.28717943952,9.493975903614457,4.375,4.375,59.25253691400201,7.702334337349397,9194.9515,0.85,наиболее заметное снижение из-за цифровизации стандартных операций,2025,Средняя зарплата крупной профессиональной группы Росстата за октябрь 2025,,,17.24,15.05,Для профессий со специальным зарплатным срезом используется медиана предложений «Работы России»; иначе зарплата наследуется от группы. Результат не является обещанием числа вакансий
2032,46,Геологи и геофизики,Специалисты высшей квалификации,28986.0,2663.82,8.42,86292.29075362365,137422.66218635245,7.0361445783132535,8.875,8.875,59.25253691400203,7.679743975903614,3090.0312,1.16,"умеренный рост за счёт здравоохранения, инженерных и других сложных функций",2025,Средняя зарплата крупной профессиональной группы Росстата за октябрь 2025,,,8.42,9.63,Для профессий со специальным зарплатным срезом используется медиана предложений «Работы России»; иначе зарплата наследуется от группы. Результат не является обещанием числа вакансий
2032,47,Метеорологи,Специалисты высшей квалификации,5908.32,533.74,8.29,86292.29075362365,137422.66218635245,6.963855421686747,8.875,8.875,59.25253691400203,7.632756024096385,619.1383999999999,1.16,"умеренный рост за счёт здравоохранения, инженерных и других сложных функций",2025,Средняя зарплата крупной профессиональной группы Росстата за октябрь 2025,,,8.27,9.49,Для профессий со специальным зарплатным срезом используется медиана предложений «Работы России»; иначе зарплата наследуется от группы. Результат не является обещанием числа вакансий
2032,48,Кондукторы общественного транспорта,"Обслуживание, торговля и охрана",20933.31,9846.92,31.99,48161.539778495455,76698.47391410024,9.963855421686747,3.25,3.25,59.25253691400201,7.614006024096386,10339.266,1.05,почти стабильный спрос с небольшим ростом,2025,Средняя зарплата крупной профессиональной группы Росстата за октябрь 2025,,,31.97,33.06,Для профессий со специальным зарплатным срезом используется медиана предложений «Работы России»; иначе зарплата наследуется от группы. Результат не является обещанием числа вакансий
2032,49,"Формовщики, сварщики, вальцовщики, подготовители конструкционного металла и рабочие родственных занятий","Промышленность, строительство и транспорт",399740.94,48322.58,10.78,78166.90311606236,124482.7762394394,8.08433734939759,6.625,6.625,59.25253691400201,7.573569277108434,50738.709,1.05,"в 2027–2029 годах применён циклический дисконт из-за слабого роста ВВП, дорогого кредита и снижения строительства; затем — умеренная стабилизация",2025,Средняя зарплата крупной профессиональной группы Росстата за октябрь 2025,,,10.78,11.26,Для профессий со специальным зарплатным срезом используется медиана предложений «Работы России»; иначе зарплата наследуется от группы. Результат не является обещанием числа вакансий
2032,50,"Водители легковых автомобилей, фургонов и мотоциклов","Операторы машин, сборщики и водители",561198.36,58047.79,9.37,78339.15258467232,124757.08788802165,7.469879518072289,7.75,7.75,59.25253691400201,7.567921686746987,65013.52480000001,1.12,умеренный рост: официальный кадровый прогноз указывает на высокий вес профессий со средним профессиональным образованием,2025,Средняя зарплата крупной профессиональной группы Росстата за октябрь 2025,,,9.37,10.38,Для профессий со специальным зарплатным срезом используется медиана предложений «Работы России»; иначе зарплата наследуется от группы. Результат не является обещанием числа вакансий
2032,51,Средний медицинский персонал скорой помощи,Специалисты средней квалификации,97927.77,11352.84,10.39,69408.5576048949,110534.8888212116,8.662650602409638,5.5,5.5,59.25253691400201,7.555722891566265,13169.294399999999,1.16,умеренный рост в соответствии с официальным приоритетом кадров СПО,2025,Средняя зарплата крупной профессиональной группы Росстата за октябрь 2025,,,10.39,11.85,Для профессий со специальным зарплатным срезом используется медиана предложений «Работы России»; иначе зарплата наследуется от группы. Результат не является обещанием числа вакансий
2032,52,Специалисты в области подготовки и развития персонала,Специалисты высшей квалификации,31645.7,2683.42,7.82,86292.29075362365,137422.66218635245,6.783132530120482,8.875,8.875,59.25253691400203,7.5152861445783135,3112.7672,1.16,"умеренный рост за счёт здравоохранения, инженерных и других сложных функций",2025,Средняя зарплата крупной профессиональной группы Росстата за октябрь 2025,,,7.82,8.96,Для профессий со специальным зарплатным срезом используется медиана предложений «Работы России»; иначе зарплата наследуется от группы. Результат не является обещанием числа вакансий
2032,53,"Операторы машин по производству изделий из резины, пластмасс и бумаги","Операторы машин, сборщики и водители",55505.09,5635.81,9.22,78339.15258467232,124757.08788802165,7.36144578313253,7.75,7.75,59.25253691400201,7.497439759036144,6312.107200000001,1.12,умеренный рост: официальный кадровый прогноз указывает на высокий вес профессий со средним профессиональным образованием,2025,Средняя зарплата крупной профессиональной группы Росстата за октябрь 2025,,,9.22,10.21,Для профессий со специальным зарплатным срезом используется медиана предложений «Работы России»; иначе зарплата наследуется от группы. Результат не является обещанием числа вакансий
2032,54,Инженеры-химики,Специалисты высшей квалификации,39303.84,3332.37,7.82,86292.29075362365,137422.66218635245,6.746987951807228,8.875,8.875,59.25253691400203,7.491792168674699,3865.5491999999995,1.16,"умеренный рост за счёт здравоохранения, инженерных и других сложных функций",2025,Средняя зарплата крупной профессиональной группы Росстата за октябрь 2025,,,7.82,8.95,Для профессий со специальным зарплатным срезом используется медиана предложений «Работы России»; иначе зарплата наследуется от группы. Результат не является обещанием числа вакансий
2032,55,"Букмекеры, крупье и работники родственных занятий в сфере азартных игр",Офисные и учётные служащие,762.5,141.71,15.67,54045.78718009234,86069.28717943952,9.168674698795181,4.375,4.375,59.25253691400201,7.490888554216867,120.4535,0.85,наиболее заметное снижение из-за цифровизации стандартных операций,2025,Средняя зарплата крупной профессиональной группы Росстата за октябрь 2025,,,15.38,13.64,Для профессий со специальным зарплатным срезом используется медиана предложений «Работы России»; иначе зарплата наследуется от группы. Результат не является обещанием числа вакансий
2032,56,"Маляры, рабочие по очистке поверхностей зданий и сооружений и родственных занятий","Промышленность, строительство и транспорт",80544.63,9456.95,10.51,78166.90311606236,124482.7762394394,7.867469879518072,6.625,6.625,59.25253691400201,7.432605421686747,9929.7975,1.05,"в 2027–2029 годах применён циклический дисконт из-за слабого роста ВВП, дорогого кредита и снижения строительства; затем — умеренная стабилизация",2025,Средняя зарплата крупной профессиональной группы Росстата за октябрь 2025,,,10.51,10.98,Для профессий со специальным зарплатным срезом используется медиана предложений «Работы России»; иначе зарплата наследуется от группы. Результат не является обещанием числа вакансий
2032,57,Члены судовых команд и рабочие родственных занятий,"Операторы машин, сборщики и водители",33842.77,3368.94,9.05,78339.15258467232,124757.08788802165,7.253012048192771,7.75,7.75,59.25253691400201,7.4269578313253,3773.2128000000002,1.12,умеренный рост: официальный кадровый прогноз указывает на высокий вес профессий со средним профессиональным образованием,2025,Средняя зарплата крупной профессиональной группы Росстата за октябрь 2025,,,9.05,10.03,Для профессий со специальным зарплатным срезом используется медиана предложений «Работы России»; иначе зарплата наследуется от группы. Результат не является обещанием числа вакансий
2032,58,Специалисты по рекламе и маркетингу,Специалисты высшей квалификации,72729.03,6089.22,7.73,86292.29075362365,137422.66218635245,6.63855421686747,8.875,8.875,59.25253691400203,7.421310240963856,7063.495199999999,1.16,"умеренный рост за счёт здравоохранения, инженерных и других сложных функций",2025,Средняя зарплата крупной профессиональной группы Росстата за октябрь 2025,,,7.73,8.85,Для профессий со специальным зарплатным срезом используется медиана предложений «Работы России»; иначе зарплата наследуется от группы. Результат не является обещанием числа вакансий
2032,59,Телефонисты,Офисные и учётные служащие,14674.17,2610.71,15.1,54045.78718009234,86069.28717943952,9.060240963855422,4.375,4.375,59.25253691400201,7.420406626506024,2219.1035,0.85,наиболее заметное снижение из-за цифровизации стандартных операций,2025,Средняя зарплата крупной профессиональной группы Росстата за октябрь 2025,,,15.09,13.14,Для профессий со специальным зарплатным срезом используется медиана предложений «Работы России»; иначе зарплата наследуется от группы. Результат не является обещанием числа вакансий
2032,60,"Агенты по коммерческим услугам, не входящие в другие группы",Специалисты средней квалификации,8132.63,918.11,10.14,69408.5576048949,110534.8888212116,8.409638554216867,5.5,5.5,59.25253691400201,7.391265060240964,1065.0076,1.16,умеренный рост в соответствии с официальным приоритетом кадров СПО,2025,Средняя зарплата крупной профессиональной группы Росстата за октябрь 2025,,,10.13,11.58,Для профессий со специальным зарплатным срезом используется медиана предложений «Работы России»; иначе зарплата наследуется от группы. Результат не является обещанием числа вакансий
2032,61,Специалисты по акушерству,Специалисты высшей квалификации,24246.89,2027.17,7.72,86292.29075362365,137422.66218635245,6.566265060240964,8.875,8.875,59.25253691400203,7.374322289156627,2351.5172,1.16,"умеренный рост за счёт здравоохранения, инженерных и других сложных функций",2025,Средняя зарплата крупной профессиональной группы Росстата за октябрь 2025,,,7.72,8.84,Для профессий со специальным зарплатным срезом используется медиана предложений «Работы России»; иначе зарплата наследуется от группы. Результат не является обещанием числа вакансий
2032,62,Средний юридический персонал,Специалисты средней квалификации,6021.33,670.86,10.02,69408.5576048949,110534.8888212116,8.337349397590362,5.5,5.5,59.25253691400201,7.344277108433736,778.1976,1.16,умеренный рост в соответствии с официальным приоритетом кадров СПО,2025,Средняя зарплата крупной профессиональной группы Росстата за октябрь 2025,,,10.01,11.44,Для профессий со специальным зарплатным срезом используется медиана предложений «Работы России»; иначе зарплата наследуется от группы. Результат не является обещанием числа вакансий
2032,63,Сборщики,"Операторы машин, сборщики и водители",260596.46,25504.05,8.91,78339.15258467232,124757.08788802165,7.108433734939759,7.75,7.75,59.25253691400201,7.332981927710843,28564.536000000004,1.12,умеренный рост: официальный кадровый прогноз указывает на высокий вес профессий со средним профессиональным образованием,2025,Средняя зарплата крупной профессиональной группы Росстата за октябрь 2025,,,8.91,9.88,Для профессий со специальным зарплатным срезом используется медиана предложений «Работы России»; иначе зарплата наследуется от группы. Результат не является обещанием числа вакансий
2032,64,"Рабочие, занятые изготовлением прецизионных инструментов и приборов, рабочие художественных промыслов","Промышленность, строительство и транспорт",26978.74,3066.04,10.2,78166.90311606236,124482.7762394394,7.650602409638554,6.625,6.625,59.25253691400201,7.29164156626506,3219.342,1.05,"в 2027–2029 годах применён циклический дисконт из-за слабого роста ВВП, дорогого кредита и снижения строительства; затем — умеренная стабилизация",2025,Средняя зарплата крупной профессиональной группы Росстата за октябрь 2025,,,10.2,10.66,Для профессий со специальным зарплатным срезом используется медиана предложений «Работы России»; иначе зарплата наследуется от группы. Результат не является обещанием числа вакансий
2032,65,Разносчики и сортировщики почты,Офисные и учётные служащие,93302.36,15507.37,14.25,54045.78718009234,86069.28717943952,8.843373493975903,4.375,4.375,59.25253691400201,7.279442771084337,13181.264500000001,0.85,наиболее заметное снижение из-за цифровизации стандартных операций,2025,Средняя зарплата крупной профессиональной группы Росстата за октябрь 2025,,,14.25,12.38,Для профессий со специальным зарплатным срезом используется медиана предложений «Работы России»; иначе зарплата наследуется от группы. Результат не является обещанием числа вакансий
2032,66,Медицинские оптики-оптометристы,Специалисты средней квалификации,914.13,100.8,9.93,69408.5576048949,110534.8888212116,8.192771084337348,5.5,5.5,59.25253691400201,7.2503012048192765,116.92799999999998,1.16,умеренный рост в соответствии с официальным приоритетом кадров СПО,2025,Средняя зарплата крупной профессиональной группы Росстата за октябрь 2025,,,9.86,11.34,Для профессий со специальным зарплатным срезом используется медиана предложений «Работы России»; иначе зарплата наследуется от группы. Результат не является обещанием числа вакансий
2032,67,Официанты,"Обслуживание, торговля и охрана",26886.02,4436.24,14.16,48161.539778495455,76698.47391410024,9.3855421686747,3.25,3.25,59.25253691400201,7.238102409638555,4658.052,1.05,почти стабильный спрос с небольшим ростом,2025,Средняя зарплата крупной профессиональной группы Росстата за октябрь 2025,,,14.16,14.77,Для профессий со специальным зарплатным срезом используется медиана предложений «Работы России»; иначе зарплата наследуется от группы. Результат не является обещанием числа вакансий
2032,68,Операторы по управлению технологическими процессами в химическом производстве,Специалисты средней квалификации,33627.15,3706.96,9.93,69408.5576048949,110534.8888212116,8.156626506024097,5.5,5.5,59.25253691400201,7.226807228915664,4300.0736,1.16,умеренный рост в соответствии с официальным приоритетом кадров СПО,2025,Средняя зарплата крупной профессиональной группы Росстата за октябрь 2025,,,9.93,11.34,Для профессий со специальным зарплатным срезом используется медиана предложений «Работы России»; иначе зарплата наследуется от группы. Результат не является обещанием числа вакансий
2032,69,"Товарные производители огородных, плодовых и полевых культур",Сельское и лесное хозяйство,34815.1,8666.15,19.93,47973.921731658804,76399.68741480437,9.891566265060241,2.125,2.125,59.25253691400201,7.173268072289156,8839.473,1.02,почти неизменный спрос: малая численность не превращается автоматически в быстрый рост всей отрасли,2025,Средняя зарплата крупной профессиональной группы Росстата за октябрь 2025,,,19.92,20.25,Для профессий со специальным зарплатным срезом используется медиана предложений «Работы России»; иначе зарплата наследуется от группы. Результат не является обещанием числа вакансий
2032,70,Операторы установок по переработке химического сырья и операторы машин по производству фотографической продукции,"Операторы машин, сборщики и водители",151259.83,13405.94,8.14,78339.15258467232,124757.08788802165,6.855421686746988,7.75,7.75,59.25253691400201,7.168524096385543,15014.652800000002,1.12,умеренный рост: официальный кадровый прогноз указывает на высокий вес профессий со средним профессиональным образованием,2025,Средняя зарплата крупной профессиональной группы Росстата за октябрь 2025,,,8.14,9.03,Для профессий со специальным зарплатным срезом используется медиана предложений «Работы России»; иначе зарплата наследуется от группы. Результат не является обещанием числа вакансий
2032,71,Инженеры по охране окружающей среды,Специалисты высшей квалификации,20680.22,1643.42,7.36,86292.29075362365,137422.66218635245,6.240963855421687,8.875,8.875,59.25253691400203,7.162876506024096,1906.3672,1.16,"умеренный рост за счёт здравоохранения, инженерных и других сложных функций",2025,Средняя зарплата крупной профессиональной группы Росстата за октябрь 2025,,,7.36,8.44,Для профессий со специальным зарплатным срезом используется медиана предложений «Работы России»; иначе зарплата наследуется от группы. Результат не является обещанием числа вакансий
2032,72,Лесоводы и работники родственных занятий,Сельское и лесное хозяйство,15417.43,3303.59,17.65,47973.921731658804,76399.68741480437,9.855421686746988,2.125,2.125,59.25253691400201,7.149774096385542,3369.6618000000003,1.02,почти неизменный спрос: малая численность не превращается автоматически в быстрый рост всей отрасли,2025,Средняя зарплата крупной профессиональной группы Росстата за октябрь 2025,,,17.64,17.94,Для профессий со специальным зарплатным срезом используется медиана предложений «Работы России»; иначе зарплата наследуется от группы. Результат не является обещанием числа вакансий
2032,73,Работники ритуальных услуг,"Обслуживание, торговля и охрана",948.61,145.14,13.27,48161.539778495455,76698.47391410024,9.204819277108435,3.25,3.25,59.25253691400201,7.120632530120483,152.397,1.05,почти стабильный спрос с небольшим ростом,2025,Средняя зарплата крупной профессиональной группы Росстата за октябрь 2025,,,13.16,13.84,Для профессий со специальным зарплатным срезом используется медиана предложений «Работы России»; иначе зарплата наследуется от группы. Результат не является обещанием числа вакансий
2032,74,"Инструкторы фитнес-клубов, спортивных зон отдыха и организаторы спортивных программ",Специалисты средней квалификации,9353.55,1002.74,9.68,69408.5576048949,110534.8888212116,7.975903614457831,5.5,5.5,59.25253691400201,7.10933734939759,1163.1784,1.16,умеренный рост в соответствии с официальным приоритетом кадров СПО,2025,Средняя зарплата крупной профессиональной группы Росстата за октябрь 2025,,,9.67,11.06,Для профессий со специальным зарплатным срезом используется медиана предложений «Работы России»; иначе зарплата наследуется от группы. Результат не является обещанием числа вакансий
2032,75,"Деревообработчики, краснодеревщики и рабочие родственных занятий","Промышленность, строительство и транспорт",25947.59,2789.71,9.71,78166.90311606236,124482.7762394394,7.325301204819277,6.625,6.625,59.25253691400201,7.08019578313253,2929.1955000000003,1.05,"в 2027–2029 годах применён циклический дисконт из-за слабого роста ВВП, дорогого кредита и снижения строительства; затем — умеренная стабилизация",2025,Средняя зарплата крупной профессиональной группы Росстата за октябрь 2025,,,9.72,10.14,Для профессий со специальным зарплатным срезом используется медиана предложений «Работы России»; иначе зарплата наследуется от группы. Результат не является обещанием числа вакансий
2032,76,Проектировщики-градостроители и проектировщики транспортных узлов,Специалисты высшей квалификации,27542.48,2142.68,7.22,86292.29075362365,137422.66218635245,6.0602409638554215,8.875,8.875,59.25253691400203,7.045406626506024,2485.5087999999996,1.16,"умеренный рост за счёт здравоохранения, инженерных и других сложных функций",2025,Средняя зарплата крупной профессиональной группы Росстата за октябрь 2025,,,7.22,8.28,Для профессий со специальным зарплатным срезом используется медиана предложений «Работы России»; иначе зарплата наследуется от группы. Результат не является обещанием числа вакансий
2032,77,Инженеры-электроники,Специалисты высшей квалификации,74539.94,5754.74,7.17,86292.29075362365,137422.66218635245,5.9879518072289155,8.875,8.875,59.25253691400203,6.9984186746987955,6675.4983999999995,1.16,"умеренный рост за счёт здравоохранения, инженерных и других сложных функций",2025,Средняя зарплата крупной профессиональной группы Росстата за октябрь 2025,,,7.17,8.22,Для профессий со специальным зарплатным срезом используется медиана предложений «Работы России»; иначе зарплата наследуется от группы. Результат не является обещанием числа вакансий
2032,78,"Работники рыбоводства и рыболовства, охотники-стрелки и охотники-трапперы (капканщики)",Сельское и лесное хозяйство,6602.04,1232.35,15.73,47973.921731658804,76399.68741480437,9.602409638554217,2.125,2.125,59.25253691400201,6.985316265060241,1256.9969999999998,1.02,почти неизменный спрос: малая численность не превращается автоматически в быстрый рост всей отрасли,2025,Средняя зарплата крупной профессиональной группы Росстата за октябрь 2025,,,15.72,15.99,Для профессий со специальным зарплатным срезом используется медиана предложений «Работы России»; иначе зарплата наследуется от группы. Результат не является обещанием числа вакансий
2032,79,Инженеры-электрики,Специалисты высшей квалификации,98947.27,7569.62,7.11,86292.29075362365,137422.66218635245,5.951807228915662,8.875,8.875,59.25253691400203,6.9749246987951805,8780.759199999999,1.16,"умеренный рост за счёт здравоохранения, инженерных и других сложных функций",2025,Средняя зарплата крупной профессиональной группы Росстата за октябрь 2025,,,7.11,8.15,Для профессий со специальным зарплатным срезом используется медиана предложений «Работы России»; иначе зарплата наследуется от группы. Результат не является обещанием числа вакансий
2032,80,Операторы установок по выработке электроэнергии,Специалисты средней квалификации,14501.79,1504.98,9.4,69408.5576048949,110534.8888212116,7.72289156626506,5.5,5.5,59.25253691400201,6.944879518072289,1745.7767999999999,1.16,умеренный рост в соответствии с официальным приоритетом кадров СПО,2025,Средняя зарплата крупной профессиональной группы Росстата за октябрь 2025,,,9.4,10.74,Для профессий со специальным зарплатным срезом используется медиана предложений «Работы России»; иначе зарплата наследуется от группы. Результат не является обещанием числа вакансий
2032,81,Оценщики и эксперты,Специалисты высшей квалификации,20984.21,1596.49,7.07,86292.29075362365,137422.66218635245,5.879518072289156,8.875,8.875,59.25253691400203,6.927936746987951,1851.9283999999998,1.16,"умеренный рост за счёт здравоохранения, инженерных и других сложных функций",2025,Средняя зарплата крупной профессиональной группы Росстата за октябрь 2025,,,7.07,8.11,Для профессий со специальным зарплатным срезом используется медиана предложений «Работы России»; иначе зарплата наследуется от группы. Результат не является обещанием числа вакансий
2032,82,Фотографы (художественные),Специалисты средней квалификации,3195.19,327.46,9.3,69408.5576048949,110534.8888212116,7.614457831325302,5.5,5.5,59.25253691400201,6.874397590361447,379.8536,1.16,умеренный рост в соответствии с официальным приоритетом кадров СПО,2025,Средняя зарплата крупной профессиональной группы Росстата за октябрь 2025,,,9.28,10.63,Для профессий со специальным зарплатным срезом используется медиана предложений «Работы России»; иначе зарплата наследуется от группы. Результат не является обещанием числа вакансий
2032,83,Косметологи и работники родственных занятий,"Обслуживание, торговля и охрана",1058.07,139.31,11.63,48161.539778495455,76698.47391410024,8.807228915662652,3.25,3.25,59.25253691400201,6.862198795180724,146.27550000000002,1.05,почти стабильный спрос с небольшим ростом,2025,Средняя зарплата крупной профессиональной группы Росстата за октябрь 2025,,,11.56,12.15,Для профессий со специальным зарплатным срезом используется медиана предложений «Работы России»; иначе зарплата наследуется от группы. Результат не является обещанием числа вакансий
2032,84,Системные администраторы,Специалисты высшей квалификации,64846.06,4778.07,6.86,86292.29075362365,137422.66218635245,5.698795180722892,8.875,8.875,59.25253691400203,6.81046686746988,5542.561199999999,1.16,"умеренный рост за счёт здравоохранения, инженерных и других сложных функций",2025,Средняя зарплата крупной профессиональной группы Росстата за октябрь 2025,,,6.86,7.87,Для профессий со специальным зарплатным срезом используется медиана предложений «Работы России»; иначе зарплата наследуется от группы. Результат не является обещанием числа вакансий
2032,85,"Механики и ремонтники транспортных средств, сельскохозяйственного и производственного оборудования и рабочие родственных занятий","Промышленность, строительство и транспорт",763482.53,73069.57,8.73,78166.90311606236,124482.7762394394,6.891566265060241,6.625,6.625,59.25253691400201,6.798268072289157,76723.0485,1.05,"в 2027–2029 годах применён циклический дисконт из-за слабого роста ВВП, дорогого кредита и снижения строительства; затем — умеренная стабилизация",2025,Средняя зарплата крупной профессиональной группы Росстата за октябрь 2025,,,8.73,9.13,Для профессий со специальным зарплатным срезом используется медиана предложений «Работы России»; иначе зарплата наследуется от группы. Результат не является обещанием числа вакансий
2032,86,Юристы,Специалисты высшей квалификации,89292.04,6549.04,6.83,86292.29075362365,137422.66218635245,5.662650602409639,8.875,8.875,59.25253691400203,6.786972891566265,7596.886399999999,1.16,"умеренный рост за счёт здравоохранения, инженерных и других сложных функций",2025,Средняя зарплата крупной профессиональной группы Росстата за октябрь 2025,,,6.83,7.84,Для профессий со специальным зарплатным срезом используется медиана предложений «Работы России»; иначе зарплата наследуется от группы. Результат не является обещанием числа вакансий
2032,87,Офтальмологи-оптики и оптометристы (за исключением врачей-офтальмологов),Специалисты высшей квалификации,2362.83,172.48,6.8,86292.29075362365,137422.66218635245,5.626506024096385,8.875,8.875,59.25253691400203,6.76347891566265,200.07679999999996,1.16,"умеренный рост за счёт здравоохранения, инженерных и других сложных функций",2025,Средняя зарплата крупной профессиональной группы Росстата за октябрь 2025,,,6.78,7.81,Для профессий со специальным зарплатным срезом используется медиана предложений «Работы России»; иначе зарплата наследуется от группы. Результат не является обещанием числа вакансий
2032,88,Работники общественного здоровья,Специалисты средней квалификации,1517.35,150.77,9.04,69408.5576048949,110534.8888212116,7.397590361445783,5.5,5.5,59.25253691400201,6.733433734939759,174.8932,1.16,умеренный рост в соответствии с официальным приоритетом кадров СПО,2025,Средняя зарплата крупной профессиональной группы Росстата за октябрь 2025,,,9.01,10.33,Для профессий со специальным зарплатным срезом используется медиана предложений «Работы России»; иначе зарплата наследуется от группы. Результат не является обещанием числа вакансий
2032,89,"Грумеры и другие работники, ухаживающие за животными","Обслуживание, торговля и охрана",9386.94,1184.22,11.2,48161.539778495455,76698.47391410024,8.55421686746988,3.25,3.25,59.25253691400201,6.697740963855423,1243.431,1.05,почти стабильный спрос с небольшим ростом,2025,Средняя зарплата крупной профессиональной группы Росстата за октябрь 2025,,,11.19,11.7,Для профессий со специальным зарплатным срезом используется медиана предложений «Работы России»; иначе зарплата наследуется от группы. Результат не является обещанием числа вакансий
2032,90,"Специалисты по базам данных и сетям, не входящие в другие группы",Специалисты высшей квалификации,61617.89,4419.07,6.69,86292.29075362365,137422.66218635245,5.481927710843373,8.875,8.875,59.25253691400203,6.669503012048192,5126.1212,1.16,"умеренный рост за счёт здравоохранения, инженерных и других сложных функций",2025,Средняя зарплата крупной профессиональной группы Росстата за октябрь 2025,,,6.69,7.68,Для профессий со специальным зарплатным срезом используется медиана предложений «Работы России»; иначе зарплата наследуется от группы. Результат не является обещанием числа вакансий
2032,91,Мастера (бригадиры) в строительстве,Специалисты средней квалификации,73504.32,7091.57,8.8,69408.5576048949,110534.8888212116,7.289156626506024,5.5,5.5,59.25253691400201,6.662951807228915,8226.2212,1.16,умеренный рост в соответствии с официальным приоритетом кадров СПО,2025,Средняя зарплата крупной профессиональной группы Росстата за октябрь 2025,,,8.8,10.07,Для профессий со специальным зарплатным срезом используется медиана предложений «Работы России»; иначе зарплата наследуется от группы. Результат не является обещанием числа вакансий
2032,92,"Кузнецы, слесари-инструментальщики, станочники, наладчики и рабочие родственных занятий","Промышленность, строительство и транспорт",482638.86,45082.23,8.54,78166.90311606236,124482.7762394394,6.674698795180722,6.625,6.625,59.25253691400201,6.65730421686747,47336.3415,1.05,"в 2027–2029 годах применён циклический дисконт из-за слабого роста ВВП, дорогого кредита и снижения строительства; затем — умеренная стабилизация",2025,Средняя зарплата крупной профессиональной группы Росстата за октябрь 2025,,,8.54,8.93,Для профессий со специальным зарплатным срезом используется медиана предложений «Работы России»; иначе зарплата наследуется от группы. Результат не является обещанием числа вакансий
2032,93,Инженеры в промышленности и на производстве,Специалисты высшей квалификации,663382.99,47449.49,6.68,86292.29075362365,137422.66218635245,5.409638554216867,8.875,8.875,59.25253691400203,6.622515060240964,55041.40839999999,1.16,"умеренный рост за счёт здравоохранения, инженерных и других сложных функций",2025,Средняя зарплата крупной профессиональной группы Росстата за октябрь 2025,,,6.68,7.66,Для профессий со специальным зарплатным срезом используется медиана предложений «Работы России»; иначе зарплата наследуется от группы. Результат не является обещанием числа вакансий
2032,94,Инспекторы и другой средний медицинский персонал по охране труда и окружающей среды,Специалисты средней квалификации,6292.92,601.21,8.72,69408.5576048949,110534.8888212116,7.216867469879518,5.5,5.5,59.25253691400201,6.615963855421686,697.4036,1.16,умеренный рост в соответствии с официальным приоритетом кадров СПО,2025,Средняя зарплата крупной профессиональной группы Росстата за октябрь 2025,,,8.71,9.98,Для профессий со специальным зарплатным срезом используется медиана предложений «Работы России»; иначе зарплата наследуется от группы. Результат не является обещанием числа вакансий
2032,95,Агенты по таможенной очистке и сопровождению грузов и товаров,Специалисты средней квалификации,20509.57,1949.21,8.68,69408.5576048949,110534.8888212116,7.180722891566265,5.5,5.5,59.25253691400201,6.592469879518072,2261.0836,1.16,умеренный рост в соответствии с официальным приоритетом кадров СПО,2025,Средняя зарплата крупной профессиональной группы Росстата за октябрь 2025,,,8.68,9.93,Для профессий со специальным зарплатным срезом используется медиана предложений «Работы России»; иначе зарплата наследуется от группы. Результат не является обещанием числа вакансий
2032,96,Компаньоны и камердинеры,"Обслуживание, торговля и охрана",564.97,70.13,11.04,48161.539778495455,76698.47391410024,8.373493975903614,3.25,3.25,59.25253691400201,6.580271084337349,73.6365,1.05,почти стабильный спрос с небольшим ростом,2025,Средняя зарплата крупной профессиональной группы Росстата за октябрь 2025,,,10.93,11.53,Для профессий со специальным зарплатным срезом используется медиана предложений «Работы России»; иначе зарплата наследуется от группы. Результат не является обещанием числа вакансий
2032,97,Операторы технологических процессов производства металла,Специалисты средней квалификации,23370.2,2209.58,8.64,69408.5576048949,110534.8888212116,7.144578313253012,5.5,5.5,59.25253691400201,6.568975903614458,2563.1128,1.16,умеренный рост в соответствии с официальным приоритетом кадров СПО,2025,Средняя зарплата крупной профессиональной группы Росстата за октябрь 2025,,,8.64,9.88,Для профессий со специальным зарплатным срезом используется медиана предложений «Работы России»; иначе зарплата наследуется от группы. Результат не является обещанием числа вакансий
2032,98,"Другие квалифицированные рабочие, занятые в промышленности, и рабочие родственных занятий","Промышленность, строительство и транспорт",195256.7,18004.05,8.44,78166.90311606236,124482.7762394394,6.53012048192771,6.625,6.625,59.25253691400201,6.563328313253011,18904.2525,1.05,"в 2027–2029 годах применён циклический дисконт из-за слабого роста ВВП, дорогого кредита и снижения строительства; затем — умеренная стабилизация",2025,Средняя зарплата крупной профессиональной группы Росстата за октябрь 2025,,,8.44,8.83,Для профессий со специальным зарплатным срезом используется медиана предложений «Работы России»; иначе зарплата наследуется от группы. Результат не является обещанием числа вакансий
2032,99,Инженеры-механики,Специалисты высшей квалификации,170568.23,12026.98,6.59,86292.29075362365,137422.66218635245,5.265060240963855,8.875,8.875,59.25253691400203,6.528539156626507,13951.296799999998,1.16,"умеренный рост за счёт здравоохранения, инженерных и других сложных функций",2025,Средняя зарплата крупной профессиональной группы Росстата за октябрь 2025,,,6.59,7.56,Для профессий со специальным зарплатным срезом используется медиана предложений «Работы России»; иначе зарплата наследуется от группы. Результат не является обещанием числа вакансий
2032,100,Служащие контактных информационных центров,Офисные и учётные служащие,82707.99,11644.12,12.34,54045.78718009234,86069.28717943952,7.686746987951808,4.375,4.375,59.25253691400201,6.5276355421686745,9897.502,0.85,наиболее заметное снижение из-за цифровизации стандартных операций,2025,Средняя зарплата крупной профессиональной группы Росстата за октябрь 2025,,,12.34,10.69,Для профессий со специальным зарплатным срезом используется медиана предложений «Работы России»; иначе зарплата наследуется от группы. Результат не является обещанием числа вакансий
2032,101,Медицинские статистики,Специалисты средней квалификации,7281.56,682.07,8.56,69408.5576048949,110534.8888212116,7.072289156626505,5.5,5.5,59.25253691400201,6.52198795180723,791.2012,1.16,умеренный рост в соответствии с официальным приоритетом кадров СПО,2025,Средняя зарплата крупной профессиональной группы Росстата за октябрь 2025,,,8.55,9.8,Для профессий со специальным зарплатным срезом используется медиана предложений «Работы России»; иначе зарплата наследуется от группы. Результат не является обещанием числа вакансий
2032,102,Консультанты по финансовым вопросам и инвестициям,Специалисты высшей квалификации,20214.73,1399.45,6.47,86292.29075362365,137422.66218635245,5.0843373493975905,8.875,8.875,59.25253691400203,6.4110692771084326,1623.3619999999999,1.16,"умеренный рост за счёт здравоохранения, инженерных и других сложных функций",2025,Средняя зарплата крупной профессиональной группы Росстата за октябрь 2025,,,6.47,7.43,Для профессий со специальным зарплатным срезом используется медиана предложений «Работы России»; иначе зарплата наследуется от группы. Результат не является обещанием числа вакансий
2032,103,Монтажники и ремонтники электронного и телекоммуникационного оборудования,"Промышленность, строительство и транспорт",131055.42,11515.56,8.08,78166.90311606236,124482.7762394394,6.27710843373494,6.625,6.625,59.25253691400201,6.398870481927711,12091.338,1.05,"в 2027–2029 годах применён циклический дисконт из-за слабого роста ВВП, дорогого кредита и снижения строительства; затем — умеренная стабилизация",2025,Средняя зарплата крупной профессиональной группы Росстата за октябрь 2025,,,8.08,8.45,Для профессий со специальным зарплатным срезом используется медиана предложений «Работы России»; иначе зарплата наследуется от группы. Результат не является обещанием числа вакансий
2032,104,Фельдшеры-физиотерапевты и другие физиотерапевты среднего уровня квалификации,Специалисты средней квалификации,32344.73,2755.42,7.85,69408.5576048949,110534.8888212116,6.819277108433735,5.5,5.5,59.25253691400201,6.357530120481928,3196.2871999999998,1.16,умеренный рост в соответствии с официальным приоритетом кадров СПО,2025,Средняя зарплата крупной профессиональной группы Росстата за октябрь 2025,,,7.85,8.99,Для профессий со специальным зарплатным срезом используется медиана предложений «Работы России»; иначе зарплата наследуется от группы. Результат не является обещанием числа вакансий
2032,105,Парикмахеры,"Обслуживание, торговля и охрана",2502.1,296.01,10.58,48161.539778495455,76698.47391410024,7.9397590361445785,3.25,3.25,59.25253691400201,6.298343373493976,310.8105,1.05,почти стабильный спрос с небольшим ростом,2025,Средняя зарплата крупной профессиональной группы Росстата за октябрь 2025,,,10.56,11.05,Для профессий со специальным зарплатным срезом используется медиана предложений «Работы России»; иначе зарплата наследуется от группы. Результат не является обещанием числа вакансий
2032,106,"Писатели, поэты и другие литераторы",Специалисты высшей квалификации,6018.7,401.46,6.25,86292.29075362365,137422.66218635245,4.903614457831326,8.875,8.875,59.25253691400203,6.293599397590361,465.69359999999995,1.16,"умеренный рост за счёт здравоохранения, инженерных и других сложных функций",2025,Средняя зарплата крупной профессиональной группы Росстата за октябрь 2025,,,6.25,7.18,Для профессий со специальным зарплатным срезом используется медиана предложений «Работы России»; иначе зарплата наследуется от группы. Результат не является обещанием числа вакансий
2032,107,Химики,Специалисты высшей квалификации,29054.01,1926.76,6.22,86292.29075362365,137422.66218635245,4.831325301204819,8.875,8.875,59.25253691400203,6.246611445783133,2235.0416,1.16,"умеренный рост за счёт здравоохранения, инженерных и других сложных функций",2025,Средняя зарплата крупной профессиональной группы Росстата за октябрь 2025,,,6.22,7.14,Для профессий со специальным зарплатным срезом используется медиана предложений «Работы России»; иначе зарплата наследуется от группы. Результат не является обещанием числа вакансий
2032,108,Танцоры и хореографы,Специалисты высшей квалификации,14963.39,986.57,6.19,86292.29075362365,137422.66218635245,4.795180722891566,8.875,8.875,59.25253691400203,6.223117469879518,1144.4212,1.16,"умеренный рост за счёт здравоохранения, инженерных и других сложных функций",2025,Средняя зарплата крупной профессиональной группы Росстата за октябрь 2025,,,6.19,7.1,Для профессий со специальным зарплатным срезом используется медиана предложений «Работы России»; иначе зарплата наследуется от группы. Результат не является обещанием числа вакансий
2032,109,Техники по гражданскому строительству,Специалисты средней квалификации,16579.97,1386.65,7.72,69408.5576048949,110534.8888212116,6.602409638554216,5.5,5.5,59.25253691400201,6.216566265060241,1608.514,1.16,умеренный рост в соответствии с официальным приоритетом кадров СПО,2025,Средняя зарплата крупной профессиональной группы Росстата за октябрь 2025,,,7.72,8.84,Для профессий со специальным зарплатным срезом используется медиана предложений «Работы России»; иначе зарплата наследуется от группы. Результат не является обещанием числа вакансий
2032,110,Операторы горнодобывающих и горно-обогатительных установок,"Операторы машин, сборщики и водители",251088.15,18580.55,6.89,78339.15258467232,124757.08788802165,5.373493975903615,7.75,7.75,59.25253691400201,6.205271084337349,20810.216,1.12,умеренный рост: официальный кадровый прогноз указывает на высокий вес профессий со средним профессиональным образованием,2025,Средняя зарплата крупной профессиональной группы Росстата за октябрь 2025,,,6.89,7.65,Для профессий со специальным зарплатным срезом используется медиана предложений «Работы России»; иначе зарплата наследуется от группы. Результат не является обещанием числа вакансий
2032,111,Журналисты,Специалисты высшей квалификации,17668.77,1161.41,6.17,86292.29075362365,137422.66218635245,4.759036144578313,8.875,8.875,59.25253691400203,6.199623493975904,1347.2356,1.16,"умеренный рост за счёт здравоохранения, инженерных и других сложных функций",2025,Средняя зарплата крупной профессиональной группы Росстата за октябрь 2025,,,6.17,7.08,Для профессий со специальным зарплатным срезом используется медиана предложений «Работы России»; иначе зарплата наследуется от группы. Результат не является обещанием числа вакансий
2032,112,"Специалисты в области здравоохранения, не входящие в другие группы",Специалисты высшей квалификации,44234.42,2888.95,6.13,86292.29075362365,137422.66218635245,4.686746987951807,8.875,8.875,59.25253691400203,6.1526355421686745,3351.1819999999993,1.16,"умеренный рост за счёт здравоохранения, инженерных и других сложных функций",2025,Средняя зарплата крупной профессиональной группы Росстата за октябрь 2025,,,6.13,7.04,Для профессий со специальным зарплатным срезом используется медиана предложений «Работы России»; иначе зарплата наследуется от группы. Результат не является обещанием числа вакансий
2032,113,Судовые механики,Специалисты средней квалификации,16523.52,1375.0,7.68,69408.5576048949,110534.8888212116,6.493975903614459,5.5,5.5,59.25253691400201,6.146084337349397,1595.0,1.16,умеренный рост в соответствии с официальным приоритетом кадров СПО,2025,Средняя зарплата крупной профессиональной группы Росстата за октябрь 2025,,,7.68,8.8,Для профессий со специальным зарплатным срезом используется медиана предложений «Работы России»; иначе зарплата наследуется от группы. Результат не является обещанием числа вакансий
2032,114,Дизайнеры баз данных и администраторы,Специалисты высшей квалификации,9372.29,607.35,6.09,86292.29075362365,137422.66218635245,4.650602409638554,8.875,8.875,59.25253691400203,6.12914156626506,704.526,1.16,"умеренный рост за счёт здравоохранения, инженерных и других сложных функций",2025,Средняя зарплата крупной профессиональной группы Росстата за октябрь 2025,,,6.09,6.99,Для профессий со специальным зарплатным срезом используется медиана предложений «Работы России»; иначе зарплата наследуется от группы. Результат не является обещанием числа вакансий
2032,115,Техники-механики,Специалисты средней квалификации,65654.04,5426.26,7.63,69408.5576048949,110534.8888212116,6.457831325301205,5.5,5.5,59.25253691400201,6.122590361445783,6294.4616,1.16,умеренный рост в соответствии с официальным приоритетом кадров СПО,2025,Средняя зарплата крупной профессиональной группы Росстата за октябрь 2025,,,7.63,8.75,Для профессий со специальным зарплатным срезом используется медиана предложений «Работы России»; иначе зарплата наследуется от группы. Результат не является обещанием числа вакансий
2032,116,Техники в химическом производстве,Специалисты средней квалификации,9990.75,822.65,7.61,69408.5576048949,110534.8888212116,6.421686746987953,5.5,5.5,59.25253691400201,6.099096385542169,954.2739999999999,1.16,умеренный рост в соответствии с официальным приоритетом кадров СПО,2025,Средняя зарплата крупной профессиональной группы Росстата за октябрь 2025,,,7.61,8.72,Для профессий со специальным зарплатным срезом используется медиана предложений «Работы России»; иначе зарплата наследуется от группы. Результат не является обещанием числа вакансий
2032,117,Офис-менеджеры,Специалисты средней квалификации,49620.63,3962.22,7.39,69408.5576048949,110534.8888212116,6.349397590361446,5.5,5.5,59.25253691400201,6.05210843373494,4596.1752,1.16,умеренный рост в соответствии с официальным приоритетом кадров СПО,2025,Средняя зарплата крупной профессиональной группы Росстата за октябрь 2025,,,7.39,8.48,Для профессий со специальным зарплатным срезом используется медиана предложений «Работы России»; иначе зарплата наследуется от группы. Результат не является обещанием числа вакансий
2032,118,Другие операторы промышленных установок и машин,"Операторы машин, сборщики и водители",518084.43,37327.87,6.72,78339.15258467232,124757.08788802165,5.120481927710843,7.75,7.75,59.25253691400201,6.040813253012048,41807.214400000004,1.12,умеренный рост: официальный кадровый прогноз указывает на высокий вес профессий со средним профессиональным образованием,2025,Средняя зарплата крупной профессиональной группы Росстата за октябрь 2025,,,6.72,7.47,Для профессий со специальным зарплатным срезом используется медиана предложений «Работы России»; иначе зарплата наследуется от группы. Результат не является обещанием числа вакансий
2032,119,Охранники,"Обслуживание, торговля и охрана",427713.79,47284.6,9.95,48161.539778495455,76698.47391410024,7.542168674698796,3.25,3.25,59.25253691400201,6.039909638554217,49648.83,1.05,почти стабильный спрос с небольшим ростом,2025,Средняя зарплата крупной профессиональной группы Росстата за октябрь 2025,,,9.95,10.4,Для профессий со специальным зарплатным срезом используется медиана предложений «Работы России»; иначе зарплата наследуется от группы. Результат не является обещанием числа вакансий
2032,120,"Специалисты в области техники, не входящие в другие группы",Специалисты высшей квалификации,380015.01,24315.45,6.01,86292.29075362365,137422.66218635245,4.506024096385542,8.875,8.875,59.25253691400203,6.035165662650602,28205.922,1.16,"умеренный рост за счёт здравоохранения, инженерных и других сложных функций",2025,Средняя зарплата крупной профессиональной группы Росстата за октябрь 2025,,,6.01,6.91,Для профессий со специальным зарплатным срезом используется медиана предложений «Работы России»; иначе зарплата наследуется от группы. Результат не является обещанием числа вакансий
2032,121,Разработчики программного обеспечения,Специалисты высшей квалификации,119598.92,7641.17,6.01,86292.29075362365,137422.66218635245,4.433734939759036,8.875,8.875,59.25253691400203,5.988177710843374,8863.7572,1.16,"умеренный рост за счёт здравоохранения, инженерных и других сложных функций",2025,Средняя зарплата крупной профессиональной группы Росстата за октябрь 2025,,,6.01,6.9,Для профессий со специальным зарплатным срезом используется медиана предложений «Работы России»; иначе зарплата наследуется от группы. Результат не является обещанием числа вакансий
2032,122,Финансовые аналитики,Специалисты высшей квалификации,46629.53,2950.36,5.95,86292.29075362365,137422.66218635245,4.397590361445783,8.875,8.875,59.25253691400203,5.964683734939758,3422.4175999999998,1.16,"умеренный рост за счёт здравоохранения, инженерных и других сложных функций",2025,Средняя зарплата крупной профессиональной группы Росстата за октябрь 2025,,,5.95,6.84,Для профессий со специальным зарплатным срезом используется медиана предложений «Работы России»; иначе зарплата наследуется от группы. Результат не является обещанием числа вакансий
2032,123,Организаторы конференций и других мероприятий,Специалисты средней квалификации,4680.34,369.34,7.31,69408.5576048949,110534.8888212116,6.132530120481928,5.5,5.5,59.25253691400201,5.9111445783132535,428.4343999999999,1.16,умеренный рост в соответствии с официальным приоритетом кадров СПО,2025,Средняя зарплата крупной профессиональной группы Росстата за октябрь 2025,,,7.31,8.39,Для профессий со специальным зарплатным срезом используется медиана предложений «Работы России»; иначе зарплата наследуется от группы. Результат не является обещанием числа вакансий
2032,124,Средний специальный персонал в сельском хозяйстве,Специалисты средней квалификации,26879.65,2111.35,7.28,69408.5576048949,110534.8888212116,6.096385542168675,5.5,5.5,59.25253691400201,5.8876506024096384,2449.1659999999997,1.16,умеренный рост в соответствии с официальным приоритетом кадров СПО,2025,Средняя зарплата крупной профессиональной группы Росстата за октябрь 2025,,,7.28,8.35,Для профессий со специальным зарплатным срезом используется медиана предложений «Работы России»; иначе зарплата наследуется от группы. Результат не является обещанием числа вакансий
2032,125,Математики (включая актуариев),Специалисты высшей квалификации,8087.13,504.22,5.87,86292.29075362365,137422.66218635245,4.253012048192771,8.875,8.875,59.25253691400203,5.8707078313253005,584.8952,1.16,"умеренный рост за счёт здравоохранения, инженерных и других сложных функций",2025,Средняя зарплата крупной профессиональной группы Росстата за октябрь 2025,,,5.87,6.74,Для профессий со специальным зарплатным срезом используется медиана предложений «Работы России»; иначе зарплата наследуется от группы. Результат не является обещанием числа вакансий
2032,126,Специалисты по связям с общественностью,Специалисты высшей квалификации,35434.79,2202.36,5.85,86292.29075362365,137422.66218635245,4.216867469879518,8.875,8.875,59.25253691400203,5.847213855421686,2554.7376,1.16,"умеренный рост за счёт здравоохранения, инженерных и других сложных функций",2025,Средняя зарплата крупной профессиональной группы Росстата за октябрь 2025,,,5.85,6.72,Для профессий со специальным зарплатным срезом используется медиана предложений «Работы России»; иначе зарплата наследуется от группы. Результат не является обещанием числа вакансий
2032,127,"Музыканты, певцы и композиторы",Специалисты высшей квалификации,56876.67,3504.92,5.8,86292.29075362365,137422.66218635245,4.144578313253012,8.875,8.875,59.25253691400203,5.800225903614457,4065.7072,1.16,"умеренный рост за счёт здравоохранения, инженерных и других сложных функций",2025,Средняя зарплата крупной профессиональной группы Росстата за октябрь 2025,,,5.8,6.67,Для профессий со специальным зарплатным срезом используется медиана предложений «Работы России»; иначе зарплата наследуется от группы. Результат не является обещанием числа вакансий
2032,128,"Социологи, антропологи и специалисты родственных занятий",Специалисты высшей квалификации,2458.39,151.21,5.79,86292.29075362365,137422.66218635245,4.108433734939759,8.875,8.875,59.25253691400203,5.776731927710843,175.40359999999998,1.16,"умеренный рост за счёт здравоохранения, инженерных и других сложных функций",2025,Средняя зарплата крупной профессиональной группы Росстата за октябрь 2025,,,5.79,6.66,Для профессий со специальным зарплатным срезом используется медиана предложений «Работы России»; иначе зарплата наследуется от группы. Результат не является обещанием числа вакансий
2032,129,Техники в области химических и физических наук,Специалисты средней квалификации,18387.61,1404.67,7.1,69408.5576048949,110534.8888212116,5.9156626506024095,5.5,5.5,59.25253691400201,5.770180722891566,1629.4171999999999,1.16,умеренный рост в соответствии с официальным приоритетом кадров СПО,2025,Средняя зарплата крупной профессиональной группы Росстата за октябрь 2025,,,7.1,8.14,Для профессий со специальным зарплатным срезом используется медиана предложений «Работы России»; иначе зарплата наследуется от группы. Результат не является обещанием числа вакансий
2032,130,Экономисты,Специалисты высшей квалификации,174232.19,10697.72,5.78,86292.29075362365,137422.66218635245,4.072289156626506,8.875,8.875,59.25253691400203,5.753237951807229,12409.355199999998,1.16,"умеренный рост за счёт здравоохранения, инженерных и других сложных функций",2025,Средняя зарплата крупной профессиональной группы Росстата за октябрь 2025,,,5.78,6.65,Для профессий со специальным зарплатным срезом используется медиана предложений «Работы России»; иначе зарплата наследуется от группы. Результат не является обещанием числа вакансий
2032,131,Чертежники,Специалисты средней квалификации,2703.3,204.8,7.04,69408.5576048949,110534.8888212116,5.843373493975903,5.5,5.5,59.25253691400201,5.723192771084337,237.56799999999998,1.16,умеренный рост в соответствии с официальным приоритетом кадров СПО,2025,Средняя зарплата крупной профессиональной группы Росстата за октябрь 2025,,,7.04,8.08,Для профессий со специальным зарплатным срезом используется медиана предложений «Работы России»; иначе зарплата наследуется от группы. Результат не является обещанием числа вакансий
2032,132,"Операторы мусоросжигательных печей, очистных сооружений и аналогичного оборудования",Специалисты средней квалификации,42795.38,3241.13,7.04,69408.5576048949,110534.8888212116,5.80722891566265,5.5,5.5,59.25253691400201,5.699698795180723,3759.7108,1.16,умеренный рост в соответствии с официальным приоритетом кадров СПО,2025,Средняя зарплата крупной профессиональной группы Росстата за октябрь 2025,,,7.04,8.08,Для профессий со специальным зарплатным срезом используется медиана предложений «Работы России»; иначе зарплата наследуется от группы. Результат не является обещанием числа вакансий
2032,133,"Служащие по информированию клиентов, не входящие в другие группы",Офисные и учётные служащие,33530.81,3761.76,10.09,54045.78718009234,86069.28717943952,6.385542168674699,4.375,4.375,59.25253691400201,5.681852409638554,3197.496,0.85,наиболее заметное снижение из-за цифровизации стандартных операций,2025,Средняя зарплата крупной профессиональной группы Росстата за октябрь 2025,,,10.09,8.71,Для профессий со специальным зарплатным срезом используется медиана предложений «Работы России»; иначе зарплата наследуется от группы. Результат не является обещанием числа вакансий
2032,134,Закупщики,Специалисты средней квалификации,104123.01,7674.83,6.86,69408.5576048949,110534.8888212116,5.734939759036145,5.5,5.5,59.25253691400201,5.6527108433734945,8902.8028,1.16,умеренный рост в соответствии с официальным приоритетом кадров СПО,2025,Средняя зарплата крупной профессиональной группы Росстата за октябрь 2025,,,6.86,7.88,Для профессий со специальным зарплатным срезом используется медиана предложений «Работы России»; иначе зарплата наследуется от группы. Результат не является обещанием числа вакансий
2032,135,Смотрители зданий и персонал родственных занятий,"Обслуживание, торговля и охрана",40431.97,4031.33,9.07,48161.539778495455,76698.47391410024,6.927710843373494,3.25,3.25,59.25253691400201,5.640512048192771,4232.8965,1.05,почти стабильный спрос с небольшим ростом,2025,Средняя зарплата крупной профессиональной группы Росстата за октябрь 2025,,,9.07,9.48,Для профессий со специальным зарплатным срезом используется медиана предложений «Работы России»; иначе зарплата наследуется от группы. Результат не является обещанием числа вакансий
2032,136,"Философы, историки и политологи",Специалисты высшей квалификации,5299.96,314.31,5.6,86292.29075362365,137422.66218635245,3.855421686746988,8.875,8.875,59.25253691400203,5.6122740963855415,364.59959999999995,1.16,"умеренный рост за счёт здравоохранения, инженерных и других сложных функций",2025,Средняя зарплата крупной профессиональной группы Росстата за октябрь 2025,,,5.6,6.44,Для профессий со специальным зарплатным срезом используется медиана предложений «Работы России»; иначе зарплата наследуется от группы. Результат не является обещанием числа вакансий
2032,137,"Режиссеры кино, театра и родственные им деятели искусства и продюсеры",Специалисты высшей квалификации,25812.35,1520.73,5.56,86292.29075362365,137422.66218635245,3.819277108433735,8.875,8.875,59.25253691400203,5.588780120481927,1764.0467999999998,1.16,"умеренный рост за счёт здравоохранения, инженерных и других сложных функций",2025,Средняя зарплата крупной профессиональной группы Росстата за октябрь 2025,,,5.56,6.4,Для профессий со специальным зарплатным срезом используется медиана предложений «Работы России»; иначе зарплата наследуется от группы. Результат не является обещанием числа вакансий
2032,138,Специалисты по методике обучения,Специалисты высшей квалификации,48482.91,2853.61,5.56,86292.29075362365,137422.66218635245,3.783132530120482,8.875,8.875,59.25253691400203,5.565286144578313,3310.1875999999997,1.16,"умеренный рост за счёт здравоохранения, инженерных и других сложных функций",2025,Средняя зарплата крупной профессиональной группы Росстата за октябрь 2025,,,5.56,6.39,Для профессий со специальным зарплатным срезом используется медиана предложений «Работы России»; иначе зарплата наследуется от группы. Результат не является обещанием числа вакансий
2032,139,Художники-декораторы и оформители,Специалисты средней квалификации,4802.9,350.31,6.8,69408.5576048949,110534.8888212116,5.590361445783133,5.5,5.5,59.25253691400201,5.558734939759037,406.3596,1.16,умеренный рост в соответствии с официальным приоритетом кадров СПО,2025,Средняя зарплата крупной профессиональной группы Росстата за октябрь 2025,,,6.8,7.8,Для профессий со специальным зарплатным срезом используется медиана предложений «Работы России»; иначе зарплата наследуется от группы. Результат не является обещанием числа вакансий
2032,140,Специалисты-техники по поддержке пользователей ИКТ,Специалисты средней квалификации,35578.76,2580.92,6.76,69408.5576048949,110534.8888212116,5.554216867469879,5.5,5.5,59.25253691400201,5.535240963855421,2993.8671999999997,1.16,умеренный рост в соответствии с официальным приоритетом кадров СПО,2025,Средняя зарплата крупной профессиональной группы Росстата за октябрь 2025,,,6.76,7.76,Для профессий со специальным зарплатным срезом используется медиана предложений «Работы России»; иначе зарплата наследуется от группы. Результат не является обещанием числа вакансий
2032,141,"Дикторы радио, телевидения и других средств массовой информации",Специалисты высшей квалификации,2462.76,142.87,5.48,86292.29075362365,137422.66218635245,3.7108433734939763,8.875,8.875,59.25253691400203,5.518298192771084,165.7292,1.16,"умеренный рост за счёт здравоохранения, инженерных и других сложных функций",2025,Средняя зарплата крупной профессиональной группы Росстата за октябрь 2025,,,5.49,6.31,Для профессий со специальным зарплатным срезом используется медиана предложений «Работы России»; иначе зарплата наследуется от группы. Результат не является обещанием числа вакансий
2032,142,"Проводники железнодорожного вагона, бортпроводники, стюарды","Обслуживание, торговля и охрана",51218.21,4790.99,8.55,48161.539778495455,76698.47391410024,6.710843373493976,3.25,3.25,59.25253691400201,5.499548192771084,5030.5395,1.05,почти стабильный спрос с небольшим ростом,2025,Средняя зарплата крупной профессиональной группы Росстата за октябрь 2025,,,8.55,8.94,Для профессий со специальным зарплатным срезом используется медиана предложений «Работы России»; иначе зарплата наследуется от группы. Результат не является обещанием числа вакансий
2032,143,Программисты приложений,Специалисты высшей квалификации,30240.38,1746.33,5.46,86292.29075362365,137422.66218635245,3.674698795180723,8.875,8.875,59.25253691400203,5.49480421686747,2025.7427999999998,1.16,"умеренный рост за счёт здравоохранения, инженерных и других сложных функций",2025,Средняя зарплата крупной профессиональной группы Росстата за октябрь 2025,,,5.46,6.28,Для профессий со специальным зарплатным срезом используется медиана предложений «Работы России»; иначе зарплата наследуется от группы. Результат не является обещанием числа вакансий
2032,144,"Деятели искусств, не входящие в другие группы",Специалисты высшей квалификации,29195.23,1682.62,5.45,86292.29075362365,137422.66218635245,3.602409638554217,8.875,8.875,59.25253691400203,5.44781626506024,1951.8391999999997,1.16,"умеренный рост за счёт здравоохранения, инженерных и других сложных функций",2025,Средняя зарплата крупной профессиональной группы Росстата за октябрь 2025,,,5.45,6.27,Для профессий со специальным зарплатным срезом используется медиана предложений «Работы России»; иначе зарплата наследуется от группы. Результат не является обещанием числа вакансий
2032,145,Дизайнеры товаров и одежды,Специалисты высшей квалификации,5238.64,301.48,5.44,86292.29075362365,137422.66218635245,3.566265060240964,8.875,8.875,59.25253691400203,5.424322289156626,349.7168,1.16,"умеренный рост за счёт здравоохранения, инженерных и других сложных функций",2025,Средняя зарплата крупной профессиональной группы Росстата за октябрь 2025,,,5.45,6.26,Для профессий со специальным зарплатным срезом используется медиана предложений «Работы России»; иначе зарплата наследуется от группы. Результат не является обещанием числа вакансий
2032,146,Капитаны судов и лоцманы,Специалисты средней квалификации,17941.21,1279.7,6.66,69408.5576048949,110534.8888212116,5.337349397590361,5.5,5.5,59.25253691400201,5.394277108433735,1484.452,1.16,умеренный рост в соответствии с официальным приоритетом кадров СПО,2025,Средняя зарплата крупной профессиональной группы Росстата за октябрь 2025,,,6.66,7.64,Для профессий со специальным зарплатным срезом используется медиана предложений «Работы России»; иначе зарплата наследуется от группы. Результат не является обещанием числа вакансий
2032,147,Специалисты-техники по радио- и телевещанию,Специалисты средней квалификации,11434.5,814.31,6.65,69408.5576048949,110534.8888212116,5.301204819277109,5.5,5.5,59.25253691400201,5.3707831325301205,944.5995999999999,1.16,умеренный рост в соответствии с официальным приоритетом кадров СПО,2025,Средняя зарплата крупной профессиональной группы Росстата за октябрь 2025,,,6.65,7.63,Для профессий со специальным зарплатным срезом используется медиана предложений «Работы России»; иначе зарплата наследуется от группы. Результат не является обещанием числа вакансий
2032,148,"Техники (операторы) по управлению технологическими процессами, не входящие в другие группы",Специалисты средней квалификации,68817.68,4842.79,6.57,69408.5576048949,110534.8888212116,5.228915662650603,5.5,5.5,59.25253691400201,5.323795180722892,5617.636399999999,1.16,умеренный рост в соответствии с официальным приоритетом кадров СПО,2025,Средняя зарплата крупной профессиональной группы Росстата за октябрь 2025,,,6.57,7.55,Для профессий со специальным зарплатным срезом используется медиана предложений «Работы России»; иначе зарплата наследуется от группы. Результат не является обещанием числа вакансий
2032,149,"Специалисты в области образования, не входящие в другие группы",Специалисты высшей квалификации,158973.76,8953.69,5.33,86292.29075362365,137422.66218635245,3.385542168674699,8.875,8.875,59.25253691400203,5.306852409638554,10386.2804,1.16,"умеренный рост за счёт здравоохранения, инженерных и других сложных функций",2025,Средняя зарплата крупной профессиональной группы Росстата за октябрь 2025,,,5.33,6.13,Для профессий со специальным зарплатным срезом используется медиана предложений «Работы России»; иначе зарплата наследуется от группы. Результат не является обещанием числа вакансий
2032,150,Товарные производители продукции животноводства,Сельское и лесное хозяйство,83376.21,8630.66,9.38,47973.921731658804,76399.68741480437,7.0,2.125,2.125,59.25253691400201,5.29375,8803.2732,1.02,почти неизменный спрос: малая численность не превращается автоматически в быстрый рост всей отрасли,2025,Средняя зарплата крупной профессиональной группы Росстата за октябрь 2025,,,9.38,9.55,Для профессий со специальным зарплатным срезом используется медиана предложений «Работы России»; иначе зарплата наследуется от группы. Результат не является обещанием числа вакансий
2032,151,Агенты по коммерческим продажам,Специалисты средней квалификации,55827.87,3915.01,6.55,69408.5576048949,110534.8888212116,5.156626506024097,5.5,5.5,59.25253691400201,5.276807228915663,4541.4116,1.16,умеренный рост в соответствии с официальным приоритетом кадров СПО,2025,Средняя зарплата крупной профессиональной группы Росстата за октябрь 2025,,,6.55,7.52,Для профессий со специальным зарплатным срезом используется медиана предложений «Работы России»; иначе зарплата наследуется от группы. Результат не является обещанием числа вакансий
2032,152,Повара,"Обслуживание, торговля и охрана",208162.59,18296.69,8.08,48161.539778495455,76698.47391410024,6.313253012048193,3.25,3.25,59.25253691400201,5.241114457831325,19211.5245,1.05,почти стабильный спрос с небольшим ростом,2025,Средняя зарплата крупной профессиональной группы Росстата за октябрь 2025,,,8.08,8.45,Для профессий со специальным зарплатным срезом используется медиана предложений «Работы России»; иначе зарплата наследуется от группы. Результат не является обещанием числа вакансий
2032,153,Средний медицинский персонал по уходу,Специалисты средней квалификации,554518.73,37615.55,6.35,69408.5576048949,110534.8888212116,5.0120481927710845,5.5,5.5,59.25253691400201,5.182831325301205,43634.038,1.16,умеренный рост в соответствии с официальным приоритетом кадров СПО,2025,Средняя зарплата крупной профессиональной группы Росстата за октябрь 2025,,,6.35,7.29,Для профессий со специальным зарплатным срезом используется медиана предложений «Работы России»; иначе зарплата наследуется от группы. Результат не является обещанием числа вакансий
2032,154,Спортсмены (спортсмены высокого класса),Специалисты средней квалификации,23353.66,1581.06,6.34,69408.5576048949,110534.8888212116,4.975903614457831,5.5,5.5,59.25253691400201,5.159337349397591,1834.0295999999998,1.16,умеренный рост в соответствии с официальным приоритетом кадров СПО,2025,Средняя зарплата крупной профессиональной группы Росстата за октябрь 2025,,,6.34,7.28,Для профессий со специальным зарплатным срезом используется медиана предложений «Работы России»; иначе зарплата наследуется от группы. Результат не является обещанием числа вакансий
2032,155,Инструкторы по вождению,"Обслуживание, торговля и охрана",3727.77,325.0,8.02,48161.539778495455,76698.47391410024,6.168674698795181,3.25,3.25,59.25253691400201,5.147138554216867,341.25,1.05,почти стабильный спрос с небольшим ростом,2025,Средняя зарплата крупной профессиональной группы Росстата за октябрь 2025,,,8.02,8.39,Для профессий со специальным зарплатным срезом используется медиана предложений «Работы России»; иначе зарплата наследуется от группы. Результат не является обещанием числа вакансий
2032,156,Стоматологи,Специалисты высшей квалификации,42810.06,2350.24,5.2,86292.29075362365,137422.66218635245,3.1325301204819276,8.875,8.875,59.25253691400203,5.142394578313253,2726.2783999999997,1.16,"умеренный рост за счёт здравоохранения, инженерных и других сложных функций",2025,Средняя зарплата крупной профессиональной группы Росстата за октябрь 2025,,,5.2,5.99,Для профессий со специальным зарплатным срезом используется медиана предложений «Работы России»; иначе зарплата наследуется от группы. Результат не является обещанием числа вакансий
2032,157,Помощники бухгалтеров,Специалисты средней квалификации,12017.62,812.74,6.33,69408.5576048949,110534.8888212116,4.9397590361445785,5.5,5.5,59.25253691400201,5.135843373493976,942.7783999999999,1.16,умеренный рост в соответствии с официальным приоритетом кадров СПО,2025,Средняя зарплата крупной профессиональной группы Росстата за октябрь 2025,,,6.33,7.27,Для профессий со специальным зарплатным срезом используется медиана предложений «Работы России»; иначе зарплата наследуется от группы. Результат не является обещанием числа вакансий
2032,158,Специалисты в области политики администрирования,Специалисты высшей квалификации,52882.03,2902.21,5.2,86292.29075362365,137422.66218635245,3.096385542168675,8.875,8.875,59.25253691400203,5.118900602409639,3366.5636,1.16,"умеренный рост за счёт здравоохранения, инженерных и других сложных функций",2025,Средняя зарплата крупной профессиональной группы Росстата за октябрь 2025,,,5.2,5.99,Для профессий со специальным зарплатным срезом используется медиана предложений «Работы России»; иначе зарплата наследуется от группы. Результат не является обещанием числа вакансий
2032,159,Служащие по проведению социологических опросов и изучению конъюнктуры рынка,Офисные и учётные служащие,709.23,69.88,8.97,54045.78718009234,86069.28717943952,5.518072289156627,4.375,4.375,59.25253691400201,5.117996987951807,59.397999999999996,0.85,наиболее заметное снижение из-за цифровизации стандартных операций,2025,Средняя зарплата крупной профессиональной группы Росстата за октябрь 2025,,,8.9,7.73,Для профессий со специальным зарплатным срезом используется медиана предложений «Работы России»; иначе зарплата наследуется от группы. Результат не является обещанием числа вакансий
2032,160,Административный и иной исполнительный среднетехнический персонал,Специалисты средней квалификации,214133.0,14217.57,6.23,69408.5576048949,110534.8888212116,4.867469879518072,5.5,5.5,59.25253691400201,5.0888554216867465,16492.3812,1.16,умеренный рост в соответствии с официальным приоритетом кадров СПО,2025,Средняя зарплата крупной профессиональной группы Росстата за октябрь 2025,,,6.23,7.15,Для профессий со специальным зарплатным срезом используется медиана предложений «Работы России»; иначе зарплата наследуется от группы. Результат не является обещанием числа вакансий
2032,161,Специалисты в области подбора и использования персонала,Специалисты высшей квалификации,122563.84,6493.79,5.03,86292.29075362365,137422.66218635245,3.0240963855421685,8.875,8.875,59.25253691400203,5.0719126506024095,7532.796399999999,1.16,"умеренный рост за счёт здравоохранения, инженерных и других сложных функций",2025,Средняя зарплата крупной профессиональной группы Росстата за октябрь 2025,,,5.03,5.79,Для профессий со специальным зарплатным срезом используется медиана предложений «Работы России»; иначе зарплата наследуется от группы. Результат не является обещанием числа вакансий
2032,162,"Работники служб, осуществляющих охрану граждан и собственности, не входящие в другие группы","Обслуживание, торговля и охрана",202517.11,17305.24,7.87,48161.539778495455,76698.47391410024,6.024096385542168,3.25,3.25,59.25253691400201,5.05316265060241,18170.502000000004,1.05,почти стабильный спрос с небольшим ростом,2025,Средняя зарплата крупной профессиональной группы Росстата за октябрь 2025,,,7.87,8.23,Для профессий со специальным зарплатным срезом используется медиана предложений «Работы России»; иначе зарплата наследуется от группы. Результат не является обещанием числа вакансий
2032,163,Специалисты по компьютерным сетям,Специалисты высшей квалификации,28202.95,1487.08,5.01,86292.29075362365,137422.66218635245,2.9879518072289155,8.875,8.875,59.25253691400203,5.048418674698795,1725.0127999999997,1.16,"умеренный рост за счёт здравоохранения, инженерных и других сложных функций",2025,Средняя зарплата крупной профессиональной группы Росстата за октябрь 2025,,,5.01,5.76,Для профессий со специальным зарплатным срезом используется медиана предложений «Работы России»; иначе зарплата наследуется от группы. Результат не является обещанием числа вакансий
2032,164,"Разработчики и аналитики программного обеспечения и приложений, не входящие в другие группы",Специалисты высшей квалификации,59266.1,3104.53,4.98,86292.29075362365,137422.66218635245,2.9156626506024095,8.875,8.875,59.25253691400203,5.001430722891566,3601.2548,1.16,"умеренный рост за счёт здравоохранения, инженерных и других сложных функций",2025,Средняя зарплата крупной профессиональной группы Росстата за октябрь 2025,,,4.98,5.73,Для профессий со специальным зарплатным срезом используется медиана предложений «Работы России»; иначе зарплата наследуется от группы. Результат не является обещанием числа вакансий
2032,165,Специалисты библиотек,Специалисты высшей квалификации,86836.09,4525.65,4.95,86292.29075362365,137422.66218635245,2.8795180722891565,8.875,8.875,59.25253691400203,4.977936746987951,5249.753999999999,1.16,"умеренный рост за счёт здравоохранения, инженерных и других сложных функций",2025,Средняя зарплата крупной профессиональной группы Росстата за октябрь 2025,,,4.95,5.7,Для профессий со специальным зарплатным срезом используется медиана предложений «Работы России»; иначе зарплата наследуется от группы. Результат не является обещанием числа вакансий
2032,166,Бухгалтеры,Специалисты высшей квалификации,411977.43,21218.76,4.9,86292.29075362365,137422.66218635245,2.8433734939759034,8.875,8.875,59.25253691400203,4.954442771084337,24613.761599999998,1.16,"умеренный рост за счёт здравоохранения, инженерных и других сложных функций",2025,Средняя зарплата крупной профессиональной группы Росстата за октябрь 2025,,,4.9,5.64,Для профессий со специальным зарплатным срезом используется медиана предложений «Работы России»; иначе зарплата наследуется от группы. Результат не является обещанием числа вакансий
2032,167,Специалисты по сбыту информационно-коммуникационных технологий (ИКТ),Специалисты высшей квалификации,46145.96,2362.25,4.87,86292.29075362365,137422.66218635245,2.807228915662651,8.875,8.875,59.25253691400203,4.930948795180723,2740.21,1.16,"умеренный рост за счёт здравоохранения, инженерных и других сложных функций",2025,Средняя зарплата крупной профессиональной группы Росстата за октябрь 2025,,,4.87,5.61,Для профессий со специальным зарплатным срезом используется медиана предложений «Работы России»; иначе зарплата наследуется от группы. Результат не является обещанием числа вакансий
2032,168,"Средний персонал культуры и кулинарного искусства, не входящий в другие группы",Специалисты средней квалификации,27849.53,1796.32,6.06,69408.5576048949,110534.8888212116,4.578313253012048,5.5,5.5,59.25253691400201,4.900903614457832,2083.7311999999997,1.16,умеренный рост в соответствии с официальным приоритетом кадров СПО,2025,Средняя зарплата крупной профессиональной группы Росстата за октябрь 2025,,,6.06,6.96,Для профессий со специальным зарплатным срезом используется медиана предложений «Работы России»; иначе зарплата наследуется от группы. Результат не является обещанием числа вакансий
2032,169,Пожарные,"Обслуживание, торговля и охрана",20973.6,1726.33,7.61,48161.539778495455,76698.47391410024,5.771084337349398,3.25,3.25,59.25253691400201,4.888704819277109,1812.6465,1.05,почти стабильный спрос с небольшим ростом,2025,Средняя зарплата крупной профессиональной группы Росстата за октябрь 2025,,,7.61,7.96,Для профессий со специальным зарплатным срезом используется медиана предложений «Работы России»; иначе зарплата наследуется от группы. Результат не является обещанием числа вакансий
2032,170,Специалисты-техники по телекоммуникационному оборудованию,Специалисты средней квалификации,11498.66,738.4,6.03,69408.5576048949,110534.8888212116,4.542168674698795,5.5,5.5,59.25253691400201,4.877409638554217,856.5439999999999,1.16,умеренный рост в соответствии с официальным приоритетом кадров СПО,2025,Средняя зарплата крупной профессиональной группы Росстата за октябрь 2025,,,6.03,6.93,Для профессий со специальным зарплатным срезом используется медиана предложений «Работы России»; иначе зарплата наследуется от группы. Результат не является обещанием числа вакансий
2032,171,Специалисты архивов и музеев,Специалисты высшей квалификации,29493.94,1492.58,4.82,86292.29075362365,137422.66218635245,2.6987951807228914,8.875,8.875,59.25253691400203,4.86046686746988,1731.3927999999999,1.16,"умеренный рост за счёт здравоохранения, инженерных и других сложных функций",2025,Средняя зарплата крупной профессиональной группы Росстата за октябрь 2025,,,4.82,5.54,Для профессий со специальным зарплатным срезом используется медиана предложений «Работы России»; иначе зарплата наследуется от группы. Результат не является обещанием числа вакансий
2032,172,"Средний юридический персонал в судебной, адвокатской и нотариальной деятельности",Специалисты средней квалификации,2243.42,143.48,6.01,69408.5576048949,110534.8888212116,4.46987951807229,5.5,5.5,59.25253691400201,4.830421686746988,166.43679999999998,1.16,умеренный рост в соответствии с официальным приоритетом кадров СПО,2025,Средняя зарплата крупной профессиональной группы Росстата за октябрь 2025,,,6.02,6.91,Для профессий со специальным зарплатным срезом используется медиана предложений «Работы России»; иначе зарплата наследуется от группы. Результат не является обещанием числа вакансий
2032,173,Тренеры и инструкторы-методисты по физкультуре и спорту,Специалисты высшей квалификации,95782.77,4808.93,4.78,86292.29075362365,137422.66218635245,2.6265060240963853,8.875,8.875,59.25253691400203,4.8134789156626505,5578.3588,1.16,"умеренный рост за счёт здравоохранения, инженерных и других сложных функций",2025,Средняя зарплата крупной профессиональной группы Росстата за октябрь 2025,,,4.78,5.5,Для профессий со специальным зарплатным срезом используется медиана предложений «Работы России»; иначе зарплата наследуется от группы. Результат не является обещанием числа вакансий
2032,174,Служащие коллекторских фирм и работники родственных занятий по сбору задолженностей и платежей,Офисные и учётные служащие,2099.78,197.43,8.59,54045.78718009234,86069.28717943952,5.048192771084337,4.375,4.375,59.25253691400201,4.812575301204819,167.81550000000001,0.85,наиболее заметное снижение из-за цифровизации стандартных операций,2025,Средняя зарплата крупной профессиональной группы Росстата за октябрь 2025,,,8.57,7.4,Для профессий со специальным зарплатным срезом используется медиана предложений «Работы России»; иначе зарплата наследуется от группы. Результат не является обещанием числа вакансий
2032,175,Товарные производители смешанной растениеводческой и животноводческой продукции,Сельское и лесное хозяйство,13757.86,1235.84,8.24,47973.921731658804,76399.68741480437,6.204819277108434,2.125,2.125,59.25253691400201,4.776882530120482,1260.5567999999998,1.02,почти неизменный спрос: малая численность не превращается автоматически в быстрый рост всей отрасли,2025,Средняя зарплата крупной профессиональной группы Росстата за октябрь 2025,,,8.25,8.39,Для профессий со специальным зарплатным срезом используется медиана предложений «Работы России»; иначе зарплата наследуется от группы. Результат не является обещанием числа вакансий
2032,176,Аналитики систем управления и организации,Специалисты высшей квалификации,67372.84,3349.41,4.74,86292.29075362365,137422.66218635245,2.5542168674698793,8.875,8.875,59.25253691400203,4.766490963855421,3885.3155999999994,1.16,"умеренный рост за счёт здравоохранения, инженерных и других сложных функций",2025,Средняя зарплата крупной профессиональной группы Росстата за октябрь 2025,,,4.74,5.45,Для профессий со специальным зарплатным срезом используется медиана предложений «Работы России»; иначе зарплата наследуется от группы. Результат не является обещанием числа вакансий
2032,177,Техники по обслуживанию медицинского оборудования,Специалисты средней квалификации,19027.22,1199.3,5.93,69408.5576048949,110534.8888212116,4.36144578313253,5.5,5.5,59.25253691400201,4.759939759036144,1391.1879999999999,1.16,умеренный рост в соответствии с официальным приоритетом кадров СПО,2025,Средняя зарплата крупной профессиональной группы Росстата за октябрь 2025,,,5.93,6.81,Для профессий со специальным зарплатным срезом используется медиана предложений «Работы России»; иначе зарплата наследуется от группы. Результат не является обещанием числа вакансий
2032,178,Актеры,Специалисты высшей квалификации,13335.35,644.36,4.61,86292.29075362365,137422.66218635245,2.5180722891566263,8.875,8.875,59.25253691400203,4.742996987951807,747.4576,1.16,"умеренный рост за счёт здравоохранения, инженерных и других сложных функций",2025,Средняя зарплата крупной профессиональной группы Росстата за октябрь 2025,,,4.62,5.31,Для профессий со специальным зарплатным срезом используется медиана предложений «Работы России»; иначе зарплата наследуется от группы. Результат не является обещанием числа вакансий
2032,179,Специалисты-техники по компьютерным сетям и системам,Специалисты средней квалификации,11950.44,747.62,5.89,69408.5576048949,110534.8888212116,4.325301204819278,5.5,5.5,59.25253691400201,4.73644578313253,867.2392,1.16,умеренный рост в соответствии с официальным приоритетом кадров СПО,2025,Средняя зарплата крупной профессиональной группы Росстата за октябрь 2025,,,5.89,6.77,Для профессий со специальным зарплатным срезом используется медиана предложений «Работы России»; иначе зарплата наследуется от группы. Результат не является обещанием числа вакансий
2032,180,Техники-электрики,Специалисты средней квалификации,71428.88,4458.69,5.88,69408.5576048949,110534.8888212116,4.289156626506024,5.5,5.5,59.25253691400201,4.712951807228915,5172.080399999999,1.16,умеренный рост в соответствии с официальным приоритетом кадров СПО,2025,Средняя зарплата крупной профессиональной группы Росстата за октябрь 2025,,,5.88,6.75,Для профессий со специальным зарплатным срезом используется медиана предложений «Работы России»; иначе зарплата наследуется от группы. Результат не является обещанием числа вакансий
2032,181,"Преподаватели, работающие с инвалидами или лицами с особыми возможностями здоровья",Специалисты высшей квалификации,81551.34,3888.47,4.55,86292.29075362365,137422.66218635245,2.4457831325301207,8.875,8.875,59.25253691400203,4.696009036144578,4510.6251999999995,1.16,"умеренный рост за счёт здравоохранения, инженерных и других сложных функций",2025,Средняя зарплата крупной профессиональной группы Росстата за октябрь 2025,,,4.55,5.24,Для профессий со специальным зарплатным срезом используется медиана предложений «Работы России»; иначе зарплата наследуется от группы. Результат не является обещанием числа вакансий
2032,182,Продавцы,"Обслуживание, торговля и охрана",984767.09,77818.8,7.32,48161.539778495455,76698.47391410024,5.445783132530121,3.25,3.25,59.25253691400201,4.677259036144578,81709.74,1.05,почти стабильный спрос с небольшим ростом,2025,Средняя зарплата крупной профессиональной группы Росстата за октябрь 2025,,,7.32,7.66,Для профессий со специальным зарплатным срезом используется медиана предложений «Работы России»; иначе зарплата наследуется от группы. Результат не является обещанием числа вакансий
2032,183,Художники,Специалисты высшей квалификации,7410.24,351.57,4.53,86292.29075362365,137422.66218635245,2.4096385542168672,8.875,8.875,59.25253691400203,4.672515060240964,407.8212,1.16,"умеренный рост за счёт здравоохранения, инженерных и других сложных функций",2025,Средняя зарплата крупной профессиональной группы Росстата за октябрь 2025,,,4.54,5.22,Для профессий со специальным зарплатным срезом используется медиана предложений «Работы России»; иначе зарплата наследуется от группы. Результат не является обещанием числа вакансий
2032,184,Мастера (бригадиры) в обрабатывающей промышленности,Специалисты средней квалификации,189186.87,11731.82,5.84,69408.5576048949,110534.8888212116,4.1807228915662655,5.5,5.5,59.25253691400201,4.642469879518073,13608.911199999999,1.16,умеренный рост в соответствии с официальным приоритетом кадров СПО,2025,Средняя зарплата крупной профессиональной группы Росстата за октябрь 2025,,,5.84,6.71,Для профессий со специальным зарплатным срезом используется медиана предложений «Работы России»; иначе зарплата наследуется от группы. Результат не является обещанием числа вакансий
2032,185,"Биологи, ботаники, зоологи и специалисты родственных занятий",Специалисты высшей квалификации,43949.99,2043.52,4.44,86292.29075362365,137422.66218635245,2.265060240963855,8.875,8.875,59.25253691400203,4.578539156626506,2370.4831999999997,1.16,"умеренный рост за счёт здравоохранения, инженерных и других сложных функций",2025,Средняя зарплата крупной профессиональной группы Росстата за октябрь 2025,,,4.44,5.12,Для профессий со специальным зарплатным срезом используется медиана предложений «Работы России»; иначе зарплата наследуется от группы. Результат не является обещанием числа вакансий
2032,186,Операторы нефте- и газоочистных и перерабатывающих установок,Специалисты средней квалификации,37748.79,2306.19,5.76,69408.5576048949,110534.8888212116,4.036144578313253,5.5,5.5,59.25253691400201,4.5484939759036145,2675.1803999999997,1.16,умеренный рост в соответствии с официальным приоритетом кадров СПО,2025,Средняя зарплата крупной профессиональной группы Росстата за октябрь 2025,,,5.76,6.62,Для профессий со специальным зарплатным срезом используется медиана предложений «Работы России»; иначе зарплата наследуется от группы. Результат не является обещанием числа вакансий
2032,187,"Горные инженеры, металлурги и специалисты родственных занятий",Специалисты высшей квалификации,26734.55,1208.76,4.33,86292.29075362365,137422.66218635245,2.1927710843373496,8.875,8.875,59.25253691400203,4.5315512048192765,1402.1616,1.16,"умеренный рост за счёт здравоохранения, инженерных и других сложных функций",2025,Средняя зарплата крупной профессиональной группы Росстата за октябрь 2025,,,4.33,4.98,Для профессий со специальным зарплатным срезом используется медиана предложений «Работы России»; иначе зарплата наследуется от группы. Результат не является обещанием числа вакансий
2032,188,Социальные работники,Специалисты средней квалификации,119218.58,7276.73,5.75,69408.5576048949,110534.8888212116,4.0,5.5,5.5,59.25253691400201,4.525,8441.0068,1.16,умеренный рост в соответствии с официальным приоритетом кадров СПО,2025,Средняя зарплата крупной профессиональной группы Росстата за октябрь 2025,,,5.75,6.61,Для профессий со специальным зарплатным срезом используется медиана предложений «Работы России»; иначе зарплата наследуется от группы. Результат не является обещанием числа вакансий
2032,189,Буфетчики (бармены),"Обслуживание, торговля и охрана",39797.92,3092.85,7.21,48161.539778495455,76698.47391410024,5.19277108433735,3.25,3.25,59.25253691400201,4.512801204819277,3247.4925,1.05,почти стабильный спрос с небольшим ростом,2025,Средняя зарплата крупной профессиональной группы Росстата за октябрь 2025,,,7.21,7.54,Для профессий со специальным зарплатным срезом используется медиана предложений «Работы России»; иначе зарплата наследуется от группы. Результат не является обещанием числа вакансий
2032,190,"Техники в области физических и технических наук, не входящие в другие группы",Специалисты средней квалификации,77725.51,4733.78,5.74,69408.5576048949,110534.8888212116,3.963855421686747,5.5,5.5,59.25253691400201,4.501506024096385,5491.184799999999,1.16,умеренный рост в соответствии с официальным приоритетом кадров СПО,2025,Средняя зарплата крупной профессиональной группы Росстата за октябрь 2025,,,5.74,6.6,Для профессий со специальным зарплатным срезом используется медиана предложений «Работы России»; иначе зарплата наследуется от группы. Результат не является обещанием числа вакансий
2032,191,Педагогические работники в дошкольном образовании,Специалисты высшей квалификации,576091.37,25444.14,4.23,86292.29075362365,137422.66218635245,2.120481927710843,8.875,8.875,59.25253691400203,4.484563253012048,29515.2024,1.16,"умеренный рост за счёт здравоохранения, инженерных и других сложных функций",2025,Средняя зарплата крупной профессиональной группы Росстата за октябрь 2025,,,4.23,4.87,Для профессий со специальным зарплатным срезом используется медиана предложений «Работы России»; иначе зарплата наследуется от группы. Результат не является обещанием числа вакансий
2032,192,"Средний медицинский персонал здравоохранения, не входящий в другие группы",Специалисты средней квалификации,287748.11,17489.79,5.73,69408.5576048949,110534.8888212116,3.927710843373494,5.5,5.5,59.25253691400201,4.47801204819277,20288.1564,1.16,умеренный рост в соответствии с официальным приоритетом кадров СПО,2025,Средняя зарплата крупной профессиональной группы Росстата за октябрь 2025,,,5.73,6.59,Для профессий со специальным зарплатным срезом используется медиана предложений «Работы России»; иначе зарплата наследуется от группы. Результат не является обещанием числа вакансий
2032,193,Преподаватели средних профессиональных образовательных организаций,Специалисты высшей квалификации,161960.9,7148.83,4.23,86292.29075362365,137422.66218635245,2.0843373493975905,8.875,8.875,59.25253691400203,4.461069277108434,8292.6428,1.16,"умеренный рост за счёт здравоохранения, инженерных и других сложных функций",2025,Средняя зарплата крупной профессиональной группы Росстата за октябрь 2025,,,4.23,4.87,Для профессий со специальным зарплатным срезом используется медиана предложений «Работы России»; иначе зарплата наследуется от группы. Результат не является обещанием числа вакансий
2032,194,Техники-электроники по системам безопасности полетов,Специалисты средней квалификации,1457.81,84.83,5.5,69408.5576048949,110534.8888212116,3.7469879518072293,5.5,5.5,59.25253691400201,4.360542168674699,98.40279999999998,1.16,умеренный рост в соответствии с официальным приоритетом кадров СПО,2025,Средняя зарплата крупной профессиональной группы Росстата за октябрь 2025,,,5.52,6.32,Для профессий со специальным зарплатным срезом используется медиана предложений «Работы России»; иначе зарплата наследуется от группы. Результат не является обещанием числа вакансий
2032,195,Преподаватели по обучению компьютерной грамотности,Специалисты высшей квалификации,1642.78,67.79,3.96,86292.29075362365,137422.66218635245,1.9036144578313254,8.875,8.875,59.25253691400203,4.343599397590361,78.6364,1.16,"умеренный рост за счёт здравоохранения, инженерных и других сложных функций",2025,Средняя зарплата крупной профессиональной группы Росстата за октябрь 2025,,,4.02,4.57,Для профессий со специальным зарплатным срезом используется медиана предложений «Работы России»; иначе зарплата наследуется от группы. Результат не является обещанием числа вакансий
2032,196,Мастера (бригадиры) в добывающей промышленности,Специалисты средней квалификации,42806.71,2468.09,5.45,69408.5576048949,110534.8888212116,3.63855421686747,5.5,5.5,59.25253691400201,4.2900602409638555,2862.9844,1.16,умеренный рост в соответствии с официальным приоритетом кадров СПО,2025,Средняя зарплата крупной профессиональной группы Росстата за октябрь 2025,,,5.45,6.27,Для профессий со специальным зарплатным срезом используется медиана предложений «Работы России»; иначе зарплата наследуется от группы. Результат не является обещанием числа вакансий
2032,197,Преподаватели по программам дополнительного обучения,Специалисты высшей квалификации,154267.01,6256.21,3.9,86292.29075362365,137422.66218635245,1.7951807228915664,8.875,8.875,59.25253691400203,4.273117469879518,7257.2036,1.16,"умеренный рост за счёт здравоохранения, инженерных и других сложных функций",2025,Средняя зарплата крупной профессиональной группы Росстата за октябрь 2025,,,3.9,4.49,Для профессий со специальным зарплатным срезом используется медиана предложений «Работы России»; иначе зарплата наследуется от группы. Результат не является обещанием числа вакансий
2032,198,Операторы металлоплавильных установок и установок по обработке металлов,"Операторы машин, сборщики и водители",129714.41,6350.65,4.67,78339.15258467232,124757.08788802165,2.337349397590361,7.75,7.75,59.25253691400201,4.231777108433734,7112.728,1.12,умеренный рост: официальный кадровый прогноз указывает на высокий вес профессий со средним профессиональным образованием,2025,Средняя зарплата крупной профессиональной группы Росстата за октябрь 2025,,,4.67,5.2,Для профессий со специальным зарплатным срезом используется медиана предложений «Работы России»; иначе зарплата наследуется от группы. Результат не является обещанием числа вакансий
2032,199,Средний медицинский персонал по акушерству,Специалисты средней квалификации,42268.15,2426.46,5.43,69408.5576048949,110534.8888212116,3.5301204819277108,5.5,5.5,59.25253691400201,4.219578313253011,2814.6936,1.16,умеренный рост в соответствии с официальным приоритетом кадров СПО,2025,Средняя зарплата крупной профессиональной группы Росстата за октябрь 2025,,,5.43,6.24,Для профессий со специальным зарплатным срезом используется медиана предложений «Работы России»; иначе зарплата наследуется от группы. Результат не является обещанием числа вакансий
2032,200,"Бригадиры уборщиков и помощники по хозяйству в отелях (гостиницах), офисах и других учреждениях","Обслуживание, торговля и охрана",20820.65,1503.54,6.74,48161.539778495455,76698.47391410024,4.72289156626506,3.25,3.25,59.25253691400201,4.2073795180722895,1578.717,1.05,почти стабильный спрос с небольшим ростом,2025,Средняя зарплата крупной профессиональной группы Росстата за октябрь 2025,,,6.74,7.05,Для профессий со специальным зарплатным срезом используется медиана предложений «Работы России»; иначе зарплата наследуется от группы. Результат не является обещанием числа вакансий
2032,201,"Техники-статистики и персонал родственных занятий, связанных с проведением математических расчетов и вычислений",Специалисты средней квалификации,6746.14,386.22,5.42,69408.5576048949,110534.8888212116,3.4939759036144578,5.5,5.5,59.25253691400201,4.196084337349397,448.0152,1.16,умеренный рост в соответствии с официальным приоритетом кадров СПО,2025,Средняя зарплата крупной профессиональной группы Росстата за октябрь 2025,,,5.42,6.23,Для профессий со специальным зарплатным срезом используется медиана предложений «Работы России»; иначе зарплата наследуется от группы. Результат не является обещанием числа вакансий
2032,202,Инженеры по телекоммуникациям,Специалисты высшей квалификации,68407.62,2382.98,3.37,86292.29075362365,137422.66218635245,1.6506024096385543,8.875,8.875,59.25253691400203,4.17914156626506,2764.2567999999997,1.16,"умеренный рост за счёт здравоохранения, инженерных и других сложных функций",2025,Средняя зарплата крупной профессиональной группы Росстата за октябрь 2025,,,3.37,3.88,Для профессий со специальным зарплатным срезом используется медиана предложений «Работы России»; иначе зарплата наследуется от группы. Результат не является обещанием числа вакансий
2032,203,Техники-электроники,Специалисты средней квалификации,17334.21,986.85,5.39,69408.5576048949,110534.8888212116,3.4578313253012047,5.5,5.5,59.25253691400201,4.172590361445783,1144.7459999999999,1.16,умеренный рост в соответствии с официальным приоритетом кадров СПО,2025,Средняя зарплата крупной профессиональной группы Росстата за октябрь 2025,,,5.39,6.19,Для профессий со специальным зарплатным срезом используется медиана предложений «Работы России»; иначе зарплата наследуется от группы. Результат не является обещанием числа вакансий
2032,204,Агенты по операциям с недвижимостью и другой собственностью,Специалисты средней квалификации,4946.98,281.14,5.38,69408.5576048949,110534.8888212116,3.4216867469879517,5.5,5.5,59.25253691400201,4.149096385542169,326.12239999999997,1.16,умеренный рост в соответствии с официальным приоритетом кадров СПО,2025,Средняя зарплата крупной профессиональной группы Росстата за октябрь 2025,,,5.39,6.18,Для профессий со специальным зарплатным срезом используется медиана предложений «Работы России»; иначе зарплата наследуется от группы. Результат не является обещанием числа вакансий
2032,205,Помощники учителей,"Обслуживание, торговля и охрана",8563.16,610.25,6.65,48161.539778495455,76698.47391410024,4.614457831325302,3.25,3.25,59.25253691400201,4.136897590361446,640.7625,1.05,почти стабильный спрос с небольшим ростом,2025,Средняя зарплата крупной профессиональной группы Росстата за октябрь 2025,,,6.65,6.96,Для профессий со специальным зарплатным срезом используется медиана предложений «Работы России»; иначе зарплата наследуется от группы. Результат не является обещанием числа вакансий
2032,206,Спортивные служащие,Специалисты средней квалификации,4132.03,232.13,5.32,69408.5576048949,110534.8888212116,3.349397590361446,5.5,5.5,59.25253691400201,4.102108433734941,269.27079999999995,1.16,умеренный рост в соответствии с официальным приоритетом кадров СПО,2025,Средняя зарплата крупной профессиональной группы Росстата за октябрь 2025,,,5.33,6.12,Для профессий со специальным зарплатным срезом используется медиана предложений «Работы России»; иначе зарплата наследуется от группы. Результат не является обещанием числа вакансий
2032,207,Фельдшеры-лаборанты медицинских и патологоанатомических лабораторий,Специалисты средней квалификации,64080.86,3592.01,5.31,69408.5576048949,110534.8888212116,3.3132530120481927,5.5,5.5,59.25253691400201,4.078614457831325,4166.7316,1.16,умеренный рост в соответствии с официальным приоритетом кадров СПО,2025,Средняя зарплата крупной профессиональной группы Росстата за октябрь 2025,,,5.31,6.11,Для профессий со специальным зарплатным срезом используется медиана предложений «Работы России»; иначе зарплата наследуется от группы. Результат не является обещанием числа вакансий
2032,208,Помощники (ассистенты) врачей,Специалисты средней квалификации,114610.01,6406.24,5.29,69408.5576048949,110534.8888212116,3.2771084337349397,5.5,5.5,59.25253691400201,4.055120481927711,7431.238399999999,1.16,умеренный рост в соответствии с официальным приоритетом кадров СПО,2025,Средняя зарплата крупной профессиональной группы Росстата за октябрь 2025,,,5.29,6.09,Для профессий со специальным зарплатным срезом используется медиана предложений «Работы России»; иначе зарплата наследуется от группы. Результат не является обещанием числа вакансий
2032,209,Машинисты локомотивов и рабочие родственных занятий,"Операторы машин, сборщики и водители",228676.27,10409.8,4.35,78339.15258467232,124757.08788802165,2.0120481927710845,7.75,7.75,59.25253691400201,4.020331325301204,11658.976,1.12,умеренный рост: официальный кадровый прогноз указывает на высокий вес профессий со средним профессиональным образованием,2025,Средняя зарплата крупной профессиональной группы Росстата за октябрь 2025,,,4.35,4.85,Для профессий со специальным зарплатным срезом используется медиана предложений «Работы России»; иначе зарплата наследуется от группы. Результат не является обещанием числа вакансий
2032,210,Специалисты-техники в области биологических исследований (за исключением среднего медицинского персонала),Специалисты средней квалификации,9879.27,544.07,5.22,69408.5576048949,110534.8888212116,3.2048192771084336,5.5,5.5,59.25253691400201,4.0081325301204815,631.1212,1.16,умеренный рост в соответствии с официальным приоритетом кадров СПО,2025,Средняя зарплата крупной профессиональной группы Росстата за октябрь 2025,,,5.22,6.0,Для профессий со специальным зарплатным срезом используется медиана предложений «Работы России»; иначе зарплата наследуется от группы. Результат не является обещанием числа вакансий
2032,211,Физики и астрономы,Специалисты высшей квалификации,20823.06,675.33,3.14,86292.29075362365,137422.66218635245,1.3614457831325302,8.875,8.875,59.25253691400203,3.991189759036144,783.3828,1.16,"умеренный рост за счёт здравоохранения, инженерных и других сложных функций",2025,Средняя зарплата крупной профессиональной группы Росстата за октябрь 2025,,,3.15,3.63,Для профессий со специальным зарплатным срезом используется медиана предложений «Работы России»; иначе зарплата наследуется от группы. Результат не является обещанием числа вакансий
2032,212,Специалисты-техники по эксплуатации ИКТ,Специалисты средней квалификации,11920.32,656.35,5.22,69408.5576048949,110534.8888212116,3.1686746987951806,5.5,5.5,59.25253691400201,3.9846385542168674,761.366,1.16,умеренный рост в соответствии с официальным приоритетом кадров СПО,2025,Средняя зарплата крупной профессиональной группы Росстата за октябрь 2025,,,5.22,6.0,Для профессий со специальным зарплатным срезом используется медиана предложений «Работы России»; иначе зарплата наследуется от группы. Результат не является обещанием числа вакансий
2032,213,Преподаватели музыки в музыкальных школах и частные,Специалисты высшей квалификации,41410.74,1280.21,3.0,86292.29075362365,137422.66218635245,1.3253012048192772,8.875,8.875,59.25253691400203,3.96769578313253,1485.0436,1.16,"умеренный рост за счёт здравоохранения, инженерных и других сложных функций",2025,Средняя зарплата крупной профессиональной группы Росстата за октябрь 2025,,,3.0,3.46,Для профессий со специальным зарплатным срезом используется медиана предложений «Работы России»; иначе зарплата наследуется от группы. Результат не является обещанием числа вакансий
2032,214,Педагогические работники в средней школе,Специалисты высшей квалификации,959380.42,25558.15,2.59,86292.29075362365,137422.66218635245,1.180722891566265,8.875,8.875,59.25253691400203,3.873719879518072,29647.453999999998,1.16,"умеренный рост за счёт здравоохранения, инженерных и других сложных функций",2025,Средняя зарплата крупной профессиональной группы Росстата за октябрь 2025,,,2.59,3.0,Для профессий со специальным зарплатным срезом используется медиана предложений «Работы России»; иначе зарплата наследуется от группы. Результат не является обещанием числа вакансий
2032,215,Преподаватели в области изобразительных и иных искусств,Специалисты высшей квалификации,10965.2,284.57,2.53,86292.29075362365,137422.66218635245,1.144578313253012,8.875,8.875,59.25253691400203,3.8502259036144575,330.10119999999995,1.16,"умеренный рост за счёт здравоохранения, инженерных и других сложных функций",2025,Средняя зарплата крупной профессиональной группы Росстата за октябрь 2025,,,2.55,2.92,Для профессий со специальным зарплатным срезом используется медиана предложений «Работы России»; иначе зарплата наследуется от группы. Результат не является обещанием числа вакансий
2032,216,Профессорско-преподавательский персонал университетов и других организаций высшего образования,Специалисты высшей квалификации,216131.92,4630.68,2.1,86292.29075362365,137422.66218635245,1.072289156626506,8.875,8.875,59.25253691400203,3.8032379518072283,5371.5887999999995,1.16,"умеренный рост за счёт здравоохранения, инженерных и других сложных функций",2025,Средняя зарплата крупной профессиональной группы Росстата за октябрь 2025,,,2.1,2.43,Для профессий со специальным зарплатным срезом используется медиана предложений «Работы России»; иначе зарплата наследуется от группы. Результат не является обещанием числа вакансий
2032,217,Судьи,Специалисты высшей квалификации,201.42,3.33,1.63,86292.29075362365,137422.66218635245,1.036144578313253,8.875,8.875,59.25253691400203,3.779743975903614,3.8628,1.16,"умеренный рост за счёт здравоохранения, инженерных и других сложных функций",2025,Средняя зарплата крупной профессиональной группы Росстата за октябрь 2025,,,2.56,1.88,Для профессий со специальным зарплатным срезом используется медиана предложений «Работы России»; иначе зарплата наследуется от группы. Результат не является обещанием числа вакансий
2032,218,Педагогические работники в начальном образовании,Специалисты высшей квалификации,225322.42,2882.53,1.26,86292.29075362365,137422.66218635245,1.0,8.875,8.875,59.25253691400203,3.7562499999999996,3343.7348,1.16,"умеренный рост за счёт здравоохранения, инженерных и других сложных функций",2025,Средняя зарплата крупной профессиональной группы Росстата за октябрь 2025,,,1.26,1.46,Для профессий со специальным зарплатным срезом используется медиана предложений «Работы России»; иначе зарплата наследуется от группы. Результат не является обещанием числа вакансий
2032,219,"Работники, оказывающие индивидуальные услуги, не входящие в другие группы","Обслуживание, торговля и охрана",18507.78,1235.27,6.26,48161.539778495455,76698.47391410024,3.891566265060241,3.25,3.25,59.25253691400201,3.6670180722891565,1297.0335,1.05,почти стабильный спрос с небольшим ростом,2025,Средняя зарплата крупной профессиональной группы Росстата за октябрь 2025,,,6.26,6.55,Для профессий со специальным зарплатным срезом используется медиана предложений «Работы России»; иначе зарплата наследуется от группы. Результат не является обещанием числа вакансий
2032,220,Служащие в приемной (общего профиля),Офисные и учётные служащие,4341.93,318.59,6.84,54045.78718009234,86069.28717943952,3.0602409638554215,4.375,4.375,59.25253691400201,3.520406626506024,270.8015,0.85,наиболее заметное снижение из-за цифровизации стандартных операций,2025,Средняя зарплата крупной профессиональной группы Росстата за октябрь 2025,,,6.84,5.87,Для профессий со специальным зарплатным срезом используется медиана предложений «Работы России»; иначе зарплата наследуется от группы. Результат не является обещанием числа вакансий
2032,221,Пилоты воздушных судов и специалисты родственных занятий,Специалисты средней квалификации,14820.95,701.97,4.52,69408.5576048949,110534.8888212116,2.3734939759036147,5.5,5.5,59.25253691400201,3.467771084337349,814.2852,1.16,умеренный рост в соответствии с официальным приоритетом кадров СПО,2025,Средняя зарплата крупной профессиональной группы Росстата за октябрь 2025,,,4.52,5.21,Для профессий со специальным зарплатным срезом используется медиана предложений «Работы России»; иначе зарплата наследуется от группы. Результат не является обещанием числа вакансий
2032,222,Машинистки и операторы оборудования по редактированию текстов,Офисные и учётные служащие,7695.99,550.61,6.68,54045.78718009234,86069.28717943952,2.951807228915663,4.375,4.375,59.25253691400201,3.4499246987951806,468.0185,0.85,наиболее заметное снижение из-за цифровизации стандартных операций,2025,Средняя зарплата крупной профессиональной группы Росстата за октябрь 2025,,,6.68,5.73,Для профессий со специальным зарплатным срезом используется медиана предложений «Работы России»; иначе зарплата наследуется от группы. Результат не является обещанием числа вакансий
2032,223,Техники в добывающей промышленности и металлургии,Специалисты средней квалификации,6406.44,301.14,4.49,69408.5576048949,110534.8888212116,2.3012048192771086,5.5,5.5,59.25253691400201,3.4207831325301203,349.32239999999996,1.16,умеренный рост в соответствии с официальным приоритетом кадров СПО,2025,Средняя зарплата крупной профессиональной группы Росстата за октябрь 2025,,,4.5,5.17,Для профессий со специальным зарплатным срезом используется медиана предложений «Работы России»; иначе зарплата наследуется от группы. Результат не является обещанием числа вакансий
2032,224,Агенты по трудовым договорам и найму,Специалисты средней квалификации,5404.3,245.85,4.35,69408.5576048949,110534.8888212116,2.2289156626506026,5.5,5.5,59.25253691400201,3.373795180722891,285.186,1.16,умеренный рост в соответствии с официальным приоритетом кадров СПО,2025,Средняя зарплата крупной профессиональной группы Росстата за октябрь 2025,,,4.36,5.01,Для профессий со специальным зарплатным срезом используется медиана предложений «Работы России»; иначе зарплата наследуется от группы. Результат не является обещанием числа вакансий
2032,225,"Офисные служащие, не входящие в другие группы",Офисные и учётные служащие,97214.46,6692.36,6.44,54045.78718009234,86069.28717943952,2.662650602409639,4.375,4.375,59.25253691400201,3.261972891566265,5688.505999999999,0.85,наиболее заметное снижение из-за цифровизации стандартных операций,2025,Средняя зарплата крупной профессиональной группы Росстата за октябрь 2025,,,6.44,5.53,Для профессий со специальным зарплатным срезом используется медиана предложений «Работы России»; иначе зарплата наследуется от группы. Результат не является обещанием числа вакансий
2032,226,Помощники по уходу за больными,"Обслуживание, торговля и охрана",179539.65,10988.94,5.77,48161.539778495455,76698.47391410024,3.2409638554216866,3.25,3.25,59.25253691400201,3.2441265060240965,11538.387,1.05,почти стабильный спрос с небольшим ростом,2025,Средняя зарплата крупной профессиональной группы Росстата за октябрь 2025,,,5.77,6.04,Для профессий со специальным зарплатным срезом используется медиана предложений «Работы России»; иначе зарплата наследуется от группы. Результат не является обещанием числа вакансий
2032,227,"Служащие, занятые учетом, приемом и выдачей товаров на складе",Офисные и учётные служащие,415617.77,27119.89,6.13,54045.78718009234,86069.28717943952,2.4819277108433733,4.375,4.375,59.25253691400201,3.1445030120481925,23051.906499999997,0.85,наиболее заметное снижение из-за цифровизации стандартных операций,2025,Средняя зарплата крупной профессиональной группы Росстата за октябрь 2025,,,6.13,5.25,Для профессий со специальным зарплатным срезом используется медиана предложений «Работы России»; иначе зарплата наследуется от группы. Результат не является обещанием числа вакансий
2032,228,Зубные врачи,Специалисты средней квалификации,9542.87,337.81,3.42,69408.5576048949,110534.8888212116,1.6867469879518073,5.5,5.5,59.25253691400201,3.0213855421686744,391.8596,1.16,умеренный рост в соответствии с официальным приоритетом кадров СПО,2025,Средняя зарплата крупной профессиональной группы Росстата за октябрь 2025,,,3.43,3.94,Для профессий со специальным зарплатным срезом используется медиана предложений «Работы России»; иначе зарплата наследуется от группы. Результат не является обещанием числа вакансий
2032,229,"Средний специальный персонал художественных галерей, музеев и библиотек",Специалисты средней квалификации,15592.42,532.13,3.3,69408.5576048949,110534.8888212116,1.6144578313253013,5.5,5.5,59.25253691400201,2.9743975903614457,617.2708,1.16,умеренный рост в соответствии с официальным приоритетом кадров СПО,2025,Средняя зарплата крупной профессиональной группы Росстата за октябрь 2025,,,3.31,3.81,Для профессий со специальным зарплатным срезом используется медиана предложений «Работы России»; иначе зарплата наследуется от группы. Результат не является обещанием числа вакансий
2032,230,"Работники, оказывающие индивидуальные услуги по уходу за больными, не входящие в другие группы","Обслуживание, торговля и охрана",19841.24,1114.28,5.32,48161.539778495455,76698.47391410024,2.7710843373493974,3.25,3.25,59.25253691400201,2.9387048192771084,1169.994,1.05,почти стабильный спрос с небольшим ростом,2025,Средняя зарплата крупной профессиональной группы Росстата за октябрь 2025,,,5.32,5.57,Для профессий со специальным зарплатным срезом используется медиана предложений «Работы России»; иначе зарплата наследуется от группы. Результат не является обещанием числа вакансий
2032,231,Служащие бюро путешествий,Офисные и учётные служащие,4137.99,250.97,5.72,54045.78718009234,86069.28717943952,2.1566265060240966,4.375,4.375,59.25253691400201,2.9330572289156622,213.3245,0.85,наиболее заметное снижение из-за цифровизации стандартных операций,2025,Средняя зарплата крупной профессиональной группы Росстата за октябрь 2025,,,5.73,4.9,Для профессий со специальным зарплатным срезом используется медиана предложений «Работы России»; иначе зарплата наследуется от группы. Результат не является обещанием числа вакансий
2032,232,Работники по уходу за детьми,"Обслуживание, торговля и охрана",271431.98,15231.75,5.31,48161.539778495455,76698.47391410024,2.734939759036145,3.25,3.25,59.25253691400201,2.915210843373494,15993.337500000001,1.05,почти стабильный спрос с небольшим ростом,2025,Средняя зарплата крупной профессиональной группы Росстата за октябрь 2025,,,5.31,5.56,Для профессий со специальным зарплатным срезом используется медиана предложений «Работы России»; иначе зарплата наследуется от группы. Результат не является обещанием числа вакансий
2032,233,Зубные техники и техники-протезисты,Специалисты средней квалификации,10488.47,347.52,3.21,69408.5576048949,110534.8888212116,1.4698795180722892,5.5,5.5,59.25253691400201,2.880421686746988,403.12319999999994,1.16,умеренный рост в соответствии с официальным приоритетом кадров СПО,2025,Средняя зарплата крупной профессиональной группы Росстата за октябрь 2025,,,3.22,3.7,Для профессий со специальным зарплатным срезом используется медиана предложений «Работы России»; иначе зарплата наследуется от группы. Результат не является обещанием числа вакансий
2032,234,Служащие по бухгалтерским операциям и учету,Офисные и учётные служащие,37339.17,2243.11,5.67,54045.78718009234,86069.28717943952,2.0481927710843375,4.375,4.375,59.25253691400201,2.862575301204819,1906.6435000000001,0.85,наиболее заметное снижение из-за цифровизации стандартных операций,2025,Средняя зарплата крупной профессиональной группы Росстата за октябрь 2025,,,5.67,4.86,Для профессий со специальным зарплатным срезом используется медиана предложений «Работы России»; иначе зарплата наследуется от группы. Результат не является обещанием числа вакансий
2032,235,"Работники, оказывающие индивидуальные услуги по уходу за больными на дому","Обслуживание, торговля и охрана",23788.62,1313.06,5.23,48161.539778495455,76698.47391410024,2.5903614457831328,3.25,3.25,59.25253691400201,2.8212349397590364,1378.713,1.05,почти стабильный спрос с небольшим ростом,2025,Средняя зарплата крупной профессиональной группы Росстата за октябрь 2025,,,5.23,5.48,Для профессий со специальным зарплатным срезом используется медиана предложений «Работы России»; иначе зарплата наследуется от группы. Результат не является обещанием числа вакансий
2032,236,"Служащие, занятые диспетчерской подготовкой производства",Офисные и учётные служащие,77854.13,4566.45,5.54,54045.78718009234,86069.28717943952,1.9759036144578315,4.375,4.375,59.25253691400201,2.8155873493975903,3881.4824999999996,0.85,наиболее заметное снижение из-за цифровизации стандартных операций,2025,Средняя зарплата крупной профессиональной группы Росстата за октябрь 2025,,,5.54,4.75,Для профессий со специальным зарплатным срезом используется медиана предложений «Работы России»; иначе зарплата наследуется от группы. Результат не является обещанием числа вакансий
2032,237,"Служащие, встречающие и регистрирующие клиентов в отелях (гостиницах)",Офисные и учётные служащие,27086.85,1538.13,5.37,54045.78718009234,86069.28717943952,1.9397590361445782,4.375,4.375,59.25253691400201,2.7920933734939757,1307.4105,0.85,наиболее заметное снижение из-за цифровизации стандартных операций,2025,Средняя зарплата крупной профессиональной группы Росстата за октябрь 2025,,,5.37,4.6,Для профессий со специальным зарплатным срезом используется медиана предложений «Работы России»; иначе зарплата наследуется от группы. Результат не является обещанием числа вакансий
2032,238,Служащие по ведению кадровой документации,Офисные и учётные служащие,40139.13,2246.66,5.3,54045.78718009234,86069.28717943952,1.8674698795180724,4.375,4.375,59.25253691400201,2.7451054216867465,1909.6609999999998,0.85,наиболее заметное снижение из-за цифровизации стандартных операций,2025,Средняя зарплата крупной профессиональной группы Росстата за октябрь 2025,,,5.3,4.54,Для профессий со специальным зарплатным срезом используется медиана предложений «Работы России»; иначе зарплата наследуется от группы. Результат не является обещанием числа вакансий
2032,239,Медицинские регистраторы,Специалисты средней квалификации,44750.88,1318.16,2.86,69408.5576048949,110534.8888212116,1.2530120481927711,5.5,5.5,59.25253691400201,2.739457831325301,1529.0656,1.16,умеренный рост в соответствии с официальным приоритетом кадров СПО,2025,Средняя зарплата крупной профессиональной группы Росстата за октябрь 2025,,,2.86,3.3,Для профессий со специальным зарплатным срезом используется медиана предложений «Работы России»; иначе зарплата наследуется от группы. Результат не является обещанием числа вакансий
2032,240,Служащие по транспортным перевозкам,Офисные и учётные служащие,120313.91,6716.64,5.29,54045.78718009234,86069.28717943952,1.8313253012048194,4.375,4.375,59.25253691400201,2.7216114457831324,5709.144,0.85,наиболее заметное снижение из-за цифровизации стандартных операций,2025,Средняя зарплата крупной профессиональной группы Росстата за октябрь 2025,,,5.29,4.53,Для профессий со специальным зарплатным срезом используется медиана предложений «Работы России»; иначе зарплата наследуется от группы. Результат не является обещанием числа вакансий
2032,241,Офисные служащие общего профиля,Офисные и учётные служащие,81907.49,4351.0,5.04,54045.78718009234,86069.28717943952,1.7590361445783131,4.375,4.375,59.25253691400201,2.6746234939759033,3698.35,0.85,наиболее заметное снижение из-за цифровизации стандартных операций,2025,Средняя зарплата крупной профессиональной группы Росстата за октябрь 2025,,,5.04,4.32,Для профессий со специальным зарплатным срезом используется медиана предложений «Работы России»; иначе зарплата наследуется от группы. Результат не является обещанием числа вакансий
2032,242,Служащие по введению данных,Офисные и учётные служащие,72178.33,3548.91,4.69,54045.78718009234,86069.28717943952,1.7228915662650603,4.375,4.375,59.25253691400201,2.651129518072289,3016.5735,0.85,наиболее заметное снижение из-за цифровизации стандартных операций,2025,Средняя зарплата крупной профессиональной группы Росстата за октябрь 2025,,,4.69,4.01,Для профессий со специальным зарплатным срезом используется медиана предложений «Работы России»; иначе зарплата наследуется от группы. Результат не является обещанием числа вакансий
2032,243,Авиационные диспетчеры,Специалисты средней квалификации,15422.3,396.15,2.5,69408.5576048949,110534.8888212116,1.108433734939759,5.5,5.5,59.25253691400201,2.6454819277108435,459.53399999999993,1.16,умеренный рост в соответствии с официальным приоритетом кадров СПО,2025,Средняя зарплата крупной профессиональной группы Росстата за октябрь 2025,,,2.51,2.89,Для профессий со специальным зарплатным срезом используется медиана предложений «Работы России»; иначе зарплата наследуется от группы. Результат не является обещанием числа вакансий
2032,244,"Кодировщики, корректоры и другие родственные служащие",Офисные и учётные служащие,2738.42,127.21,4.44,54045.78718009234,86069.28717943952,1.5783132530120483,4.375,4.375,59.25253691400201,2.557153614457831,108.12849999999999,0.85,наиболее заметное снижение из-за цифровизации стандартных операций,2025,Средняя зарплата крупной профессиональной группы Росстата за октябрь 2025,,,4.47,3.8,Для профессий со специальным зарплатным срезом используется медиана предложений «Работы России»; иначе зарплата наследуется от группы. Результат не является обещанием числа вакансий
2032,245,Служащие по учету рабочего времени и расчету заработной платы,Офисные и учётные служащие,16564.84,766.97,4.43,54045.78718009234,86069.28717943952,1.5060240963855422,4.375,4.375,59.25253691400201,2.510165662650602,651.9245,0.85,наиболее заметное снижение из-за цифровизации стандартных операций,2025,Средняя зарплата крупной профессиональной группы Росстата за октябрь 2025,,,4.44,3.79,Для профессий со специальным зарплатным срезом используется медиана предложений «Работы России»; иначе зарплата наследуется от группы. Результат не является обещанием числа вакансий
2032,246,"Служащие по обработке статистической, финансовой и страховой информации и ведению расчетов",Офисные и учётные служащие,10794.03,487.76,4.32,54045.78718009234,86069.28717943952,1.4337349397590362,4.375,4.375,59.25253691400201,2.4631777108433734,414.596,0.85,наиболее заметное снижение из-за цифровизации стандартных операций,2025,Средняя зарплата крупной профессиональной группы Росстата за октябрь 2025,,,4.33,3.7,Для профессий со специальным зарплатным срезом используется медиана предложений «Работы России»; иначе зарплата наследуется от группы. Результат не является обещанием числа вакансий
2032,247,Секретари (общего профиля),Офисные и учётные служащие,115617.96,5151.23,4.27,54045.78718009234,86069.28717943952,1.3975903614457832,4.375,4.375,59.25253691400201,2.439683734939759,4378.545499999999,0.85,наиболее заметное снижение из-за цифровизации стандартных операций,2025,Средняя зарплата крупной профессиональной группы Росстата за октябрь 2025,,,4.27,3.65,Для профессий со специальным зарплатным срезом используется медиана предложений «Работы России»; иначе зарплата наследуется от группы. Результат не является обещанием числа вакансий
2032,248,Служащие библиотек,Офисные и учётные служащие,11915.13,479.04,3.87,54045.78718009234,86069.28717943952,1.2891566265060241,4.375,4.375,59.25253691400201,2.369201807228915,407.184,0.85,наиболее заметное снижение из-за цифровизации стандартных операций,2025,Средняя зарплата крупной профессиональной группы Росстата за октябрь 2025,,,3.88,3.3,Для профессий со специальным зарплатным срезом используется медиана предложений «Работы России»; иначе зарплата наследуется от группы. Результат не является обещанием числа вакансий
2032,249,Регистраторы и копировщики,Офисные и учётные служащие,12393.01,494.12,3.83,54045.78718009234,86069.28717943952,1.216867469879518,4.375,4.375,59.25253691400201,2.322213855421687,420.002,0.85,наиболее заметное снижение из-за цифровизации стандартных операций,2025,Средняя зарплата крупной профессиональной группы Росстата за октябрь 2025,,,3.84,3.28,Для профессий со специальным зарплатным срезом используется медиана предложений «Работы России»; иначе зарплата наследуется от группы. Результат не является обещанием числа вакансий
2032,250,Экономки,"Обслуживание, торговля и охрана",946.8,35.5,3.61,48161.539778495455,76698.47391410024,1.5421686746987953,3.25,3.25,59.25253691400201,2.139909638554217,37.275,1.05,почти стабильный спрос с небольшим ростом,2025,Средняя зарплата крупной профессиональной группы Росстата за октябрь 2025,,,3.71,3.79,Для профессий со специальным зарплатным срезом используется медиана предложений «Работы России»; иначе зарплата наследуется от группы. Результат не является обещанием числа вакансий
