source,source_vacancy_id,title,professional_group,region,location_text,employer,salary_from,salary_to,salary_currency,salary_mid_rur,salary_gross,experience,employment,schedule,published_at,collected_at,url,duplicate_group,is_cross_platform_duplicate
hh.ru,137009255,Комплектовщик (оператор склада),Транспорт и логистика,Республика Адыгея,Яблоновский (Республика Адыгея),Мясницкий ряд,204800.0,235000.0,RUR,219900.0,False,Без опыта,,,,2026-09-13T11:44:57+03:00,https://hh.ru/vacancy/137009255,1170,False
hh.ru,137262009,Водитель категории Е,Транспорт и логистика,Республика Адыгея,Старобжегокай,ITECO,185000.0,250000.0,RUR,217500.0,True,Без опыта,,,,2026-09-13T11:44:57+03:00,https://hh.ru/vacancy/137262009,731,False
hh.ru,136846182,Рабочий склада,Прочие профессии,Республика Адыгея,Адыгейск,Пятёрочка. Распределительные центры,0.0,0.0,,,False,Без опыта,,,,2026-09-13T11:44:57+03:00,https://hh.ru/vacancy/136846182,2049,False
hh.ru,136843266,Комплектовщик на склад,Транспорт и логистика,Республика Адыгея,Адыгейск,Пятёрочка. Распределительные центры,0.0,0.0,,,False,Без опыта,,,,2026-09-13T11:44:57+03:00,https://hh.ru/vacancy/136843266,1159,False
hh.ru,136837270,Водитель-курьер на личном автомобиле,Транспорт и логистика,Республика Адыгея,Энем,Додо Пицца Россия,0.0,0.0,,,False,Без опыта,,,,2026-09-13T11:44:57+03:00,https://hh.ru/vacancy/136837270,748,False
hh.ru,135667896,Курьер собранных и упакованных заказов,Транспорт и логистика,Республика Адыгея,Майкоп,Яндекс.Еда,190000.0,0.0,RUR,95000.0,True,Без опыта,,,,2026-09-13T11:44:57+03:00,https://hh.ru/vacancy/135667896,1237,False
hh.ru,135667704,Курьер в сервис Яндекс Еда (заказы до 3 кг),Транспорт и логистика,Республика Адыгея,Майкоп,Яндекс.Еда,190000.0,0.0,RUR,95000.0,True,Без опыта,,,,2026-09-13T11:44:57+03:00,https://hh.ru/vacancy/135667704,1228,False
hh.ru,137180918,Ассистент по работе с документами,Прочие профессии,Республика Адыгея,Яблоновский (Республика Адыгея),Шустовская Мария Андреевна,60000.0,75000.0,RUR,67500.0,False,Без опыта,,Удалённая работа,,2026-09-13T11:44:57+03:00,https://hh.ru/vacancy/137180918,368,False
hh.ru,137223685,"Бухгалтер на первичную документацию, учет заработной платы и банк-клиент",Продажи и клиентский сервис,Республика Адыгея,Майкоп,ООО УК Майкоп,50000.0,50000.0,RUR,50000.0,True,Опыт 1-3 года,,,,2026-09-13T11:44:57+03:00,https://hh.ru/vacancy/137223685,515,False
hh.ru,136648755,"Администратор ночной (Отель ""АДЫГЕЯ"")",Продажи и клиентский сервис,Республика Адыгея,"Майкоп, Пролетарская улица, 242",Гостиница Адыгея,70000.0,70000.0,RUR,70000.0,False,Опыт 1-3 года,,,,2026-09-13T11:44:57+03:00,https://hh.ru/vacancy/136648755,277,False
hh.ru,136962726,Администратор клиники,Продажи и клиентский сервис,Республика Адыгея,"посёлок городского типа Энем, улица Лермонтова, 29",Стоматологическая клиника Implant,45000.0,0.0,RUR,22500.0,False,Без опыта,,,,2026-09-13T11:44:57+03:00,https://hh.ru/vacancy/136962726,239,False
hh.ru,136917591,Администратор в компьютерный клуб,Продажи и клиентский сервис,Республика Адыгея,"посёлок городского типа Энем, Красная улица, 9Б",ИП Шуберт Ольга Эдуардовна,0.0,0.0,,,False,Без опыта,,,,2026-09-13T11:44:57+03:00,https://hh.ru/vacancy/136917591,178,False
hh.ru,136292829,Водитель,Транспорт и логистика,Республика Адыгея,"Майкоп, Железнодорожная улица, 332",АО ДСУ № 3,60000.0,100000.0,RUR,80000.0,True,Опыт 1-3 года,,,,2026-09-13T11:44:57+03:00,https://hh.ru/vacancy/136292829,624,False
hh.ru,136852108,Менеджер по продажам,Продажи и клиентский сервис,Республика Адыгея,"посёлок городского типа Яблоновский, улица Ленина, 39/1",Чистый Мир,100000.0,130000.0,RUR,115000.0,False,Опыт 1-3 года,,,,2026-09-13T11:44:57+03:00,https://hh.ru/vacancy/136852108,1423,False
hh.ru,136907216,Администратор,Продажи и клиентский сервис,Республика Адыгея,посёлок городского типа Яблоновский,ООО Медицина для всех,,,,,False,Опыт 1-3 года,,,,2026-09-13T11:44:57+03:00,https://hh.ru/vacancy/136907216,119,False
hh.ru,136996140,Руководитель направления международного e-commerce,Транспорт и логистика,Республика Адыгея,Майкоп,ИП Серединцев Никита Сергеевич,,,,,False,Опыт 1-3 года,,Удалённая работа,,2026-09-13T11:44:57+03:00,https://hh.ru/vacancy/136996140,2119,False
hh.ru,137160453,Специалист по планированию производства (Оператор 1С),Инженерия и производство,Республика Адыгея,"посёлок городского типа Яблоновский, Космическая улица, 55",ООО Жива Продукт Про,50000.0,55000.0,RUR,52500.0,False,Опыт 1-3 года,,,,2026-09-13T11:44:57+03:00,https://hh.ru/vacancy/137160453,2434,False
hh.ru,137249164,Бухгалтер,"Финансы, бухгалтерия и право",Республика Адыгея,"Майкоп, Заводская улица, 2",ООО Фармация,40000.0,40000.0,RUR,40000.0,False,Опыт 1-3 года,,,,2026-09-13T11:44:57+03:00,https://hh.ru/vacancy/137249164,462,False
hh.ru,136601086,Медик,Прочие профессии,Республика Адыгея,Майкоп,ООО Нева-ЮК,,,,,False,Опыт 1-3 года,,,,2026-09-13T11:44:57+03:00,https://hh.ru/vacancy/136601086,1295,False
hh.ru,137090351,Специалист службы безопасности,Охрана и безопасность,Республика Адыгея,"станица Даховская, улица Мира, 26А",ООО Даховская Слобода,,,,,False,Опыт 3-6 лет,,,,2026-09-13T11:44:57+03:00,https://hh.ru/vacancy/137090351,2501,False
hh.ru,137039389,Рабочий в археологическую экспедицию,Прочие профессии,Республика Адыгея,Майкоп,ООО Культурное наследие,50000.0,100000.0,RUR,75000.0,False,Без опыта,,,,2026-09-13T11:44:57+03:00,https://hh.ru/vacancy/137039389,2038,False
hh.ru,137223641,Педагог-воспитатель по раннему (комплексному) развитию,Образование и наука,Республика Адыгея,"Майкоп, улица К.А. Васильева, 1",Детский центр Могу Сам,750.0,0.0,RUR,375.0,True,Без опыта,,,,2026-09-13T11:44:57+03:00,https://hh.ru/vacancy/137223641,1815,False
hh.ru,125501547,Консультант чат поддержки Яндекс.Go (удаленно),Прочие профессии,Республика Адыгея,Майкоп,Яндекс Команда для бизнеса,37000.0,0.0,RUR,18500.0,True,Без опыта,,Удалённая работа,,2026-09-13T11:44:57+03:00,https://hh.ru/vacancy/125501547,1186,False
hh.ru,137095519,Водитель-экспедитор,Транспорт и логистика,Республика Адыгея,хутор Красный Мост,Здравница Лаго-Наки,45000.0,55000.0,RUR,50000.0,True,Опыт 1-3 года,,,,2026-09-13T11:44:57+03:00,https://hh.ru/vacancy/137095519,794,False
hh.ru,134105433,Менеджер по продажам в строительную компанию,Строительство и недвижимость,Республика Адыгея,"Майкоп, улица Хакурате, 233",ООО Специализированный застройщик ССК,120000.0,0.0,RUR,60000.0,False,Без опыта,,,,2026-09-13T11:44:57+03:00,https://hh.ru/vacancy/134105433,1434,False
hh.ru,137047178,Водитель в банк (доставка документов),Транспорт и логистика,Республика Адыгея,Майкоп,ООО Блеск,200000.0,0.0,RUR,100000.0,False,Без опыта,,,,2026-09-13T11:44:57+03:00,https://hh.ru/vacancy/137047178,693,False
hh.ru,136556020,Администратор медицинского центра,Медицина и фармацевтика,Республика Адыгея,"Майкоп, Кубанская улица, 36",ООО ВЕРТЕКС,,,,,False,Опыт 1-3 года,,,,2026-09-13T11:44:57+03:00,https://hh.ru/vacancy/136556020,251,False
hh.ru,136603251,Руководитель отдела административно обеспечения - помощник руководителя,Транспорт и логистика,Республика Адыгея,"Майкоп, улица Карла Маркса, 33",Движение Первых Республики Адыгея,60000.0,70000.0,RUR,65000.0,False,Опыт 1-3 года,,,,2026-09-13T11:44:57+03:00,https://hh.ru/vacancy/136603251,2125,False
hh.ru,137088702,Сборщик спортивных изделий,Прочие профессии,Республика Адыгея,"аул Тахтамукай, микрорайон Европейская Деревня, Восточная улица, 69/3",ADEGMA,60000.0,90000.0,RUR,75000.0,True,Без опыта,,,,2026-09-13T11:44:57+03:00,https://hh.ru/vacancy/137088702,2165,False
hh.ru,136546390,Бариста/пекарь,Продажи и клиентский сервис,Республика Адыгея,"аул Новая Адыгея, Береговая улица, 1/8",Туранова София Александровна,3200.0,4000.0,RUR,3600.0,False,Без опыта,,,,2026-09-13T11:44:57+03:00,https://hh.ru/vacancy/136546390,379,False
hh.ru,136799177,Маркетолог в пчеловодную компанию,"Маркетинг, медиа и дизайн",Республика Адыгея,"посёлок городского типа Яблоновский, Шоссейная улица, 80/2",Старый улей,50000.0,50000.0,RUR,50000.0,False,Опыт 1-3 года,,Удалённая работа,,2026-09-13T11:44:57+03:00,https://hh.ru/vacancy/136799177,1273,False
hh.ru,137042622,Оперативный дежурный,Прочие профессии,Республика Адыгея,"Майкоп, улица Хакурате, 642",Главное управление МЧС России по Республике Адыгея,27000.0,0.0,RUR,13500.0,True,Без опыта,,,,2026-09-13T11:44:57+03:00,https://hh.ru/vacancy/137042622,1618,False
hh.ru,137202771,Торговый представитель,Прочие профессии,Республика Адыгея,Майкоп,"Энергомикс, ГК",80000.0,80000.0,RUR,80000.0,False,Опыт 1-3 года,,,,2026-09-13T11:44:57+03:00,https://hh.ru/vacancy/137202771,2590,False
hh.ru,137052088,Менеджер по продажам,Продажи и клиентский сервис,Республика Адыгея,"аул Новая Адыгея, улица Тургеневское шоссе, 27/3",ООО КИРПИЧ GROUP,120000.0,120000.0,RUR,120000.0,False,Опыт 1-3 года,,,,2026-09-13T11:44:57+03:00,https://hh.ru/vacancy/137052088,1419,False
hh.ru,137261905,Водитель категории Е,Транспорт и логистика,Республика Алтай,Майма,ITECO,185000.0,250000.0,RUR,217500.0,True,Без опыта,,,,2026-09-13T11:44:57+03:00,https://hh.ru/vacancy/137261905,732,False
hh.ru,137100801,Мобильный банкир (начинающий специалист),"Финансы, бухгалтерия и право",Республика Алтай,Горно-Алтайск,Альфа-Банк. Работа без опыта,100000.0,190000.0,RUR,145000.0,True,Без опыта,,,,2026-09-13T11:44:57+03:00,https://hh.ru/vacancy/137100801,1531,False
hh.ru,136256716,Водитель-испытатель (категория B),Транспорт и логистика,Республика Алтай,"село Озёрное, микрорайон Курорт Манжерок, 1",ООО Производственные Резервы,121000.0,122000.0,RUR,121500.0,False,Опыт 1-3 года,,,,2026-09-13T11:44:57+03:00,https://hh.ru/vacancy/136256716,702,False
hh.ru,137060059,Менеджер по работе с соцсетями,Прочие профессии,Республика Алтай,Горно-Алтайск,ИП Ожмегова Дарья Евгеньевна,50000.0,100000.0,RUR,75000.0,True,Без опыта,,Удалённая работа,,2026-09-13T11:44:57+03:00,https://hh.ru/vacancy/137060059,1481,False
hh.ru,137201879,Бизнес-аналитик,Прочие профессии,Республика Алтай,"Горно-Алтайск, Коммунистический проспект, 35",ИП Бабаев Эльмар Фархад Оглы,70000.0,70000.0,RUR,70000.0,False,Опыт 1-3 года,,Удалённая работа,,2026-09-13T11:44:57+03:00,https://hh.ru/vacancy/137201879,389,False
hh.ru,136310998,"Руководитель строительного проекта (Общестрой, отель Лесотель, НЕ вахта)",Строительство и недвижимость,Республика Алтай,село Соузга,ООО Браво Дез,,,,,False,Опыт 3-6 лет,,,,2026-09-13T11:44:57+03:00,https://hh.ru/vacancy/136310998,2151,False
hh.ru,137076720,Специалист отдела качества в сфере банкротства,"Финансы, бухгалтерия и право",Республика Алтай,Горно-Алтайск,ИП Сулейманова Аселжан Айткурмановна,30000.0,35000.0,RUR,32500.0,False,Опыт 1-3 года,,Удалённая работа,,2026-09-13T11:44:57+03:00,https://hh.ru/vacancy/137076720,2342,False
hh.ru,137249036,Бизнес-ассистент основателя EndorphinTravel,Прочие профессии,Республика Алтай,Горно-Алтайск,ENDORPHIN TRAVEL,45000.0,60000.0,RUR,52500.0,True,Опыт 1-3 года,,Удалённая работа,,2026-09-13T11:44:57+03:00,https://hh.ru/vacancy/137249036,398,False
hh.ru,137251237,Дорожный рабочий,Прочие профессии,Республика Алтай,"Майминский район, аэропорт Горно-Алтайск, 2",АО ДСК АВТОБАН,165000.0,165000.0,RUR,165000.0,False,Опыт 1-3 года,,,,2026-09-13T11:44:57+03:00,https://hh.ru/vacancy/137251237,1009,False
hh.ru,137254744,Техник / предрейсовая медсестра / предрейсовый медбрат,Медицина и фармацевтика,Республика Алтай,"городской округ Бийск, Р-256 Чуйский тракт, 345-й километр",ООО Трансстроймеханизация,,,,,False,Опыт 1-3 года,,,,2026-09-13T11:44:57+03:00,https://hh.ru/vacancy/137254744,2578,False
hh.ru,137072532,Ночной администратор,Продажи и клиентский сервис,Республика Алтай,Алтайский район,ООО Апарт Проект,4000.0,0.0,RUR,2000.0,False,Без опыта,,,,2026-09-13T11:44:57+03:00,https://hh.ru/vacancy/137072532,1599,False
hh.ru,137179769,Продакт - менеджер,Прочие профессии,Республика Алтай,"Майминский район, Всесезонный горнолыжный комплекс Манжерок",Всесезонный курорт Манжерок,0.0,0.0,,,False,Без опыта,,,,2026-09-13T11:44:57+03:00,https://hh.ru/vacancy/137179769,2024,False
hh.ru,136834482,Младший консультант по подбору персонала,Прочие профессии,Республика Алтай,Горно-Алтайск,Persona Colta,0.0,0.0,,,False,Без опыта,,Удалённая работа,,2026-09-13T11:44:57+03:00,https://hh.ru/vacancy/136834482,1523,False
hh.ru,137067037,Агент персонального обслуживания,Прочие профессии,Республика Алтай,"Майминский район, аэропорт Горно-Алтайск",АО Аэропорт Горно-Алтайск,65000.0,0.0,RUR,32500.0,False,Без опыта,,,,2026-09-13T11:44:57+03:00,https://hh.ru/vacancy/137067037,51,False
hh.ru,136470535,Менеджер по персоналу (HRD),Прочие профессии,Республика Алтай,Горно-Алтайск,Ist hungary,,,,,False,Опыт более 6 лет,,Удалённая работа,,2026-09-13T11:44:57+03:00,https://hh.ru/vacancy/136470535,1406,False
hh.ru,137010560,Резидент-менеджер отеля 5 звезд,Прочие профессии,Республика Алтай,"Алтайский район, особая экономическая зона туристско-рекреационного типа Бирюзовая Катунь, 31",ООО Алтика,100000.0,100000.0,RUR,100000.0,False,Опыт 1-3 года,,,,2026-09-13T11:44:57+03:00,https://hh.ru/vacancy/137010560,2103,False
hh.ru,135003117,Менеджер СПА в банный комплекс Шале,Прочие профессии,Республика Алтай,село Озёрное,Всесезонный курорт Манжерок,93500.0,93500.0,RUR,93500.0,True,Опыт 1-3 года,,,,2026-09-13T11:44:57+03:00,https://hh.ru/vacancy/135003117,1507,False
hh.ru,137131777,Администратор службы приема и размещения,Продажи и клиентский сервис,Республика Алтай,Алтайский район,Дом Катунь,4000.0,4500.0,RUR,4250.0,False,Опыт 1-3 года,,,,2026-09-13T11:44:57+03:00,https://hh.ru/vacancy/137131777,315,False
hh.ru,137038407,Региональный директор,Управление,Республика Алтай,"село Майма, улица Энергетиков, 29Д",Ангар 18,130000.0,130000.0,RUR,130000.0,False,Опыт 1-3 года,,,,2026-09-13T11:44:57+03:00,https://hh.ru/vacancy/137038407,2076,False
hh.ru,137228714,Продавец-консультант в табачный магазин( Vape shop),Продажи и клиентский сервис,Республика Алтай,"село Майма, улица Берёзовая Роща, 9А",Моя Табакерка,52500.0,0.0,RUR,26250.0,True,Без опыта,,,,2026-09-13T11:44:57+03:00,https://hh.ru/vacancy/137228714,2012,False
hh.ru,136762743,Коммерческий директор,Управление,Республика Алтай,"Горно-Алтайск, улица Григория Чорос-Гуркина, 11/1",ООО Гармония здоровья,120000.0,120000.0,RUR,120000.0,True,Опыт 1-3 года,,,,2026-09-13T11:44:57+03:00,https://hh.ru/vacancy/136762743,1144,False
hh.ru,137045463,Продавец-консультант,Продажи и клиентский сервис,Республика Алтай,"Горно-Алтайск, Проточная улица, 16/1",ООО Фито пам,75000.0,95000.0,RUR,85000.0,True,Без опыта,,,,2026-09-13T11:44:57+03:00,https://hh.ru/vacancy/137045463,2002,False
hh.ru,136841029,Управляющий гостиницей в Горном Алтае (Манжерок),Управление,Республика Алтай,"село Озёрное, Приозёрный проезд, 1Б",Geometrika - lounge hotel (ИП Заблоцкая Лариса Юрьевна),100000.0,120000.0,RUR,110000.0,False,Опыт 1-3 года,,,,2026-09-13T11:44:57+03:00,https://hh.ru/vacancy/136841029,2628,False
hh.ru,137102966,Бухгалтер по учету ТМЦ,"Финансы, бухгалтерия и право",Республика Алтай,"село Майма, Алтайская улица, 2Ак4",АО Горно-Алтайские Каменные Карьеры,60000.0,70000.0,RUR,65000.0,False,Опыт 1-3 года,,,,2026-09-13T11:44:57+03:00,https://hh.ru/vacancy/137102966,546,False
hh.ru,136835511,"Продавец в Sber Shop, Отель-курорт Манжерок",Продажи и клиентский сервис,Республика Алтай,"село Озёрное, микрорайон Курорт Манжерок, 1",ООО СММ-Ритейл,60000.0,0.0,RUR,30000.0,False,Без опыта,,,,2026-09-13T11:44:57+03:00,https://hh.ru/vacancy/136835511,1978,False
hh.ru,137051925,Мастер/Производитель работ (земляные работы),Транспорт и логистика,Республика Алтай,Горно-Алтайск,ООО АТ Реновация,230000.0,230000.0,RUR,230000.0,False,Опыт 3-6 лет,,,,2026-09-13T11:44:57+03:00,https://hh.ru/vacancy/137051925,1283,False
hh.ru,132530882,Агент по регистрации пассажиров (Аэропорт),Прочие профессии,Республика Алтай,"Майминский район, аэропорт Горно-Алтайск",АО Аэропорт Горно-Алтайск,53000.0,63000.0,RUR,58000.0,False,Без опыта,,,,2026-09-13T11:44:57+03:00,https://hh.ru/vacancy/132530882,52,False
hh.ru,137236866,Ведущий специалист-эксперт (по ведению депозитного счета),Прочие профессии,Республика Алтай,"Горно-Алтайск, улица Ленина, 226с2",Управление Федеральной службы судебных приставов по Республике Алтай,50000.0,50000.0,RUR,50000.0,False,Опыт 1-3 года,,,,2026-09-13T11:44:57+03:00,https://hh.ru/vacancy/137236866,611,False
hh.ru,137102300,Бухгалтер по расчёту заработной платы,"Финансы, бухгалтерия и право",Республика Алтай,село Майма,ООО Велесстрой,130000.0,130000.0,RUR,130000.0,False,Опыт 1-3 года,,,,2026-09-13T11:44:57+03:00,https://hh.ru/vacancy/137102300,538,False
hh.ru,137237856,Менеджер ресторана,Прочие профессии,Республика Алтай,"Горно-Алтайск, Комсомольская улица, 18",ООО Игман,66000.0,66000.0,RUR,66000.0,False,Опыт 1-3 года,,,,2026-09-13T11:44:57+03:00,https://hh.ru/vacancy/137237856,1503,False
hh.ru,136873311,Ведущий системный администратор,Информационные технологии,Республика Алтай,"Белокуриха, улица Бреславского, 68",ООО Гранд -Крио Алтай,120000.0,120000.0,RUR,120000.0,False,Опыт 1-3 года,,,,2026-09-13T11:44:57+03:00,https://hh.ru/vacancy/136873311,573,False
hh.ru,137131791,Кладовщик,Транспорт и логистика,Республика Алтай,"село Майма, улица М. Глухарёва",ООО УК Селфстроит,80000.0,80000.0,RUR,80000.0,False,Опыт 1-3 года,,,,2026-09-13T11:44:57+03:00,https://hh.ru/vacancy/137131791,1137,False
hh.ru,137131877,Специалист (IT),Прочие профессии,Республика Алтай,"село Майма, улица Энергетиков, 26/1",ООО УК Селфстроит,60000.0,60000.0,RUR,60000.0,False,Опыт 1-3 года,,,,2026-09-13T11:44:57+03:00,https://hh.ru/vacancy/137131877,2284,False
hh.ru,136348979,Заместитель начальника отдела защиты информации,Управление,Республика Алтай,"Горно-Алтайск, улица Григория Чорос-Гуркина, 37",БУ РА Эл Телком,70000.0,0.0,RUR,35000.0,False,Без опыта,,,,2026-09-13T11:44:57+03:00,https://hh.ru/vacancy/136348979,1038,False
hh.ru,137127791,Руководитель службы приема и гостеприимства,Транспорт и логистика,Республика Алтай,"село Чепош, Родниковая улица, 84",ООО Бадан,150000.0,150000.0,RUR,150000.0,True,Опыт 3-6 лет,,,,2026-09-13T11:44:57+03:00,https://hh.ru/vacancy/137127791,2147,False
hh.ru,136905595,Специалист в офис по производству наклеек,Инженерия и производство,Алтайский край,"Барнаул, р-н Центральный",ИП Мелиев Илья Максимович,50000.0,0.0,RUR,25000.0,False,Без опыта,,,,2026-09-13T11:44:57+03:00,https://hh.ru/vacancy/136905595,2292,False
hh.ru,137010817,Администратор компьютерного клуба Boom gaming,Продажи и клиентский сервис,Алтайский край,"Барнаул, р-н Ленинский",ИП Белоус Александр Олегович,50000.0,60000.0,RUR,55000.0,False,Без опыта,,,,2026-09-13T11:44:57+03:00,https://hh.ru/vacancy/137010817,244,False
hh.ru,136550344,"Разнорабочий, помощник оператора лазерного станка",Рабочий и обслуживающий персонал,Алтайский край,"Барнаул, р-н Ленинский",ООО Барнаульский тракторный завод,100000.0,100000.0,RUR,100000.0,False,Опыт 1-3 года,,,,2026-09-13T11:44:57+03:00,https://hh.ru/vacancy/136550344,2067,False
hh.ru,136001437,Администратор медицинского центра,Медицина и фармацевтика,Алтайский край,"Барнаул, р-н Индустриальный",ООО Здоровое поколение,50000.0,0.0,RUR,25000.0,False,Без опыта,,,,2026-09-13T11:44:57+03:00,https://hh.ru/vacancy/136001437,252,False
hh.ru,136475219,Оператор контактного центра (без продаж),Продажи и клиентский сервис,Алтайский край,"Барнаул, р-н Октябрьский",ЭСКОР,50000.0,0.0,RUR,25000.0,False,Без опыта,,,,2026-09-13T11:44:57+03:00,https://hh.ru/vacancy/136475219,1665,False
hh.ru,136949278,Оператор склада (Бийск),Прочие профессии,Алтайский край,"Бийск, улица Петра Мерлина",Ozon Производство,17000.0,0.0,RUR,8500.0,True,Без опыта,,,,2026-09-13T11:44:57+03:00,https://hh.ru/vacancy/136949278,1706,False
hh.ru,137132914,Менеджер-операционист,Прочие профессии,Алтайский край,"Барнаул, р-н Индустриальный",Сталепромышленная компания,70000.0,70000.0,RUR,70000.0,False,Опыт 1-3 года,,,,2026-09-13T11:44:57+03:00,https://hh.ru/vacancy/137132914,1348,False
hh.ru,137049592,Специалист по сопровождению договоров,Прочие профессии,Алтайский край,"Барнаул, р-н Октябрьский",Группа компаний БТК,85000.0,85000.0,RUR,85000.0,False,Опыт 1-3 года,,,,2026-09-13T11:44:57+03:00,https://hh.ru/vacancy/137049592,2475,False
hh.ru,136380012,Судебный пристав-исполнитель в отделения судебных приставов Алтайского края,Прочие профессии,Алтайский край,"Барнаул, р-н Железнодорожный",Главное Управление Федеральной Службы Судебных Приставов по Алтайскому Краю,52000.0,75000.0,RUR,63500.0,False,Без опыта,,,,2026-09-13T11:44:57+03:00,https://hh.ru/vacancy/136380012,2556,False
hh.ru,137089983,Специалист товародвижения и документооборота,Прочие профессии,Алтайский край,"Барнаул, р-н Центральный","Армада, группа компаний",47000.0,0.0,RUR,23500.0,True,Без опыта,,,,2026-09-13T11:44:57+03:00,https://hh.ru/vacancy/137089983,2514,False
hh.ru,137047900,Администратор / Медицинский регистратор / Менеджер службы клиентского сервиса,Медицина и фармацевтика,Алтайский край,"Барнаул, р-н Индустриальный",КДЦ Детское здоровье,55000.0,55000.0,RUR,55000.0,False,Опыт 1-3 года,,,,2026-09-13T11:44:57+03:00,https://hh.ru/vacancy/137047900,250,False
hh.ru,136289928,"Бариста в ""Теплицу""",Продажи и клиентский сервис,Алтайский край,"Барнаул, р-н Железнодорожный",ИП Евтушевский Иван Евгеньевич,3000.0,3300.0,RUR,3150.0,False,Без опыта,,,,2026-09-13T11:44:57+03:00,https://hh.ru/vacancy/136289928,378,False
hh.ru,137229246,Специалист в отдел кадров,Прочие профессии,Алтайский край,"Бийск, Социалистическая улица, 1Л","Пермский пороховой завод, ФКП",77700.0,77700.0,RUR,77700.0,False,Опыт 3-6 лет,,,,2026-09-13T11:44:57+03:00,https://hh.ru/vacancy/137229246,2290,False
hh.ru,136708677,Администратор стоматологической клиники,Медицина и фармацевтика,Алтайский край,"Барнаул, р-н Индустриальный",Сеть стоматологических клиник СемьяДент,50600.0,50600.0,RUR,50600.0,False,Опыт 1-3 года,,,,2026-09-13T11:44:57+03:00,https://hh.ru/vacancy/136708677,324,False
hh.ru,137227688,Специалист,Прочие профессии,Алтайский край,"Бийск, улица Эдуарда Гейдека",АО Бийское Производственное Объединение Сибприбормаш,80000.0,80000.0,RUR,80000.0,False,Опыт 1-3 года,,,,2026-09-13T11:44:57+03:00,https://hh.ru/vacancy/137227688,2268,False
hh.ru,137030679,Водитель-экспедитор,Транспорт и логистика,Алтайский край,Барнаул,ООО Диво Алтая,150000.0,150000.0,RUR,150000.0,False,Опыт 3-6 лет,,,,2026-09-13T11:44:57+03:00,https://hh.ru/vacancy/137030679,801,False
hh.ru,136474893,"Мойщик посуды в Кафе Йель (Энтузиастов,55)",Прочие профессии,Алтайский край,"Барнаул, р-н Индустриальный",Yale Family Group,3200.0,0.0,RUR,1600.0,False,Без опыта,,,,2026-09-13T11:44:57+03:00,https://hh.ru/vacancy/136474893,1539,False
hh.ru,136620881,Специалист контрактной службы,Прочие профессии,Алтайский край,"Барнаул, р-н Центральный","КГБУЗ Городская больница №5, г. Барнаул",70000.0,0.0,RUR,35000.0,True,Без опыта,,,,2026-09-13T11:44:57+03:00,https://hh.ru/vacancy/136620881,2320,False
hh.ru,137195344,Юрисконсульт,Прочие профессии,Алтайский край,"Барнаул, р-н Центральный",Алтайская краевая нотариальная палата,45000.0,45000.0,RUR,45000.0,False,Опыт 1-3 года,,,,2026-09-13T11:44:57+03:00,https://hh.ru/vacancy/137195344,2707,False
hh.ru,137092888,Разнорабочий,Рабочий и обслуживающий персонал,Алтайский край,"Барнаул, р-н Октябрьский",ООО АС-Агро,100000.0,150000.0,RUR,125000.0,False,Без опыта,,,,2026-09-13T11:44:57+03:00,https://hh.ru/vacancy/137092888,2055,False
hh.ru,136825068,Менеджер по продажам в фитнес-клуб Рекорд,Продажи и клиентский сервис,Алтайский край,"Барнаул, р-н Индустриальный",ООО Мустанг-Сибирь,50000.0,120000.0,RUR,85000.0,False,Опыт 1-3 года,,,,2026-09-13T11:44:57+03:00,https://hh.ru/vacancy/136825068,1435,False
hh.ru,137055402,Операционный директор (COO),Управление,Алтайский край,"Барнаул, р-н Индустриальный",ИП Рогачевская Наталья Сергеевна,500000.0,500000.0,RUR,500000.0,False,Опыт 3-6 лет,,,,2026-09-13T11:44:57+03:00,https://hh.ru/vacancy/137055402,1739,False
hh.ru,136929185,Офис-менеджер,Прочие профессии,Алтайский край,"Барнаул, р-н Индустриальный",АО Комбинат школьного питания - Глобус,58500.0,0.0,RUR,29250.0,False,Без опыта,,,,2026-09-13T11:44:57+03:00,https://hh.ru/vacancy/136929185,1748,False
hh.ru,136814658,Администратор в студию растяжки,Продажи и клиентский сервис,Алтайский край,"Барнаул, р-н Центральный",Студия Растяжки Victoria Stretch,30000.0,60000.0,RUR,45000.0,False,Без опыта,,,,2026-09-13T11:44:57+03:00,https://hh.ru/vacancy/136814658,206,False
hh.ru,137092885,Водитель на 5 -тонник,Транспорт и логистика,Алтайский край,"Барнаул, р-н Октябрьский",ООО АС-Агро,120000.0,150000.0,RUR,135000.0,True,Опыт 1-3 года,,,,2026-09-13T11:44:57+03:00,https://hh.ru/vacancy/137092885,762,False
hh.ru,137158682,Project Manager веб-проектов,Управление,Алтайский край,"Барнаул, р-н Индустриальный",X3Group,70000.0,150000.0,RUR,110000.0,False,Опыт 1-3 года,,Удалённая работа,,2026-09-13T11:44:57+03:00,https://hh.ru/vacancy/137158682,30,False
hh.ru,137227177,Коммерческий директор (CCO),Управление,Алтайский край,"Барнаул, р-н Железнодорожный",РЕСТА,250000.0,500000.0,RUR,375000.0,True,Опыт 3-6 лет,,,,2026-09-13T11:44:57+03:00,https://hh.ru/vacancy/137227177,1147,False
hh.ru,137226815,Специалист по кадровому делопроизводству,Инженерия и производство,Алтайский край,"Барнаул, р-н Центральный",Администрация Города Барнаула Алтайского Края,54700.0,60000.0,RUR,57350.0,True,Без опыта,,,,2026-09-13T11:44:57+03:00,https://hh.ru/vacancy/137226815,2400,False
hh.ru,137023809,Управляющий заведением,Управление,Алтайский край,"Барнаул, р-н Железнодорожный",ИП Кривошеин Данила Андреевич,70000.0,70000.0,RUR,70000.0,False,Опыт 1-3 года,,,,2026-09-13T11:44:57+03:00,https://hh.ru/vacancy/137023809,2629,False
hh.ru,136570788,Администратор центрального холла,Продажи и клиентский сервис,Алтайский край,"Барнаул, р-н Центральный",КГБУЗ Алтайский краевой клинический перинатальный центр,40000.0,0.0,RUR,20000.0,False,Без опыта,,,,2026-09-13T11:44:57+03:00,https://hh.ru/vacancy/136570788,335,False
hh.ru,135107446,Водитель автомобиля,Транспорт и логистика,Алтайский край,"Барнаул, р-н Октябрьский",НПО Барнаульский завод котельного оборудования,100000.0,0.0,RUR,50000.0,False,Без опыта,,,,2026-09-13T11:44:57+03:00,https://hh.ru/vacancy/135107446,673,False
hh.ru,137243429,Администратор в ночной клуб,Продажи и клиентский сервис,Алтайский край,"Барнаул, р-н Железнодорожный",FrameHunt,100000.0,100000.0,RUR,100000.0,False,Опыт 1-3 года,,,,2026-09-13T11:44:57+03:00,https://hh.ru/vacancy/137243429,184,False
hh.ru,137061033,Водитель категории С,Транспорт и логистика,Алтайский край,"Барнаул, р-н Железнодорожный",ИП Агаев Дмитрий Александрович,100000.0,160000.0,RUR,130000.0,False,Опыт 1-3 года,,,,2026-09-13T11:44:57+03:00,https://hh.ru/vacancy/137061033,736,False
hh.ru,136668286,Администратор ресепшен в детский бассейн,Продажи и клиентский сервис,Алтайский край,"Барнаул, р-н Центральный","Акварика, сеть семейных бассейнов",39000.0,50000.0,RUR,44500.0,False,Без опыта,,,,2026-09-13T11:44:57+03:00,https://hh.ru/vacancy/136668286,296,False
hh.ru,137226569,Графический дизайнер,"Маркетинг, медиа и дизайн",Амурская область,"Белогорск, улица Серышева, 8",ООО ЛДЦ ОПТИМА,,,,,False,Опыт 3-6 лет,,Удалённая работа,,2026-09-13T11:44:57+03:00,https://hh.ru/vacancy/137226569,902,False
hh.ru,137232834,Графический дизайнер,"Маркетинг, медиа и дизайн",Амурская область,"Благовещенск, Зейская улица, 252",Автошкола За Рулем,50000.0,50000.0,RUR,50000.0,True,Опыт 1-3 года,,Удалённая работа,,2026-09-13T11:44:57+03:00,https://hh.ru/vacancy/137232834,897,False
hh.ru,136859352,Специалист службы безопасности,Охрана и безопасность,Амурская область,"Нерюнгринский район, вахтовый посёлок Эльгинский",АО Азот-Взрыв,250560.0,250560.0,RUR,250560.0,False,Опыт 1-3 года,,,,2026-09-13T11:44:57+03:00,https://hh.ru/vacancy/136859352,2499,False
hh.ru,136911997,Офис-менеджер,Прочие профессии,Амурская область,"Благовещенск, Краснофлотская улица, 55",Амуркарго,0.0,0.0,,,False,Без опыта,,,,2026-09-13T11:44:57+03:00,https://hh.ru/vacancy/136911997,1747,False
hh.ru,137203561,Бухгалтер-операционист,"Финансы, бухгалтерия и право",Амурская область,"Благовещенск, улица Калинина, 126",Freshblaga,75000.0,100000.0,RUR,87500.0,False,Опыт 1-3 года,,,,2026-09-13T11:44:57+03:00,https://hh.ru/vacancy/137203561,526,False
hh.ru,136391463,Менеджер по продажам,Продажи и клиентский сервис,Амурская область,"Благовещенск, улица Чайковского, 3",ООО Мэйфорт,100000.0,0.0,RUR,50000.0,False,Без опыта,,,,2026-09-13T11:44:57+03:00,https://hh.ru/vacancy/136391463,1420,False
hh.ru,137130288,Специалист 2 категории отдела перспективного развития,Прочие профессии,Амурская область,"Благовещенск, улица Шевченко, 32",АО Дальневосточная Распределительная Сетевая Компания,83000.0,0.0,RUR,41500.0,False,Без опыта,,,,2026-09-13T11:44:57+03:00,https://hh.ru/vacancy/137130288,2281,False
hh.ru,137047799,Водитель,Транспорт и логистика,Амурская область,Благовещенск,ИП Давыдов Александр Анатольевич,100000.0,0.0,RUR,50000.0,False,Без опыта,,,,2026-09-13T11:44:57+03:00,https://hh.ru/vacancy/137047799,632,False
hh.ru,137215372,Электромонтажник,Инженерия и производство,Амурская область,Белогорск,ЭРС Групп,180000.0,180000.0,RUR,180000.0,False,Опыт 1-3 года,,,,2026-09-13T11:44:57+03:00,https://hh.ru/vacancy/137215372,2699,False
hh.ru,136149453,Программист,Информационные технологии,Амурская область,"Благовещенск, Загородная улица, 117",ООО ПивоваровЪ,100000.0,120000.0,RUR,110000.0,True,Опыт 1-3 года,,,,2026-09-13T11:44:57+03:00,https://hh.ru/vacancy/136149453,1973,False
hh.ru,136757452,Администратор,Продажи и клиентский сервис,Амурская область,"Благовещенск, площадь Ленина, 1",ИП Машталер Анастасия Игоревна,60000.0,130000.0,RUR,95000.0,False,Без опыта,,,,2026-09-13T11:44:57+03:00,https://hh.ru/vacancy/136757452,93,False
hh.ru,137240311,Специалист отдела кадров,Прочие профессии,Амурская область,"Свободный, Управленческая улица, 35",ООО УЭС,60000.0,0.0,RUR,30000.0,False,Без опыта,,,,2026-09-13T11:44:57+03:00,https://hh.ru/vacancy/137240311,2340,False
hh.ru,137090107,"Государственный инспектор отдела автотранспортного надзора (Благовещенск, Шевченко, 20)",Прочие профессии,Амурская область,"Благовещенск, улица Шевченко, 20",ТОГАДН по Амурской области МТУ Ространснадзора по ДФО,60000.0,85000.0,RUR,72500.0,True,Без опыта,,,,2026-09-13T11:44:57+03:00,https://hh.ru/vacancy/137090107,889,False
hh.ru,137198403,Администратор,Продажи и клиентский сервис,Амурская область,Благовещенск,Студия загара Загорай,50000.0,0.0,RUR,25000.0,False,Без опыта,,,,2026-09-13T11:44:57+03:00,https://hh.ru/vacancy/137198403,138,False
hh.ru,137184441,Офис-менеджер,Прочие профессии,Амурская область,"Свободный, улица Ленина, 38",ИП Сгибнева Анна Олеговна,50000.0,70000.0,RUR,60000.0,False,Без опыта,,,,2026-09-13T11:44:57+03:00,https://hh.ru/vacancy/137184441,1755,False
hh.ru,135499754,Сборщик на склад,Прочие профессии,Амурская область,"Благовещенск, квартал ЗПУ-2",ООО ДРУЖИНА,2500.0,5500.0,RUR,4000.0,False,Без опыта,,,,2026-09-13T11:44:57+03:00,https://hh.ru/vacancy/135499754,2158,False
hh.ru,137232745,Кассир,Продажи и клиентский сервис,Амурская область,"Благовещенск, Красноармейская улица, 125",ООО Клиника семейной медицины,65000.0,65000.0,RUR,65000.0,False,Опыт 1-3 года,,,,2026-09-13T11:44:57+03:00,https://hh.ru/vacancy/137232745,1123,False
hh.ru,137258165,Менеджер маркетплейсов,"Маркетинг, медиа и дизайн",Амурская область,Благовещенск,ИП Петрова Ольга Владимировна,3000.0,0.0,RUR,1500.0,False,Без опыта,,,,2026-09-13T11:44:57+03:00,https://hh.ru/vacancy/137258165,1337,False
hh.ru,137192123,Администратор службы приёма и размещения,Продажи и клиентский сервис,Амурская область,"Благовещенск, Пионерская улица, 4",ООО Отельер,65000.0,0.0,RUR,32500.0,True,Без опыта,,,,2026-09-13T11:44:57+03:00,https://hh.ru/vacancy/137192123,316,False
hh.ru,137092943,Бухгалтер,"Финансы, бухгалтерия и право",Амурская область,"Благовещенск, Советский переулок, 65/1",АО Асфальт,80000.0,80000.0,RUR,80000.0,False,Опыт 3-6 лет,,,,2026-09-13T11:44:57+03:00,https://hh.ru/vacancy/137092943,411,False
hh.ru,136425483,Оператор контактного центра,Прочие профессии,Амурская область,"Благовещенск, улица Воронкова, 26",ГБУЗ Амурский медицинский информационно - аналитический центр,53000.0,60000.0,RUR,56500.0,False,Без опыта,,,,2026-09-13T11:44:57+03:00,https://hh.ru/vacancy/136425483,1662,False
hh.ru,137035891,Делопроизводитель,Транспорт и логистика,Амурская область,Белогорский муниципальный округ,ООО Элеваторспецстрой,100000.0,100000.0,RUR,100000.0,False,Опыт 1-3 года,,,,2026-09-13T11:44:57+03:00,https://hh.ru/vacancy/137035891,934,False
hh.ru,137226249,Заместитель главного бухгалтера,"Финансы, бухгалтерия и право",Амурская область,"Благовещенск, улица Чайковского, 16",ГПОАУ Благовещенский политехнический колледж,90000.0,0.0,RUR,45000.0,False,Без опыта,,,,2026-09-13T11:44:57+03:00,https://hh.ru/vacancy/137226249,1019,False
hh.ru,136282543,"Инженер / Ведущий инженер ПТО (проект АГПЗ, г. Свободный)",Инженерия и производство,Амурская область,Свободный,ООО РХИ,,,,,False,Опыт 1-3 года,,,,2026-09-13T11:44:57+03:00,https://hh.ru/vacancy/136282543,1062,False
hh.ru,137132299,Редактор,"Маркетинг, медиа и дизайн",Амурская область,"Благовещенск, улица Ленина, 160",ГБУ Агентство АмурМедиа,65000.0,70000.0,RUR,67500.0,True,Опыт 1-3 года,,,,2026-09-13T11:44:57+03:00,https://hh.ru/vacancy/137132299,2095,False
hh.ru,137088473,Водитель-охранник,Транспорт и логистика,Амурская область,"Благовещенск, улица Горького, 17/1",ООО ЧОО Троя,120000.0,120000.0,RUR,120000.0,False,Опыт 1-3 года,,,,2026-09-13T11:44:57+03:00,https://hh.ru/vacancy/137088473,771,False
hh.ru,137231122,Машинист котельной установки,Транспорт и логистика,Амурская область,"Благовещенск, Партизанская улица, 89/1",ООО УК ХАС ГРУПП,250000.0,250000.0,RUR,250000.0,False,Опыт 1-3 года,,,,2026-09-13T11:44:57+03:00,https://hh.ru/vacancy/137231122,1292,False
hh.ru,137201140,Старший руководитель проектов,Транспорт и логистика,Амурская область,"Благовещенск, Краснофлотская улица, 123",АНО Агентство Гостеприимства Амурской Области,100200.0,100200.0,RUR,100200.0,False,Опыт 1-3 года,,,,2026-09-13T11:44:57+03:00,https://hh.ru/vacancy/137201140,2542,False
hh.ru,136379498,Заместитель начальника отдела охраны окружающей среды и экологической экспертизы минприроды области,Управление,Амурская область,"Благовещенск, улица Ленина, 135",Правительство Амурской области,65000.0,122000.0,RUR,93500.0,False,Опыт 1-3 года,,,,2026-09-13T11:44:57+03:00,https://hh.ru/vacancy/136379498,1040,False
hh.ru,137239558,Разнорабочий,Рабочий и обслуживающий персонал,Амурская область,Благовещенск (Амурская область),ООО Вертикаль,150000.0,180000.0,RUR,165000.0,False,Без опыта,,,,2026-09-13T11:44:57+03:00,https://hh.ru/vacancy/137239558,2056,False
hh.ru,137270730,Старший бухгалтер,"Финансы, бухгалтерия и право",Амурская область,"Благовещенск, Пионерская улица, 200",ИП Карпова Оксана Владимировна,100000.0,150000.0,RUR,125000.0,True,Опыт 1-3 года,,,,2026-09-13T11:44:57+03:00,https://hh.ru/vacancy/137270730,2528,False
hh.ru,137185916,Мастер СМР,Рабочий и обслуживающий персонал,Амурская область,Благовещенск (Амурская область),ООО Атлас Майнинг,336000.0,346000.0,RUR,341000.0,False,Опыт 1-3 года,,,,2026-09-13T11:44:57+03:00,https://hh.ru/vacancy/137185916,1285,False
hh.ru,137242120,Директор филиала,Управление,Амурская область,"Благовещенск, улица Калинина, 126",ПЭК / Офис,,,,,False,Опыт 3-6 лет,,,,2026-09-13T11:44:57+03:00,https://hh.ru/vacancy/137242120,978,False
hh.ru,137182248,Бизнес-ассистент,Прочие профессии,Амурская область,Благовещенск (Амурская область),ИП Дубняк Андрей Владимирович,10000.0,150000.0,RUR,80000.0,True,Без опыта,,Удалённая работа,,2026-09-13T11:44:57+03:00,https://hh.ru/vacancy/137182248,392,False
hh.ru,137009154,Комплектовщик (оператор склада),Транспорт и логистика,Архангельская область,Северодвинск,Мясницкий ряд,204800.0,235000.0,RUR,219900.0,False,Без опыта,,,,2026-09-13T11:44:57+03:00,https://hh.ru/vacancy/137009154,1161,False
hh.ru,135667858,Курьер в сервис Яндекс Еда (заказы до 3 кг),Транспорт и логистика,Архангельская область,Северодвинск,Яндекс.Еда,190000.0,0.0,RUR,95000.0,True,Без опыта,,,,2026-09-13T11:44:57+03:00,https://hh.ru/vacancy/135667858,1221,False
hh.ru,137164286,Секретарь учебной части,Прочие профессии,Архангельская область,"Архангельск, р-н Майская Горка",ГАПОУ АО Архангельский торгово-экономический колледж,46058.0,0.0,RUR,23029.0,False,Без опыта,,,,2026-09-13T11:44:57+03:00,https://hh.ru/vacancy/137164286,2196,False
hh.ru,137251745,Помощник представителя на заводе,Прочие профессии,Архангельская область,"Архангельск, р-н Октябрьский",Российский Промышленный Сервис,80000.0,80000.0,RUR,80000.0,False,Опыт 1-3 года,,,,2026-09-13T11:44:57+03:00,https://hh.ru/vacancy/137251745,1931,False
hh.ru,136534920,Специалист отдела по работе с населением,Прочие профессии,Архангельская область,"Архангельск, р-н Ломоносовский",ООО РВК-Архангельск,57000.0,57000.0,RUR,57000.0,False,Опыт 1-3 года,,,,2026-09-13T11:44:57+03:00,https://hh.ru/vacancy/136534920,2351,False
hh.ru,137217315,Бухгалтер импорт,"Финансы, бухгалтерия и право",Архангельская область,"Архангельск, р-н Ломоносовский",ИП Парфенов Дмитрий Алексеевич,85000.0,100000.0,RUR,92500.0,False,Опыт 1-3 года,,,,2026-09-13T11:44:57+03:00,https://hh.ru/vacancy/137217315,472,False
hh.ru,136896014,Специалист поддержки,Прочие профессии,Архангельская область,Новодвинск,"Банк ВТБ (ПАО), Сеть и контакт-центр",80875.0,0.0,RUR,40437.5,True,Без опыта,,Удалённая работа,,2026-09-13T11:44:57+03:00,https://hh.ru/vacancy/136896014,2494,False
hh.ru,137100479,Водитель автомобиля 5а разряда транспортного участка автобазы,Транспорт и логистика,Архангельская область,вахтовый посёлок Светлый,АО Севералмаз,85000.0,85000.0,RUR,85000.0,False,Опыт 3-6 лет,,,,2026-09-13T11:44:57+03:00,https://hh.ru/vacancy/137100479,680,False
hh.ru,137159497,Специалист по клиентскому сервису,Продажи и клиентский сервис,Архангельская область,"Архангельск, р-н Ломоносовский",РЖД-Медицина,70000.0,70000.0,RUR,70000.0,True,Опыт 1-3 года,,,,2026-09-13T11:44:57+03:00,https://hh.ru/vacancy/137159497,2406,False
hh.ru,137148309,Заместитель директора представительства,Управление,Архангельская область,"Архангельск, р-н Октябрьский",Carcade Leasing,250000.0,250000.0,RUR,250000.0,True,Опыт 3-6 лет,,,,2026-09-13T11:44:57+03:00,https://hh.ru/vacancy/137148309,1034,False
hh.ru,136851207,Военнослужащий по контракту на архипелаге Новая Земля,Прочие профессии,Архангельская область,рабочий посёлок Белушья Губа,12 Главное управление Министерства обороны по Хабаровскому краю,85000.0,160000.0,RUR,122500.0,False,Без опыта,,,,2026-09-13T11:44:57+03:00,https://hh.ru/vacancy/136851207,822,False
hh.ru,137123245,Юрисконсульт,Прочие профессии,Архангельская область,"Архангельск, р-н Октябрьский",ООО Петролеум,100000.0,100000.0,RUR,100000.0,False,Опыт 1-3 года,,,,2026-09-13T11:44:57+03:00,https://hh.ru/vacancy/137123245,2711,False
hh.ru,137141888,"Водитель , экспедитор, грузчик",Транспорт и логистика,Архангельская область,"Архангельск, р-н Ломоносовский",ООО Тепло-энергетическое предприятие Архангельских котельных,60000.0,60000.0,RUR,60000.0,False,Опыт 3-6 лет,,,,2026-09-13T11:44:57+03:00,https://hh.ru/vacancy/137141888,810,False
hh.ru,136347682,Специалист по охране труда / Помощник,Прочие профессии,Архангельская область,"Архангельск, р-н Ломоносовский",ООО КИТ,30000.0,30000.0,RUR,30000.0,False,Опыт 1-3 года,,Удалённая работа,,2026-09-13T11:44:57+03:00,https://hh.ru/vacancy/136347682,2427,False
hh.ru,137210090,Руководитель отдела продаж,Транспорт и логистика,Архангельская область,Архангельск,,120000.0,150000.0,RUR,135000.0,False,Опыт 3-6 лет,,,,2026-09-13T11:44:57+03:00,https://hh.ru/vacancy/137210090,2129,False
hh.ru,137098820,Медицинский статистик,Медицина и фармацевтика,Архангельская область,"Архангельск, р-н Ломоносовский",ГАУЗ АО АКОБ,45000.0,50000.0,RUR,47500.0,False,Без опыта,,,,2026-09-13T11:44:57+03:00,https://hh.ru/vacancy/137098820,1307,False
hh.ru,135538049,Помощник руководителя,Прочие профессии,Архангельская область,"Архангельск, р-н Октябрьский",ООО Пирс Бункер-Сервис,65000.0,0.0,RUR,32500.0,False,Без опыта,,,,2026-09-13T11:44:57+03:00,https://hh.ru/vacancy/135538049,1942,False
hh.ru,136157650,Помощник бухгалтера,"Финансы, бухгалтерия и право",Архангельская область,"Архангельск, р-н Ломоносовский",ООО Международный центр колокольного искусства,65000.0,0.0,RUR,32500.0,False,Без опыта,,,,2026-09-13T11:44:57+03:00,https://hh.ru/vacancy/136157650,1890,False
hh.ru,137211464,Кладовщик,Транспорт и логистика,Архангельская область,"Северодвинск, Архангельское шоссе, 22",АО Северная Империя,70600.0,0.0,RUR,35300.0,False,Без опыта,,,,2026-09-13T11:44:57+03:00,https://hh.ru/vacancy/137211464,1130,False
hh.ru,137203744,Менеджер по закупкам и снабжению,Прочие профессии,Архангельская область,"Архангельск, р-н Октябрьский",ООО Судовая Снабжающая Компания,20000.0,50000.0,RUR,35000.0,False,Без опыта,,Удалённая работа,,2026-09-13T11:44:57+03:00,https://hh.ru/vacancy/137203744,1372,False
hh.ru,137116326,Бухгалтер,"Финансы, бухгалтерия и право",Архангельская область,"Архангельск, р-н Ломоносовский",ООО Мортэк,,,,,False,Опыт 3-6 лет,,,,2026-09-13T11:44:57+03:00,https://hh.ru/vacancy/137116326,441,False
hh.ru,137233923,Начальник информационно-методического отдела,Управление,Архангельская область,"Архангельск, р-н Майская Горка",ГАУ Архангельской области Центр детского отдыха Северный Артек,82000.0,82000.0,RUR,82000.0,False,Опыт 3-6 лет,,,,2026-09-13T11:44:57+03:00,https://hh.ru/vacancy/137233923,1559,False
hh.ru,136862243,Администратор,Продажи и клиентский сервис,Архангельская область,"Архангельск, р-н Соломбальский",ООО Бесконечность,2500.0,4800.0,RUR,3650.0,False,Опыт 1-3 года,,,,2026-09-13T11:44:57+03:00,https://hh.ru/vacancy/136862243,109,False
hh.ru,137248339,Офис-менеджер (бухгалтер на первичную документацию),"Финансы, бухгалтерия и право",Архангельская область,"Архангельск, р-н Соломбальский",ООО А29,50000.0,50000.0,RUR,50000.0,False,Опыт 1-3 года,,,,2026-09-13T11:44:57+03:00,https://hh.ru/vacancy/137248339,1777,False
hh.ru,137065826,Диспетчер,Транспорт и логистика,Архангельская область,"Архангельск, р-н Ломоносовский",ООО ЭкоПрофи,55000.0,60000.0,RUR,57500.0,False,Опыт 1-3 года,,,,2026-09-13T11:44:57+03:00,https://hh.ru/vacancy/137065826,988,False
hh.ru,137118924,Управляющий рестораном (pre-opening),Управление,Архангельская область,Северодвинск,ООО ПИВЗАВОД,100000.0,100000.0,RUR,100000.0,False,Опыт 3-6 лет,,,,2026-09-13T11:44:57+03:00,https://hh.ru/vacancy/137118924,2636,False
hh.ru,137220630,Мастер на производство,Инженерия и производство,Архангельская область,"Архангельск, р-н Октябрьский",ООО Лист,40000.0,0.0,RUR,20000.0,False,Без опыта,,,,2026-09-13T11:44:57+03:00,https://hh.ru/vacancy/137220630,1280,False
hh.ru,137199357,Помощник главного бухгалтера/старший бухгалтер/экономист,"Финансы, бухгалтерия и право",Архангельская область,"Котлас, проспект Мира, 43",ООО Алтиус,80000.0,100000.0,RUR,90000.0,True,Опыт 3-6 лет,,,,2026-09-13T11:44:57+03:00,https://hh.ru/vacancy/137199357,1905,False
hh.ru,137238904,"Водитель-экспедитор (категория В, С)",Транспорт и логистика,Архангельская область,Архангельск,ООО Архгид,90000.0,90000.0,RUR,90000.0,False,Опыт 1-3 года,,,,2026-09-13T11:44:57+03:00,https://hh.ru/vacancy/137238904,817,False
hh.ru,137023079,Администратор,Продажи и клиентский сервис,Архангельская область,"Архангельск, р-н Ломоносовский",КЛУБНИКА В ШОКОЛАДЕ 29,35000.0,50000.0,RUR,42500.0,False,Опыт 1-3 года,,,,2026-09-13T11:44:57+03:00,https://hh.ru/vacancy/137023079,100,False
hh.ru,137069785,Логист,Транспорт и логистика,Архангельская область,"Архангельск, р-н Ломоносовский",ООО Маламут Транс,80000.0,80000.0,RUR,80000.0,False,Опыт 1-3 года,,,,2026-09-13T11:44:57+03:00,https://hh.ru/vacancy/137069785,1268,False
hh.ru,137090898,Электромонтер по ремонту и обслуживанию электрооборудования,Инженерия и производство,Архангельская область,Архангельская область,ООО Азбука Персонала,799200.0,799200.0,RUR,799200.0,False,Опыт 3-6 лет,,,,2026-09-13T11:44:57+03:00,https://hh.ru/vacancy/137090898,2701,False
hh.ru,136314749,Медицинский регистратор,Медицина и фармацевтика,Архангельская область,"Архангельск, р-н Ломоносовский",ООО Офтальмологическая Лазерная Клиника,57800.0,57800.0,RUR,57800.0,True,Опыт 1-3 года,,,,2026-09-13T11:44:57+03:00,https://hh.ru/vacancy/136314749,1305,False
hh.ru,137234875,Менеджер по связям с общественностью,Прочие профессии,Архангельская область,"Архангельск, р-н Майская Горка",ГАУ Архангельской области Центр детского отдыха Северный Артек,46240.0,46240.0,RUR,46240.0,False,Опыт 1-3 года,,,,2026-09-13T11:44:57+03:00,https://hh.ru/vacancy/137234875,1488,False
hh.ru,136837576,Кассир,Продажи и клиентский сервис,Астраханская область,Астрахань,Додо Пицца Россия,0.0,0.0,,,False,Без опыта,,,,2026-09-13T11:44:57+03:00,https://hh.ru/vacancy/136837576,1115,False
hh.ru,136844923,Складской работник,Прочие профессии,Астраханская область,Астрахань,Пятёрочка. Распределительные центры,120100.0,144100.0,RUR,132100.0,True,Без опыта,,,,2026-09-13T11:44:57+03:00,https://hh.ru/vacancy/136844923,2227,False
hh.ru,135667756,Курьер в сервис Яндекс Еда (заказы до 3 кг),Транспорт и логистика,Астраханская область,Астрахань,Яндекс.Еда,190000.0,0.0,RUR,95000.0,True,Без опыта,,,,2026-09-13T11:44:57+03:00,https://hh.ru/vacancy/135667756,1222,False
hh.ru,137068681,Менеджер по продажам в переписке (онлайн-школа),Продажи и клиентский сервис,Астраханская область,Астрахань,ООО Онлиум,60000.0,150000.0,RUR,105000.0,True,Опыт 1-3 года,,Удалённая работа,,2026-09-13T11:44:57+03:00,https://hh.ru/vacancy/137068681,1431,False
hh.ru,136714673,Специалист отдела кадров,Прочие профессии,Астраханская область,"Астрахань, р-н Кировский",ЛУКОЙЛ,76000.0,76000.0,RUR,76000.0,False,Опыт 1-3 года,,,,2026-09-13T11:44:57+03:00,https://hh.ru/vacancy/136714673,2338,False
hh.ru,137068686,Личный бизнес-ассистент / Помощник руководителя в онлайн-школу удаленных профессий,Прочие профессии,Астраханская область,Астрахань,ООО Онлиум,50000.0,100000.0,RUR,75000.0,True,Опыт 1-3 года,,Удалённая работа,,2026-09-13T11:44:57+03:00,https://hh.ru/vacancy/137068686,1250,False
hh.ru,137130590,Специалист по интернет-заявкам,Прочие профессии,Астраханская область,Астрахань,Шустовская Мария Андреевна,55000.0,75000.0,RUR,65000.0,False,Без опыта,,Удалённая работа,,2026-09-13T11:44:57+03:00,https://hh.ru/vacancy/137130590,2390,False
hh.ru,137159640,Руководитель дополнительного офиса,Транспорт и логистика,Астраханская область,"Астрахань, р-н Кировский",АО НПФ Газфонд пенсионные накопления,90000.0,90000.0,RUR,90000.0,True,Опыт 1-3 года,,,,2026-09-13T11:44:57+03:00,https://hh.ru/vacancy/137159640,2115,False
hh.ru,136779103,Администратор в клинику (на телефон),Продажи и клиентский сервис,Астраханская область,"Астрахань, р-н Советский",ООО Консилиум,45000.0,60000.0,RUR,52500.0,True,Без опыта,,,,2026-09-13T11:44:57+03:00,https://hh.ru/vacancy/136779103,174,False
hh.ru,136560467,Администратор в клинику (стойка ресепшен),Продажи и клиентский сервис,Астраханская область,"Астрахань, р-н Советский",ООО Консилиум,45000.0,60000.0,RUR,52500.0,True,Без опыта,,,,2026-09-13T11:44:57+03:00,https://hh.ru/vacancy/136560467,175,False
hh.ru,137040967,Оператор отдела продаж,Продажи и клиентский сервис,Астраханская область,Астрахань,ООО Компания ОфиСити,60000.0,80000.0,RUR,70000.0,False,Опыт 3-6 лет,,Удалённая работа,,2026-09-13T11:44:57+03:00,https://hh.ru/vacancy/137040967,1677,False
hh.ru,137158472,Администратор клиники,Продажи и клиентский сервис,Астраханская область,"Астрахань, р-н Советский",ООО Гинеклин,45000.0,50000.0,RUR,47500.0,True,Без опыта,,,,2026-09-13T11:44:57+03:00,https://hh.ru/vacancy/137158472,236,False
hh.ru,136701609,Менеджер по продажам в переписке (кастомизированная одежда),Продажи и клиентский сервис,Астраханская область,Астрахань,ИП Ахтямова Айгуль Азатовна,60000.0,150000.0,RUR,105000.0,True,Опыт 1-3 года,,Удалённая работа,,2026-09-13T11:44:57+03:00,https://hh.ru/vacancy/136701609,1430,False
hh.ru,136492632,Секретарь руководителя,Прочие профессии,Астраханская область,"Астрахань, р-н Ленинский",ООО Премиум,50000.0,50000.0,RUR,50000.0,False,Опыт 1-3 года,,,,2026-09-13T11:44:57+03:00,https://hh.ru/vacancy/136492632,2190,False
hh.ru,137157232,Разнорабочий,Рабочий и обслуживающий персонал,Астраханская область,"Астрахань, р-н Советский",ИП Лапина Юлия Юрьевна,80000.0,80000.0,RUR,80000.0,False,Опыт 1-3 года,,,,2026-09-13T11:44:57+03:00,https://hh.ru/vacancy/137157232,2052,False
hh.ru,137249283,Руководитель проектов,Транспорт и логистика,Астраханская область,"Астрахань, р-н Кировский",Движение Первых (Общероссийское общественно-государственное движение детей и молодежи),,,,,False,Опыт 1-3 года,,,,2026-09-13T11:44:57+03:00,https://hh.ru/vacancy/137249283,2143,False
hh.ru,137025039,Администратор в центр семейного образования,Продажи и клиентский сервис,Астраханская область,"Астрахань, р-н Кировский",Семейная школа Смышлёныш,35000.0,50000.0,RUR,42500.0,True,Без опыта,,,,2026-09-13T11:44:57+03:00,https://hh.ru/vacancy/137025039,209,False
hh.ru,137256075,Технический директор/Суперинтендант,Управление,Астраханская область,"Астрахань, р-н Трусовский",ООО АстраПорт Шиппинг,,,,,False,Опыт 3-6 лет,,,,2026-09-13T11:44:57+03:00,https://hh.ru/vacancy/137256075,2581,False
hh.ru,137151603,Диспетчер,Транспорт и логистика,Астраханская область,"Астрахань, р-н Ленинский",ООО Аргумент,30000.0,0.0,RUR,15000.0,False,Без опыта,,,,2026-09-13T11:44:57+03:00,https://hh.ru/vacancy/137151603,984,False
hh.ru,137139602,Экономист / финансовый менеджер,"Финансы, бухгалтерия и право",Астраханская область,"Астрахань, р-н Кировский",SIBIRYA AGRO TRADING,60000.0,100000.0,RUR,80000.0,False,Без опыта,,,,2026-09-13T11:44:57+03:00,https://hh.ru/vacancy/137139602,2688,False
hh.ru,137088937,Бухгалтер,"Финансы, бухгалтерия и право",Астраханская область,"Астрахань, р-н Кировский",ООО Современные ярмарки,40000.0,50000.0,RUR,45000.0,False,Опыт 3-6 лет,,,,2026-09-13T11:44:57+03:00,https://hh.ru/vacancy/137088937,455,False
hh.ru,137166947,Специалист по кадрам,Прочие профессии,Астраханская область,"Астрахань, р-н Кировский",ООО Эверест,60000.0,60000.0,RUR,60000.0,True,Опыт 1-3 года,,,,2026-09-13T11:44:57+03:00,https://hh.ru/vacancy/137166947,2394,False
hh.ru,137141877,Разнорабочий,Рабочий и обслуживающий персонал,Астраханская область,"Астрахань, р-н Трусовский",ООО КАСПИЙСКАЯ ЗЕРНОВАЯ КОМПАНИЯ,70000.0,75000.0,RUR,72500.0,False,Опыт 1-3 года,,,,2026-09-13T11:44:57+03:00,https://hh.ru/vacancy/137141877,2057,False
hh.ru,133958150,Инспектор по защите объектов Астраханского ГПЗ,Прочие профессии,Астраханская область,Красноярский муниципальный округ,ООО Газпром переработка,150000.0,170000.0,RUR,160000.0,False,Без опыта,,,,2026-09-13T11:44:57+03:00,https://hh.ru/vacancy/133958150,1100,False
hh.ru,137185336,Бухгалтер по учету материальных ценностей,"Финансы, бухгалтерия и право",Астраханская область,"Астрахань, р-н Советский",ГБУЗ АО Клинический родильный дом им. Ю.А. Пасхаловой,45000.0,0.0,RUR,22500.0,True,Без опыта,,,,2026-09-13T11:44:57+03:00,https://hh.ru/vacancy/137185336,545,False
hh.ru,137098835,Директор по маркетингу (CMO),"Маркетинг, медиа и дизайн",Астраханская область,"Астрахань, р-н Кировский",Ванлав,,,,,False,Опыт 3-6 лет,,,,2026-09-13T11:44:57+03:00,https://hh.ru/vacancy/137098835,967,False
hh.ru,137251831,Заместитель главного врача по обеспечению информационной безопасности,Медицина и фармацевтика,Астраханская область,"Астрахань, р-н Ленинский",ГБУЗ АО АМОКБ,100000.0,100000.0,RUR,100000.0,True,Опыт 3-6 лет,,,,2026-09-13T11:44:57+03:00,https://hh.ru/vacancy/137251831,1024,False
hh.ru,137166945,Бухгалтер на первичную документацию,"Финансы, бухгалтерия и право",Астраханская область,"Астрахань, р-н Кировский",ООО Эверест,45000.0,45000.0,RUR,45000.0,True,Опыт 1-3 года,,,,2026-09-13T11:44:57+03:00,https://hh.ru/vacancy/137166945,507,False
hh.ru,136533590,Оператор-диспетчер,Транспорт и логистика,Астраханская область,"Астрахань, р-н Кировский",ООО НИПФ Ярканон,45000.0,55000.0,RUR,50000.0,False,Без опыта,,,,2026-09-13T11:44:57+03:00,https://hh.ru/vacancy/136533590,1654,False
hh.ru,137199590,Водитель-экспедитор,Транспорт и логистика,Астраханская область,"Астрахань, р-н Кировский",ООО ПКК Астрасоль,130000.0,200000.0,RUR,165000.0,True,Опыт 1-3 года,,,,2026-09-13T11:44:57+03:00,https://hh.ru/vacancy/137199590,805,False
hh.ru,137037968,Фасовщица/фасовщик,Прочие профессии,Астраханская область,"Астрахань, р-н Советский",Кондитерский цех,66000.0,77000.0,RUR,71500.0,False,Без опыта,,,,2026-09-13T11:44:57+03:00,https://hh.ru/vacancy/137037968,2658,False
hh.ru,136927314,"Менеджер по закупкам 44-ФЗ, 223-ФЗ",Прочие профессии,Астраханская область,Астрахань,Качабеков Камран Тельманович,30000.0,100000.0,RUR,65000.0,False,Без опыта,,Удалённая работа,,2026-09-13T11:44:57+03:00,https://hh.ru/vacancy/136927314,1370,False
hh.ru,136925749,Оператор склада (Астрахань),Прочие профессии,Астраханская область,"Астрахань, р-н Кировский",Ozon Производство,17000.0,0.0,RUR,8500.0,True,Без опыта,,,,2026-09-13T11:44:57+03:00,https://hh.ru/vacancy/136925749,1705,False
hh.ru,137228020,Специалист по движению ТМЦ и основных средств (бухгалтер материалист),"Финансы, бухгалтерия и право",Астраханская область,"Астрахань, р-н Советский",АО Аэропорт Астрахань,55000.0,55000.0,RUR,55000.0,True,Опыт 1-3 года,,,,2026-09-13T11:44:57+03:00,https://hh.ru/vacancy/137228020,2369,False
hh.ru,137001458,Ведущий специалист,Прочие профессии,Республика Башкортостан,"Елабужский район, особая экономическая зона Алабуга",Алабуга. Эксплуатация объектов,375000.0,0.0,RUR,187500.0,True,Без опыта,,,,2026-09-13T11:44:57+03:00,https://hh.ru/vacancy/137001458,576,False
hh.ru,136808731,Администратор в медицинский МРТ Центр,Медицина и фармацевтика,Республика Башкортостан,"Уфа, р-н Советский",ООО МРТ 24,50000.0,65000.0,RUR,57500.0,False,Без опыта,,,,2026-09-13T11:44:57+03:00,https://hh.ru/vacancy/136808731,180,False
hh.ru,136765681,Менеджер по работе с заказчиками,Прочие профессии,Республика Башкортостан,"Уфа, р-н Октябрьский",ООО Техэксперт-Проф,50000.0,100000.0,RUR,75000.0,False,Опыт 1-3 года,,Удалённая работа,,2026-09-13T11:44:57+03:00,https://hh.ru/vacancy/136765681,1458,False
hh.ru,137008199,Водитель категории В,Транспорт и логистика,Республика Башкортостан,"Елабужский район, особая экономическая зона Алабуга, улица Ш-2, 4/1",Алабуга. Логистика и закупки,258750.0,258750.0,RUR,258750.0,True,Опыт 1-3 года,,,,2026-09-13T11:44:57+03:00,https://hh.ru/vacancy/137008199,718,False
hh.ru,136809140,Администратор,Продажи и клиентский сервис,Республика Башкортостан,"Уфа, р-н Октябрьский",Groom (ИП Еникеева Гузель Ханифовна),40000.0,0.0,RUR,20000.0,False,Без опыта,,,,2026-09-13T11:44:57+03:00,https://hh.ru/vacancy/136809140,61,False
hh.ru,137039237,Администратор,Продажи и клиентский сервис,Республика Башкортостан,"Уфа, р-н Орджоникидзевский",ГБУЗ РБ Республиканская Клиническая Психиатрическая Больница,45000.0,0.0,RUR,22500.0,False,Без опыта,,,,2026-09-13T11:44:57+03:00,https://hh.ru/vacancy/137039237,73,False
hh.ru,136898784,Ведущий специалист Отдела операционной деятельности АЗС,Прочие профессии,Республика Башкортостан,"Уфа, р-н Кировский",ЛУКОЙЛ,100000.0,100000.0,RUR,100000.0,False,Опыт 3-6 лет,,,,2026-09-13T11:44:57+03:00,https://hh.ru/vacancy/136898784,592,False
hh.ru,136367877,Медицинский регистратор,Медицина и фармацевтика,Республика Башкортостан,Уфа,Лучи,53500.0,0.0,RUR,26750.0,False,Без опыта,,Удалённая работа,,2026-09-13T11:44:57+03:00,https://hh.ru/vacancy/136367877,1302,False
hh.ru,136934824,Оператор склада (Стерлитамак),Прочие профессии,Республика Башкортостан,Стерлитамак,Ozon Производство,17000.0,0.0,RUR,8500.0,True,Без опыта,,,,2026-09-13T11:44:57+03:00,https://hh.ru/vacancy/136934824,1714,False
hh.ru,136870376,Администратор выходного дня,Продажи и клиентский сервис,Республика Башкортостан,"Уфа, р-н Кировский",Я - Актер! Детская театральная студия,40000.0,0.0,RUR,20000.0,False,Без опыта,,,,2026-09-13T11:44:57+03:00,https://hh.ru/vacancy/136870376,215,False
hh.ru,136787455,Водитель категории B,Транспорт и логистика,Республика Башкортостан,"Елабужский район, Особая экономическая зона Алабуга",Алабуга. Эксплуатация объектов,150000.0,0.0,RUR,75000.0,True,Без опыта,,,,2026-09-13T11:44:57+03:00,https://hh.ru/vacancy/136787455,708,False
hh.ru,136731774,Специалист по работе с обращениями граждан в социальных сетях,Прочие профессии,Республика Башкортостан,"Уфа, р-н Кировский",ГКУ Управление дорожного хозяйства Республики Башкортостан,42000.0,0.0,RUR,21000.0,False,Без опыта,,,,2026-09-13T11:44:57+03:00,https://hh.ru/vacancy/136731774,2459,False
hh.ru,136363040,Оператор чатов,Прочие профессии,Республика Башкортостан,Уфа,Плати Легко!,,,,,False,Опыт 1-3 года,,Удалённая работа,,2026-09-13T11:44:57+03:00,https://hh.ru/vacancy/136363040,1734,False
hh.ru,136815675,Экономист отдела инвестиционного планирования и мониторинга,"Финансы, бухгалтерия и право",Республика Башкортостан,"Уфа, р-н Кировский",ООО Башнефть-Добыча,0.0,0.0,,,False,Без опыта,,,,2026-09-13T11:44:57+03:00,https://hh.ru/vacancy/136815675,2684,False
hh.ru,136486513,Ученик в тату-салон,Прочие профессии,Республика Башкортостан,"Уфа, р-н Кировский",MagicTattooStore,40000.0,150000.0,RUR,95000.0,False,Без опыта,,,,2026-09-13T11:44:57+03:00,https://hh.ru/vacancy/136486513,2640,False
hh.ru,136598695,Администратор ресепшн,Продажи и клиентский сервис,Республика Башкортостан,"Уфа, р-н Орджоникидзевский",ООО Март,55000.0,60000.0,RUR,57500.0,False,Опыт 1-3 года,,,,2026-09-13T11:44:57+03:00,https://hh.ru/vacancy/136598695,299,False
hh.ru,137229660,Бухгалтер на первичную документацию iiko,"Финансы, бухгалтерия и право",Республика Башкортостан,"Уфа, р-н Советский",ООО Комплекс Про,75000.0,75000.0,RUR,75000.0,False,Опыт 1-3 года,,,,2026-09-13T11:44:57+03:00,https://hh.ru/vacancy/137229660,512,False
hh.ru,136150881,Помощник/ассистент руководителя,Прочие профессии,Республика Башкортостан,"Уфа, р-н Кировский",ООО Кампус,100000.0,100000.0,RUR,100000.0,False,Опыт 1-3 года,,,,2026-09-13T11:44:57+03:00,https://hh.ru/vacancy/136150881,1871,False
hh.ru,137096909,Водитель-экспедитор / Логист в ресторан,Транспорт и логистика,Республика Башкортостан,"Уфа, р-н Советский",ООО Комплекс Про,80000.0,80000.0,RUR,80000.0,False,Опыт 1-3 года,,,,2026-09-13T11:44:57+03:00,https://hh.ru/vacancy/137096909,818,False
hh.ru,137260533,Подсобный рабочий,Прочие профессии,Республика Башкортостан,"Елабужский район, Особая экономическая зона Алабуга, улица Ш-2, 4/1",Алабуга. Строительство,250000.0,0.0,RUR,125000.0,True,Без опыта,,,,2026-09-13T11:44:57+03:00,https://hh.ru/vacancy/137260533,1848,False
hh.ru,136655369,"Водитель-экспедитор (на автомобиле компании, категория В)",Транспорт и логистика,Республика Башкортостан,"Уфа, Центральная улица, 59к3с1",ООО Гурман-Фреш,67500.0,90000.0,RUR,78750.0,False,Опыт 1-3 года,,,,2026-09-13T11:44:57+03:00,https://hh.ru/vacancy/136655369,819,False
hh.ru,137025377,Менеджер по обработке заявок,Прочие профессии,Республика Башкортостан,"Уфа, р-н Советский",Антон Новиков,65000.0,84000.0,RUR,74500.0,False,Без опыта,,,,2026-09-13T11:44:57+03:00,https://hh.ru/vacancy/137025377,1393,False
hh.ru,136804189,Помощник ГИПа (Главного инженера проекта),Инженерия и производство,Республика Башкортостан,"Уфа, р-н Советский",ООО ГИП Формат,,,,,False,Опыт 1-3 года,,,,2026-09-13T11:44:57+03:00,https://hh.ru/vacancy/136804189,1901,False
hh.ru,137142315,Регистратор,Прочие профессии,Республика Башкортостан,"Стерлитамак, улица Дружбы, 1",ГБУЗ РКНД МЗ РБ,40000.0,45000.0,RUR,42500.0,False,Без опыта,,,,2026-09-13T11:44:57+03:00,https://hh.ru/vacancy/137142315,2091,False
hh.ru,136528433,Специалист отдела взаимодействия с государственными органами,Прочие профессии,Республика Башкортостан,"Уфа, р-н Советский","АО Россельхозбанк, Без опыта",48000.0,48000.0,RUR,48000.0,False,Опыт 1-3 года,,,,2026-09-13T11:44:57+03:00,https://hh.ru/vacancy/136528433,2332,False
hh.ru,136889652,Администратор автошколы,Продажи и клиентский сервис,Республика Башкортостан,"Уфа, р-н Советский",ООО УЦ Перекресток,40000.0,0.0,RUR,20000.0,False,Без опыта,,,,2026-09-13T11:44:57+03:00,https://hh.ru/vacancy/136889652,149,False
hh.ru,136359107,Инженер,Инженерия и производство,Республика Башкортостан,"Уфа, р-н Советский",ООО Башнефть-Добыча,0.0,0.0,,,False,Без опыта,,,,2026-09-13T11:44:57+03:00,https://hh.ru/vacancy/136359107,1058,False
hh.ru,136826571,Бухгалтер на первичную документацию,"Финансы, бухгалтерия и право",Республика Башкортостан,"Уфа, р-н Октябрьский",ПивМастер,50000.0,60000.0,RUR,55000.0,False,Опыт 1-3 года,,Удалённая работа,,2026-09-13T11:44:57+03:00,https://hh.ru/vacancy/136826571,508,False
hh.ru,137177267,Помощник следователя,Прочие профессии,Республика Башкортостан,"Уфа, р-н Октябрьский",Следственное Управление УМВД России по городу Уфе,38600.0,50300.0,RUR,44450.0,True,Без опыта,,,,2026-09-13T11:44:57+03:00,https://hh.ru/vacancy/137177267,1953,False
hh.ru,137274367,Оператор ЧПУ !!!БЕЗ ОПЫТА!!!,Прочие профессии,Республика Башкортостан,"Уфа, р-н Калининский",ООО Планета,80000.0,0.0,RUR,40000.0,False,Без опыта,,,,2026-09-13T11:44:57+03:00,https://hh.ru/vacancy/137274367,1735,False
hh.ru,137228317,Ведущий бухгалтер,"Финансы, бухгалтерия и право",Республика Башкортостан,"Уфа, р-н Советский",ООО СНЭМА- СЕРВИС,100000.0,100000.0,RUR,100000.0,False,Опыт более 6 лет,,,,2026-09-13T11:44:57+03:00,https://hh.ru/vacancy/137228317,555,False
hh.ru,136977046,Помощник руководителя проектов,Прочие профессии,Республика Башкортостан,"Уфа, р-н Октябрьский",ООО КСЭ,70000.0,70000.0,RUR,70000.0,False,Опыт 1-3 года,,,,2026-09-13T11:44:57+03:00,https://hh.ru/vacancy/136977046,1951,False
hh.ru,136775718,Менеджер по логистике,Транспорт и логистика,Республика Башкортостан,"Уфа, р-н Советский",ITECO,80000.0,0.0,RUR,40000.0,True,Без опыта,,,,2026-09-13T11:44:57+03:00,https://hh.ru/vacancy/136775718,1383,False
hh.ru,137099937,Разработчик Python/Django,Информационные технологии,Республика Башкортостан,"Уфа, р-н Октябрьский",ООО Куаликс,100000.0,100000.0,RUR,100000.0,False,Опыт 3-6 лет,,,,2026-09-13T11:44:57+03:00,https://hh.ru/vacancy/137099937,2070,False
hh.ru,135667715,Курьер в сервис Яндекс Еда (заказы до 3 кг),Транспорт и логистика,Белгородская область,Старый Оскол,Яндекс.Еда,190000.0,0.0,RUR,95000.0,True,Без опыта,,,,2026-09-13T11:44:57+03:00,https://hh.ru/vacancy/135667715,1223,False
hh.ru,137068239,Главный бухгалтер,"Финансы, бухгалтерия и право",Белгородская область,"Губкин, Транспортная улица, 4Б",ООО ВЭЛРОК,250000.0,250000.0,RUR,250000.0,False,Опыт 3-6 лет,,Удалённая работа,,2026-09-13T11:44:57+03:00,https://hh.ru/vacancy/137068239,853,False
hh.ru,137100982,Менеджер по продажам в соцсетях (Переписка),Продажи и клиентский сервис,Белгородская область,Белгород,ООО АвроРА,70000.0,130000.0,RUR,100000.0,False,Опыт 1-3 года,,Удалённая работа,,2026-09-13T11:44:57+03:00,https://hh.ru/vacancy/137100982,1432,False
hh.ru,137264120,Юрист (удаленно) — оформление по ТК РФ,"Финансы, бухгалтерия и право",Белгородская область,Белгород,Першин Андрей Николаевич,80000.0,80000.0,RUR,80000.0,False,Опыт 1-3 года,,Удалённая работа,,2026-09-13T11:44:57+03:00,https://hh.ru/vacancy/137264120,2742,False
hh.ru,137267228,Менеджер по продажам в Telegram,Продажи и клиентский сервис,Белгородская область,"Белгород, р-н Западный",ИП Голубцова Анна Сергеевна,80000.0,80000.0,RUR,80000.0,False,Опыт 1-3 года,,Удалённая работа,,2026-09-13T11:44:57+03:00,https://hh.ru/vacancy/137267228,1428,False
hh.ru,136965093,Ассистент-администратор онлайн-школы,Продажи и клиентский сервис,Белгородская область,"Белгород, р-н Западный",ИП Калинкина Татьяна Сергеевна,7000.0,0.0,RUR,3500.0,True,Без опыта,,Удалённая работа,,2026-09-13T11:44:57+03:00,https://hh.ru/vacancy/136965093,355,False
hh.ru,136829477,Секретарь нотариуса,Прочие профессии,Белгородская область,Старый Оскол,Нотариус Пивоварова Валентина Александровна,49000.0,50000.0,RUR,49500.0,False,Без опыта,,,,2026-09-13T11:44:57+03:00,https://hh.ru/vacancy/136829477,2181,False
hh.ru,136720756,Руководитель подразделения,Транспорт и логистика,Белгородская область,"Белгород, р-н Западный",ООО Клиника МЕДЭКСПЕРТ,120000.0,120000.0,RUR,120000.0,True,Опыт 1-3 года,,,,2026-09-13T11:44:57+03:00,https://hh.ru/vacancy/136720756,2138,False
hh.ru,136647824,Редактор интернет-портала,"Маркетинг, медиа и дизайн",Белгородская область,"Старый Оскол, микрорайон Ольминского",ООО Медиацентр,,,,,False,Опыт 1-3 года,,Удалённая работа,,2026-09-13T11:44:57+03:00,https://hh.ru/vacancy/136647824,2098,False
hh.ru,137047292,Системный администратор (специалист по IT),Информационные технологии,Белгородская область,"Белгород, р-н Восточный",ООО Техноинком,70000.0,90000.0,RUR,80000.0,False,Опыт 1-3 года,,,,2026-09-13T11:44:57+03:00,https://hh.ru/vacancy/137047292,2222,False
hh.ru,137122458,Помощник по хозяйственным вопросам,Прочие профессии,Белгородская область,Белгород,Staffberry,90000.0,90000.0,RUR,90000.0,False,Опыт 3-6 лет,,,,2026-09-13T11:44:57+03:00,https://hh.ru/vacancy/137122458,1929,False
hh.ru,136528440,Сборщик производственного цеха,Инженерия и производство,Белгородская область,"рабочий посёлок Северный, территория Промышленный Парк, 11",ООО Многогранники,100000.0,150000.0,RUR,125000.0,False,Опыт 1-3 года,,,,2026-09-13T11:44:57+03:00,https://hh.ru/vacancy/136528440,2162,False
hh.ru,137253385,Водитель автомобиля,Транспорт и логистика,Белгородская область,"Белгород, р-н Восточный",ФКУЗ МСЧ МВД России по Белгородской области,45000.0,50000.0,RUR,47500.0,False,Опыт 1-3 года,,,,2026-09-13T11:44:57+03:00,https://hh.ru/vacancy/137253385,679,False
hh.ru,137187457,"IT специалист, программист, разработчик, системный администратор",Информационные технологии,Белгородская область,"Белгород, р-н Западный",Белгородский филиал ФГБУ РосАгрохимслужба,60000.0,70000.0,RUR,65000.0,False,Без опыта,,,,2026-09-13T11:44:57+03:00,https://hh.ru/vacancy/137187457,16,False
hh.ru,136923948,Консультант,Прочие профессии,Белгородская область,"Белгород, р-н Западный",Администрация Губернатора Белгородской области,50000.0,50000.0,RUR,50000.0,False,Опыт 1-3 года,,,,2026-09-13T11:44:57+03:00,https://hh.ru/vacancy/136923948,1178,False
hh.ru,137120635,Водитель персональный (водитель легкового автомобиля),Транспорт и логистика,Белгородская область,"Белгород, р-н Восточный",ООО НеоКонсалтинг,,,,,False,Опыт 3-6 лет,,,,2026-09-13T11:44:57+03:00,https://hh.ru/vacancy/137120635,776,False
hh.ru,136986186,Территориальный менеджер,Прочие профессии,Белгородская область,"Белгород, р-н Западный",Forte Holding GmbH,140000.0,140000.0,RUR,140000.0,False,Опыт 1-3 года,,,,2026-09-13T11:44:57+03:00,https://hh.ru/vacancy/136986186,2567,False
hh.ru,137217652,Бухгалтер,"Финансы, бухгалтерия и право",Белгородская область,Старый Оскол,ООО Промсервис,60000.0,60000.0,RUR,60000.0,False,Опыт 3-6 лет,,,,2026-09-13T11:44:57+03:00,https://hh.ru/vacancy/137217652,449,False
hh.ru,137199842,Специалист по делопроизводству,Инженерия и производство,Белгородская область,"Белгород, р-н Западный",ООО Центр сертификации и менеджмента,57000.0,57000.0,RUR,57000.0,True,Опыт 1-3 года,,,,2026-09-13T11:44:57+03:00,https://hh.ru/vacancy/137199842,2371,False
hh.ru,137105881,"Кассир отдела внебюджетной деятельности ОГБУЗ ""Белгородская ЦРБ""",Продажи и клиентский сервис,Белгородская область,Белгород,ОГБУЗ Белгородская ЦРБ,50000.0,50000.0,RUR,50000.0,False,Опыт 1-3 года,,,,2026-09-13T11:44:57+03:00,https://hh.ru/vacancy/137105881,1129,False
hh.ru,137186786,Специалист по рекламе и маркетингу,"Маркетинг, медиа и дизайн",Белгородская область,"Старый Оскол, микрорайон Дубрава, квартал 3, 4",ООО Белгородские Корма,80000.0,130000.0,RUR,105000.0,False,Опыт 1-3 года,,,,2026-09-13T11:44:57+03:00,https://hh.ru/vacancy/137186786,2471,False
hh.ru,137073278,"Ведущий специалист (транспортная безопасность, Белгородская обл., Курская обл. )",Охрана и безопасность,Белгородская область,Белгородская область,ООО Подразделение Транспортной Безопасности Кмв,120000.0,120000.0,RUR,120000.0,False,Опыт 1-3 года,,,,2026-09-13T11:44:57+03:00,https://hh.ru/vacancy/137073278,607,False
hh.ru,136490064,Консультант отдела информационного и экскурсионного обслуживания,Прочие профессии,Белгородская область,"Белгород, р-н Восточный",ОГАУ Белгородский центр туризма,52000.0,60000.0,RUR,56000.0,True,Опыт 1-3 года,,,,2026-09-13T11:44:57+03:00,https://hh.ru/vacancy/136490064,1182,False
hh.ru,137194600,Гид-инструктор,Прочие профессии,Белгородская область,"Старый Оскол, Николаевская улица",ООО Грэйтнесс Хэви Индастрис,100000.0,0.0,RUR,50000.0,True,Без опыта,,,,2026-09-13T11:44:57+03:00,https://hh.ru/vacancy/137194600,843,False
hh.ru,137052582,Фасовщик-комплектовщик на пищевое производство,Инженерия и производство,Белгородская область,"Белгород, р-н Восточный",ООО Экспорт Кофе,60000.0,0.0,RUR,30000.0,False,Без опыта,,,,2026-09-13T11:44:57+03:00,https://hh.ru/vacancy/137052582,2653,False
hh.ru,137165906,Диспетчер,Транспорт и логистика,Белгородская область,"село Матрёно-Гезово, Центральная улица, 65",АО Алексеевский Бекон,,,,,False,Опыт 1-3 года,,,,2026-09-13T11:44:57+03:00,https://hh.ru/vacancy/137165906,979,False
hh.ru,137209935,Логист,Транспорт и логистика,Белгородская область,Строитель,ООО Логистик Белогорья,52000.0,130000.0,RUR,91000.0,False,Опыт 3-6 лет,,,,2026-09-13T11:44:57+03:00,https://hh.ru/vacancy/137209935,1267,False
hh.ru,136375683,Администратор сервиса фитнес-центра ICEFIT,Продажи и клиентский сервис,Белгородская область,"Старый Оскол, проспект Николая Шевченко, 1",ООО Айсцентр,1100.0,1100.0,RUR,1100.0,True,Опыт 1-3 года,,,,2026-09-13T11:44:57+03:00,https://hh.ru/vacancy/136375683,312,False
hh.ru,137210786,Системный администратор,Информационные технологии,Белгородская область,"Белгород, р-н Западный",ООО Орион Сток,20000.0,20000.0,RUR,20000.0,True,Опыт 1-3 года,,,,2026-09-13T11:44:57+03:00,https://hh.ru/vacancy/137210786,2213,False
hh.ru,137199981,Директор торгового объединения,Управление,Белгородская область,"Белгород, р-н Западный",ООО БелМТЗцентр,150000.0,150000.0,RUR,150000.0,False,Опыт 3-6 лет,,,,2026-09-13T11:44:57+03:00,https://hh.ru/vacancy/137199981,974,False
hh.ru,136883981,Домработница/Домработник,Прочие профессии,Белгородская область,"Белгород, р-н Западный",ИП Мазепа Мария Владимировна,150000.0,0.0,RUR,75000.0,False,Без опыта,,,,2026-09-13T11:44:57+03:00,https://hh.ru/vacancy/136883981,1008,False
hh.ru,137161112,Бухгалтер на первичную документацию,"Финансы, бухгалтерия и право",Белгородская область,"Белгород, р-н Западный",ООО Комфорт,50000.0,50000.0,RUR,50000.0,True,Опыт 1-3 года,,,,2026-09-13T11:44:57+03:00,https://hh.ru/vacancy/137161112,494,False
hh.ru,136705657,Системный администратор оператора связи,Информационные технологии,Белгородская область,"Белгород, р-н Восточный",ООО Белгородские Телекоммуникации,70000.0,100000.0,RUR,85000.0,True,Без опыта,,,,2026-09-13T11:44:57+03:00,https://hh.ru/vacancy/136705657,2221,False
hh.ru,137104376,Руководитель лаборатории,Транспорт и логистика,Белгородская область,"Белгород, р-н Западный","Управление Россельхознадзора по Воронежской, Белгородской и Липецкой областям",115000.0,140000.0,RUR,127500.0,True,Опыт 3-6 лет,,,,2026-09-13T11:44:57+03:00,https://hh.ru/vacancy/137104376,2117,False
hh.ru,136844403,Работник склада,Прочие профессии,Брянская область,Дубровка,Пятёрочка. Распределительные центры,105000.0,140000.0,RUR,122500.0,True,Без опыта,,,,2026-09-13T11:44:57+03:00,https://hh.ru/vacancy/136844403,2034,False
hh.ru,136845316,Складской работник,Прочие профессии,Брянская область,Брянск,Пятёрочка. Распределительные центры,120100.0,144100.0,RUR,132100.0,True,Без опыта,,,,2026-09-13T11:44:57+03:00,https://hh.ru/vacancy/136845316,2228,False
hh.ru,125502134,Оператор письменной поддержки Яндекс,Прочие профессии,Брянская область,Брянск,Яндекс Команда для бизнеса,37000.0,0.0,RUR,18500.0,True,Без опыта,,Удалённая работа,,2026-09-13T11:44:57+03:00,https://hh.ru/vacancy/125502134,1678,False
hh.ru,137052719,Менеджер по документообороту,Прочие профессии,Брянская область,"Брянск, р-н Советский",RARS Media,0.0,0.0,,,False,Без опыта,,,,2026-09-13T11:44:57+03:00,https://hh.ru/vacancy/137052719,1363,False
hh.ru,136705918,Администратор в посуточную аренду,Продажи и клиентский сервис,Брянская область,Москва,ИП Клочко Ирина Евгеньевна,25000.0,0.0,RUR,12500.0,True,Без опыта,,Удалённая работа,,2026-09-13T11:44:57+03:00,https://hh.ru/vacancy/136705918,189,False
hh.ru,137255055,Администратор,Продажи и клиентский сервис,Брянская область,"Брянск, Строевая улица, 29Б",ООО Граков Клиник,50000.0,0.0,RUR,25000.0,True,Без опыта,,,,2026-09-13T11:44:57+03:00,https://hh.ru/vacancy/137255055,112,False
hh.ru,137255796,Оператор на выписку первичных документов,Прочие профессии,Брянская область,"Брянск, р-н Фокинский","ООО ЦАРЬ-МЯСО, БМПК",42000.0,0.0,RUR,21000.0,True,Без опыта,,,,2026-09-13T11:44:57+03:00,https://hh.ru/vacancy/137255796,1672,False
hh.ru,136930566,Оператор склада (Брянск),Прочие профессии,Брянская область,"Брянск, р-н Советский",Ozon Производство,17000.0,0.0,RUR,8500.0,True,Без опыта,,,,2026-09-13T11:44:57+03:00,https://hh.ru/vacancy/136930566,1707,False
hh.ru,137255863,Помощник специалиста по кадрам,Прочие профессии,Брянская область,"Брянск, р-н Бежицкий",ООО Брянский Сыродельный Завод,45000.0,50000.0,RUR,47500.0,False,Опыт 1-3 года,,,,2026-09-13T11:44:57+03:00,https://hh.ru/vacancy/137255863,1955,False
hh.ru,137191386,Бухгалтер,"Финансы, бухгалтерия и право",Брянская область,"Брянск, р-н Фокинский",ИП Куликова Вероника Андреевна,70000.0,70000.0,RUR,70000.0,False,Опыт 1-3 года,,,,2026-09-13T11:44:57+03:00,https://hh.ru/vacancy/137191386,421,False
hh.ru,137010907,Администратор,Продажи и клиентский сервис,Брянская область,"городской округ Брянск, р-н Бежицкий",Центр подологии и ортопедии,40000.0,80000.0,RUR,60000.0,True,Без опыта,,,,2026-09-13T11:44:57+03:00,https://hh.ru/vacancy/137010907,145,False
hh.ru,137129147,Водитель,Транспорт и логистика,Брянская область,"Брянск, р-н Бежицкий",Воронцов Евгений,50000.0,90000.0,RUR,70000.0,False,Опыт более 6 лет,,,,2026-09-13T11:44:57+03:00,https://hh.ru/vacancy/137129147,626,False
hh.ru,137259676,Head of Support,Прочие профессии,Брянская область,Брянск,HR InX,,,,,False,Опыт 1-3 года,,Удалённая работа,,2026-09-13T11:44:57+03:00,https://hh.ru/vacancy/137259676,10,False
hh.ru,137272262,Ассистент менеджера по закупкам (ВЭД),Прочие профессии,Брянская область,Брянск,Мацегора Анна Александровна,80000.0,80000.0,RUR,80000.0,False,Опыт 1-3 года,,Удалённая работа,,2026-09-13T11:44:57+03:00,https://hh.ru/vacancy/137272262,362,False
hh.ru,137256522,Бухгалтер на участок выписки товара,"Финансы, бухгалтерия и право",Брянская область,"Брянск, р-н Бежицкий",ООО Брянский Сыродельный Завод,50000.0,50000.0,RUR,50000.0,True,Опыт 1-3 года,,,,2026-09-13T11:44:57+03:00,https://hh.ru/vacancy/137256522,520,False
hh.ru,137106401,Аналитик данных,Информационные технологии,Брянская область,"Брянск, р-н Советский",ООО АНД Групп,40000.0,55000.0,RUR,47500.0,True,Без опыта,,,,2026-09-13T11:44:57+03:00,https://hh.ru/vacancy/137106401,342,False
hh.ru,134502805,Стропальщик-грузчик,Рабочий и обслуживающий персонал,Брянская область,"Брянск, р-н Советский",ООО Газпром межрегионгаз ЕЦРК,28000.0,40600.0,RUR,34300.0,True,Без опыта,,,,2026-09-13T11:44:57+03:00,https://hh.ru/vacancy/134502805,2555,False
hh.ru,137097389,Бухгалтер,"Финансы, бухгалтерия и право",Брянская область,"Брянск, р-н Советский",ООО Премьер-Транс,55000.0,55000.0,RUR,55000.0,False,Опыт 1-3 года,,,,2026-09-13T11:44:57+03:00,https://hh.ru/vacancy/137097389,448,False
hh.ru,137174901,Персональный водитель руководителя,Транспорт и логистика,Брянская область,"Брянск, р-н Советский",ООО Жуковский ШПЗ,60000.0,60000.0,RUR,60000.0,True,Опыт 3-6 лет,,,,2026-09-13T11:44:57+03:00,https://hh.ru/vacancy/137174901,1831,False
hh.ru,136680641,Сварщик (можно без аттестата),Инженерия и производство,Брянская область,"Брянск, р-н Фокинский",ООО БЗТпА,130000.0,150000.0,RUR,140000.0,False,Опыт 1-3 года,,,,2026-09-13T11:44:57+03:00,https://hh.ru/vacancy/136680641,2170,False
hh.ru,137254246,Главный бухгалтер,"Финансы, бухгалтерия и право",Брянская область,"Брянск, р-н Фокинский",Мир Автомасел,100000.0,100000.0,RUR,100000.0,False,Опыт 3-6 лет,,,,2026-09-13T11:44:57+03:00,https://hh.ru/vacancy/137254246,850,False
hh.ru,137235102,Администратор фитнес-клуба,Продажи и клиентский сервис,Брянская область,"Брянск, р-н Советский",THE IMPERIA,45000.0,70000.0,RUR,57500.0,True,Без опыта,,,,2026-09-13T11:44:57+03:00,https://hh.ru/vacancy/137235102,331,False
hh.ru,137242612,Государственный инспектор/дознаватель по пожарному надзору,Охрана и безопасность,Брянская область,"Брянск, р-н Советский",Главное управление МЧС России по Брянской области,45000.0,0.0,RUR,22500.0,False,Без опыта,,,,2026-09-13T11:44:57+03:00,https://hh.ru/vacancy/137242612,888,False
hh.ru,137237254,Менеджер озон,Прочие профессии,Брянская область,Люберцы,ИП Шишова Полина Михайловна,15000.0,25000.0,RUR,20000.0,False,Опыт 1-3 года,,Удалённая работа,,2026-09-13T11:44:57+03:00,https://hh.ru/vacancy/137237254,1344,False
hh.ru,136437349,Менеджер по работе с клиентами,Продажи и клиентский сервис,Брянская область,"посёлок Большое Полпино, р-н Володарский",ООО Компания Аква-Мир,45000.0,45000.0,RUR,45000.0,False,Опыт 1-3 года,,,,2026-09-13T11:44:57+03:00,https://hh.ru/vacancy/136437349,1466,False
hh.ru,137211062,Офисный водитель,Транспорт и логистика,Брянская область,"Брянск, р-н Советский",АО Холдинговая компания АлфиГрупп,65000.0,70000.0,RUR,67500.0,False,Опыт 1-3 года,,,,2026-09-13T11:44:57+03:00,https://hh.ru/vacancy/137211062,1782,False
hh.ru,136553833,Личный водитель руководителя / Персональный водитель,Транспорт и логистика,Брянская область,"городской округ Брянск, р-н Фокинский",ИП Воробьев Владимир Александрович,80000.0,80000.0,RUR,80000.0,False,Опыт 3-6 лет,,,,2026-09-13T11:44:57+03:00,https://hh.ru/vacancy/136553833,1261,False
hh.ru,137171554,Начальник производственного участка,Инженерия и производство,Брянская область,"Брянск, р-н Фокинский",АО ПСКОВВТОРМЕТ,200000.0,200000.0,RUR,200000.0,False,Опыт 1-3 года,,,,2026-09-13T11:44:57+03:00,https://hh.ru/vacancy/137171554,1574,False
hh.ru,136745012,Менеджер по поставкам на маркетплейсы/Младший менеджер маркетплейсов,"Маркетинг, медиа и дизайн",Брянская область,"Брянск, р-н Советский",Мирошникова Елена Викторовна,50000.0,50000.0,RUR,50000.0,True,Опыт 1-3 года,,Удалённая работа,,2026-09-13T11:44:57+03:00,https://hh.ru/vacancy/136745012,1412,False
hh.ru,137142442,Юрист,"Финансы, бухгалтерия и право",Брянская область,"деревня Добрунь, Шоссейная улица, 17А",ООО Ваер-Сервис,,,,,False,Опыт 1-3 года,,,,2026-09-13T11:44:57+03:00,https://hh.ru/vacancy/137142442,2722,False
hh.ru,137142998,Директор по персоналу,Управление,Брянская область,"Брянск, р-н Бежицкий",ОАО Брянский молочный комбинат,,,,,False,Опыт 3-6 лет,,,,2026-09-13T11:44:57+03:00,https://hh.ru/vacancy/137142998,968,False
hh.ru,133911194,Администратор,Продажи и клиентский сервис,Брянская область,"Брянск, р-н Советский",ООО Академия улыбки,60000.0,70000.0,RUR,65000.0,False,Без опыта,,,,2026-09-13T11:44:57+03:00,https://hh.ru/vacancy/133911194,104,False
hh.ru,137179717,Коммерческий директор (строительные материалы),Строительство и недвижимость,Брянская область,"Брянск, р-н Советский",Рекрутикс,,,,,False,Опыт 3-6 лет,,,,2026-09-13T11:44:57+03:00,https://hh.ru/vacancy/137179717,1148,False
hh.ru,137244241,Специалист кредитно-страхового отдела ГК Дебрянск Авто,"Финансы, бухгалтерия и право",Брянская область,"Брянск, р-н Советский",Группа компаний Дебрянск Авто,80000.0,80000.0,RUR,80000.0,True,Опыт 1-3 года,,,,2026-09-13T11:44:57+03:00,https://hh.ru/vacancy/137244241,2321,False
hh.ru,136085795,Курьер в сервис Яндекс Еда (заказы до 3 кг),Транспорт и логистика,Республика Бурятия,Улан-Удэ,Яндекс.Еда,190000.0,0.0,RUR,95000.0,True,Без опыта,,,,2026-09-13T11:44:57+03:00,https://hh.ru/vacancy/136085795,1229,False
hh.ru,136676417,Стикеровщик одежды в шоурум,Прочие профессии,Республика Бурятия,"Улан-Удэ, улица Балтахинова, 15",Магазин одежды Alenushka.top,56000.0,0.0,RUR,28000.0,False,Без опыта,,,,2026-09-13T11:44:57+03:00,https://hh.ru/vacancy/136676417,2546,False
hh.ru,136950650,Оператор склада (Улан-Удэ),Прочие профессии,Республика Бурятия,"Улан-Удэ, Домостроительная улица, 5с2",Ozon Производство,17000.0,0.0,RUR,8500.0,True,Без опыта,,,,2026-09-13T11:44:57+03:00,https://hh.ru/vacancy/136950650,1719,False
hh.ru,136622339,Охранник (Вахтер),Охрана и безопасность,Республика Бурятия,Улан-Удэ,ИП Иванова Любовь Ангабаевна,2000.0,0.0,RUR,1000.0,False,Без опыта,,,,2026-09-13T11:44:57+03:00,https://hh.ru/vacancy/136622339,1809,False
hh.ru,137181977,Ведущий инженер программного обеспечения,Инженерия и производство,Республика Бурятия,"Улан-Удэ, улица Ленина, 54",Черноярова Светлана,87609.0,87609.0,RUR,87609.0,False,Опыт 1-3 года,,,,2026-09-13T11:44:57+03:00,https://hh.ru/vacancy/137181977,568,False
hh.ru,137181139,Оператор 1С,Прочие профессии,Республика Бурятия,"Улан-Удэ, улица Лебедева, 10",ООО Айсфуд,70000.0,90000.0,RUR,80000.0,True,Опыт 1-3 года,,,,2026-09-13T11:44:57+03:00,https://hh.ru/vacancy/137181139,1625,False
hh.ru,137101382,Бухгалтер-калькулятор,"Финансы, бухгалтерия и право",Республика Бурятия,"Улан-Удэ, улица Смолина, 67 к2",ООО Восток-Запад,30000.0,30000.0,RUR,30000.0,False,Опыт 1-3 года,,,,2026-09-13T11:44:57+03:00,https://hh.ru/vacancy/137101382,474,False
hh.ru,137234723,Менеджер направления,Прочие профессии,Республика Бурятия,Улан-Удэ,ООО ПТК АЛЬЯНС,50000.0,70000.0,RUR,60000.0,False,Без опыта,,,,2026-09-13T11:44:57+03:00,https://hh.ru/vacancy/137234723,1342,False
hh.ru,136929164,Специалист,Прочие профессии,Республика Бурятия,"Улан-Удэ, улица Спартака, 5",Центр гигиены и эпидемиологии в Республике Бурятия,40000.0,54000.0,RUR,47000.0,False,Без опыта,,,,2026-09-13T11:44:57+03:00,https://hh.ru/vacancy/136929164,2276,False
hh.ru,137181682,Водитель опасных грузов,Транспорт и логистика,Республика Бурятия,"Улан-Удэ, улица Чертенкова, 71",ОАО Улан-Удэнское Грузовое Автотранспортное Предприятие №3,,,,,False,Опыт 3-6 лет,,,,2026-09-13T11:44:57+03:00,https://hh.ru/vacancy/137181682,770,False
hh.ru,136909462,Администратор - консультант в бутик,Продажи и клиентский сервис,Республика Бурятия,"Улан-Удэ, улица Балтахинова, 17",Verabell,80000.0,0.0,RUR,40000.0,False,Без опыта,,,,2026-09-13T11:44:57+03:00,https://hh.ru/vacancy/136909462,246,False
hh.ru,137189122,Бухгалтер,"Финансы, бухгалтерия и право",Республика Бурятия,"Улан-Удэ, Октябрьская улица, 50",Муниципальное бюджетное учреждение Комбинат по благоустройству г. Улан-Удэ,57000.0,72000.0,RUR,64500.0,False,Опыт 1-3 года,,,,2026-09-13T11:44:57+03:00,https://hh.ru/vacancy/137189122,423,False
hh.ru,137031641,Бухгалтер,"Финансы, бухгалтерия и право",Республика Бурятия,"Улан-Удэ, улица Терешковой, 9",АО Республиканский Аналитический Центр,60000.0,60000.0,RUR,60000.0,False,Опыт 3-6 лет,,,,2026-09-13T11:44:57+03:00,https://hh.ru/vacancy/137031641,413,False
hh.ru,137097610,Администратор,Продажи и клиентский сервис,Республика Бурятия,"Улан-Удэ, улица Ленина, 12А",ООО Свобода,50000.0,80000.0,RUR,65000.0,True,Без опыта,,,,2026-09-13T11:44:57+03:00,https://hh.ru/vacancy/137097610,125,False
hh.ru,137040631,Табельщик учета рабочего времени,Прочие профессии,Республика Бурятия,"Улан-Удэ, проспект Автомобилистов, 3А",МУП Городские маршруты,54000.0,54000.0,RUR,54000.0,False,Опыт 1-3 года,,,,2026-09-13T11:44:57+03:00,https://hh.ru/vacancy/137040631,2561,False
hh.ru,136963957,Администратор,Продажи и клиентский сервис,Республика Бурятия,"городской округ Улан-Удэ, Советский район, площадь Революции, 5",ООО Белка,75000.0,75000.0,RUR,75000.0,False,Опыт 1-3 года,,,,2026-09-13T11:44:57+03:00,https://hh.ru/vacancy/136963957,108,False
hh.ru,137029279,Оператор 1С,Прочие профессии,Республика Бурятия,Улан-Удэ,ИП Иванова Любовь Ангабаевна,2700.0,2700.0,RUR,2700.0,False,Опыт 1-3 года,,,,2026-09-13T11:44:57+03:00,https://hh.ru/vacancy/137029279,1624,False
hh.ru,137234804,Менеджер,Прочие профессии,Республика Бурятия,"Улан-Удэ, улица Свердлова, 13",МАУ Центр Культуры и Досуга г. Улан-Удэ,45000.0,60000.0,RUR,52500.0,False,Без опыта,,,,2026-09-13T11:44:57+03:00,https://hh.ru/vacancy/137234804,1311,False
hh.ru,137182554,Разнорабочий с БЕСПЛАТНЫМ обучением БЕСПЛАНО дорога,Рабочий и обслуживающий персонал,Республика Бурятия,Улан-Удэ,Сибирь Регион,210000.0,336000.0,RUR,273000.0,True,Без опыта,,,,2026-09-13T11:44:57+03:00,https://hh.ru/vacancy/137182554,2068,False
hh.ru,137190416,Водитель самосвала,Транспорт и логистика,Республика Бурятия,Улан-Удэ,ООО Механизированная Колонна-727,237000.0,245000.0,RUR,241000.0,False,Опыт 3-6 лет,,,,2026-09-13T11:44:57+03:00,https://hh.ru/vacancy/137190416,787,False
hh.ru,137227419,Диспетчер (оператор) пульта охраны,Транспорт и логистика,Республика Бурятия,"Улан-Удэ, улица Борсоева, 7А",ООО Охранное агентство Цб Эликом,5000.0,0.0,RUR,2500.0,True,Без опыта,,,,2026-09-13T11:44:57+03:00,https://hh.ru/vacancy/137227419,998,False
hh.ru,137226664,Специалист по работе с населением и начислением взносов за капитальный ремонт,Прочие профессии,Республика Бурятия,"Улан-Удэ, улица Толстого, 23",Нек. орг. Некоммерческая организация Фонд капитального ремонта общего имущества в многоквартирных домах в республике Бурятия,64000.0,70000.0,RUR,67000.0,False,Опыт 1-3 года,,,,2026-09-13T11:44:57+03:00,https://hh.ru/vacancy/137226664,2458,False
hh.ru,136971375,Кочегар,Прочие профессии,Республика Бурятия,Улан-Удэ,ИП Иванова Любовь Ангабаевна,4000.0,0.0,RUR,2000.0,False,Без опыта,,,,2026-09-13T11:44:57+03:00,https://hh.ru/vacancy/136971375,1216,False
hh.ru,136909792,Бизнес-ассистент руководителя,Прочие профессии,Республика Бурятия,"Улан-Удэ, улица Борсоева, 7А",Аква-хит,100000.0,0.0,RUR,50000.0,False,Без опыта,,,,2026-09-13T11:44:57+03:00,https://hh.ru/vacancy/136909792,400,False
hh.ru,137139771,Младший шоппинг-помощник/помощница,Прочие профессии,Республика Бурятия,Улан-Удэ,Jobi,81840.0,98130.0,RUR,89985.0,True,Без опыта,,,,2026-09-13T11:44:57+03:00,https://hh.ru/vacancy/137139771,1530,False
hh.ru,137082472,Разнорабочий,Рабочий и обслуживающий персонал,Республика Бурятия,Республика Бурятия,ООО ПРОЕКТ,120000.0,150000.0,RUR,135000.0,False,Опыт 1-3 года,,,,2026-09-13T11:44:57+03:00,https://hh.ru/vacancy/137082472,2060,False
hh.ru,136334971,Упаковщик-фасовщик,Прочие профессии,Республика Бурятия,"Улан-Удэ, Залесная улица, 99А",Байкальская Живица,70000.0,0.0,RUR,35000.0,True,Без опыта,,,,2026-09-13T11:44:57+03:00,https://hh.ru/vacancy/136334971,2620,False
hh.ru,137132934,Водитель категории С,Транспорт и логистика,Республика Бурятия,посёлок городского типа Новопавловка,ООО Вертикаль,6500.0,6500.0,RUR,6500.0,False,Опыт 1-3 года,,,,2026-09-13T11:44:57+03:00,https://hh.ru/vacancy/137132934,739,False
hh.ru,137225045,Оператор линии маркировки,Прочие профессии,Республика Бурятия,"Улан-Удэ, улица Лебедева, 10Б/2",ООО Бурятская Мясоперерабатывающая Компания» (ООО «БМПК»),60000.0,0.0,RUR,30000.0,False,Без опыта,,,,2026-09-13T11:44:57+03:00,https://hh.ru/vacancy/137225045,1667,False
hh.ru,131598332,Водитель-курьер с личным автомобилем,Транспорт и логистика,Республика Бурятия,"Улан-Удэ, проспект Автомобилистов, 3В",ООО Автолидер,75000.0,100000.0,RUR,87500.0,False,Опыт 1-3 года,,,,2026-09-13T11:44:57+03:00,https://hh.ru/vacancy/131598332,753,False
hh.ru,137071978,Водитель категории D,Транспорт и логистика,Республика Бурятия,Улан-Удэ,НТА,200000.0,0.0,RUR,100000.0,True,Без опыта,,,,2026-09-13T11:44:57+03:00,https://hh.ru/vacancy/137071978,715,False
hh.ru,136251503,Руководитель (Сахалин),Транспорт и логистика,Республика Бурятия,Южно-Сахалинск,Сахалин - Остров Возможностей,230000.0,460000.0,RUR,345000.0,False,Опыт 3-6 лет,,,,2026-09-13T11:44:57+03:00,https://hh.ru/vacancy/136251503,2144,False
hh.ru,136570656,Водитель категории С,Транспорт и логистика,Республика Бурятия,Улан-Удэ,ИП Карабанова Юлия Викторовна,210000.0,210000.0,RUR,210000.0,True,Опыт 1-3 года,,,,2026-09-13T11:44:57+03:00,https://hh.ru/vacancy/136570656,737,False
hh.ru,136826076,Менеджер на интернет магазин,Продажи и клиентский сервис,Республика Бурятия,"Улан-Удэ, Ключевская улица, 40",Зоомаркет Дружок,40000.0,60000.0,RUR,50000.0,False,Без опыта,,,,2026-09-13T11:44:57+03:00,https://hh.ru/vacancy/136826076,1340,False
hh.ru,137263030,Главный инженер по эксплуатации,Инженерия и производство,Челябинская область,"Челябинск, р-н Советский",Оздоровительный центр Термы Александрия,80000.0,150000.0,RUR,115000.0,False,Опыт более 6 лет,,,,2026-09-13T11:44:57+03:00,https://hh.ru/vacancy/137263030,863,False
hh.ru,135876181,Администратор в детский центр,Продажи и клиентский сервис,Челябинская область,"Челябинск, р-н Калининский",Маленькая школа,80000.0,90000.0,RUR,85000.0,False,Опыт 1-3 года,,,,2026-09-13T11:44:57+03:00,https://hh.ru/vacancy/135876181,167,False
hh.ru,136780637,"Руководитель обособленного подразделения, г. Магнитогорск",Транспорт и логистика,Челябинская область,Магнитогорск,ИП Лихторович Марина Николаевна,150000.0,150000.0,RUR,150000.0,False,Опыт 1-3 года,,Удалённая работа,,2026-09-13T11:44:57+03:00,https://hh.ru/vacancy/136780637,2121,False
hh.ru,136830177,Охранник,Охрана и безопасность,Челябинская область,"Челябинск, р-н Советский",ООО Частная Охранная организация Газпромнефть Охрана,70000.0,0.0,RUR,35000.0,False,Без опыта,,,,2026-09-13T11:44:57+03:00,https://hh.ru/vacancy/136830177,1799,False
hh.ru,137178215,Помощник информационного сопровождения,Прочие профессии,Челябинская область,Челябинск,Леднева Валерия Андреевна,60000.0,70000.0,RUR,65000.0,False,Без опыта,,Удалённая работа,,2026-09-13T11:44:57+03:00,https://hh.ru/vacancy/137178215,1910,False
hh.ru,136544278,"Укладчик-упаковщик, Мирэль",Прочие профессии,Челябинская область,"Челябинск, р-н Курчатовский",ООО Экохимпроф,75600.0,0.0,RUR,37800.0,False,Без опыта,,,,2026-09-13T11:44:57+03:00,https://hh.ru/vacancy/136544278,2607,False
hh.ru,137134648,Главный специалист по работе с обращениями,Прочие профессии,Челябинская область,Челябинск,ООО Уралэнергосбыт,62500.0,62500.0,RUR,62500.0,False,Опыт 1-3 года,,Удалённая работа,,2026-09-13T11:44:57+03:00,https://hh.ru/vacancy/137134648,879,False
hh.ru,136894074,"Упаковщик онлайн-заказов по схеме (канцелярия, свечи, декор)",Прочие профессии,Челябинская область,Челябинск,ИП Киреева Антонина Николаевна,83000.0,114000.0,RUR,98500.0,False,Без опыта,,,,2026-09-13T11:44:57+03:00,https://hh.ru/vacancy/136894074,2618,False
hh.ru,136907751,Специалист по работе с документами,Прочие профессии,Челябинская область,"Челябинск, р-н Центральный","ВСК, САО",59000.0,59000.0,RUR,59000.0,True,Опыт 1-3 года,,,,2026-09-13T11:44:57+03:00,https://hh.ru/vacancy/136907751,2445,False
hh.ru,137051873,Редактор (автор) статей,"Маркетинг, медиа и дизайн",Челябинская область,Челябинск,ООО Редакция 7 Удач,48000.0,0.0,RUR,24000.0,True,Без опыта,,Удалённая работа,,2026-09-13T11:44:57+03:00,https://hh.ru/vacancy/137051873,2097,False
hh.ru,136787622,Государственный налоговый инспектор,"Финансы, бухгалтерия и право",Челябинская область,"Челябинск, р-н Центральный",Межрайонная Инспекция Федеральной Налоговой Службы № 25 по Челябинской Области,60000.0,80000.0,RUR,70000.0,True,Опыт 1-3 года,,,,2026-09-13T11:44:57+03:00,https://hh.ru/vacancy/136787622,892,False
hh.ru,136882550,Специалист-эксперт,Прочие профессии,Челябинская область,"Челябинск, р-н Ленинский",Отдел полиции Ленинский УМВД России по г. Челябинску,30000.0,50000.0,RUR,40000.0,False,Без опыта,,,,2026-09-13T11:44:57+03:00,https://hh.ru/vacancy/136882550,2524,False
hh.ru,136955767,Администратор,Продажи и клиентский сервис,Челябинская область,"Магнитогорск, р-н Орджоникидзевский",УЦ Пионер,45000.0,55000.0,RUR,50000.0,False,Опыт 1-3 года,,,,2026-09-13T11:44:57+03:00,https://hh.ru/vacancy/136955767,141,False
hh.ru,136866582,Администратор салона красоты,Продажи и клиентский сервис,Челябинская область,"Челябинск, р-н Центральный",Венеция,40000.0,65000.0,RUR,52500.0,False,Без опыта,,,,2026-09-13T11:44:57+03:00,https://hh.ru/vacancy/136866582,304,False
hh.ru,136651743,Администратор,Продажи и клиентский сервис,Челябинская область,"Челябинск, р-н Калининский",Macal,85000.0,85000.0,RUR,85000.0,False,Опыт 1-3 года,,,,2026-09-13T11:44:57+03:00,https://hh.ru/vacancy/136651743,64,False
hh.ru,136795435,"Главный специалист отдела государственной службы, кадрового обеспечения и противодействия коррупции",Прочие профессии,Челябинская область,"Челябинск, р-н Центральный",Управление Судебного департамента в Челябинской области,60550.0,0.0,RUR,30275.0,False,Без опыта,,,,2026-09-13T11:44:57+03:00,https://hh.ru/vacancy/136795435,873,False
hh.ru,137094981,Оператор 1С (сопровождение продаж),Продажи и клиентский сервис,Челябинская область,"Челябинск, р-н Советский",Русклимат,75000.0,75000.0,RUR,75000.0,False,Опыт 1-3 года,,,,2026-09-13T11:44:57+03:00,https://hh.ru/vacancy/137094981,1635,False
hh.ru,136408107,Разнорабочий,Рабочий и обслуживающий персонал,Челябинская область,"Челябинск, р-н Курчатовский",ИП Цаплина Наталья Викторовна,3500.0,4000.0,RUR,3750.0,False,Без опыта,,,,2026-09-13T11:44:57+03:00,https://hh.ru/vacancy/136408107,2054,False
hh.ru,136921955,Оператор контактного центра,Прочие профессии,Челябинская область,Челябинск,Сеть клиник Зубы за один день,60000.0,0.0,RUR,30000.0,True,Без опыта,,Удалённая работа,,2026-09-13T11:44:57+03:00,https://hh.ru/vacancy/136921955,1664,False
hh.ru,137216144,Контролер,Охрана и безопасность,Челябинская область,"Челябинск, р-н Курчатовский",Рельеф-Центр. Логистика,80000.0,0.0,RUR,40000.0,False,Без опыта,,,,2026-09-13T11:44:57+03:00,https://hh.ru/vacancy/137216144,1196,False
hh.ru,137101009,Региональный представитель (проект VDW),Прочие профессии,Челябинская область,Челябинск,Фармгеоком,180000.0,180000.0,RUR,180000.0,True,Опыт 1-3 года,,,,2026-09-13T11:44:57+03:00,https://hh.ru/vacancy/137101009,2087,False
hh.ru,136530557,Разнорабочий,Рабочий и обслуживающий персонал,Челябинская область,"Челябинск, р-н Тракторозаводский",ООО СК Антей-Строй,3500.0,0.0,RUR,1750.0,False,Без опыта,,,,2026-09-13T11:44:57+03:00,https://hh.ru/vacancy/136530557,2062,False
hh.ru,136746190,Администратор в школу музыки,Продажи и клиентский сервис,Челябинская область,"Челябинск, р-н Калининский",Школа музыки GAGA,40000.0,0.0,RUR,20000.0,False,Без опыта,,,,2026-09-13T11:44:57+03:00,https://hh.ru/vacancy/136746190,210,False
hh.ru,137202798,Оператор колл-центра (аптека),Прочие профессии,Челябинская область,"Челябинск, р-н Советский",АО Областной аптечный склад,42000.0,42000.0,RUR,42000.0,False,Опыт 1-3 года,,Удалённая работа,,2026-09-13T11:44:57+03:00,https://hh.ru/vacancy/137202798,1659,False
hh.ru,137157125,Администратор в студию живописи,Продажи и клиентский сервис,Челябинская область,"Челябинск, р-н Центральный",Студия живописи и рисунка ГРАДИЕНТ,40000.0,60000.0,RUR,50000.0,False,Без опыта,,,,2026-09-13T11:44:57+03:00,https://hh.ru/vacancy/137157125,203,False
hh.ru,136543070,Администратор в Ветеринарную клинику,Медицина и фармацевтика,Челябинская область,"Челябинск, р-н Советский",Центр ветеринарной медицины,55000.0,70000.0,RUR,62500.0,False,Опыт 1-3 года,,,,2026-09-13T11:44:57+03:00,https://hh.ru/vacancy/136543070,161,False
hh.ru,137224776,Ассистент диспетчер 1С,Транспорт и логистика,Челябинская область,"Челябинск, р-н Центральный",ООО ГИДРУСС,50000.0,0.0,RUR,25000.0,False,Без опыта,,,,2026-09-13T11:44:57+03:00,https://hh.ru/vacancy/137224776,358,False
hh.ru,136345821,Помощник по дому,Прочие профессии,Челябинская область,Челябинск,Сазанкова Екатерина Юрьевна,80000.0,100000.0,RUR,90000.0,True,Без опыта,,,,2026-09-13T11:44:57+03:00,https://hh.ru/vacancy/136345821,1925,False
hh.ru,136990338,Разнорабочий,Рабочий и обслуживающий персонал,Челябинская область,"Челябинск, р-н Курчатовский",ООО Промышленные конструкции,95000.0,0.0,RUR,47500.0,False,Без опыта,,,,2026-09-13T11:44:57+03:00,https://hh.ru/vacancy/136990338,2061,False
hh.ru,137027440,Мастер,Рабочий и обслуживающий персонал,Челябинская область,"Челябинск, р-н Советский",ООО ИнТехГарант,100000.0,120000.0,RUR,110000.0,False,Без опыта,,,,2026-09-13T11:44:57+03:00,https://hh.ru/vacancy/137027440,1276,False
hh.ru,137251874,Водитель-экспедитор,Транспорт и логистика,Челябинская область,"Челябинск, р-н Советский",ООО ТД УралСервисЗапчасть,90000.0,90000.0,RUR,90000.0,False,Опыт 1-3 года,,,,2026-09-13T11:44:57+03:00,https://hh.ru/vacancy/137251874,807,False
hh.ru,137230523,Бухгалтер на первичную документацию,"Финансы, бухгалтерия и право",Челябинская область,"Челябинск, р-н Курчатовский",U2B Упаковка для бизнеса,81000.0,90000.0,RUR,85500.0,True,Опыт 1-3 года,,,,2026-09-13T11:44:57+03:00,https://hh.ru/vacancy/137230523,479,False
hh.ru,137239702,Уборщица/уборщик в офисное здание,Рабочий и обслуживающий персонал,Челябинская область,"Челябинск, р-н Калининский",ОГУ Единый Центр Поддержки и Реабилитации Участников Специальной Военной Операции,43000.0,43200.0,RUR,43100.0,False,Без опыта,,,,2026-09-13T11:44:57+03:00,https://hh.ru/vacancy/137239702,2602,False
hh.ru,137134848,Ведущий специалист-эксперт,Прочие профессии,Челябинская область,"Челябинск, р-н Центральный",ГУ МВД России по Челябинской области,50000.0,50000.0,RUR,50000.0,False,Опыт 1-3 года,,,,2026-09-13T11:44:57+03:00,https://hh.ru/vacancy/137134848,610,False
hh.ru,136835967,QA инженер,Информационные технологии,Чукотский автономный округ,Лорино (Чукотский АО),Хантфлоу интеграция УЗ2,150000.0,150000.0,RUR,150000.0,False,Опыт 3-6 лет,,Удалённая работа,,2026-09-13T11:44:57+03:00,https://hh.ru/vacancy/136835967,36,False
hh.ru,136462546,Главный инженер производства,Инженерия и производство,Чукотский автономный округ,посёлок Ленинградский,ООО МРТС Терминал,630000.0,630000.0,RUR,630000.0,True,Опыт 3-6 лет,,,,2026-09-13T11:44:57+03:00,https://hh.ru/vacancy/136462546,864,False
hh.ru,137161959,Бухгалтер на участок (ТМЦ),"Финансы, бухгалтерия и право",Чукотский автономный округ,Москва,ООО Кор Бизнес Консалтинг,140000.0,140000.0,RUR,140000.0,False,Опыт 3-6 лет,,Удалённая работа,,2026-09-13T11:44:57+03:00,https://hh.ru/vacancy/137161959,523,False
hh.ru,137255592,Переводчик со знанием английского языка / Translator (English / Russian),Прочие профессии,Чукотский автономный округ,Билибино,Baimskaya Management,,,,,False,Опыт 1-3 года,,,,2026-09-13T11:44:57+03:00,https://hh.ru/vacancy/137255592,1821,False
hh.ru,136443902,Бухгалтер,"Финансы, бухгалтерия и право",Чукотский автономный округ,село Княжая Байгора,ООО Доверие,5000.0,15000.0,RUR,10000.0,False,Опыт более 6 лет,,Удалённая работа,,2026-09-13T11:44:57+03:00,https://hh.ru/vacancy/136443902,435,False
hh.ru,137090905,Преподаватель в учебный центр дополнительного профессионального образования,Образование и наука,Чукотский автономный округ,Анадырь,ЧОУ ДПО СПУТНИК,10000.0,0.0,RUR,5000.0,True,Без опыта,,Удалённая работа,,2026-09-13T11:44:57+03:00,https://hh.ru/vacancy/137090905,1969,False
hh.ru,136432847,Руководитель объекта теплоэнергетики,Транспорт и логистика,Чукотский автономный округ,Анадырь,Департамент строительства и жилищно-коммунального хозяйства Чукотского автономного округа,500000.0,500000.0,RUR,500000.0,False,Опыт более 6 лет,,,,2026-09-13T11:44:57+03:00,https://hh.ru/vacancy/136432847,2123,False
hh.ru,136965342,Системный администратор,Информационные технологии,Чукотский автономный округ,Певек,ООО МежРегионСтрой,180000.0,180000.0,RUR,180000.0,True,Опыт 3-6 лет,,,,2026-09-13T11:44:57+03:00,https://hh.ru/vacancy/136965342,2212,False
hh.ru,129442337,Специалист по кадровому сопровождению,Прочие профессии,Чукотский автономный округ,Чукотский автономный округ,АРЕАЛ,,,,,False,Опыт 3-6 лет,,,,2026-09-13T11:44:57+03:00,https://hh.ru/vacancy/129442337,2405,False
hh.ru,137256956,Геодезист / Land Surveyor,Прочие профессии,Чукотский автономный округ,Билибино,Baimskaya Management,,,,,False,Опыт более 6 лет,,,,2026-09-13T11:44:57+03:00,https://hh.ru/vacancy/137256956,838,False
hh.ru,137117277,Водитель грузового автомобиля категории СЕ (автоплощадка),Транспорт и логистика,Чукотский автономный округ,Певек,ООО Маламут Транс,180000.0,430000.0,RUR,305000.0,False,Опыт 3-6 лет,,,,2026-09-13T11:44:57+03:00,https://hh.ru/vacancy/137117277,701,False
hh.ru,136535483,Заместитель главного механика,Инженерия и производство,Чукотский автономный округ,"Певек, Полярная улица, 5",ООО Кор Бизнес Консалтинг,250000.0,250000.0,RUR,250000.0,False,Опыт 3-6 лет,,,,2026-09-13T11:44:57+03:00,https://hh.ru/vacancy/136535483,1027,False
hh.ru,137089619,PL/1 (Programming Language I) Senior,Прочие профессии,Чукотский автономный округ,Певек,2K Software,25000.0,35000.0,RUR,30000.0,False,Опыт более 6 лет,,,,2026-09-13T11:44:57+03:00,https://hh.ru/vacancy/137089619,24,False
hh.ru,137250666,Специалист по планированию / Planner (Engineering),Прочие профессии,Чукотский автономный округ,Билибино,Baimskaya Management,,,,,False,Опыт 3-6 лет,,,,2026-09-13T11:44:57+03:00,https://hh.ru/vacancy/137250666,2433,False
hh.ru,136723540,Начальник отдела бухгалтерского учета и отчетности - заместитель главного бухгалтера,"Финансы, бухгалтерия и право",Чукотский автономный округ,Анадырь,Департамент Сельского Хозяйства и Продовольствия Чукотского Автономного Округа,170000.0,170000.0,RUR,170000.0,True,Опыт 3-6 лет,,,,2026-09-13T11:44:57+03:00,https://hh.ru/vacancy/136723540,1563,False
hh.ru,136770189,Монтажник ЖБК (Якутия),Строительство и недвижимость,Чукотский автономный округ,посёлок городского типа Тикси,Российский Промышленный Сервис,172000.0,516000.0,RUR,344000.0,False,Опыт 1-3 года,,,,2026-09-13T11:44:57+03:00,https://hh.ru/vacancy/136770189,1544,False
hh.ru,136534540,Инженер по эксплуатации транспортных средств,Инженерия и производство,Чукотский автономный округ,"Певек, Полярная улица, 5",ООО Кор Бизнес Консалтинг,250000.0,250000.0,RUR,250000.0,False,Опыт 3-6 лет,,,,2026-09-13T11:44:57+03:00,https://hh.ru/vacancy/136534540,1075,False
hh.ru,137231312,Менеджер по работе с клиентами,Продажи и клиентский сервис,Чукотский автономный округ,Рыткучи,Сбер. Работа с клиентами,156800.0,0.0,RUR,78400.0,True,Без опыта,,,,2026-09-13T11:44:57+03:00,https://hh.ru/vacancy/137231312,1469,False
hh.ru,136966777,Юрист (перевозки),"Финансы, бухгалтерия и право",Чукотский автономный округ,Певек,ООО Кор Бизнес Консалтинг,,,,,False,Опыт 3-6 лет,,,,2026-09-13T11:44:57+03:00,https://hh.ru/vacancy/136966777,2734,False
hh.ru,132006719,Начальник авиационного отделения перевозки почты,Управление,Чукотский автономный округ,"посёлок городского типа Угольные Копи, Портовая улица, 16","«Почта России», Отделение почтовой связи",120000.0,0.0,RUR,60000.0,True,Без опыта,,,,2026-09-13T11:44:57+03:00,https://hh.ru/vacancy/132006719,1553,False
hh.ru,136441030,Парикмахер,Прочие профессии,Чукотский автономный округ,Билибино,ИП Бойченко Илья Николаевич,300000.0,350000.0,RUR,325000.0,False,Опыт 3-6 лет,,,,2026-09-13T11:44:57+03:00,https://hh.ru/vacancy/136441030,1812,False
hh.ru,136278803,"Водитель топливозаправщика (Чукотка, Крайний Север)",Транспорт и логистика,Чукотский автономный округ,Певек,Спецстроймонтаж,185000.0,185000.0,RUR,185000.0,False,Опыт 3-6 лет,,,,2026-09-13T11:44:57+03:00,https://hh.ru/vacancy/136278803,791,False
hh.ru,137179480,Кухонный рабочий,Прочие профессии,Чукотский автономный округ,Анадырь,Российские Студенческие Отряды,70000.0,90000.0,RUR,80000.0,True,Без опыта,,,,2026-09-13T11:44:57+03:00,https://hh.ru/vacancy/137179480,1243,False
hh.ru,135363083,Докер-механизатор/Машинист портального крана,Транспорт и логистика,Чукотский автономный округ,"Певек, Полярная улица, 5",ООО Кор Бизнес Консалтинг,200000.0,200000.0,RUR,200000.0,False,Опыт 1-3 года,,,,2026-09-13T11:44:57+03:00,https://hh.ru/vacancy/135363083,1001,False
hh.ru,136777951,Инженер ПТО,Инженерия и производство,Чукотский автономный округ,"Певек, Полярная улица, 5",ООО Кор Бизнес Консалтинг,220000.0,220000.0,RUR,220000.0,False,Опыт более 6 лет,,,,2026-09-13T11:44:57+03:00,https://hh.ru/vacancy/136777951,1082,False
hh.ru,136695386,Старший диспетчер со знанием английского языка,Транспорт и логистика,Чукотский автономный округ,"Певек, Полярная улица, 5",ООО Кор Бизнес Консалтинг,300000.0,300000.0,RUR,300000.0,False,Опыт 3-6 лет,,,,2026-09-13T11:44:57+03:00,https://hh.ru/vacancy/136695386,2530,False
hh.ru,137115604,Приемосдатчик груза и багажа - кладовщик 2 категории,Транспорт и логистика,Чукотский автономный округ,"Певек, Полярная улица, 5",ООО Кор Бизнес Консалтинг,141331.0,141331.0,RUR,141331.0,False,Опыт 1-3 года,,,,2026-09-13T11:44:57+03:00,https://hh.ru/vacancy/137115604,1971,False
hh.ru,136881881,Подсобный рабочий (разнорабочий),Рабочий и обслуживающий персонал,Чукотский автономный округ,Билибино,ООО УК Золотые проекты,110000.0,0.0,RUR,55000.0,False,Без опыта,,,,2026-09-13T11:44:57+03:00,https://hh.ru/vacancy/136881881,1851,False
hh.ru,137164473,Горничная,Прочие профессии,Чукотский автономный округ,Анадырь,Российские Студенческие Отряды,70000.0,90000.0,RUR,80000.0,True,Без опыта,,,,2026-09-13T11:44:57+03:00,https://hh.ru/vacancy/137164473,886,False
hh.ru,136711667,Почтальон,Прочие профессии,Чукотский автономный округ,"посёлок городского типа Провидения, улица Набережная Дежнёва, 26","«Почта России», Отделение почтовой связи",51720.0,0.0,RUR,25860.0,True,Без опыта,,,,2026-09-13T11:44:57+03:00,https://hh.ru/vacancy/136711667,1964,False
hh.ru,136280995,"Водитель экспедитор (категории С,Е)",Транспорт и логистика,Чукотский автономный округ,Билибино,ООО Олимп-Кадры,230000.0,230000.0,RUR,230000.0,False,Опыт 1-3 года,,,,2026-09-13T11:44:57+03:00,https://hh.ru/vacancy/136280995,816,False
hh.ru,136329787,Системный администратор (Анадырь),Информационные технологии,Чукотский автономный округ,Анадырь,АО Азиатско-Тихоокеанский Банк,,,,,False,Опыт 1-3 года,,,,2026-09-13T11:44:57+03:00,https://hh.ru/vacancy/136329787,2220,False
hh.ru,136785026,Горный Мастер на рассыпное золото (Чукотка - обводнённый участок),Рабочий и обслуживающий персонал,Чукотский автономный округ,Билибино,ООО Арктикгеолдобыча,300000.0,500000.0,RUR,400000.0,False,Опыт более 6 лет,,,,2026-09-13T11:44:57+03:00,https://hh.ru/vacancy/136785026,887,False
hh.ru,134155794,Главный специалист по экономической безопасности,Охрана и безопасность,Чукотский автономный округ,"Анадырь, улица Ленина, 20","«Почта России», Офис",67650.0,67650.0,RUR,67650.0,True,Опыт 3-6 лет,,,,2026-09-13T11:44:57+03:00,https://hh.ru/vacancy/134155794,880,False
hh.ru,136957177,Водитель фронтального погрузчика,Транспорт и логистика,Чукотский автономный округ,Билибино,Ventra,,,,,False,Опыт 1-3 года,,,,2026-09-13T11:44:57+03:00,https://hh.ru/vacancy/136957177,792,False
hh.ru,136957057,Кладовщик,Транспорт и логистика,Чукотский автономный округ,Анадырь,Ключников,35000.0,50000.0,RUR,42500.0,True,Без опыта,,,,2026-09-13T11:44:57+03:00,https://hh.ru/vacancy/136957057,1132,False
hh.ru,136384217,Водитель самосвала,Транспорт и логистика,Чукотский автономный округ,Благовещенск,ООО Решения Системы Инновации,190000.0,190000.0,RUR,190000.0,False,Опыт 1-3 года,,,,2026-09-13T11:44:57+03:00,https://hh.ru/vacancy/136384217,788,False
hh.ru,135112405,Инженер средств радио и телевидения (г. Анадырь),Инженерия и производство,Чукотский автономный округ,Анадырь,Филиал ФГУП Российская Телевизионная и Радиовещательная Сеть - Дальневосточный Региональный Центр,130000.0,180000.0,RUR,155000.0,False,Опыт 1-3 года,,,,2026-09-13T11:44:57+03:00,https://hh.ru/vacancy/135112405,1089,False
hh.ru,136901508,Координатор по производственным отношениям,Инженерия и производство,Чукотский автономный округ,Билибино,Fersol,,,,,False,Опыт 3-6 лет,,,,2026-09-13T11:44:57+03:00,https://hh.ru/vacancy/136901508,1205,False
hh.ru,136341469,Геодезист-Инженер (Чукотский автономный округ）,Инженерия и производство,Чукотский автономный округ,Билибинский район,ООО 7 Эмсиси Рус Чук,220000.0,250000.0,RUR,235000.0,False,Опыт 3-6 лет,,,,2026-09-13T11:44:57+03:00,https://hh.ru/vacancy/136341469,839,False
hh.ru,135667884,Курьер в сервис Яндекс Еда (заказы до 3 кг),Транспорт и логистика,Чувашская Республика,Чебоксары,Яндекс.Еда,190000.0,0.0,RUR,95000.0,True,Без опыта,,,,2026-09-13T11:44:57+03:00,https://hh.ru/vacancy/135667884,1232,False
hh.ru,137166084,Бухгалтер по расчету заработной платы,"Финансы, бухгалтерия и право",Чувашская Республика,Чебоксары,ИП Зеленовская Арина Александровна,60000.0,80000.0,RUR,70000.0,True,Опыт 1-3 года,,Удалённая работа,,2026-09-13T11:44:57+03:00,https://hh.ru/vacancy/137166084,535,False
hh.ru,136925459,Менеджер/начинающий специалист удалённого отдела,Прочие профессии,Чувашская Республика,Чебоксары,Система Сервис,70000.0,0.0,RUR,35000.0,True,Без опыта,,Удалённая работа,,2026-09-13T11:44:57+03:00,https://hh.ru/vacancy/136925459,1343,False
hh.ru,137216369,Юрист по документальному сопровождению,"Финансы, бухгалтерия и право",Чувашская Республика,Чебоксары,Правовой Информационный Центр,70000.0,70000.0,RUR,70000.0,False,Опыт 1-3 года,,Удалённая работа,,2026-09-13T11:44:57+03:00,https://hh.ru/vacancy/137216369,2738,False
hh.ru,136818565,Работник на производство бытовой химии,Инженерия и производство,Чувашская Республика,"Чебоксары, проспект И.Я. Яковлева, 13",ИП Данилов Даниил Юрьевич,60000.0,0.0,RUR,30000.0,False,Без опыта,,,,2026-09-13T11:44:57+03:00,https://hh.ru/vacancy/136818565,2032,False
hh.ru,136348826,Медицинский регистратор/Администратор,Медицина и фармацевтика,Чувашская Республика,"Новочебоксарск, улица Семёнова, 27",ООО МЕДИК,45120.0,0.0,RUR,22560.0,True,Без опыта,,,,2026-09-13T11:44:57+03:00,https://hh.ru/vacancy/136348826,1306,True
hh.ru,137231618,Менеджер по продажам,Продажи и клиентский сервис,Чувашская Республика,"Чебоксары, улица Пирогова, 1к2",Цветочный №21,60000.0,60000.0,RUR,60000.0,True,Опыт 1-3 года,,Удалённая работа,,2026-09-13T11:44:57+03:00,https://hh.ru/vacancy/137231618,1422,False
hh.ru,137027405,Специалист кадрового делопроизводства,Инженерия и производство,Чувашская Республика,Чебоксары,ПАО Ростелеком,32000.0,37000.0,RUR,34500.0,True,Опыт 1-3 года,,Удалённая работа,,2026-09-13T11:44:57+03:00,https://hh.ru/vacancy/137027405,2313,False
hh.ru,137046865,Упаковщик/сотрудник интернет магазина/менеджер,Прочие профессии,Чувашская Республика,"Чебоксары, проспект Ленина, 34",ИП Федотов Димитрий Александрович,50000.0,61380.0,RUR,55690.0,False,Без опыта,,,,2026-09-13T11:44:57+03:00,https://hh.ru/vacancy/137046865,2619,False
hh.ru,137159422,Юрисконсульт (г. Чебоксары),Прочие профессии,Чувашская Республика,"Чебоксары, улица Текстильщиков, 8к16",ООО Лефабрик,25000.0,30000.0,RUR,27500.0,True,Опыт 3-6 лет,,Удалённая работа,,2026-09-13T11:44:57+03:00,https://hh.ru/vacancy/137159422,2714,False
hh.ru,137124299,AI-креатор в AI Production Studio,Прочие профессии,Чувашская Республика,"Чебоксары, улица Карла Маркса, 60А",Limex,0.0,0.0,,,False,Без опыта,,,,2026-09-13T11:44:57+03:00,https://hh.ru/vacancy/137124299,0,False
hh.ru,137218600,Офис-менеджер,Прочие профессии,Чувашская Республика,"Новочебоксарск, Восточная улица, 21А",ИП БОРИСОВА ИРИНА НИКОЛАЕВНА,45000.0,0.0,RUR,22500.0,False,Без опыта,,,,2026-09-13T11:44:57+03:00,https://hh.ru/vacancy/137218600,1753,False
hh.ru,136607145,Начальник отдела по работе с клиентами,Продажи и клиентский сервис,Чувашская Республика,"Чебоксары, улица Карла Маркса, 54",Чебоксарский институт (филиал) Московского политехнического университета,85900.0,138400.0,RUR,112150.0,True,Опыт 1-3 года,,,,2026-09-13T11:44:57+03:00,https://hh.ru/vacancy/136607145,1572,False
hh.ru,136647821,Ассистент руководителя,Прочие профессии,Чувашская Республика,"Новочебоксарск, Промышленная улица, 52",ООО Энтро,90000.0,90000.0,RUR,90000.0,True,Опыт 1-3 года,,,,2026-09-13T11:44:57+03:00,https://hh.ru/vacancy/136647821,371,False
hh.ru,137242267,Бухгалтер,"Финансы, бухгалтерия и право",Чувашская Республика,"Чебоксары, Университетская улица, 36",ООО Специализированный Застройщик Технология,80000.0,80000.0,RUR,80000.0,False,Опыт 1-3 года,,,,2026-09-13T11:44:57+03:00,https://hh.ru/vacancy/137242267,456,False
hh.ru,137048535,Менеджер по поиску блогеров,Прочие профессии,Чувашская Республика,Чебоксары,ИП Иванов Борис Николаевич,70000.0,70000.0,RUR,70000.0,False,Опыт 1-3 года,,Удалённая работа,,2026-09-13T11:44:57+03:00,https://hh.ru/vacancy/137048535,1411,False
hh.ru,137156734,Рабочий в цех тапочек,Прочие профессии,Чувашская Республика,"Чебоксары, улица Текстильщиков",ИП Никифоров Станислав Олегович,45000.0,60000.0,RUR,52500.0,False,Без опыта,,,,2026-09-13T11:44:57+03:00,https://hh.ru/vacancy/137156734,2040,False
hh.ru,137192295,Личный помощник руководителя/Бизнес-ассистент,Прочие профессии,Чувашская Республика,"Чебоксары, улица Патриса Лумумбы, 8",ИП Нестеров Константин Александрович,100000.0,100000.0,RUR,100000.0,True,Опыт 1-3 года,,Удалённая работа,,2026-09-13T11:44:57+03:00,https://hh.ru/vacancy/137192295,1265,False
hh.ru,137007040,Водитель-экспедитор категории В,Транспорт и логистика,Чувашская Республика,"Елабужский район, Особая экономическая зона Алабуга",Алабуга. Логистика и закупки,258750.0,258750.0,RUR,258750.0,True,Опыт 1-3 года,,,,2026-09-13T11:44:57+03:00,https://hh.ru/vacancy/137007040,813,False
hh.ru,137197819,"Инженер по тестированию ПО (Embedded, desktop)",Инженерия и производство,Чувашская Республика,"Чебоксары, Пристанционная улица, 1",ООО НЭК ТЕХ,,,,,False,Опыт 1-3 года,,,,2026-09-13T11:44:57+03:00,https://hh.ru/vacancy/137197819,1073,False
hh.ru,137052392,Менеджер по кадровому делопроизводству,Инженерия и производство,Чувашская Республика,"Чебоксары, проспект Тракторостроителей, 72",ООО Нефтепродукт,70000.0,80000.0,RUR,75000.0,True,Опыт 3-6 лет,,,,2026-09-13T11:44:57+03:00,https://hh.ru/vacancy/137052392,1377,False
hh.ru,137016151,Администратор в компьютерный клуб,Продажи и клиентский сервис,Чувашская Республика,"Чебоксары, улица Ленинского Комсомола, 23к3",CyberX (ИП Софронов Николай Сергеевич),30000.0,70000.0,RUR,50000.0,True,Без опыта,,,,2026-09-13T11:44:57+03:00,https://hh.ru/vacancy/137016151,177,False
hh.ru,136355785,"Менеджер по продажам/Оператор по работе с клиентами (Вывоз мусора, спецтехника)",Продажи и клиентский сервис,Чувашская Республика,Чебоксары,ИП ЕГОРОВА ДАРИЯ ГЕОРГИЕВНА,70000.0,160000.0,RUR,115000.0,False,Опыт 1-3 года,,Удалённая работа,,2026-09-13T11:44:57+03:00,https://hh.ru/vacancy/136355785,1441,False
hh.ru,137099777,Директор по развитию (электротехническая отрасль),Управление,Чувашская Республика,"Чебоксары, Автозаправочный проезд, 24",ООО ЧЭТА,500000.0,500000.0,RUR,500000.0,True,Опыт более 6 лет,,,,2026-09-13T11:44:57+03:00,https://hh.ru/vacancy/137099777,971,False
hh.ru,136141861,Медицинский регистратор/Администратор,Медицина и фармацевтика,Чувашская Республика,"город Чебоксары, Тополиная улица, 11а",ООО МЕДИК,45120.0,0.0,RUR,22560.0,True,Без опыта,,,,2026-09-13T11:44:57+03:00,https://hh.ru/vacancy/136141861,1306,True
hh.ru,136566452,Сборщик столов на мебельное производство,Инженерия и производство,Чувашская Республика,"Чебоксары, Складской проезд, 10к4",ИП Новиков Александр Олегович,60000.0,120000.0,RUR,90000.0,False,Без опыта,,,,2026-09-13T11:44:57+03:00,https://hh.ru/vacancy/136566452,2166,False
hh.ru,137069770,Бизнес-аналитик,Прочие профессии,Чувашская Республика,"Чебоксары, улица Константина Иванова, 50",Кейсистемс,70000.0,100000.0,RUR,85000.0,True,Опыт 1-3 года,,,,2026-09-13T11:44:57+03:00,https://hh.ru/vacancy/137069770,390,False
hh.ru,137063393,Сторож-охранник,Охрана и безопасность,Чувашская Республика,"Чебоксары, проезд Машиностроителей, 1к6",Фитолайн,45000.0,0.0,RUR,22500.0,False,Без опыта,,,,2026-09-13T11:44:57+03:00,https://hh.ru/vacancy/137063393,2552,False
hh.ru,135537318,Специалист ЕГАИС,Прочие профессии,Чувашская Республика,"Чебоксары, проезд Соляное, 7",ОАО Букет Чувашии,66000.0,0.0,RUR,33000.0,True,Без опыта,,,,2026-09-13T11:44:57+03:00,https://hh.ru/vacancy/135537318,2312,False
hh.ru,136845452,Оператор клиентского сервиса,Продажи и клиентский сервис,Чувашская Республика,Чебоксары,"Компания «СПОРТМАСТЕР», Начало карьеры",50000.0,55000.0,RUR,52500.0,True,Без опыта,,Удалённая работа,,2026-09-13T11:44:57+03:00,https://hh.ru/vacancy/136845452,1658,False
hh.ru,137121672,Юрист,"Финансы, бухгалтерия и право",Чувашская Республика,"Новочебоксарск, Промышленная улица, 38к1",ООО Звениговский,70000.0,70000.0,RUR,70000.0,False,Опыт 3-6 лет,,,,2026-09-13T11:44:57+03:00,https://hh.ru/vacancy/137121672,2724,False
hh.ru,137165293,Менеджер по кадровому делопроизводству,Инженерия и производство,Чувашская Республика,"Чебоксары, Марпосадское шоссе, 38",АО Инкост,60000.0,70000.0,RUR,65000.0,False,Опыт 1-3 года,,,,2026-09-13T11:44:57+03:00,https://hh.ru/vacancy/137165293,1376,False
hh.ru,136875603,Помощник юриста,"Финансы, бухгалтерия и право",Чувашская Республика,Чебоксары,Гарант-Чебоксары,27093.0,45000.0,RUR,36046.5,True,Без опыта,,Удалённая работа,,2026-09-13T11:44:57+03:00,https://hh.ru/vacancy/136875603,1960,False
hh.ru,137052219,Специалист по поиску персонала,Прочие профессии,Чувашская Республика,Чебоксары,Альфа-Банк,52900.0,0.0,RUR,26450.0,True,Без опыта,,Удалённая работа,,2026-09-13T11:44:57+03:00,https://hh.ru/vacancy/137052219,2437,False
hh.ru,137113707,Водитель-курьер на личном автомобиле,Транспорт и логистика,Республика Дагестан,Аксай (Дагестан),Додо Пицца Россия,0.0,0.0,,,False,Без опыта,,,,2026-09-13T11:44:57+03:00,https://hh.ru/vacancy/137113707,749,False
hh.ru,136837485,Кассир,Продажи и клиентский сервис,Республика Дагестан,Дербент,Додо Пицца Россия,0.0,0.0,,,False,Без опыта,,,,2026-09-13T11:44:57+03:00,https://hh.ru/vacancy/136837485,1119,False
hh.ru,136372801,Оператор производственной линии,Инженерия и производство,Республика Дагестан,Елабуга,Алабуга. Производство,250000.0,0.0,RUR,125000.0,True,Без опыта,,,,2026-09-13T11:44:57+03:00,https://hh.ru/vacancy/136372801,1700,False
hh.ru,136539274,Продавец-консультант INTIMISSIMI,Продажи и клиентский сервис,Республика Дагестан,"Махачкала, улица Магомеда Ярагского, 30",ИП Магомедов Магомед Андреевич,50000.0,0.0,RUR,25000.0,True,Без опыта,,,,2026-09-13T11:44:57+03:00,https://hh.ru/vacancy/136539274,2004,False
hh.ru,136633966,Хостес в ресторан MY RECEPT,Прочие профессии,Республика Дагестан,"Махачкала, улица Мичурина62",MY RECEPT,2400.0,0.0,RUR,1200.0,False,Без опыта,,,,2026-09-13T11:44:57+03:00,https://hh.ru/vacancy/136633966,2672,False
hh.ru,137109686,Онлайн менеджер,Прочие профессии,Республика Дагестан,"Махачкала, улица Магомеда Ярагского, 106",Кондитерская Ван лав,50000.0,50000.0,RUR,50000.0,False,Опыт 1-3 года,,,,2026-09-13T11:44:57+03:00,https://hh.ru/vacancy/137109686,1616,False
hh.ru,133980599,Продавец-консультант в магазин женской одежды,Продажи и клиентский сервис,Республика Дагестан,"Махачкала, проспект Гамидова, 55",ООО Лк Инжинеринг,150000.0,0.0,RUR,75000.0,False,Без опыта,,,,2026-09-13T11:44:57+03:00,https://hh.ru/vacancy/133980599,2009,False
hh.ru,137102031,Менеджер финансового отдела,"Финансы, бухгалтерия и право",Республика Дагестан,"Махачкала, улица Гагарина, 94",ИП Магомедова Эльмира Магомедовна,50000.0,70000.0,RUR,60000.0,True,Без опыта,,,,2026-09-13T11:44:57+03:00,https://hh.ru/vacancy/137102031,1509,False
hh.ru,136765788,Специалист по сопровождению интернет-заказов,Прочие профессии,Республика Дагестан,Махачкала,Ибрагимова Рукият Арслановна,57000.0,85000.0,RUR,71000.0,True,Опыт 1-3 года,,Удалённая работа,,2026-09-13T11:44:57+03:00,https://hh.ru/vacancy/136765788,2477,False
hh.ru,136728661,Администратор образовательного центра,Продажи и клиентский сервис,Республика Дагестан,"Махачкала, улица Магомедтагирова, 172",Школа Квентин,37000.0,45000.0,RUR,41000.0,True,Без опыта,,,,2026-09-13T11:44:57+03:00,https://hh.ru/vacancy/136728661,279,False
hh.ru,137150059,Администратор салона,Продажи и клиентский сервис,Республика Дагестан,"Махачкала, улица Коркмасова, 43",ИП Магомедов Буниямин Абдурахманович,2500.0,2500.0,RUR,2500.0,False,Опыт 1-3 года,,,,2026-09-13T11:44:57+03:00,https://hh.ru/vacancy/137150059,300,False
hh.ru,137038848,Продавец-кассир\консультант,Продажи и клиентский сервис,Республика Дагестан,"Махачкала, проспект Гамидова, 2к1",ИП Махмудов Ринат Исрафилович,2000.0,3000.0,RUR,2500.0,False,Без опыта,,,,2026-09-13T11:44:57+03:00,https://hh.ru/vacancy/137038848,1990,False
hh.ru,137218961,Продавец-консультант,Продажи и клиентский сервис,Республика Дагестан,"Махачкала, улица Магомеда Ярагского, 45В",ИП Гусейнова Эфризат Абдулгайевна,60000.0,90000.0,RUR,75000.0,False,Опыт 1-3 года,,,,2026-09-13T11:44:57+03:00,https://hh.ru/vacancy/137218961,1996,False
hh.ru,136460386,SMM-менеджер,"Маркетинг, медиа и дизайн",Республика Дагестан,Махачкала,Рейхан,30000.0,40000.0,RUR,35000.0,False,Без опыта,,Удалённая работа,,2026-09-13T11:44:57+03:00,https://hh.ru/vacancy/136460386,43,False
hh.ru,136416996,Оператор call-центра (ночная смена),Продажи и клиентский сервис,Республика Дагестан,"Махачкала, улица Гайдара Гаджиева, 24Е",Медицинский центр Лекарь,30000.0,0.0,RUR,15000.0,False,Без опыта,,,,2026-09-13T11:44:57+03:00,https://hh.ru/vacancy/136416996,1645,False
hh.ru,137166089,Бухгалтер,"Финансы, бухгалтерия и право",Республика Дагестан,"Махачкала, улица Коркмасова, 38",ИП ИСЛАМОВ МАГОМЕДРАСУЛ МАГОМЕДХАБИБОВИЧ,50000.0,50000.0,RUR,50000.0,False,Опыт 1-3 года,,,,2026-09-13T11:44:57+03:00,https://hh.ru/vacancy/137166089,420,False
hh.ru,136636510,Охранник,Охрана и безопасность,Республика Дагестан,"Махачкала, улица Ляхова, 47",ООО ЧОО Альфа-М,3000.0,4000.0,RUR,3500.0,False,Без опыта,,,,2026-09-13T11:44:57+03:00,https://hh.ru/vacancy/136636510,1801,False
hh.ru,137176728,SMM-менеджер,"Маркетинг, медиа и дизайн",Республика Дагестан,Каспийск,ИП Мурадов Омар Магомедович,50000.0,50000.0,RUR,50000.0,False,Опыт 1-3 года,,,,2026-09-13T11:44:57+03:00,https://hh.ru/vacancy/137176728,40,False
hh.ru,137199798,"Бухгалтер на первичную документацию, помощник главного бухгалтера","Финансы, бухгалтерия и право",Республика Дагестан,"Махачкала, Порт-Петровский тупик, 8",ООО ЮгТрансЛогистик,60000.0,60000.0,RUR,60000.0,False,Опыт 1-3 года,,,,2026-09-13T11:44:57+03:00,https://hh.ru/vacancy/137199798,514,False
hh.ru,137129348,SMM-менеджер,"Маркетинг, медиа и дизайн",Республика Дагестан,"Махачкала, улица Магомедтагирова, 107",Саидов Ахмед Магомедбегович,70000.0,100000.0,RUR,85000.0,False,Опыт 1-3 года,,,,2026-09-13T11:44:57+03:00,https://hh.ru/vacancy/137129348,44,False
hh.ru,137141745,Помощник эмбриолога,Прочие профессии,Республика Дагестан,"Махачкала, улица Гоголя, 24",Центр репродукции и ЭКО,38000.0,42000.0,RUR,40000.0,False,Опыт 1-3 года,,,,2026-09-13T11:44:57+03:00,https://hh.ru/vacancy/137141745,1958,False
hh.ru,137251043,Администратор на ресепшен,Продажи и клиентский сервис,Республика Дагестан,"Каспийск, улица М. Халилова, 3",AZIMUT Hotels,50000.0,0.0,RUR,25000.0,True,Без опыта,,,,2026-09-13T11:44:57+03:00,https://hh.ru/vacancy/137251043,269,False
hh.ru,136672144,Оператор call-центра,Продажи и клиентский сервис,Республика Дагестан,"Махачкала, улица Гайдара Гаджиева, 24Е",Медицинский центр Лекарь,42000.0,60000.0,RUR,51000.0,False,Без опыта,,,,2026-09-13T11:44:57+03:00,https://hh.ru/vacancy/136672144,1637,False
hh.ru,136874490,Бизнес-ассистент (направление Дубай и РФ),Прочие профессии,Республика Дагестан,Махачкала,Фабрика турсайтов,,,,,False,Опыт 1-3 года,,Удалённая работа,,2026-09-13T11:44:57+03:00,https://hh.ru/vacancy/136874490,397,False
hh.ru,137268109,Продавец-консультант RAINBOW BEAUTY SPACE,Продажи и клиентский сервис,Республика Дагестан,"Махачкала, улица Мичурина, 55",Сайдулова Айна,55000.0,65000.0,RUR,60000.0,False,Опыт 1-3 года,,,,2026-09-13T11:44:57+03:00,https://hh.ru/vacancy/137268109,2006,False
hh.ru,136655018,Расклейщик,Прочие профессии,Республика Дагестан,"Махачкала, улица Ярагского, 71",Эрлайн,2000.0,4000.0,RUR,3000.0,False,Без опыта,,,,2026-09-13T11:44:57+03:00,https://hh.ru/vacancy/136655018,2073,False
hh.ru,136967425,Помощник флориста,Прочие профессии,Республика Дагестан,"Махачкала, улица Гагарина, 74А",Love Story,2000.0,0.0,RUR,1000.0,False,Без опыта,,,,2026-09-13T11:44:57+03:00,https://hh.ru/vacancy/136967425,1956,False
hh.ru,137054346,Менеджер по продажам,Продажи и клиентский сервис,Республика Дагестан,"Махачкала, проспект Гамидова, 1",MODERN,80000.0,80000.0,RUR,80000.0,False,Опыт 1-3 года,,,,2026-09-13T11:44:57+03:00,https://hh.ru/vacancy/137054346,1414,False
hh.ru,137124173,Администратор,Продажи и клиентский сервис,Республика Дагестан,"Махачкала, улица Ахмата-Хаджи Кадырова, 20",Стоматология Баланс,30000.0,0.0,RUR,15000.0,False,Без опыта,,,,2026-09-13T11:44:57+03:00,https://hh.ru/vacancy/137124173,137,False
hh.ru,137200829,Директор по развитию направления (ЛКМ),Управление,Республика Дагестан,"Махачкала, проспект Гамидова",Маняпова Румия Равильевна,150000.0,250000.0,RUR,200000.0,False,Без опыта,,,,2026-09-13T11:44:57+03:00,https://hh.ru/vacancy/137200829,970,False
hh.ru,136568187,Бариста,Продажи и клиентский сервис,Республика Дагестан,"Махачкала, проспект Гамидова, 20",ИП Магомедов Гусейн Магомедсаламович,280.0,280.0,RUR,280.0,False,Опыт 1-3 года,,,,2026-09-13T11:44:57+03:00,https://hh.ru/vacancy/136568187,376,False
hh.ru,137115237,Ассистент врача-стоматолога,Медицина и фармацевтика,Республика Дагестан,"Махачкала, улица Титова",ООО Лк Инжинеринг,40000.0,0.0,RUR,20000.0,False,Без опыта,,,,2026-09-13T11:44:57+03:00,https://hh.ru/vacancy/137115237,356,False
hh.ru,137219759,Бухгалтер,"Финансы, бухгалтерия и право",Республика Дагестан,"Махачкала, улица Магомеда Ярагского, 12",Два кита,45000.0,45000.0,,,False,Опыт 1-3 года,,,,2026-09-13T11:44:57+03:00,https://hh.ru/vacancy/137219759,417,False
hh.ru,137128915,Старший администратор/администратор,Продажи и клиентский сервис,Республика Дагестан,"Махачкала, проспект Петра I85",Beauty Bar GUBBA,50000.0,70000.0,RUR,60000.0,False,Без опыта,,,,2026-09-13T11:44:57+03:00,https://hh.ru/vacancy/137128915,2527,False
hh.ru,137156729,Менеджер Ozon или  Wildberries,Прочие профессии,Республика Ингушетия,Аки-Юрт (Ингушетия),ИП Мусурмонов Мухаммадамин Мамуржонович,60000.0,120000.0,RUR,90000.0,True,Опыт 1-3 года,,Удалённая работа,,2026-09-13T11:44:57+03:00,https://hh.ru/vacancy/137156729,1317,False
hh.ru,137261136,Водитель категории Е,Транспорт и логистика,Республика Ингушетия,Нестеровская (Ингушетия),ITECO,185000.0,250000.0,RUR,217500.0,True,Без опыта,,,,2026-09-13T11:44:57+03:00,https://hh.ru/vacancy/137261136,733,False
hh.ru,137113713,Водитель-курьер на личном автомобиле,Транспорт и логистика,Республика Ингушетия,Назрань,Додо Пицца Россия,0.0,0.0,,,False,Без опыта,,,,2026-09-13T11:44:57+03:00,https://hh.ru/vacancy/137113713,750,False
hh.ru,136703191,Журналист-копирайтер,"Маркетинг, медиа и дизайн",Республика Ингушетия,Троицкая (Ингушетия),ООО Соломка,40000.0,80000.0,RUR,60000.0,False,Опыт 1-3 года,,Удалённая работа,,2026-09-13T11:44:57+03:00,https://hh.ru/vacancy/136703191,1010,False
hh.ru,136903457,Операционный директор (COO) с коммерческим мышлением,Управление,Республика Ингушетия,Троицкая (Ингушетия),ООО Соломка,250000.0,250000.0,RUR,250000.0,False,Опыт 1-3 года,,Удалённая работа,,2026-09-13T11:44:57+03:00,https://hh.ru/vacancy/136903457,1740,False
hh.ru,136703182,Графический дизайнер | Веб дизайнер,"Маркетинг, медиа и дизайн",Республика Ингушетия,Троицкая (Ингушетия),ООО Соломка,40000.0,80000.0,RUR,60000.0,True,Опыт 1-3 года,,Удалённая работа,,2026-09-13T11:44:57+03:00,https://hh.ru/vacancy/136703182,907,False
hh.ru,137216418,Помощник/ассистент руководителя,Прочие профессии,Республика Ингушетия,Назрань,ООО Эверест,,,,,False,Опыт 1-3 года,,,,2026-09-13T11:44:57+03:00,https://hh.ru/vacancy/137216418,1874,False
hh.ru,137267059,Бизнес-ассистент (удаленно / суши-бар),Прочие профессии,Республика Ингушетия,Москва,ИП Мусурмонов Мухаммадамин Мамуржонович,20000.0,50000.0,RUR,35000.0,True,Опыт 1-3 года,,Удалённая работа,,2026-09-13T11:44:57+03:00,https://hh.ru/vacancy/137267059,401,False
hh.ru,137122924,Старший менеджер по работе с клиентами,Продажи и клиентский сервис,Республика Ингушетия,Назрань,Сбер. Работа с клиентами,78960.0,0.0,RUR,39480.0,True,Без опыта,,,,2026-09-13T11:44:57+03:00,https://hh.ru/vacancy/137122924,2536,False
hh.ru,137101439,Помощник рекрутера / Младший HR-специалист,Прочие профессии,Республика Ингушетия,Магас,ИП МАЛЫХИНА ФАИНА ФАЗИЛОВНА,55000.0,90000.0,RUR,72500.0,False,Без опыта,,Удалённая работа,,2026-09-13T11:44:57+03:00,https://hh.ru/vacancy/137101439,1933,False
hh.ru,136998571,Аналитик данных / BI-аналитик,Информационные технологии,Республика Ингушетия,"Магас, улица Никиты Хрущёва, 10",АНО ДПО Академия ИТ,,,,,False,Опыт 1-3 года,,,,2026-09-13T11:44:57+03:00,https://hh.ru/vacancy/136998571,344,False
hh.ru,136591057,Торговый представитель (Назрань-Магас),Прочие профессии,Республика Ингушетия,"село Серноводское, Курортная улица, 23А",INZARE,90000.0,130000.0,RUR,110000.0,False,Без опыта,,,,2026-09-13T11:44:57+03:00,https://hh.ru/vacancy/136591057,2594,False
hh.ru,136650372,Курьер на доставку заказов Wildberries,Транспорт и логистика,Республика Ингушетия,Республика Ингушетия,RWB (Wildberries & Russ),160000.0,0.0,RUR,80000.0,False,Без опыта,,,,2026-09-13T11:44:57+03:00,https://hh.ru/vacancy/136650372,1234,False
hh.ru,136623530,Бизнес-ассистент,Прочие профессии,Республика Ингушетия,Назрань,ИП Микуляк Артём Павлович,20000.0,0.0,RUR,10000.0,False,Без опыта,,Удалённая работа,,2026-09-13T11:44:57+03:00,https://hh.ru/vacancy/136623530,393,False
hh.ru,137247895,Главный менеджер-операционист,Прочие профессии,Республика Ингушетия,"Малгобек, Центральная улица, 10А","АО Россельхозбанк, Филиалы и отделения",43000.0,0.0,RUR,21500.0,True,Без опыта,,,,2026-09-13T11:44:57+03:00,https://hh.ru/vacancy/137247895,866,False
hh.ru,137047180,Водитель в банк (доставка документов),Транспорт и логистика,Республика Ингушетия,Назрань,ООО Блеск,200000.0,0.0,RUR,100000.0,False,Без опыта,,,,2026-09-13T11:44:57+03:00,https://hh.ru/vacancy/137047180,694,False
hh.ru,134062720,Директор офиса,Управление,Республика Ингушетия,"Назрань, Московская улица, 28","Банк ВТБ (ПАО), Розничный бизнес",,,,,False,Опыт 1-3 года,,,,2026-09-13T11:44:57+03:00,https://hh.ru/vacancy/134062720,963,False
hh.ru,136324554,Старший оператор по работе с клиентами,Продажи и клиентский сервис,Республика Ингушетия,"Сунжа, улица Осканова, 23А","«Почта России», Отделение почтовой связи",27093.0,27200.0,RUR,27146.5,True,Без опыта,,,,2026-09-13T11:44:57+03:00,https://hh.ru/vacancy/136324554,2540,False
hh.ru,136963486,Преподаватель китайского языка (русскоязычный),Образование и наука,Республика Ингушетия,"Сестрорецк, р-н Курортный",ООО Центр Иероглиф,70000.0,70000.0,RUR,70000.0,True,Опыт 1-3 года,,,,2026-09-13T11:44:57+03:00,https://hh.ru/vacancy/136963486,1970,False
hh.ru,136357616,Менеджер по подбору персонала / HR / Рекрутер (по совмещению),Прочие профессии,Республика Ингушетия,Назрань,Бизнес Алхимия (ИП Сорокин Алексей Сергеевич),50000.0,50000.0,RUR,50000.0,False,Опыт 1-3 года,,Удалённая работа,,2026-09-13T11:44:57+03:00,https://hh.ru/vacancy/136357616,1410,False
hh.ru,136640864,Водитель-Курьер на автомобиле в фирменный пункт Wildberries,Транспорт и логистика,Республика Ингушетия,Республика Ингушетия,RWB (Wildberries & Russ),160000.0,0.0,RUR,80000.0,False,Без опыта,,,,2026-09-13T11:44:57+03:00,https://hh.ru/vacancy/136640864,746,False
hh.ru,136958960,Водитель персональный,Транспорт и логистика,Республика Ингушетия,Назрань,cбербанк россии,,,,,False,Опыт 3-6 лет,,,,2026-09-13T11:44:57+03:00,https://hh.ru/vacancy/136958960,773,False
hh.ru,136011083,Кладовщик (ТЦ Столица),Транспорт и логистика,Республика Ингушетия,"городской округ Магас, Магас, улица Кайсына Кулиева, 29",Детский мир. Магазины,42500.0,0.0,RUR,21250.0,True,Без опыта,,,,2026-09-13T11:44:57+03:00,https://hh.ru/vacancy/136011083,1140,False
hh.ru,137178081,Грузчик,Рабочий и обслуживающий персонал,Республика Ингушетия,Магас,Российские Студенческие Отряды,75000.0,90000.0,RUR,82500.0,True,Без опыта,,,,2026-09-13T11:44:57+03:00,https://hh.ru/vacancy/137178081,913,False
hh.ru,135781999,Инженер группы радиоконтроля,Инженерия и производство,Республика Ингушетия,"Назрань, Московская улица, 17В","ГРЧЦ, ФГУП",55475.0,55475.0,RUR,55475.0,True,Опыт 1-3 года,,,,2026-09-13T11:44:57+03:00,https://hh.ru/vacancy/135781999,1063,False
hh.ru,131762120,Оператор call-центра,Продажи и клиентский сервис,Республика Ингушетия,Карабулак,ООО Джинезис,42000.0,50000.0,RUR,46000.0,True,Без опыта,,Удалённая работа,,2026-09-13T11:44:57+03:00,https://hh.ru/vacancy/131762120,1638,False
hh.ru,136916110,Монтажник ВОЛС,Строительство и недвижимость,Республика Ингушетия,Магас,Большие Связи,120000.0,0.0,RUR,60000.0,False,Без опыта,,,,2026-09-13T11:44:57+03:00,https://hh.ru/vacancy/136916110,1542,False
hh.ru,136860800,Представитель Т-Банка,"Финансы, бухгалтерия и право",Республика Ингушетия,Галашки,Т-Банк. Работа с клиентами. Встречи с клиентами,32400.0,0.0,RUR,16200.0,True,Без опыта,,,,2026-09-13T11:44:57+03:00,https://hh.ru/vacancy/136860800,1966,False
hh.ru,136743720,Представитель Т-Банка,"Финансы, бухгалтерия и право",Республика Ингушетия,Экажево,Т-Банк. Работа с клиентами. Встречи с клиентами,103300.0,0.0,RUR,51650.0,True,Без опыта,,,,2026-09-13T11:44:57+03:00,https://hh.ru/vacancy/136743720,1967,False
hh.ru,136475972,Администратор (г. Назрань),Продажи и клиентский сервис,Республика Ингушетия,Назрань,Fix Price. Магазины,38300.0,44600.0,RUR,41450.0,True,Опыт 1-3 года,,,,2026-09-13T11:44:57+03:00,https://hh.ru/vacancy/136475972,216,False
hh.ru,133640949,Клиентский менеджер на точку обслуживания,Продажи и клиентский сервис,Республика Ингушетия,"село Кантышево, улица Джабагиева, 4В","Банк ВТБ (ПАО), Розничный бизнес",60000.0,0.0,RUR,30000.0,True,Без опыта,,,,2026-09-13T11:44:57+03:00,https://hh.ru/vacancy/133640949,1143,False
hh.ru,136557773,Бухгалтер по реализации,"Финансы, бухгалтерия и право",Республика Ингушетия,"село Серноводское, Курортная улица, 23А",INZARE,50000.0,67000.0,RUR,58500.0,False,Опыт 1-3 года,,,,2026-09-13T11:44:57+03:00,https://hh.ru/vacancy/136557773,542,False
hh.ru,136405048,"Администратор магазина (Сунжа, Свердлова, 1/2)",Продажи и клиентский сервис,Республика Ингушетия,"Сунжа, Свердлова, 1/2","МАГНИТ, Розничная сеть. Магазины продуктов",31200.0,36500.0,RUR,33850.0,True,Опыт 1-3 года,,,,2026-09-13T11:44:57+03:00,https://hh.ru/vacancy/136405048,249,False
hh.ru,137144024,Продавец,Продажи и клиентский сервис,Республика Ингушетия,"Магас, улица Мочко Базоркина, 10","МАГНИТ, Розничная сеть. Магазины продуктов",27100.0,37500.0,RUR,32300.0,True,Без опыта,,,,2026-09-13T11:44:57+03:00,https://hh.ru/vacancy/137144024,1976,False
hh.ru,135690329,Менеджер по продажам автозапчастей,Продажи и клиентский сервис,Республика Ингушетия,Назрань,Форум-Авто,71500.0,71500.0,RUR,71500.0,False,Опыт 1-3 года,,,,2026-09-13T11:44:57+03:00,https://hh.ru/vacancy/135690329,1425,False
hh.ru,134450935,"Продавец (Магас, улица Мочко Базоркина, 10)",Продажи и клиентский сервис,Республика Ингушетия,"Магас, улица Мочко Базоркина, 10","МАГНИТ, Розничная сеть. Магазины продуктов",27100.0,37500.0,RUR,32300.0,True,Без опыта,,,,2026-09-13T11:44:57+03:00,https://hh.ru/vacancy/134450935,2019,False
hh.ru,131580661,Начинающий специалист по подбору персонала (удаленно),Прочие профессии,Республика Ингушетия,Назрань,Ozon Производство,46000.0,0.0,RUR,23000.0,True,Без опыта,,,,2026-09-13T11:44:57+03:00,https://hh.ru/vacancy/131580661,1597,False
hh.ru,136831395,Специалист группы по оформлению документов,Прочие профессии,Иркутская область,"Иркутск, р-н Свердловский",ООО Сибирский стандарт,60000.0,75000.0,RUR,67500.0,False,Без опыта,,,,2026-09-13T11:44:57+03:00,https://hh.ru/vacancy/136831395,2301,False
hh.ru,136884197,Водитель - Помощник руководителя,Транспорт и логистика,Иркутская область,Иркутск,Азимут,100000.0,100000.0,RUR,100000.0,False,Опыт более 6 лет,,,,2026-09-13T11:44:57+03:00,https://hh.ru/vacancy/136884197,781,False
hh.ru,136865756,Оператор (электронные транспортные накладные),Прочие профессии,Иркутская область,"Иркутск, р-н Правобережный",ООО ВостСибТранс,60000.0,0.0,RUR,30000.0,False,Без опыта,,,,2026-09-13T11:44:57+03:00,https://hh.ru/vacancy/136865756,1738,False
hh.ru,136884671,Бухгалтер по работе с первичной документацией,"Финансы, бухгалтерия и право",Иркутская область,Иркутск,Азимут,50000.0,100000.0,RUR,75000.0,False,Опыт 1-3 года,,,,2026-09-13T11:44:57+03:00,https://hh.ru/vacancy/136884671,531,False
hh.ru,136882766,Помощник руководителя / Секретарь,Прочие профессии,Иркутская область,Иркутск,Азимут,80000.0,150000.0,RUR,115000.0,False,Без опыта,,,,2026-09-13T11:44:57+03:00,https://hh.ru/vacancy/136882766,1952,False
hh.ru,136884930,Заместитель начальника службы хозяйственно-бытового обеспечения,Управление,Иркутская область,Иркутск,ООО Атлас Майнинг,270000.0,280000.0,RUR,275000.0,False,Опыт 3-6 лет,,,,2026-09-13T11:44:57+03:00,https://hh.ru/vacancy/136884930,1044,False
hh.ru,136527116,Представитель Авиакомпаний на перрон,Прочие профессии,Иркутская область,"Иркутск, р-н Октябрьский",ООО Обеспечение аэропортов,79200.0,87120.0,RUR,83160.0,False,Опыт 1-3 года,,,,2026-09-13T11:44:57+03:00,https://hh.ru/vacancy/136527116,1965,False
hh.ru,136981327,Руководитель отдела по работе с государственными органами,Транспорт и логистика,Иркутская область,"Иркутск, р-н Свердловский",ООО УК СТП,,,,,False,Опыт 1-3 года,,,,2026-09-13T11:44:57+03:00,https://hh.ru/vacancy/136981327,2128,False
hh.ru,136949849,Оператор склада (Иркутск),Прочие профессии,Иркутская область,"Иркутск, р-н Правобережный",Ozon Производство,17000.0,0.0,RUR,8500.0,True,Без опыта,,,,2026-09-13T11:44:57+03:00,https://hh.ru/vacancy/136949849,1708,False
hh.ru,136915286,Специалист архива,Прочие профессии,Иркутская область,"Иркутск, р-н Правобережный",ООО Газпром недра,,,,,False,Опыт 1-3 года,,,,2026-09-13T11:44:57+03:00,https://hh.ru/vacancy/136915286,2286,False
hh.ru,136814588,Помощник бухгалтера,"Финансы, бухгалтерия и право",Иркутская область,"Иркутск, р-н Правобережный",ООО Лига Качества,70000.0,0.0,RUR,35000.0,True,Без опыта,,,,2026-09-13T11:44:57+03:00,https://hh.ru/vacancy/136814588,1888,False
hh.ru,137051310,Администратор,Продажи и клиентский сервис,Иркутская область,"Иркутск, р-н Свердловский",ООО УЦ ЗА БЕЗОПАСНЫЙ ТРУД,50000.0,0.0,RUR,25000.0,False,Без опыта,,,,2026-09-13T11:44:57+03:00,https://hh.ru/vacancy/137051310,127,False
hh.ru,136433636,Помощник юриста,"Финансы, бухгалтерия и право",Иркутская область,"Иркутск, р-н Октябрьский",Генплан,70000.0,0.0,RUR,35000.0,True,Без опыта,,,,2026-09-13T11:44:57+03:00,https://hh.ru/vacancy/136433636,1961,False
hh.ru,136678110,Документовед,Прочие профессии,Иркутская область,"Иркутск, р-н Правобережный",Управление Роскомнадзора по Иркутской области,30000.0,40000.0,RUR,35000.0,False,Без опыта,,,,2026-09-13T11:44:57+03:00,https://hh.ru/vacancy/136678110,1005,False
hh.ru,136709867,Офис-менеджер,Прочие профессии,Иркутская область,"Иркутск, р-н Октябрьский",ООО Алмаз,80000.0,80000.0,RUR,80000.0,False,Опыт 1-3 года,,,,2026-09-13T11:44:57+03:00,https://hh.ru/vacancy/136709867,1757,False
hh.ru,137085692,Юрисконсульт,Прочие профессии,Иркутская область,"Иркутск, р-н Октябрьский",ООО Капитель,150000.0,150000.0,RUR,150000.0,False,Опыт 3-6 лет,,,,2026-09-13T11:44:57+03:00,https://hh.ru/vacancy/137085692,2710,False
hh.ru,137237257,Оператор по сопровождению заказов в amoCRM,Прочие профессии,Иркутская область,Иркутск,Дезко,60000.0,60000.0,RUR,60000.0,False,Опыт 1-3 года,,Удалённая работа,,2026-09-13T11:44:57+03:00,https://hh.ru/vacancy/137237257,1696,False
hh.ru,136458434,Ведущий специалист по охране труда и промышленной безопасности,Охрана и безопасность,Иркутская область,Иркутск,ООО Газпром бурение,360000.0,360000.0,RUR,360000.0,False,Опыт 3-6 лет,,,,2026-09-13T11:44:57+03:00,https://hh.ru/vacancy/136458434,601,False
hh.ru,136286074,Администратор компьютерного клуба,Продажи и клиентский сервис,Иркутская область,"Иркутск, р-н Октябрьский",ИП Астафьева Елена Дмитриевна,1500.0,0.0,RUR,750.0,False,Без опыта,,,,2026-09-13T11:44:57+03:00,https://hh.ru/vacancy/136286074,242,False
hh.ru,136660716,Ночной Администратор компьютерного клуба,Продажи и клиентский сервис,Иркутская область,"Иркутск, р-н Свердловский",ИП Астафьева Елена Дмитриевна,1500.0,0.0,RUR,750.0,False,Без опыта,,,,2026-09-13T11:44:57+03:00,https://hh.ru/vacancy/136660716,1600,False
hh.ru,136779435,Заведующий складом ТМЦ,Прочие профессии,Иркутская область,Иркутск,ООО Атлас Майнинг,240000.0,247000.0,RUR,243500.0,False,Опыт 1-3 года,,,,2026-09-13T11:44:57+03:00,https://hh.ru/vacancy/136779435,1013,False
hh.ru,136959371,Менеджер по транспортной логистике,Транспорт и логистика,Иркутская область,"Иркутск, р-н Октябрьский",ИП Шевлякова Надежда Михайловна,80000.0,120000.0,RUR,100000.0,True,Опыт 1-3 года,,Удалённая работа,,2026-09-13T11:44:57+03:00,https://hh.ru/vacancy/136959371,1494,False
hh.ru,136731414,Экономист,"Финансы, бухгалтерия и право",Иркутская область,"Иркутск, р-н Правобережный",Служба по тарифам Иркутской области,52000.0,68000.0,RUR,60000.0,False,Без опыта,,,,2026-09-13T11:44:57+03:00,https://hh.ru/vacancy/136731414,2683,False
hh.ru,137112077,Оператор ЭДО,Прочие профессии,Иркутская область,"Иркутск, р-н Октябрьский",ООО МТК,60000.0,0.0,RUR,30000.0,False,Без опыта,,,,2026-09-13T11:44:57+03:00,https://hh.ru/vacancy/137112077,1737,False
hh.ru,137022829,Администратор,Продажи и клиентский сервис,Иркутская область,"Иркутск, р-н Правобережный",ИП Каменева Светлана Сергеевна,110000.0,0.0,RUR,55000.0,False,Без опыта,,,,2026-09-13T11:44:57+03:00,https://hh.ru/vacancy/137022829,83,False
hh.ru,137235302,Начинающий специалист по работе с документами,Прочие профессии,Иркутская область,"Иркутск, р-н Правобережный",HuntWork,70000.0,0.0,RUR,35000.0,False,Без опыта,,,,2026-09-13T11:44:57+03:00,https://hh.ru/vacancy/137235302,1598,False
hh.ru,137225530,Водитель,Транспорт и логистика,Иркутская область,Ангарск,ООО АЛЬФА ТРАК,120000.0,130000.0,RUR,125000.0,False,Опыт 1-3 года,,,,2026-09-13T11:44:57+03:00,https://hh.ru/vacancy/137225530,646,False
hh.ru,136040431,Гардеробщик,Прочие профессии,Иркутская область,"Иркутск, р-н Правобережный",ООО Ладога Фитнес,38000.0,0.0,RUR,19000.0,False,Без опыта,,,,2026-09-13T11:44:57+03:00,https://hh.ru/vacancy/136040431,833,False
hh.ru,136776896,Делопроизводитель,Транспорт и логистика,Иркутская область,"Иркутск, р-н Ленинский",ООО Газпром бурение,,,,,False,Опыт 1-3 года,,,,2026-09-13T11:44:57+03:00,https://hh.ru/vacancy/136776896,925,False
hh.ru,137238430,Менеджер по развитию Сибирь и Дальний Восток (Иркутск) Lit Energy,Прочие профессии,Иркутская область,"Иркутск, р-н Правобережный",ООО Управляющая Компания,,,,,False,Опыт 3-6 лет,,,,2026-09-13T11:44:57+03:00,https://hh.ru/vacancy/137238430,1483,False
hh.ru,137187584,Администратор на ресепшен ВЭЛКО,Продажи и клиентский сервис,Иркутская область,"Иркутск, р-н Октябрьский",ООО Сервико,7920.0,0.0,RUR,3960.0,False,Без опыта,,,,2026-09-13T11:44:57+03:00,https://hh.ru/vacancy/137187584,274,False
hh.ru,136480370,Секретарь учебной части,Прочие профессии,Иркутская область,"Иркутск, р-н Ленинский",ГАПОУ ИО Иркутский техникум авиастроения и материалообработки,40000.0,0.0,RUR,20000.0,True,Без опыта,,,,2026-09-13T11:44:57+03:00,https://hh.ru/vacancy/136480370,2197,False
hh.ru,136834325,Начальник службы безопасности,Охрана и безопасность,Иркутская область,"Иркутск, р-н Свердловский","БРК, филиал г. Иркутск",120000.0,120000.0,RUR,120000.0,False,Опыт более 6 лет,,,,2026-09-13T11:44:57+03:00,https://hh.ru/vacancy/136834325,1577,False
hh.ru,137013737,Администратор,Продажи и клиентский сервис,Иркутская область,"Иркутск, р-н Октябрьский",96 NINESIX,50000.0,0.0,RUR,25000.0,False,Без опыта,,,,2026-09-13T11:44:57+03:00,https://hh.ru/vacancy/137013737,56,False
hh.ru,136845544,Складской работник,Прочие профессии,Ивановская область,Вичуга,Пятёрочка. Распределительные центры,0.0,0.0,,,False,Без опыта,,,,2026-09-13T11:44:57+03:00,https://hh.ru/vacancy/136845544,2230,False
hh.ru,135667728,Курьер в сервис Яндекс Еда (заказы до 3 кг),Транспорт и логистика,Ивановская область,Иваново (Ивановская область),Яндекс.Еда,190000.0,0.0,RUR,95000.0,True,Без опыта,,,,2026-09-13T11:44:57+03:00,https://hh.ru/vacancy/135667728,1224,False
hh.ru,136525486,Помощник менеджера (офис-менеджер),Прочие профессии,Ивановская область,"Иваново, р-н Фрунзенский",ООО Атмосфера,65000.0,80000.0,RUR,72500.0,False,Опыт 1-3 года,,,,2026-09-13T11:44:57+03:00,https://hh.ru/vacancy/136525486,1918,False
hh.ru,135187573,Специалист чат-поддержки,Прочие профессии,Ивановская область,Иваново (Ивановская область),Ozon Банк,90000.0,0.0,RUR,45000.0,True,Без опыта,,Удалённая работа,,2026-09-13T11:44:57+03:00,https://hh.ru/vacancy/135187573,2518,False
hh.ru,137126319,Менеджер по работе с клиентами (Авито),Продажи и клиентский сервис,Ивановская область,Иваново (Ивановская область),Академия ОГЭ (ИП Леонович Эмилия Владимировна),21000.0,50000.0,RUR,35500.0,False,Без опыта,,Удалённая работа,,2026-09-13T11:44:57+03:00,https://hh.ru/vacancy/137126319,1472,False
hh.ru,136993615,Офис-менеджер,Прочие профессии,Ивановская область,"Иваново, р-н Октябрьский",ООО ТД Синтез,73000.0,78000.0,RUR,75500.0,False,Без опыта,,,,2026-09-13T11:44:57+03:00,https://hh.ru/vacancy/136993615,1770,False
hh.ru,136364814,Ассистент менеджера маркетплейсов WB,"Маркетинг, медиа и дизайн",Ивановская область,Иваново (Ивановская область),Супер-Пупс,25000.0,25000.0,RUR,25000.0,True,Опыт 1-3 года,,Удалённая работа,,2026-09-13T11:44:57+03:00,https://hh.ru/vacancy/136364814,360,False
hh.ru,136592077,"Комплектовщик маленьких заказов (блокноты, альбомы)",Транспорт и логистика,Ивановская область,"Иваново, р-н Фрунзенский",ООО Гранд-Икс,40000.0,0.0,RUR,20000.0,False,Без опыта,,,,2026-09-13T11:44:57+03:00,https://hh.ru/vacancy/136592077,1158,False
hh.ru,137146210,Водитель автомобиля,Транспорт и логистика,Ивановская область,"Иваново, р-н Ленинский",Департамент дорожного хозяйства и транспорта Ивановской области,232.0,232.0,RUR,232.0,True,Опыт 3-6 лет,,,,2026-09-13T11:44:57+03:00,https://hh.ru/vacancy/137146210,669,False
hh.ru,137069201,Копирайтер,"Маркетинг, медиа и дизайн",Ивановская область,"Иваново, р-н Фрунзенский",Savecons,70000.0,70000.0,RUR,70000.0,False,Опыт 1-3 года,,Удалённая работа,,2026-09-13T11:44:57+03:00,https://hh.ru/vacancy/137069201,1210,False
hh.ru,137074472,Личная помощница/личный помощник собственника компании,Прочие профессии,Ивановская область,город Наньтун,Лига Нянь,80000.0,80000.0,RUR,80000.0,False,Опыт 1-3 года,,Удалённая работа,,2026-09-13T11:44:57+03:00,https://hh.ru/vacancy/137074472,1246,False
hh.ru,136403591,Оператор пресса,Прочие профессии,Ивановская область,"Иваново, р-н Фрунзенский",Макраб,75000.0,75000.0,RUR,75000.0,False,Опыт 1-3 года,,,,2026-09-13T11:44:57+03:00,https://hh.ru/vacancy/136403591,1698,False
hh.ru,137137712,Бухгалтер (гибрид),"Финансы, бухгалтерия и право",Ивановская область,"Иваново, р-н Фрунзенский",FORSTRONG,60000.0,70000.0,RUR,65000.0,False,Опыт 3-6 лет,,,,2026-09-13T11:44:57+03:00,https://hh.ru/vacancy/137137712,470,False
hh.ru,136519039,Удаленный менеджер интернет-магазина косметики,Продажи и клиентский сервис,Ивановская область,Иваново (Ивановская область),ООО КЦ Сити Колл,40000.0,50000.0,RUR,45000.0,False,Без опыта,,Удалённая работа,,2026-09-13T11:44:57+03:00,https://hh.ru/vacancy/136519039,2603,False
hh.ru,137218660,Ведущий бухгалтер,"Финансы, бухгалтерия и право",Ивановская область,"Иваново, р-н Ленинский",ООО Стоматология Сити Дент,80000.0,80000.0,RUR,80000.0,True,Опыт 3-6 лет,,,,2026-09-13T11:44:57+03:00,https://hh.ru/vacancy/137218660,556,False
hh.ru,137106278,Оператор 1С (складской учёт),Прочие профессии,Ивановская область,"Иваново, р-н Фрунзенский",Супер-Пупс,70000.0,70000.0,RUR,70000.0,False,Опыт 1-3 года,,,,2026-09-13T11:44:57+03:00,https://hh.ru/vacancy/137106278,1634,False
hh.ru,137107385,Водитель,Транспорт и логистика,Ивановская область,"Иваново, р-н Фрунзенский",ООО ТД СПЕЦУНИВЕРСАЛ,60000.0,60000.0,RUR,60000.0,True,Опыт 1-3 года,,,,2026-09-13T11:44:57+03:00,https://hh.ru/vacancy/137107385,663,False
hh.ru,137024604,Администратор/ассистент,Продажи и клиентский сервис,Ивановская область,"Иваново, р-н Фрунзенский",Смирнова Татьяна Сернеевна,15000.0,35000.0,RUR,25000.0,False,Без опыта,,Удалённая работа,,2026-09-13T11:44:57+03:00,https://hh.ru/vacancy/137024604,151,False
hh.ru,137223452,Делопроизводитель/секретарь,Транспорт и логистика,Ивановская область,"Иваново, р-н Октябрьский",ООО Строительная компания Ренессанс,50000.0,0.0,RUR,25000.0,False,Без опыта,,,,2026-09-13T11:44:57+03:00,https://hh.ru/vacancy/137223452,941,False
hh.ru,137199450,Главный инженер,Инженерия и производство,Ивановская область,деревня Крутово,Компания СОНУМ,180000.0,180000.0,RUR,180000.0,False,Опыт 3-6 лет,,,,2026-09-13T11:44:57+03:00,https://hh.ru/vacancy/137199450,859,False
hh.ru,136622747,Администратор,Продажи и клиентский сервис,Ивановская область,"Иваново, р-н Советский",ИП Киселева Наталья Аркадьевна,3000.0,5000.0,RUR,4000.0,False,Без опыта,,,,2026-09-13T11:44:57+03:00,https://hh.ru/vacancy/136622747,88,False
hh.ru,137126570,Бухгалтер,"Финансы, бухгалтерия и право",Ивановская область,"Иваново, р-н Советский",ООО ИТК-1,70000.0,70000.0,RUR,70000.0,False,Опыт 1-3 года,,,,2026-09-13T11:44:57+03:00,https://hh.ru/vacancy/137126570,436,False
hh.ru,137096678,Менеджер по персоналу,Прочие профессии,Ивановская область,"Иваново, р-н Фрунзенский",ООО Ивановский Производственный Комбинат Русского Музыкального Общества,68500.0,85000.0,RUR,76750.0,False,Без опыта,,,,2026-09-13T11:44:57+03:00,https://hh.ru/vacancy/137096678,1405,False
hh.ru,137243365,Заместитель главного бухгалтера/помощник главного бухгалтера/бухгалтер в единственном лице,"Финансы, бухгалтерия и право",Ивановская область,"Иваново, р-н Октябрьский",ООО Строительная компания Ренессанс,80000.0,150000.0,RUR,115000.0,True,Опыт 1-3 года,,,,2026-09-13T11:44:57+03:00,https://hh.ru/vacancy/137243365,1023,False
hh.ru,136280085,Телохранитель,Прочие профессии,Ивановская область,Иваново (Ивановская область),Гагарин Егор Андреевич,300000.0,300000.0,RUR,300000.0,False,Опыт 1-3 года,,,,2026-09-13T11:44:57+03:00,https://hh.ru/vacancy/136280085,2563,False
hh.ru,137243575,Менеджер по планированию (детский трикотаж),Прочие профессии,Ивановская область,Иваново (Ивановская область),Супер-Пупс,90000.0,90000.0,RUR,90000.0,True,Опыт 1-3 года,,Удалённая работа,,2026-09-13T11:44:57+03:00,https://hh.ru/vacancy/137243575,1408,False
hh.ru,137094535,Бухгалтер,"Финансы, бухгалтерия и право",Ивановская область,"Иваново, р-н Фрунзенский",ООО Главбух,340.0,852.0,RUR,596.0,True,Без опыта,,Удалённая работа,,2026-09-13T11:44:57+03:00,https://hh.ru/vacancy/137094535,433,False
hh.ru,137201950,Помощник руководителя (главный консультант),Прочие профессии,Ивановская область,"Иваново, р-н Фрунзенский",Департамент финансов Ивановской области,54300.0,72380.0,RUR,63340.0,True,Без опыта,,,,2026-09-13T11:44:57+03:00,https://hh.ru/vacancy/137201950,1944,False
hh.ru,137041017,"Специалист государственной гражданской службы (Фрунзенский районный суд, г. Иваново)",Прочие профессии,Ивановская область,"Иваново, р-н Фрунзенский",Управление Судебного департамента в Ивановской области,45000.0,85000.0,RUR,65000.0,True,Без опыта,,,,2026-09-13T11:44:57+03:00,https://hh.ru/vacancy/137041017,2298,False
hh.ru,136835629,Менеджер по товародвижению и складскому учету,Прочие профессии,Ивановская область,"Иваново, р-н Октябрьский",ООО Наука Подбора,100000.0,100000.0,RUR,100000.0,False,Опыт 1-3 года,,Удалённая работа,,2026-09-13T11:44:57+03:00,https://hh.ru/vacancy/136835629,1493,False
hh.ru,136550628,Начальник склада одежды,Управление,Ивановская область,"Иваново, р-н Октябрьский",ТЕЛОДВИЖЕНИЯ,120000.0,120000.0,RUR,120000.0,False,Опыт 1-3 года,,,,2026-09-13T11:44:57+03:00,https://hh.ru/vacancy/136550628,1576,False
hh.ru,136881281,Водитель-экспедитор категории В,Транспорт и логистика,Ивановская область,"Иваново, р-н Советский",ООО Промэксперт,82000.0,82000.0,RUR,82000.0,False,Опыт 1-3 года,,,,2026-09-13T11:44:57+03:00,https://hh.ru/vacancy/136881281,815,False
hh.ru,136535859,Сторож на пропускной пункт,Прочие профессии,Ивановская область,"Иваново, р-н Советский",ООО КОТТОН АЙЛЕНД,45000.0,0.0,RUR,22500.0,True,Без опыта,,,,2026-09-13T11:44:57+03:00,https://hh.ru/vacancy/136535859,2549,False
hh.ru,136979888,Junior C#/.NET разработчик (Backend),Информационные технологии,Ивановская область,"Иваново, р-н Ленинский",ООО Логинет РУс,80000.0,80000.0,RUR,80000.0,False,Опыт 1-3 года,,,,2026-09-13T11:44:57+03:00,https://hh.ru/vacancy/136979888,18,False
hh.ru,137114019,Кассир,Продажи и клиентский сервис,Камчатский край,Елизово,Додо Пицца Россия,0.0,0.0,,,False,Без опыта,,,,2026-09-13T11:44:57+03:00,https://hh.ru/vacancy/137114019,1116,False
hh.ru,137027858,Дизайнер,"Маркетинг, медиа и дизайн",Камчатский край,посёлок Нагорный,ЗАО АГРОТЕК ХОЛДИНГ,100000.0,100000.0,RUR,100000.0,False,Опыт 1-3 года,,Удалённая работа,,2026-09-13T11:44:57+03:00,https://hh.ru/vacancy/137027858,946,False
hh.ru,137130899,Мастер ДЭС,Рабочий и обслуживающий персонал,Камчатский край,Камчатский край,ООО Ударник-Инвест,280000.0,280000.0,RUR,280000.0,False,Опыт 1-3 года,,,,2026-09-13T11:44:57+03:00,https://hh.ru/vacancy/137130899,1277,False
hh.ru,137232585,Диспетчер (Камчатский край),Транспорт и логистика,Камчатский край,Петропавловск-Камчатский,ООО Золотой Актив,200000.0,200000.0,RUR,200000.0,False,Опыт 1-3 года,,,,2026-09-13T11:44:57+03:00,https://hh.ru/vacancy/137232585,994,False
hh.ru,137028781,Бухгалтер в бюджетное учереждение,"Финансы, бухгалтерия и право",Камчатский край,"Петропавловск-Камчатский, проспект 50 лет Октября, 1/2",Государственное бюджетное учреждение здравоохранения Камчатский краевой центр по профилактике и борьбе со СПИД и инфекционными заболеваниями,130000.0,130000.0,RUR,130000.0,False,Опыт 1-3 года,,,,2026-09-13T11:44:57+03:00,https://hh.ru/vacancy/137028781,468,False
hh.ru,137129723,Секретарь,Прочие профессии,Камчатский край,"Петропавловск-Камчатский, Ленинградская улица, 27",ООО Витязь-Авто,83000.0,83000.0,RUR,83000.0,False,Опыт 1-3 года,,,,2026-09-13T11:44:57+03:00,https://hh.ru/vacancy/137129723,2174,False
hh.ru,137081329,Кладовщик,Транспорт и логистика,Камчатский край,Камчатский край,ООО Техноавиа-Сахалин,190000.0,190000.0,RUR,190000.0,False,Опыт 1-3 года,,,,2026-09-13T11:44:57+03:00,https://hh.ru/vacancy/137081329,1136,False
hh.ru,137041307,Управляющий партнёр спа-центром,Управление,Камчатский край,"Петропавловск-Камчатский, Ключевская улица, 7",ИП Бажина Евгения Александровна,150000.0,250000.0,RUR,200000.0,False,Опыт 3-6 лет,,,,2026-09-13T11:44:57+03:00,https://hh.ru/vacancy/137041307,2634,False
hh.ru,136468801,Водитель автомобиля,Транспорт и логистика,Камчатский край,"Петропавловск-Камчатский, улица Максутова, 33/1",КГБУ Автобаза Администрации Губернатора Камчатского края,102000.0,102000.0,RUR,102000.0,False,Опыт 1-3 года,,,,2026-09-13T11:44:57+03:00,https://hh.ru/vacancy/136468801,671,False
hh.ru,136334567,Заместитель начальника отдела по обеспечению деятельности Уполномоченных Камчатского края,Управление,Камчатский край,"Петропавловск-Камчатский, Советская улица, 18",КГКУ Центр по обеспечению деятельности Общественной палаты и Уполномоченных Камчатского края,115000.0,115000.0,RUR,115000.0,False,Опыт 3-6 лет,,,,2026-09-13T11:44:57+03:00,https://hh.ru/vacancy/136334567,1042,False
hh.ru,137082395,Исполнительный директор (CEO),Управление,Камчатский край,"Петропавловск-Камчатский, проспект Циолковского, 1",ООО РЦ Ормедиум,150000.0,150000.0,RUR,150000.0,False,Опыт более 6 лет,,,,2026-09-13T11:44:57+03:00,https://hh.ru/vacancy/137082395,1110,False
hh.ru,136613818,Водитель,Транспорт и логистика,Камчатский край,"Елизово, Мурманская улица, 21",АО Недра Камчатки,150000.0,190000.0,RUR,170000.0,False,Опыт 1-3 года,,,,2026-09-13T11:44:57+03:00,https://hh.ru/vacancy/136613818,625,False
hh.ru,137161012,Специалист по документообороту,Прочие профессии,Камчатский край,"Петропавловск-Камчатский, Приморская улица, 117",ООО Консул,60000.0,0.0,RUR,30000.0,False,Без опыта,,,,2026-09-13T11:44:57+03:00,https://hh.ru/vacancy/137161012,2381,False
hh.ru,136911341,Ведущий системный администратор,Информационные технологии,Камчатский край,"Петропавловск-Камчатский, Ленинградская улица, 27",ООО Витязь-Авто,150000.0,150000.0,RUR,150000.0,False,Опыт 3-6 лет,,,,2026-09-13T11:44:57+03:00,https://hh.ru/vacancy/136911341,572,False
hh.ru,137241586,Участковый маркшейдер (Камчатский край),Прочие профессии,Камчатский край,Карагинский район,ООО Золотой Актив,273000.0,273000.0,RUR,273000.0,False,Опыт 1-3 года,,,,2026-09-13T11:44:57+03:00,https://hh.ru/vacancy/137241586,2638,False
hh.ru,136503539,Руководитель проекта по строительству,Строительство и недвижимость,Камчатский край,"Москва, р-н Замоскворечье",Холдинг «Аэропорты Регионов»,,,,,False,Опыт более 6 лет,,,,2026-09-13T11:44:57+03:00,https://hh.ru/vacancy/136503539,2140,False
hh.ru,136382320,Бухгалтер,"Финансы, бухгалтерия и право",Камчатский край,"Петропавловск-Камчатский, Звёздная улица, 11/2",ООО СПРУТ,100000.0,150000.0,RUR,125000.0,False,Опыт более 6 лет,,,,2026-09-13T11:44:57+03:00,https://hh.ru/vacancy/136382320,458,False
hh.ru,136338196,Курьер-водитель,Транспорт и логистика,Камчатский край,"Петропавловск-Камчатский, улица Озерновская Коса, с17",ООО Камчатская нефтебаза,,,,,False,Опыт 1-3 года,,,,2026-09-13T11:44:57+03:00,https://hh.ru/vacancy/136338196,1233,False
hh.ru,137136754,Провизор/фармацевт (Петропавловск-Камчатский),Медицина и фармацевтика,Камчатский край,"Петропавловск-Камчатский, улица Тушканова",Аптека Миницен,140000.0,0.0,RUR,70000.0,False,Без опыта,,,,2026-09-13T11:44:57+03:00,https://hh.ru/vacancy/137136754,1972,False
hh.ru,137224355,Ведущий инженер-программист,Информационные технологии,Камчатский край,"Петропавловск-Камчатский, Карагинская улица, 22",ГБУЗ Камчатский краевой психоневрологический диспансер,100000.0,100000.0,RUR,100000.0,True,Опыт 1-3 года,,,,2026-09-13T11:44:57+03:00,https://hh.ru/vacancy/137224355,567,False
hh.ru,137179773,Советник юридического отдела Управления архитектуры и градостроительства администрации ПКГО,Строительство и недвижимость,Камчатский край,"Петропавловск-Камчатский, Советская улица, 22",Управление архитектуры и градостроительства администрации Петропавловск-Камчатского городского округа,128000.0,128000.0,RUR,128000.0,False,Опыт 1-3 года,,,,2026-09-13T11:44:57+03:00,https://hh.ru/vacancy/137179773,2240,False
hh.ru,136761091,"Администратор в итальянское бистро ""Траттория Густо"" (Петропавловск-Камчатский)",Продажи и клиентский сервис,Камчатский край,"Петропавловск-Камчатский, проспект 50 лет Октября, 20А",PRO FAMILY,70000.0,70000.0,RUR,70000.0,True,Опыт 1-3 года,,,,2026-09-13T11:44:57+03:00,https://hh.ru/vacancy/136761091,170,False
hh.ru,136524343,Диспетчер (логист),Транспорт и логистика,Камчатский край,"Петропавловск-Камчатский, Халактырское шоссе",ООО Бампер,100000.0,0.0,RUR,50000.0,False,Без опыта,,,,2026-09-13T11:44:57+03:00,https://hh.ru/vacancy/136524343,996,False
hh.ru,136835494,Повар,Рабочий и обслуживающий персонал,Камчатский край,Камчатский край,Левчук Наталья Юрьевна,180000.0,180000.0,RUR,180000.0,False,Опыт 1-3 года,,,,2026-09-13T11:44:57+03:00,https://hh.ru/vacancy/136835494,1839,False
hh.ru,136865876,Помощник/Ассистент руководителя,Прочие профессии,Камчатский край,"Петропавловск-Камчатский, Северо-Восточное шоссе, 37",Морозова Мария Игоревна,90000.0,120000.0,RUR,105000.0,True,Без опыта,,,,2026-09-13T11:44:57+03:00,https://hh.ru/vacancy/136865876,1869,False
hh.ru,136868645,Бухгалтер,"Финансы, бухгалтерия и право",Камчатский край,"Петропавловск-Камчатский, улица Пономарёва, 33А",ФКУ 41 Финансово-Экономическая Служба Министерства Обороны Российской Федерации,130000.0,142000.0,RUR,136000.0,False,Опыт 1-3 года,,,,2026-09-13T11:44:57+03:00,https://hh.ru/vacancy/136868645,467,False
hh.ru,135735568,Главный механик,Инженерия и производство,Камчатский край,"Петропавловск-Камчатский, проспект Победы, 50ст1",ООО Камчаттехноресурс,250000.0,250000.0,RUR,250000.0,False,Опыт 1-3 года,,,,2026-09-13T11:44:57+03:00,https://hh.ru/vacancy/135735568,867,False
hh.ru,136865580,Экономист по труду и расчету заработной платы,"Финансы, бухгалтерия и право",Камчатский край,"Петропавловск-Камчатский, Чавычная улица, 19",ООО Камчаттралфлот,180000.0,180000.0,RUR,180000.0,True,Опыт 3-6 лет,,,,2026-09-13T11:44:57+03:00,https://hh.ru/vacancy/136865580,2686,False
hh.ru,137028385,Инженер службы средств диспетчерского и технологического управления,Инженерия и производство,Камчатский край,"Петропавловск-Камчатский, Набережная улица, 10",ПАО Камчатскэнерго,130000.0,130000.0,RUR,130000.0,False,Опыт 1-3 года,,,,2026-09-13T11:44:57+03:00,https://hh.ru/vacancy/137028385,1086,False
hh.ru,137047171,Водитель в банк (доставка документов),Транспорт и логистика,Камчатский край,Петропавловск-Камчатский,ООО Блеск,200000.0,0.0,RUR,100000.0,False,Без опыта,,,,2026-09-13T11:44:57+03:00,https://hh.ru/vacancy/137047171,691,False
hh.ru,137012464,Ассистент,Прочие профессии,Камчатский край,"Петропавловск-Камчатский, Космический проезд, 3А",KiberONE (ИП Лебедушкин Олег Анатольевич),14400.0,30000.0,RUR,22200.0,False,Без опыта,,,,2026-09-13T11:44:57+03:00,https://hh.ru/vacancy/137012464,353,False
hh.ru,137130386,Специалист по персоналу,Прочие профессии,Камчатский край,"Петропавловск-Камчатский, Степная улица, 50",АО Хабаровская ремонтно-монтажная компания,120000.0,120000.0,RUR,120000.0,False,Опыт 1-3 года,,,,2026-09-13T11:44:57+03:00,https://hh.ru/vacancy/137130386,2431,False
hh.ru,136917813,Офис-менеджер Группы административно-хозяйственного обеспечения,Прочие профессии,Камчатский край,"Петропавловск-Камчатский, Зеркальная улица, 49",АО СК СОГАЗ-Мед,116160.0,116160.0,RUR,116160.0,True,Опыт 1-3 года,,,,2026-09-13T11:44:57+03:00,https://hh.ru/vacancy/136917813,1778,False
hh.ru,137031590,Главный инженер,Инженерия и производство,Камчатский край,"Петропавловск-Камчатский, улица Атласова, 23",ООО Электрические сети Ивашки,270000.0,270000.0,RUR,270000.0,False,Опыт 3-6 лет,,,,2026-09-13T11:44:57+03:00,https://hh.ru/vacancy/137031590,861,False
hh.ru,137261418,Водитель категории Е,Транспорт и логистика,Карачаево-Черкесская Республика,Усть-Джегута,ITECO,185000.0,250000.0,RUR,217500.0,True,Без опыта,,,,2026-09-13T11:44:57+03:00,https://hh.ru/vacancy/137261418,730,False
hh.ru,136837742,Повар-пиццамейкер,Рабочий и обслуживающий персонал,Карачаево-Черкесская Республика,Домбай,Додо Пицца Россия,0.0,0.0,,,False,Без опыта,,,,2026-09-13T11:44:57+03:00,https://hh.ru/vacancy/136837742,1843,False
hh.ru,137113710,Водитель-курьер на личном автомобиле,Транспорт и логистика,Карачаево-Черкесская Республика,Домбай,Додо Пицца Россия,0.0,0.0,,,False,Без опыта,,,,2026-09-13T11:44:57+03:00,https://hh.ru/vacancy/137113710,747,False
hh.ru,136837553,Кассир,Продажи и клиентский сервис,Карачаево-Черкесская Республика,Домбай,Додо Пицца Россия,0.0,0.0,,,False,Без опыта,,,,2026-09-13T11:44:57+03:00,https://hh.ru/vacancy/136837553,1117,False
hh.ru,137093532,Руководитель строительного проекта,Строительство и недвижимость,Карачаево-Черкесская Республика,"село Архыз, посёлок Романтик, Горная улица, 1",ООО Специализированный застройщик ССК,500000.0,500000.0,RUR,500000.0,False,Опыт более 6 лет,,,,2026-09-13T11:44:57+03:00,https://hh.ru/vacancy/137093532,2149,False
hh.ru,135632321,Администратор отеля,Продажи и клиентский сервис,Карачаево-Черкесская Республика,"курортный посёлок Домбай, Тебердинская улица, 50",МИРРОС СУБАЙ ОТЕЛЬ ДОМБАЙ 4*,5000.0,5000.0,RUR,5000.0,False,Опыт 1-3 года,,,,2026-09-13T11:44:57+03:00,https://hh.ru/vacancy/135632321,283,False
hh.ru,136718103,Администратор СПиР,Продажи и клиентский сервис,Карачаево-Черкесская Республика,"село Архыз, улица Алиева, 7С",ИП Донская Екатерина Геннадиевна,3500.0,4500.0,RUR,4000.0,True,Опыт 1-3 года,,,,2026-09-13T11:44:57+03:00,https://hh.ru/vacancy/136718103,319,False
hh.ru,136501945,Менеджер по транспортной логистике США,Транспорт и логистика,Карачаево-Черкесская Республика,"Черкесск, Ставропольская улица, 76",Муртазова Хабиба Эдуардовна,40000.0,250000.0,RUR,145000.0,False,Без опыта,,,,2026-09-13T11:44:57+03:00,https://hh.ru/vacancy/136501945,1495,False
hh.ru,137047187,Водитель в банк (доставка документов),Транспорт и логистика,Карачаево-Черкесская Республика,Черкесск,ООО Блеск,200000.0,0.0,RUR,100000.0,False,Без опыта,,,,2026-09-13T11:44:57+03:00,https://hh.ru/vacancy/137047187,692,False
hh.ru,136721409,Завхоз,Прочие профессии,Карачаево-Черкесская Республика,"село Архыз, улица Алиева, 7С",ИП Донская Екатерина Геннадиевна,90000.0,115000.0,RUR,102500.0,False,Опыт 3-6 лет,,,,2026-09-13T11:44:57+03:00,https://hh.ru/vacancy/136721409,1016,False
hh.ru,136885880,Менеджер по распределению заявок,Прочие профессии,Карачаево-Черкесская Республика,"Черкесск, проспект Ленина, 70Б",ООО ГЛ,40000.0,70000.0,RUR,55000.0,False,Без опыта,,,,2026-09-13T11:44:57+03:00,https://hh.ru/vacancy/136885880,1485,False
hh.ru,136784532,Региональный менеджер СКФО,Прочие профессии,Карачаево-Черкесская Республика,Черкесск,INZARE,150000.0,150000.0,RUR,150000.0,True,Опыт 3-6 лет,,,,2026-09-13T11:44:57+03:00,https://hh.ru/vacancy/136784532,2084,False
hh.ru,136414493,Заведующий складом,Прочие профессии,Карачаево-Черкесская Республика,"Черкесск, Шоссейная улица, 167",ООО Тор-Фарм,100000.0,100000.0,RUR,100000.0,False,Опыт 1-3 года,,,,2026-09-13T11:44:57+03:00,https://hh.ru/vacancy/136414493,1012,False
hh.ru,136395775,Офис-менеджер,Прочие профессии,Карачаево-Черкесская Республика,"Черкесск, Красноармейская улица, 57А",Тензор,60000.0,0.0,RUR,30000.0,True,Без опыта,,,,2026-09-13T11:44:57+03:00,https://hh.ru/vacancy/136395775,1776,False
hh.ru,136686499,Менеджер по логистике в ночную смену ( удаленно),Транспорт и логистика,Карачаево-Черкесская Республика,"Черкесск, Шоссейная улица, 167",ООО Тор-Фарм,50000.0,60000.0,RUR,55000.0,False,Опыт 1-3 года,,Удалённая работа,,2026-09-13T11:44:57+03:00,https://hh.ru/vacancy/136686499,1388,False
hh.ru,136570200,Официант,Продажи и клиентский сервис,Карачаево-Черкесская Республика,"курортный посёлок Домбай, Нарзанный переулок, 4",Ресторан Терраса,100000.0,100000.0,RUR,100000.0,True,Опыт 1-3 года,,,,2026-09-13T11:44:57+03:00,https://hh.ru/vacancy/136570200,1789,False
hh.ru,137151036,Менеджер по продажам (производство бетона),Инженерия и производство,Карачаево-Черкесская Республика,"Черкесск, улица Доватора, 71Т",Кадровое Агентство ЛЮДИ,63000.0,122000.0,RUR,92500.0,False,Опыт 1-3 года,,,,2026-09-13T11:44:57+03:00,https://hh.ru/vacancy/137151036,1443,False
hh.ru,137180694,Заместитель руководителя склада,Прочие профессии,Карачаево-Черкесская Республика,"Черкесск, Шоссейная улица, 167",ООО Тор-Фарм,60000.0,75000.0,RUR,67500.0,False,Опыт 1-3 года,,,,2026-09-13T11:44:57+03:00,https://hh.ru/vacancy/137180694,1052,False
hh.ru,137090143,Мастер строительного участка,Строительство и недвижимость,Карачаево-Черкесская Республика,"село Архыз, посёлок Романтик, Горная улица, 1",ООО Геоспецинжиниринг,150000.0,150000.0,RUR,150000.0,True,Опыт 1-3 года,,,,2026-09-13T11:44:57+03:00,https://hh.ru/vacancy/137090143,1287,False
hh.ru,137212085,Главный бухгалтер,"Финансы, бухгалтерия и право",Карачаево-Черкесская Республика,"Черкесск, проспект Ленина, 332А",ООО НЕЛЛЕКС,80000.0,80000.0,RUR,80000.0,True,Опыт 3-6 лет,,,,2026-09-13T11:44:57+03:00,https://hh.ru/vacancy/137212085,855,False
hh.ru,137155650,Менеджер по закупкам,Прочие профессии,Карачаево-Черкесская Республика,"Черкесск, 1-я Подгорная улица, 22Г",Ovals,50000.0,50000.0,RUR,50000.0,False,Опыт 1-3 года,,,,2026-09-13T11:44:57+03:00,https://hh.ru/vacancy/137155650,1365,False
hh.ru,136608210,Менеджер по продажам в стоматологию,Медицина и фармацевтика,Карачаево-Черкесская Республика,"Черкесск, улица Доватора, 40",ООО Авангард,59000.0,90000.0,RUR,74500.0,False,Опыт 1-3 года,,,,2026-09-13T11:44:57+03:00,https://hh.ru/vacancy/136608210,1433,False
hh.ru,136667127,Продавец-консультант,Продажи и клиентский сервис,Карачаево-Черкесская Республика,"Черкесск, Первомайская улица, 47А",ИП Колчанов Михаил Валерьевич,60000.0,60000.0,RUR,60000.0,False,Опыт 1-3 года,,,,2026-09-13T11:44:57+03:00,https://hh.ru/vacancy/136667127,1998,False
hh.ru,137186689,"Менеджер по продажам в канале HoReCa Домбай, Архыз",Продажи и клиентский сервис,Карачаево-Черкесская Республика,Домбай,Фудлайнер,100000.0,100000.0,RUR,100000.0,True,Опыт 1-3 года,,,,2026-09-13T11:44:57+03:00,https://hh.ru/vacancy/137186689,1429,False
hh.ru,137244464,Менеджер в отдел снабжения,Прочие профессии,Карачаево-Черкесская Республика,"Черкесск, Кавказская улица, 147",СТРОЙДВОР,,,,,False,Опыт 1-3 года,,,,2026-09-13T11:44:57+03:00,https://hh.ru/vacancy/137244464,1324,False
hh.ru,125501550,Оператор чат поддержки Яндекс.Go,Прочие профессии,Карачаево-Черкесская Республика,Черкесск,Яндекс Команда для бизнеса,37000.0,0.0,RUR,18500.0,True,Без опыта,,Удалённая работа,,2026-09-13T11:44:57+03:00,https://hh.ru/vacancy/125501550,1730,False
hh.ru,136960990,Заместитель главного инженера,Инженерия и производство,Карачаево-Черкесская Республика,"Черкесск, Кавказская улица, 147",СТРОЙДВОР,,,,,False,Опыт 1-3 года,,,,2026-09-13T11:44:57+03:00,https://hh.ru/vacancy/136960990,1025,False
hh.ru,136155157,Администратор на ферму лемуров и альпак,Продажи и клиентский сервис,Карачаево-Черкесская Республика,"село Архыз, улица Ленина, 7Я",Деревня Альпак,3500.0,0.0,RUR,1750.0,False,Без опыта,,,,2026-09-13T11:44:57+03:00,https://hh.ru/vacancy/136155157,276,False
hh.ru,136922270,Бухгалтер на производство,Инженерия и производство,Карачаево-Черкесская Республика,"Черкесск, проспект Ленина, 344А",ООО Тор-Фарм,50000.0,60000.0,RUR,55000.0,False,Опыт 1-3 года,,,,2026-09-13T11:44:57+03:00,https://hh.ru/vacancy/136922270,516,False
hh.ru,136733892,Повар,Рабочий и обслуживающий персонал,Карачаево-Черкесская Республика,"Черкесск, Первомайская улица, 98",Ovals,3000.0,3000.0,RUR,3000.0,False,Опыт 1-3 года,,,,2026-09-13T11:44:57+03:00,https://hh.ru/vacancy/136733892,1838,False
hh.ru,136904503,Менеджер по продажам новостроек,Продажи и клиентский сервис,Карачаево-Черкесская Республика,"Черкесск, проспект Ленина, 50к1",ООО Днк-Девелопмент,49000.0,149000.0,RUR,99000.0,False,Опыт 1-3 года,,,,2026-09-13T11:44:57+03:00,https://hh.ru/vacancy/136904503,1440,False
hh.ru,137096839,Супервайзер КЧР,Прочие профессии,Карачаево-Черкесская Республика,Черкесск,ООО Винотека,80000.0,80000.0,RUR,80000.0,True,Опыт 1-3 года,,Удалённая работа,,2026-09-13T11:44:57+03:00,https://hh.ru/vacancy/137096839,2558,False
hh.ru,137239562,Ведущий бухгалтер по заработной плате,"Финансы, бухгалтерия и право",Карачаево-Черкесская Республика,"Черкесск, Ставропольская улица, 4","Сатурн, Фермерское хозяйство",90000.0,90000.0,RUR,90000.0,True,Опыт 3-6 лет,,,,2026-09-13T11:44:57+03:00,https://hh.ru/vacancy/137239562,560,False
hh.ru,136503693,Руководитель бизнес-группы (розничное кредитование),Транспорт и логистика,Карачаево-Черкесская Республика,Черкесск,ПАО Совкомбанк. Продажи,200000.0,200000.0,RUR,200000.0,True,Опыт 3-6 лет,,,,2026-09-13T11:44:57+03:00,https://hh.ru/vacancy/136503693,2111,False
hh.ru,135998852,Исполнитель по оценке качества ответов нейросети,Прочие профессии,Краснодарский край,Краснодар,Data Light,28000.0,48000.0,RUR,38000.0,False,Без опыта,,Удалённая работа,,2026-09-13T11:44:57+03:00,https://hh.ru/vacancy/135998852,1108,False
hh.ru,136434140,Фасовщик,Прочие профессии,Краснодарский край,"Краснодар, р-н Центральный",АСК GROUP (ИП Райков Данил Анатольевич),2600.0,3200.0,RUR,2900.0,False,Без опыта,,,,2026-09-13T11:44:57+03:00,https://hh.ru/vacancy/136434140,2647,False
hh.ru,136967888,Секретарь. Помощник руководителя.,Прочие профессии,Краснодарский край,"Краснодар, р-н Западный",МТУ Федерального Агентства по Управлению Государственным Имуществом в Краснодарском Крае и Республике Адыгея,50000.0,60000.0,RUR,55000.0,True,Без опыта,,,,2026-09-13T11:44:57+03:00,https://hh.ru/vacancy/136967888,2186,False
hh.ru,136519154,Хостес/администратор,Продажи и клиентский сервис,Краснодарский край,"Краснодар, р-н Центральный",Ресторан Sofi,55000.0,70000.0,RUR,62500.0,False,Без опыта,,,,2026-09-13T11:44:57+03:00,https://hh.ru/vacancy/136519154,2671,False
hh.ru,136671815,Специалист поддержки клиентов (чат линия),Продажи и клиентский сервис,Краснодарский край,Краснодар,ООО Спорт Групп,55000.0,60000.0,RUR,57500.0,False,Опыт 1-3 года,,Удалённая работа,,2026-09-13T11:44:57+03:00,https://hh.ru/vacancy/136671815,2497,False
hh.ru,136953224,Оператор call-центра,Продажи и клиентский сервис,Краснодарский край,"Краснодар, р-н Прикубанский",ООО НикМед,60000.0,60000.0,RUR,60000.0,False,Опыт 1-3 года,,Удалённая работа,,2026-09-13T11:44:57+03:00,https://hh.ru/vacancy/136953224,1639,False
hh.ru,137002951,Личный водитель руководителя,Транспорт и логистика,Краснодарский край,"Краснодар, р-н Прикубанский",ООО СЗ Средастрой,100000.0,100000.0,RUR,100000.0,False,Опыт 3-6 лет,,,,2026-09-13T11:44:57+03:00,https://hh.ru/vacancy/137002951,1260,False
hh.ru,136557355,Ученик по ремонту компьютеров и сборка ПК,Прочие профессии,Краснодарский край,"Краснодар, р-н Западный",ИП Сурмин Александр Андреевич,60000.0,100000.0,RUR,80000.0,False,Без опыта,,,,2026-09-13T11:44:57+03:00,https://hh.ru/vacancy/136557355,2643,False
hh.ru,137003356,Специалист по сопровождению студентов,Прочие профессии,Краснодарский край,"Краснодар, р-н Западный",СИНЕРГИЯ,70000.0,0.0,RUR,35000.0,True,Без опыта,,,,2026-09-13T11:44:57+03:00,https://hh.ru/vacancy/137003356,2479,False
hh.ru,137056440,Специалист технической поддержки,Прочие профессии,Краснодарский край,Краснодар,Санаториум,77000.0,121000.0,RUR,99000.0,False,Опыт 1-3 года,,Удалённая работа,,2026-09-13T11:44:57+03:00,https://hh.ru/vacancy/137056440,2509,False
hh.ru,137210922,Водитель категории B,Транспорт и логистика,Краснодарский край,"Краснодар, р-н Прикубанский",Sample,100000.0,100000.0,RUR,100000.0,True,Опыт 1-3 года,,,,2026-09-13T11:44:57+03:00,https://hh.ru/vacancy/137210922,703,False
hh.ru,136855943,Бухгалтер на первичную документацию,"Финансы, бухгалтерия и право",Краснодарский край,"Новороссийск, р-н Центральный",ИП Токарева Олеся Михайловна,50000.0,60000.0,RUR,55000.0,False,Опыт 1-3 года,,Удалённая работа,,2026-09-13T11:44:57+03:00,https://hh.ru/vacancy/136855943,484,False
hh.ru,136967660,Заместитель руководителя,Прочие профессии,Краснодарский край,"Краснодар, р-н Западный",МТУ Федерального Агентства по Управлению Государственным Имуществом в Краснодарском Крае и Республике Адыгея,85000.0,120000.0,RUR,102500.0,True,Опыт 3-6 лет,,,,2026-09-13T11:44:57+03:00,https://hh.ru/vacancy/136967660,1049,False
hh.ru,136857894,Специалист письменной поддержки в Яндекс. Логистика,Транспорт и логистика,Краснодарский край,Краснодар,Яндекс Команда для бизнеса,45000.0,0.0,RUR,22500.0,False,Без опыта,,Удалённая работа,,2026-09-13T11:44:57+03:00,https://hh.ru/vacancy/136857894,2358,False
hh.ru,137027626,Бухгалтер по расчету заработной платы,"Финансы, бухгалтерия и право",Краснодарский край,"Краснодар, р-н Западный",Стомополис,100000.0,100000.0,RUR,100000.0,False,Опыт 1-3 года,,,,2026-09-13T11:44:57+03:00,https://hh.ru/vacancy/137027626,540,False
hh.ru,137078707,Фото ретушер,Прочие профессии,Краснодарский край,"Краснодар, р-н Центральный",КИТ,100000.0,100000.0,RUR,100000.0,False,Опыт 1-3 года,,Удалённая работа,,2026-09-13T11:44:57+03:00,https://hh.ru/vacancy/137078707,2665,False
hh.ru,135814802,Администратор,Продажи и клиентский сервис,Краснодарский край,Краснодар,ООО Мой Арбитраж,70000.0,120000.0,RUR,95000.0,False,Без опыта,,,,2026-09-13T11:44:57+03:00,https://hh.ru/vacancy/135814802,120,False
hh.ru,136541677,Менеджер по рассылке сообщений,Прочие профессии,Краснодарский край,Краснодар,Клиника Золотое Правило,8000.0,60000.0,RUR,34000.0,False,Без опыта,,Удалённая работа,,2026-09-13T11:44:57+03:00,https://hh.ru/vacancy/136541677,1486,False
hh.ru,136023916,Администратор клиники психотерапии,Продажи и клиентский сервис,Краснодарский край,"Краснодар, р-н Западный",Клиника психотерапии и психиатрии «Метод»,60000.0,65000.0,RUR,62500.0,False,Опыт 1-3 года,,,,2026-09-13T11:44:57+03:00,https://hh.ru/vacancy/136023916,240,False
hh.ru,136280258,Детейлер-полировщик,Прочие профессии,Краснодарский край,"Краснодар, р-н Карасунский",Sem Auto Wash Детейлинг,80000.0,0.0,RUR,40000.0,False,Без опыта,,,,2026-09-13T11:44:57+03:00,https://hh.ru/vacancy/136280258,945,False
hh.ru,136592680,Сервис-менеджер DDX Fitness (Сочи МореМолл),Прочие профессии,Краснодарский край,"Сочи, р-н Центральный",DDX Fitness,87560.0,0.0,RUR,43780.0,True,Без опыта,,,,2026-09-13T11:44:57+03:00,https://hh.ru/vacancy/136592680,2203,False
hh.ru,137091774,Младший бухгалтер,"Финансы, бухгалтерия и право",Краснодарский край,Краснодар,ООО Бридж Групп,45000.0,0.0,RUR,22500.0,True,Без опыта,,Удалённая работа,,2026-09-13T11:44:57+03:00,https://hh.ru/vacancy/137091774,1520,False
hh.ru,136409087,Менеджер по выписке документации (коммерческий отдел),Прочие профессии,Краснодарский край,"село Мысхако, Центральная улица, 1",ООО Мысхако,67200.0,67200.0,RUR,67200.0,True,Опыт 1-3 года,,,,2026-09-13T11:44:57+03:00,https://hh.ru/vacancy/136409087,1358,False
hh.ru,136478672,Специалист клиентской поддержки Ozon,Продажи и клиентский сервис,Краснодарский край,Апшеронск,Ozon Офис и Коммерция,27100.0,70000.0,RUR,48550.0,True,Без опыта,,Удалённая работа,,2026-09-13T11:44:57+03:00,https://hh.ru/vacancy/136478672,2316,False
hh.ru,136504939,Администратор компьтерного клуба,Продажи и клиентский сервис,Краснодарский край,"Краснодар, р-н Прикубанский",Super Flick,2000.0,4000.0,RUR,3000.0,False,Без опыта,,,,2026-09-13T11:44:57+03:00,https://hh.ru/vacancy/136504939,241,False
hh.ru,136941328,Администратор офиса,Продажи и клиентский сервис,Краснодарский край,"Краснодар, р-н Центральный",Армтек,59800.0,0.0,RUR,29900.0,True,Без опыта,,,,2026-09-13T11:44:57+03:00,https://hh.ru/vacancy/136941328,287,False
hh.ru,136903148,Продавец-кассир в магазин одежды New Yorker (ТЦ Галерея),Продажи и клиентский сервис,Краснодарский край,Краснодар,NEW YORKER,0.0,0.0,,,False,Без опыта,,,,2026-09-13T11:44:57+03:00,https://hh.ru/vacancy/136903148,1989,False
hh.ru,136665575,Сотрудник по оформлению посылок в магазин текстиля «Дом Home”,Прочие профессии,Краснодарский край,"Краснодар, р-н Центральный",Дом Home,50000.0,0.0,RUR,25000.0,False,Без опыта,,,,2026-09-13T11:44:57+03:00,https://hh.ru/vacancy/136665575,2261,False
hh.ru,136927530,Бизнес-ассистент / Ассистент руководителя,Прочие профессии,Краснодарский край,"Краснодар, р-н Центральный",ОБЩЕСТВО С ОГРАНИЧЕННОЙ ОТВЕТСТВЕННОСТЬЮ ЕВЛАНОВ,92000.0,124100.0,RUR,108050.0,True,Опыт 1-3 года,,Удалённая работа,,2026-09-13T11:44:57+03:00,https://hh.ru/vacancy/136927530,395,False
hh.ru,137145908,Личный водитель руководителя,Транспорт и логистика,Краснодарский край,"Краснодар, р-н Прикубанский",ИП Анисимов Андрей Михайлович,90000.0,90000.0,RUR,90000.0,True,Опыт 3-6 лет,,,,2026-09-13T11:44:57+03:00,https://hh.ru/vacancy/137145908,1259,False
hh.ru,136835166,Комплектовщик,Транспорт и логистика,Краснодарский край,"Краснодар, р-н Прикубанский",Торговая сеть ТАБРИС,77000.0,0.0,RUR,38500.0,False,Без опыта,,,,2026-09-13T11:44:57+03:00,https://hh.ru/vacancy/136835166,1155,False
hh.ru,136861489,Продавец-кассир,Продажи и клиентский сервис,Краснодарский край,"Краснодар, р-н Прикубанский",Pakflora,70000.0,77000.0,RUR,73500.0,False,Опыт 1-3 года,,,,2026-09-13T11:44:57+03:00,https://hh.ru/vacancy/136861489,1981,False
hh.ru,137069584,Руководитель отдела документооборота,Транспорт и логистика,Краснодарский край,"Краснодар, р-н Прикубанский",ООО Респект Логистика,80000.0,100000.0,RUR,90000.0,False,Опыт 1-3 года,,,,2026-09-13T11:44:57+03:00,https://hh.ru/vacancy/137069584,2126,False
hh.ru,136559664,Помощник по дому/охранник,Охрана и безопасность,Краснодарский край,"Краснодар, р-н Западный",ООО СЗ ПОБЕДА,100000.0,100000.0,RUR,100000.0,False,Опыт 1-3 года,,,,2026-09-13T11:44:57+03:00,https://hh.ru/vacancy/136559664,1926,False
hh.ru,136192221,Делопроизводитель,Транспорт и логистика,Кемеровская область,"Кемерово, р-н Центральный",ООО МКК Манидэй,50000.0,60000.0,RUR,55000.0,False,Без опыта,,,,2026-09-13T11:44:57+03:00,https://hh.ru/vacancy/136192221,929,False
hh.ru,136525526,Медицинский регистратор,Медицина и фармацевтика,Кемеровская область,"Кемерово, р-н Центральный",ОВУМ-Медико,45360.0,0.0,RUR,22680.0,False,Без опыта,,,,2026-09-13T11:44:57+03:00,https://hh.ru/vacancy/136525526,1303,False
hh.ru,137186352,Ассистент руководителя,Прочие профессии,Кемеровская область,"Кемерово, р-н Центральный",ООО Сибирский Институт Безопасности,45000.0,0.0,RUR,22500.0,True,Без опыта,,,,2026-09-13T11:44:57+03:00,https://hh.ru/vacancy/137186352,370,False
hh.ru,136102565,Делопроизводитель,Транспорт и логистика,Кемеровская область,"Кемерово, р-н Ленинский",АО Азот-Взрыв,72000.0,72000.0,RUR,72000.0,True,Опыт 1-3 года,,,,2026-09-13T11:44:57+03:00,https://hh.ru/vacancy/136102565,918,False
hh.ru,136751337,Администратор,Продажи и клиентский сервис,Кемеровская область,"Кемерово, р-н Ленинский",ИП Латков Николай Юрьевич,2200.0,3400.0,RUR,2800.0,False,Без опыта,,,,2026-09-13T11:44:57+03:00,https://hh.ru/vacancy/136751337,92,False
hh.ru,136818569,Администратор ветеринарной клиники,Медицина и фармацевтика,Кемеровская область,"Кемерово, р-н Заводский",ГБУ КО Кузбасская СББЖ,45000.0,47000.0,RUR,46000.0,False,Опыт 1-3 года,,,,2026-09-13T11:44:57+03:00,https://hh.ru/vacancy/136818569,212,False
hh.ru,136716062,Администратор ресепшен (Центр МРТ),Продажи и клиентский сервис,Кемеровская область,"Новокузнецк, р-н Центральный",Межрегиональный томографический центр Магнесия,40000.0,0.0,RUR,20000.0,False,Без опыта,,,,2026-09-13T11:44:57+03:00,https://hh.ru/vacancy/136716062,297,False
hh.ru,137206474,Менеджер - администратор,Продажи и клиентский сервис,Кемеровская область,"Кемерово, р-н Центральный",Азбука Тенниса (ИП Козлов Степан Павлович),50000.0,70000.0,RUR,60000.0,False,Опыт 1-3 года,,Удалённая работа,,2026-09-13T11:44:57+03:00,https://hh.ru/vacancy/137206474,1320,False
hh.ru,137089715,Менеджер по бронированию,Прочие профессии,Кемеровская область,"Кемерово, р-н Заводский",HomeHotel,65000.0,78000.0,RUR,71500.0,False,Без опыта,,,,2026-09-13T11:44:57+03:00,https://hh.ru/vacancy/137089715,1354,False
hh.ru,137250214,Комплектовщик зоотоваров,Транспорт и логистика,Кемеровская область,"Кемерово, р-н Заводский",Валта,67000.0,77000.0,RUR,72000.0,False,Без опыта,,,,2026-09-13T11:44:57+03:00,https://hh.ru/vacancy/137250214,1156,False
hh.ru,136624308,Администратор (регистратура),Продажи и клиентский сервис,Кемеровская область,"Новокузнецк, р-н Заводской",ООО Абсолютно здоров,55000.0,0.0,RUR,27500.0,False,Без опыта,,,,2026-09-13T11:44:57+03:00,https://hh.ru/vacancy/136624308,293,False
hh.ru,137207199,Водитель,Транспорт и логистика,Кемеровская область,"Кемерово, р-н Ленинский",ООО Лесная поляна,100000.0,100000.0,RUR,100000.0,True,Опыт 3-6 лет,,,,2026-09-13T11:44:57+03:00,https://hh.ru/vacancy/137207199,655,False
hh.ru,136980645,Водитель автомобиля категории В,Транспорт и логистика,Кемеровская область,"Кемерово, р-н Рудничный",ООО ДорСпецСервис,50000.0,65000.0,RUR,57500.0,False,Опыт 1-3 года,,,,2026-09-13T11:44:57+03:00,https://hh.ru/vacancy/136980645,682,False
hh.ru,137245020,Бухгалтер по учету банковских операций,"Финансы, бухгалтерия и право",Кемеровская область,"Кемерово, р-н Центральный",ООО Управляющая Компания Сибантрацит,73500.0,73500.0,RUR,73500.0,False,Опыт 1-3 года,,,,2026-09-13T11:44:57+03:00,https://hh.ru/vacancy/137245020,544,False
hh.ru,137132302,"Администратор в отель, СПА (Шерегеш)",Продажи и клиентский сервис,Кемеровская область,"посёлок городского типа Шерегеш, Олимпийская улица, 4/1",ООО Парк-Отель Горный,60000.0,60000.0,RUR,60000.0,False,Опыт 1-3 года,,,,2026-09-13T11:44:57+03:00,https://hh.ru/vacancy/137132302,188,False
hh.ru,137234064,Администратор сервисной службы,Продажи и клиентский сервис,Кемеровская область,"Кемерово, р-н Центральный",ООО Штрихкод-Сервис,80000.0,80000.0,RUR,80000.0,False,Опыт 1-3 года,,,,2026-09-13T11:44:57+03:00,https://hh.ru/vacancy/137234064,313,False
hh.ru,137111349,Графический дизайнер,"Маркетинг, медиа и дизайн",Кемеровская область,"Кемерово, р-н Центральный",ROCK AND WALL,30000.0,0.0,RUR,15000.0,False,Без опыта,,,,2026-09-13T11:44:57+03:00,https://hh.ru/vacancy/137111349,896,False
hh.ru,137202377,Бухгалтер,"Финансы, бухгалтерия и право",Кемеровская область,"Кемерово, р-н Ленинский",Мир Спецтехники 21,80000.0,80000.0,RUR,80000.0,False,Опыт 3-6 лет,,,,2026-09-13T11:44:57+03:00,https://hh.ru/vacancy/137202377,422,False
hh.ru,137048776,Водитель легкового автомобиля,Транспорт и логистика,Кемеровская область,"Кемерово, р-н Центральный",Управление Записи Актов Гражданского Состояния Кузбасса,56000.0,56000.0,RUR,56000.0,False,Опыт 3-6 лет,,,,2026-09-13T11:44:57+03:00,https://hh.ru/vacancy/137048776,756,False
hh.ru,137225140,Заведующий хозяйством,Прочие профессии,Кемеровская область,"Кемерово, р-н Центральный",Сибирская генерирующая Компания,66729.0,86747.0,RUR,76738.0,False,Опыт 3-6 лет,,,,2026-09-13T11:44:57+03:00,https://hh.ru/vacancy/137225140,1014,False
hh.ru,135650687,Сборщик простых заказов в «Ленту»,Прочие профессии,Кемеровская область,"Кемерово, р-н Центральный",HR Point Plus (ИП Цветкова Анастасия Михайловна),4400.0,0.0,RUR,2200.0,False,Без опыта,,,,2026-09-13T11:44:57+03:00,https://hh.ru/vacancy/135650687,2163,False
hh.ru,136733243,Администратор салона красоты,Продажи и клиентский сервис,Кемеровская область,"Кемерово, р-н Ленинский",KemonSib,45000.0,55000.0,RUR,50000.0,False,Опыт 1-3 года,,,,2026-09-13T11:44:57+03:00,https://hh.ru/vacancy/136733243,301,False
hh.ru,137180123,Водитель руководителя,Транспорт и логистика,Кемеровская область,"Кемерово, р-н Центральный",ООО Кузбасстройтехнологии,,,,,False,Опыт 3-6 лет,,,,2026-09-13T11:44:57+03:00,https://hh.ru/vacancy/137180123,784,False
hh.ru,137090965,Ведущий специалист отдела кадров,Прочие профессии,Кемеровская область,"Новокузнецк, р-н Центральный",ООО ПромВзрывСервис,85000.0,85000.0,RUR,85000.0,False,Опыт 1-3 года,,,,2026-09-13T11:44:57+03:00,https://hh.ru/vacancy/137090965,590,False
hh.ru,136770213,Сотрудник бассейна (г. Новокузнецк),Прочие профессии,Кемеровская область,"Новокузнецк, р-н Центральный",TERMOLAND,0.0,0.0,,,False,Без опыта,,,,2026-09-13T11:44:57+03:00,https://hh.ru/vacancy/136770213,2244,False
hh.ru,136950549,Оператор склада (Новокузнецк),Прочие профессии,Кемеровская область,"Новокузнецк, р-н Куйбышевский",Ozon Производство,17000.0,0.0,RUR,8500.0,True,Без опыта,,,,2026-09-13T11:44:57+03:00,https://hh.ru/vacancy/136950549,1712,False
hh.ru,137088480,Оператор колл-центра (стоматология),Медицина и фармацевтика,Кемеровская область,"Новокузнецк, р-н Центральный",ЕВРОМЕД,50000.0,50000.0,RUR,50000.0,True,Опыт 1-3 года,,,,2026-09-13T11:44:57+03:00,https://hh.ru/vacancy/137088480,1660,False
hh.ru,137246899,Бухгалтер универсальный,"Финансы, бухгалтерия и право",Кемеровская область,"Новокузнецк, р-н Центральный",ИП Логинова Наталия Николаевна,50000.0,70000.0,RUR,60000.0,False,Опыт 3-6 лет,,,,2026-09-13T11:44:57+03:00,https://hh.ru/vacancy/137246899,548,False
hh.ru,136538563,Креативный копирайтер,"Маркетинг, медиа и дизайн",Кемеровская область,"Кемерово, р-н Центральный",Креативное агентство Octo,45000.0,70000.0,RUR,57500.0,False,Без опыта,,Удалённая работа,,2026-09-13T11:44:57+03:00,https://hh.ru/vacancy/136538563,1217,False
hh.ru,136911661,Менеджер по подбору и адаптации персонала,Прочие профессии,Кемеровская область,"Новокузнецкий городской округ, аэропорт Новокузнецк (Спиченково) имени Б.В. Волынова",ООО АЭРОКУЗБАСС,74500.0,74500.0,RUR,74500.0,False,Опыт 1-3 года,,,,2026-09-13T11:44:57+03:00,https://hh.ru/vacancy/136911661,1409,False
hh.ru,137133608,Актёр,Прочие профессии,Кемеровская область,"Кемерово, р-н Центральный",ИП Кусургашева Эльмира Магомедхановна,300.0,0.0,RUR,150.0,False,Без опыта,,,,2026-09-13T11:44:57+03:00,https://hh.ru/vacancy/137133608,341,False
hh.ru,137132747,Менеджер ресторана,Прочие профессии,Кемеровская область,"посёлок городского типа Шерегеш, Олимпийская улица, 4/2",ООО Парк-Отель Горный,110000.0,130000.0,RUR,120000.0,False,Опыт 1-3 года,,,,2026-09-13T11:44:57+03:00,https://hh.ru/vacancy/137132747,1504,False
hh.ru,137132188,Делопроизводитель,Транспорт и логистика,Кемеровская область,Белово,ООО Холод,45000.0,45000.0,RUR,45000.0,False,Опыт 1-3 года,,,,2026-09-13T11:44:57+03:00,https://hh.ru/vacancy/137132188,932,False
hh.ru,136862512,Администратор,Продажи и клиентский сервис,Кемеровская область,"Новокузнецк, р-н Центральный",ООО Альфа-МЕД,50000.0,0.0,RUR,25000.0,False,Без опыта,,,,2026-09-13T11:44:57+03:00,https://hh.ru/vacancy/136862512,105,False
hh.ru,136861784,Оператор ПК/Оператор базы данных,Прочие профессии,Калининградская область,"Калининград, р-н Ленинградский",ОКО,40000.0,58000.0,RUR,49000.0,False,Без опыта,,Удалённая работа,,2026-09-13T11:44:57+03:00,https://hh.ru/vacancy/136861784,1685,False
hh.ru,137025024,Специалист дистанционного контакт-центра в чате,Прочие профессии,Калининградская область,Калининград,Альфа-Банк. Работа без опыта,25000.0,0.0,RUR,12500.0,True,Без опыта,,Удалённая работа,,2026-09-13T11:44:57+03:00,https://hh.ru/vacancy/137025024,2308,False
hh.ru,136861088,Офис-менеджер,Прочие профессии,Калининградская область,"Калининград, р-н Центральный",Отель Изола,55000.0,0.0,RUR,27500.0,False,Без опыта,,,,2026-09-13T11:44:57+03:00,https://hh.ru/vacancy/136861088,1774,False
hh.ru,136293885,Администратор в студию пилатеса и йоги,Продажи и клиентский сервис,Калининградская область,"Калининград, р-н Центральный",Metod,,,,,False,Опыт 1-3 года,,,,2026-09-13T11:44:57+03:00,https://hh.ru/vacancy/136293885,205,False
hh.ru,136952915,Специалист письменной поддержки в Яндекс. Логистика,Транспорт и логистика,Калининградская область,Калининград,Яндекс Команда для бизнеса,45000.0,0.0,RUR,22500.0,False,Без опыта,,Удалённая работа,,2026-09-13T11:44:57+03:00,https://hh.ru/vacancy/136952915,2357,False
hh.ru,136885124,Оператор складского учета (кладовщик),Транспорт и логистика,Калининградская область,"Калининград, р-н Ленинградский",МП Калининградтеплосеть,65000.0,0.0,RUR,32500.0,True,Без опыта,,,,2026-09-13T11:44:57+03:00,https://hh.ru/vacancy/136885124,1722,False
hh.ru,137245521,Помощник генерального директора,Управление,Калининградская область,"Калининград, р-н Центральный",АО Корпорация развития Калининградской области,,,,,False,Опыт 1-3 года,,,,2026-09-13T11:44:57+03:00,https://hh.ru/vacancy/137245521,1899,False
hh.ru,136549849,Бариста / помощник бариста,Продажи и клиентский сервис,Калининградская область,"Калининград, р-н Центральный",Art Hostel Tolstoy,2700.0,5000.0,RUR,3850.0,False,Без опыта,,,,2026-09-13T11:44:57+03:00,https://hh.ru/vacancy/136549849,380,False
hh.ru,137247470,Бухгалтер,"Финансы, бухгалтерия и право",Калининградская область,"поселок Прибрежное, Калининградское шоссе, 1",ООО Грюнвальд,95000.0,120000.0,RUR,107500.0,True,Опыт 1-3 года,,,,2026-09-13T11:44:57+03:00,https://hh.ru/vacancy/137247470,434,False
hh.ru,137092309,Водитель генерального директора,Транспорт и логистика,Калининградская область,"Калининградская область, аэропорт Калининград (Храброво) имени императрицы Елизаветы Петровны",АО «Аэропорт «Храброво»,90000.0,90000.0,RUR,90000.0,True,Опыт 3-6 лет,,,,2026-09-13T11:44:57+03:00,https://hh.ru/vacancy/137092309,700,False
hh.ru,137166964,Помощник/ассистент руководителя,Прочие профессии,Калининградская область,"Калининград, р-н Ленинградский",ООО НЕФТЕГАЗ Калининград,80000.0,80000.0,RUR,80000.0,False,Опыт более 6 лет,,,,2026-09-13T11:44:57+03:00,https://hh.ru/vacancy/137166964,1873,False
hh.ru,137066214,Торговый представитель,Прочие профессии,Калининградская область,Калининград,Добрый. Продажи,112500.0,112500.0,RUR,112500.0,True,Опыт 1-3 года,,,,2026-09-13T11:44:57+03:00,https://hh.ru/vacancy/137066214,2586,False
hh.ru,136445798,Дизайнер-верстальщик,"Маркетинг, медиа и дизайн",Калининградская область,"Калининград, р-н Ленинградский",ИП Зельцер Ольга Александровн,40000.0,65000.0,RUR,52500.0,False,Без опыта,,,,2026-09-13T11:44:57+03:00,https://hh.ru/vacancy/136445798,951,False
hh.ru,136989248,Верстальщик HTML,Прочие профессии,Калининградская область,"Калининград, р-н Центральный",WESTPOWER,45000.0,45000.0,RUR,45000.0,False,Опыт 1-3 года,,Удалённая работа,,2026-09-13T11:44:57+03:00,https://hh.ru/vacancy/136989248,621,False
hh.ru,137158749,Менеджер,Прочие профессии,Калининградская область,"Калининград, р-н Ленинградский",ТОРГОВЫЙ ДОМ ЗАЛЕССКИЙ ФЕРМЕР,60000.0,60000.0,RUR,60000.0,False,Опыт 1-3 года,,,,2026-09-13T11:44:57+03:00,https://hh.ru/vacancy/137158749,1316,False
hh.ru,136023633,Специалист по разноске банковских выписок,"Финансы, бухгалтерия и право",Калининградская область,Калининград,ООО Городская Реклама,,,,,False,Опыт 1-3 года,,Удалённая работа,,2026-09-13T11:44:57+03:00,https://hh.ru/vacancy/136023633,2468,False
hh.ru,136365302,Помощник руководителя - личный водитель,Транспорт и логистика,Калининградская область,"Калининград, р-н Московский",ООО Белая Русь,100000.0,100000.0,RUR,100000.0,False,Опыт 3-6 лет,,,,2026-09-13T11:44:57+03:00,https://hh.ru/vacancy/136365302,1947,False
hh.ru,137236257,Водитель-экспедитор,Транспорт и логистика,Калининградская область,"Калининград, р-н Ленинградский",ООО Фаб,110000.0,150000.0,RUR,130000.0,False,Опыт 3-6 лет,,,,2026-09-13T11:44:57+03:00,https://hh.ru/vacancy/137236257,808,False
hh.ru,137117608,Помощник,Прочие профессии,Калининградская область,"Калининград, р-н Ленинградский",ООО Солнцев и партнёры,48000.0,0.0,RUR,24000.0,True,Без опыта,,Удалённая работа,,2026-09-13T11:44:57+03:00,https://hh.ru/vacancy/137117608,1858,False
hh.ru,137098279,Делопроизводитель/помощник руководителя,Транспорт и логистика,Калининградская область,"Калининград, р-н Московский",ООО Белая Русь,75000.0,75000.0,RUR,75000.0,False,Опыт 1-3 года,,,,2026-09-13T11:44:57+03:00,https://hh.ru/vacancy/137098279,940,False
hh.ru,137236543,Менеджер- операционист,Прочие профессии,Калининградская область,"Калининград, р-н Ленинградский",ООО Генерация,60000.0,70000.0,RUR,65000.0,False,Опыт 1-3 года,,,,2026-09-13T11:44:57+03:00,https://hh.ru/vacancy/137236543,1347,False
hh.ru,136504748,Заместитель директора по АХР,Управление,Калининградская область,"Калининград, р-н Ленинградский",МАОУ СОШ № 38,95000.0,100000.0,RUR,97500.0,False,Опыт 3-6 лет,,,,2026-09-13T11:44:57+03:00,https://hh.ru/vacancy/136504748,1030,False
hh.ru,136421145,Водитель,Транспорт и логистика,Калининградская область,"Калининград, р-н Ленинградский",ИП Феткевич Александр Олегович,150000.0,0.0,RUR,75000.0,True,Без опыта,,,,2026-09-13T11:44:57+03:00,https://hh.ru/vacancy/136421145,639,False
hh.ru,137097448,DevOps-инженер (рабочее место Калининград),Информационные технологии,Калининградская область,"Калининград, р-н Ленинградский",РБПИ Групп,,,,,False,Опыт 1-3 года,,,,2026-09-13T11:44:57+03:00,https://hh.ru/vacancy/137097448,5,False
hh.ru,137257820,Охранник в частный дом,Охрана и безопасность,Калининградская область,"Калининград, р-н Ленинградский",ООО SPAR Калининград,3600.0,3600.0,RUR,3600.0,False,Опыт 3-6 лет,,,,2026-09-13T11:44:57+03:00,https://hh.ru/vacancy/137257820,1808,False
hh.ru,137158740,Сотрудник морского отдела Калининградской областной таможни,Прочие профессии,Калининградская область,"Калининград, р-н Московский",Калининградская областная таможня,50000.0,70000.0,RUR,60000.0,False,Без опыта,,,,2026-09-13T11:44:57+03:00,https://hh.ru/vacancy/137158740,2250,False
hh.ru,137264278,Сотрудник на склад косметики и парфюмерии,Прочие профессии,Калининградская область,"Калининград, р-н Московский",АРОМА ПЛЮС,43000.0,0.0,RUR,21500.0,False,Без опыта,,,,2026-09-13T11:44:57+03:00,https://hh.ru/vacancy/137264278,2257,False
hh.ru,137039452,Бухгалтер,"Финансы, бухгалтерия и право",Калининградская область,"Калининград, р-н Ленинградский",ОАО Янтарьэнергосбыт,88485.0,88485.0,RUR,88485.0,True,Опыт 1-3 года,,,,2026-09-13T11:44:57+03:00,https://hh.ru/vacancy/137039452,424,False
hh.ru,137236134,Директор по техническому развитию,Управление,Калининградская область,"Калининград, р-н Центральный",ООО АВТОТОР Холдинг,200000.0,200000.0,RUR,200000.0,True,Опыт 3-6 лет,,,,2026-09-13T11:44:57+03:00,https://hh.ru/vacancy/137236134,972,False
hh.ru,137026237,Личный помощник руководителя,Прочие профессии,Калининградская область,"Калининград, р-н Московский",ООО Эксперт-Финанс,70000.0,100000.0,RUR,85000.0,True,Опыт 1-3 года,,,,2026-09-13T11:44:57+03:00,https://hh.ru/vacancy/137026237,1264,False
hh.ru,137097680,Продавец-консультант,Продажи и клиентский сервис,Калининградская область,"Калининград, р-н Центральный",ГлавРыба,160000.0,240000.0,RUR,200000.0,False,Опыт 1-3 года,,,,2026-09-13T11:44:57+03:00,https://hh.ru/vacancy/137097680,1993,False
hh.ru,137238595,Водитель,Транспорт и логистика,Калининградская область,"поселок Холмогоровка, Южная улица, 4",ООО Энергия электроматериалы,65000.0,65000.0,RUR,65000.0,False,Опыт 1-3 года,,,,2026-09-13T11:44:57+03:00,https://hh.ru/vacancy/137238595,664,False
hh.ru,136780518,Помощник бухгалтера,"Финансы, бухгалтерия и право",Калининградская область,"Калининград, р-н Московский",ООО Белая Русь,57000.0,0.0,RUR,28500.0,False,Без опыта,,,,2026-09-13T11:44:57+03:00,https://hh.ru/vacancy/136780518,1886,False
hh.ru,137248086,Помощник главного бухгалтера,"Финансы, бухгалтерия и право",Калининградская область,"посёлок Люблино, Железнодорожный переулок, 30",ООО Алюмакс,80000.0,120000.0,RUR,100000.0,False,Опыт более 6 лет,,,,2026-09-13T11:44:57+03:00,https://hh.ru/vacancy/137248086,1902,False
hh.ru,136311491,Администратор регистратуры,Продажи и клиентский сервис,Курганская область,"Курган, р-н Центральный",ООО АльфаМед,50000.0,0.0,RUR,25000.0,False,Без опыта,,,,2026-09-13T11:44:57+03:00,https://hh.ru/vacancy/136311491,295,False
hh.ru,136618655,Администратор медицинского центра,Медицина и фармацевтика,Курганская область,"Курган, р-н Центральный",ООО Импульс,45000.0,0.0,RUR,22500.0,False,Без опыта,,,,2026-09-13T11:44:57+03:00,https://hh.ru/vacancy/136618655,253,False
hh.ru,137184002,Водитель,Транспорт и логистика,Курганская область,"Курган, р-н Северный",ООО Бетонный завод 45,100000.0,100000.0,RUR,100000.0,False,Опыт 1-3 года,,,,2026-09-13T11:44:57+03:00,https://hh.ru/vacancy/137184002,648,False
hh.ru,137185038,Начальник управления,Управление,Курганская область,"Курган, р-н Центральный",Правительство Курганской области,85000.0,95000.0,RUR,90000.0,False,Опыт 1-3 года,,,,2026-09-13T11:44:57+03:00,https://hh.ru/vacancy/137185038,1583,False
hh.ru,137056871,Менеджер по продажам,Продажи и клиентский сервис,Курганская область,Курган,ИП Коваленко Михаил,95000.0,0.0,RUR,47500.0,False,Без опыта,,Удалённая работа,,2026-09-13T11:44:57+03:00,https://hh.ru/vacancy/137056871,1417,False
hh.ru,136431625,Специалист 1 разряда государственной гражданской службы (делопроизводитель),Транспорт и логистика,Курганская область,"Курган, р-н Центральный",Управление Министерства юстиции Российской Федерации по Курганской области,31156.0,57000.0,RUR,44078.0,True,Без опыта,,,,2026-09-13T11:44:57+03:00,https://hh.ru/vacancy/136431625,2278,False
hh.ru,137246405,Администратор,Продажи и клиентский сервис,Курганская область,"Шадринск, улица Гагарина, 16","Дента, Стоматологическая клиника",32775.0,0.0,RUR,16387.5,True,Без опыта,,,,2026-09-13T11:44:57+03:00,https://hh.ru/vacancy/137246405,75,False
hh.ru,135945731,Администратор,Продажи и клиентский сервис,Курганская область,"Курган, р-н Центральный",ИП Коценко Наталья Валерьевна,70000.0,90000.0,RUR,80000.0,False,Опыт 1-3 года,,,,2026-09-13T11:44:57+03:00,https://hh.ru/vacancy/135945731,90,False
hh.ru,137208937,Электрогазосварщик,Инженерия и производство,Курганская область,Курган,Группа компаний «100 тонн»,120000.0,190000.0,RUR,155000.0,False,Опыт 3-6 лет,,,,2026-09-13T11:44:57+03:00,https://hh.ru/vacancy/137208937,2693,False
hh.ru,137144966,Специалист по госномерам,Прочие профессии,Курганская область,"Курган, р-н Рябково",Автолаб,50000.0,50000.0,RUR,50000.0,True,Опыт 1-3 года,,,,2026-09-13T11:44:57+03:00,https://hh.ru/vacancy/137144966,2368,False
hh.ru,137203311,Работник склада,Прочие профессии,Курганская область,"Курган, проспект Маршала Голикова",ООО УРАЛ-Пластик,55000.0,100000.0,RUR,77500.0,False,Без опыта,,,,2026-09-13T11:44:57+03:00,https://hh.ru/vacancy/137203311,2033,False
hh.ru,137037869,Помощник в социальных сетях,Прочие профессии,Курганская область,Курган,26 Кадр,20000.0,0.0,RUR,10000.0,False,Без опыта,,Удалённая работа,,2026-09-13T11:44:57+03:00,https://hh.ru/vacancy/137037869,1898,False
hh.ru,137132215,Водитель автомобиля,Транспорт и логистика,Курганская область,"Курган, улица Гагарина, 41с12",ОАО Аэропорт Курган,35450.0,35450.0,RUR,35450.0,False,Опыт 1-3 года,,,,2026-09-13T11:44:57+03:00,https://hh.ru/vacancy/137132215,674,False
hh.ru,136739456,Менеджер маркетплейсов ОЗОН и ВБ,"Маркетинг, медиа и дизайн",Курганская область,"Курган, р-н Центральный",Проверенный HR (Ханин Дмитрий Юрьевич),50000.0,50000.0,RUR,50000.0,False,Опыт 1-3 года,,Удалённая работа,,2026-09-13T11:44:57+03:00,https://hh.ru/vacancy/136739456,1339,False
hh.ru,137210151,Заместитель начальника станции,Управление,Курганская область,поселок Новый Мир,АО Транснефть-Урал,160000.0,200000.0,RUR,180000.0,False,Опыт более 6 лет,,,,2026-09-13T11:44:57+03:00,https://hh.ru/vacancy/137210151,1045,False
hh.ru,136711754,Администратор,Продажи и клиентский сервис,Курганская область,"Курган, р-н Центральный",ООО Центр медицинской косметологии,3000.0,0.0,RUR,1500.0,False,Без опыта,,,,2026-09-13T11:44:57+03:00,https://hh.ru/vacancy/136711754,131,False
hh.ru,136994704,Ведущий юрисконсульт,Прочие профессии,Курганская область,"Курган, р-н Восточный",Рациональный девелопер Призвание,100000.0,100000.0,RUR,100000.0,False,Опыт более 6 лет,,,,2026-09-13T11:44:57+03:00,https://hh.ru/vacancy/136994704,619,False
hh.ru,137221240,Менеджер в офис,Прочие профессии,Курганская область,"Курган, р-н Центральный",Каприз магазин авторской одежды,40000.0,0.0,RUR,20000.0,True,Без опыта,,,,2026-09-13T11:44:57+03:00,https://hh.ru/vacancy/137221240,1325,False
hh.ru,136340635,Вайбкодер / AI-разработчик (Full-cycle),Информационные технологии,Курганская область,"Симферополь, улица Маяковского, 3",AZAT TEAM,,,,,False,Опыт 3-6 лет,,Удалённая работа,,2026-09-13T11:44:57+03:00,https://hh.ru/vacancy/136340635,549,False
hh.ru,137268494,Администратор салона красоты,Продажи и клиентский сервис,Курганская область,"Курган, р-н Центральный",Центр подологии Элины Лучуг,35000.0,60000.0,RUR,47500.0,False,Опыт 1-3 года,,,,2026-09-13T11:44:57+03:00,https://hh.ru/vacancy/137268494,310,False
hh.ru,136731158,Тестировщик (ручное тестирование),Информационные технологии,Курганская область,"Курган, р-н Центральный","ХОСТ, Группа компаний",,,,,False,Опыт 1-3 года,,Удалённая работа,,2026-09-13T11:44:57+03:00,https://hh.ru/vacancy/136731158,2576,False
hh.ru,137187447,Ученик флексопечати / печатник,Прочие профессии,Курганская область,"Курган, р-н Энергетики",ООО Сервис Пак,60000.0,110000.0,RUR,85000.0,False,Без опыта,,,,2026-09-13T11:44:57+03:00,https://hh.ru/vacancy/137187447,2644,False
hh.ru,136503607,Упаковщик,Прочие профессии,Курганская область,"Курган, р-н Северный",Персоналист,2400.0,3800.0,RUR,3100.0,True,Без опыта,,,,2026-09-13T11:44:57+03:00,https://hh.ru/vacancy/136503607,2613,False
hh.ru,136454579,Слесарь механосборочных работ,Инженерия и производство,Курганская область,"Курган, р-н Центральный",ООО Спецкапитал,120000.0,130000.0,RUR,125000.0,False,Без опыта,,,,2026-09-13T11:44:57+03:00,https://hh.ru/vacancy/136454579,2233,False
hh.ru,137184040,Личный ассистент,Прочие профессии,Курганская область,"Курган, р-н Центральный",ООО Ресторанный Холдинг Нидем,80000.0,100000.0,RUR,90000.0,False,Опыт 3-6 лет,,,,2026-09-13T11:44:57+03:00,https://hh.ru/vacancy/137184040,1247,False
hh.ru,137251474,Калькулятор,Прочие профессии,Курганская область,"Курган, р-н Северный",ООО Церера,70000.0,70000.0,RUR,70000.0,False,Опыт 1-3 года,,,,2026-09-13T11:44:57+03:00,https://hh.ru/vacancy/137251474,1114,False
hh.ru,136881712,Специалист по документообороту и первичной документации,Прочие профессии,Курганская область,"Курган, р-н Центральный",ООО СОЛО,60000.0,60000.0,RUR,60000.0,False,Опыт 1-3 года,,,,2026-09-13T11:44:57+03:00,https://hh.ru/vacancy/136881712,2386,False
hh.ru,137047368,Слесарь-сборщик,Инженерия и производство,Курганская область,городской округ Курган,ООО Химпроммаш,80000.0,120000.0,RUR,100000.0,False,Без опыта,,,,2026-09-13T11:44:57+03:00,https://hh.ru/vacancy/137047368,2235,False
hh.ru,137186654,Комплектовщик-сортировщик полуфабриката,Транспорт и логистика,Курганская область,"Курган, Загородная улица, 3",ЗАО Курганстальмост,96000.0,112000.0,RUR,104000.0,True,Без опыта,,,,2026-09-13T11:44:57+03:00,https://hh.ru/vacancy/137186654,1175,False
hh.ru,137132604,Водитель,Транспорт и логистика,Курганская область,"Курган, улица Бурова-Петрова, 118/1",ООО Курганский арматурный завод,,,,,False,Опыт 3-6 лет,,,,2026-09-13T11:44:57+03:00,https://hh.ru/vacancy/137132604,654,False
hh.ru,136616834,Специалист по работе с персоналом,Прочие профессии,Курганская область,"Курган, проспект Машиностроителей, 26",Сладянка,60000.0,60000.0,RUR,60000.0,False,Опыт 1-3 года,,,,2026-09-13T11:44:57+03:00,https://hh.ru/vacancy/136616834,2463,False
hh.ru,136658403,Педагог дополнительного образования,Образование и наука,Курганская область,"Курган, р-н Центральный",ООО НИАСЭ и ДПО ТЕХНОГИК,40000.0,60000.0,RUR,50000.0,True,Без опыта,,,,2026-09-13T11:44:57+03:00,https://hh.ru/vacancy/136658403,1817,False
hh.ru,136956488,HR-ассистент / Специалист по работе с откликами,Прочие профессии,Курганская область,Курган,ИП Муличенко Татьяна Сергеевна,60000.0,80000.0,RUR,70000.0,False,Без опыта,,Удалённая работа,,2026-09-13T11:44:57+03:00,https://hh.ru/vacancy/136956488,11,False
hh.ru,136710448,Разнорабочий,Рабочий и обслуживающий персонал,Курганская область,Курган,АО АКБ Алеф-Банк,2500.0,0.0,RUR,1250.0,False,Без опыта,,,,2026-09-13T11:44:57+03:00,https://hh.ru/vacancy/136710448,2050,False
hh.ru,137014592,Менеджер по бронированию,Прочие профессии,Хабаровский край,Москва,Apart Sharing,45000.0,70000.0,RUR,57500.0,False,Без опыта,,Удалённая работа,,2026-09-13T11:44:57+03:00,https://hh.ru/vacancy/137014592,1353,False
hh.ru,136910520,Специалист по расчетам,Прочие профессии,Хабаровский край,"Комсомольск-на-Амуре, проспект Мира, 33",Филиал ПАО ДЭК Хабаровскэнергосбыт,90000.0,100000.0,RUR,95000.0,False,Без опыта,,,,2026-09-13T11:44:57+03:00,https://hh.ru/vacancy/136910520,2470,False
hh.ru,136907296,Бухгалтер на первичную документацию,"Финансы, бухгалтерия и право",Хабаровский край,Вяземский,ИП Антонов Роман Андреевич,45500.0,45500.0,RUR,45500.0,False,Опыт 3-6 лет,,Удалённая работа,,2026-09-13T11:44:57+03:00,https://hh.ru/vacancy/136907296,482,False
hh.ru,136988673,Экономист,"Финансы, бухгалтерия и право",Хабаровский край,Хабаровск,ОМС,,,,,False,Опыт 1-3 года,,Удалённая работа,,2026-09-13T11:44:57+03:00,https://hh.ru/vacancy/136988673,2682,False
hh.ru,136709915,Администратор спа салона Spa H2O,Продажи и клиентский сервис,Хабаровский край,"Хабаровск, р-н Железнодорожный",Spa House,50000.0,80000.0,RUR,65000.0,False,Без опыта,,,,2026-09-13T11:44:57+03:00,https://hh.ru/vacancy/136709915,318,False
hh.ru,137062905,Специалист дистанционного контакт-центра в чате,Прочие профессии,Хабаровский край,Амурск,Альфа-Банк. Работа без опыта,25000.0,0.0,RUR,12500.0,True,Без опыта,,Удалённая работа,,2026-09-13T11:44:57+03:00,https://hh.ru/vacancy/137062905,2310,False
hh.ru,137033749,Сотрудник в команду Правительства Хабаровского края,Прочие профессии,Хабаровский край,"Хабаровск, р-н Центральный",Некоммерческая организация Фонд Развития Промышленности Хабаровского Края,100000.0,120000.0,RUR,110000.0,False,Опыт 1-3 года,,,,2026-09-13T11:44:57+03:00,https://hh.ru/vacancy/137033749,2245,False
hh.ru,137033382,Специалист технической поддержки,Прочие профессии,Хабаровский край,"Хабаровск, р-н Центральный",ООО ИК СИБИНТЕК,0.0,0.0,,,False,Без опыта,,,,2026-09-13T11:44:57+03:00,https://hh.ru/vacancy/137033382,2508,False
hh.ru,137244827,Бухгалтер на первичную документацию,"Финансы, бухгалтерия и право",Хабаровский край,"Хабаровск, р-н Центральный",ООО Сухие Смеси,100000.0,150000.0,RUR,125000.0,False,Опыт 3-6 лет,,,,2026-09-13T11:44:57+03:00,https://hh.ru/vacancy/137244827,501,False
hh.ru,137130651,Делопроизводитель,Транспорт и логистика,Хабаровский край,"Хабаровск, р-н Железнодорожный",ООО Дальтрансстрой,80000.0,100000.0,RUR,90000.0,False,Опыт 1-3 года,,,,2026-09-13T11:44:57+03:00,https://hh.ru/vacancy/137130651,926,False
hh.ru,137239111,Менеджер по развитию Сибирь и Дальний Восток (Иркутск) Lit Energy,Прочие профессии,Хабаровский край,"Хабаровск, р-н Центральный",ООО Управляющая Компания,,,,,False,Опыт 3-6 лет,,,,2026-09-13T11:44:57+03:00,https://hh.ru/vacancy/137239111,1484,False
hh.ru,136183285,Продавец 3 рабочих дня в неделю,Продажи и клиентский сервис,Хабаровский край,"Хабаровск, р-н Индустриальный",ИП Мартынов Максим Валерьевич,40000.0,0.0,RUR,20000.0,False,Без опыта,,,,2026-09-13T11:44:57+03:00,https://hh.ru/vacancy/136183285,1977,False
hh.ru,136289639,Ведущий специалист по договорной работе отдела управления персоналом и социального развития,Прочие профессии,Хабаровский край,"Хабаровск, р-н Железнодорожный",Федеральная пассажирская компания (АО ФПК),120000.0,132000.0,RUR,126000.0,True,Без опыта,,,,2026-09-13T11:44:57+03:00,https://hh.ru/vacancy/136289639,597,False
hh.ru,137083643,Водитель-экспедитор,Транспорт и логистика,Хабаровский край,"Хабаровск, р-н Центральный",ООО Бухсервис,100000.0,160000.0,RUR,130000.0,False,Опыт 3-6 лет,,,,2026-09-13T11:44:57+03:00,https://hh.ru/vacancy/137083643,800,False
hh.ru,136290155,Инженер I категории (специалист отдела управления персоналом),Инженерия и производство,Хабаровский край,"Хабаровск, р-н Железнодорожный",Федеральная пассажирская компания (АО ФПК),120000.0,0.0,RUR,60000.0,False,Без опыта,,,,2026-09-13T11:44:57+03:00,https://hh.ru/vacancy/136290155,1060,False
hh.ru,137185624,Бухгалтер,"Финансы, бухгалтерия и право",Хабаровский край,"Хабаровск, р-н Центральный",ООО Алмазгеобур,90000.0,90000.0,RUR,90000.0,False,Опыт 1-3 года,,,,2026-09-13T11:44:57+03:00,https://hh.ru/vacancy/137185624,427,False
hh.ru,137134559,Специалист учебного отдела,Прочие профессии,Хабаровский край,"Комсомольск-на-Амуре, улица Пирогова, 1",НУ ДПО Инженерно-консультационный центр,68966.0,0.0,RUR,34483.0,True,Без опыта,,,,2026-09-13T11:44:57+03:00,https://hh.ru/vacancy/137134559,2515,False
hh.ru,137085027,Дизайнер,"Маркетинг, медиа и дизайн",Хабаровский край,"Хабаровск, р-н Кировский",ООО Витрина,70000.0,80000.0,RUR,75000.0,False,Опыт 1-3 года,,,,2026-09-13T11:44:57+03:00,https://hh.ru/vacancy/137085027,947,False
hh.ru,137248848,Начальник автоколонны,Управление,Хабаровский край,"Хабаровск, р-н Центральный",ООО АВТОЛИДЕР,200000.0,300000.0,RUR,250000.0,False,Опыт 1-3 года,,,,2026-09-13T11:44:57+03:00,https://hh.ru/vacancy/137248848,1554,False
hh.ru,137089220,Аккаунт-менеджер,Прочие профессии,Хабаровский край,"Хабаровск, р-н Центральный",DVhab,86500.0,86500.0,RUR,86500.0,True,Опыт 1-3 года,,,,2026-09-13T11:44:57+03:00,https://hh.ru/vacancy/137089220,337,False
hh.ru,136304739,Главный специалист отдела материально-технического обеспечения,Прочие профессии,Хабаровский край,"Хабаровск, р-н Кировский",АО Независимая нефтегазовая компания,,,,,False,Опыт 3-6 лет,,,,2026-09-13T11:44:57+03:00,https://hh.ru/vacancy/136304739,877,False
hh.ru,136756963,Водитель легкового автомобиля Probox,Транспорт и логистика,Хабаровский край,"Хабаровск, р-н Железнодорожный",ООО Техстрой,80000.0,80000.0,RUR,80000.0,False,Опыт 1-3 года,,,,2026-09-13T11:44:57+03:00,https://hh.ru/vacancy/136756963,758,False
hh.ru,137180750,Помощник/ассистент руководителя,Прочие профессии,Хабаровский край,"Хабаровск, р-н Индустриальный",ИП Литовченко Ольга Юрьевна,30000.0,0.0,RUR,15000.0,False,Без опыта,,Удалённая работа,,2026-09-13T11:44:57+03:00,https://hh.ru/vacancy/137180750,1867,False
hh.ru,133559444,Оператор в клинику Современной Косметологии,Прочие профессии,Хабаровский край,"Хабаровск, р-н Индустриальный",ООО Ла Бель Эстетикс,40000.0,60000.0,RUR,50000.0,False,Без опыта,,,,2026-09-13T11:44:57+03:00,https://hh.ru/vacancy/133559444,1649,False
hh.ru,137083583,Бухгалтер на первичную документацию,"Финансы, бухгалтерия и право",Хабаровский край,"Хабаровск, р-н Центральный",ООО Бухсервис,80000.0,95000.0,RUR,87500.0,False,Опыт 1-3 года,,,,2026-09-13T11:44:57+03:00,https://hh.ru/vacancy/137083583,490,False
hh.ru,137237484,Системный администратор,Информационные технологии,Хабаровский край,"Хабаровск, р-н Центральный",Группа Компаний Нордик,90000.0,90000.0,RUR,90000.0,False,Опыт 1-3 года,,,,2026-09-13T11:44:57+03:00,https://hh.ru/vacancy/137237484,2209,False
hh.ru,136427079,Младший флорист,Прочие профессии,Хабаровский край,"Хабаровск, р-н Индустриальный",Салон цветов 8 марта,50000.0,60000.0,RUR,55000.0,False,Без опыта,,,,2026-09-13T11:44:57+03:00,https://hh.ru/vacancy/136427079,1529,False
hh.ru,137242051,Эксперт отдела исполнения контрактов,Прочие профессии,Хабаровский край,"Хабаровск, р-н Центральный",ПАО Европлан,119700.0,119700.0,RUR,119700.0,True,Опыт 1-3 года,,Удалённая работа,,2026-09-13T11:44:57+03:00,https://hh.ru/vacancy/137242051,2690,False
hh.ru,137078159,Администратор,Продажи и клиентский сервис,Хабаровский край,"Хабаровск, р-н Центральный",ИП Каменева Светлана Сергеевна,110000.0,0.0,RUR,55000.0,False,Без опыта,,,,2026-09-13T11:44:57+03:00,https://hh.ru/vacancy/137078159,87,False
hh.ru,136866784,Водитель-экспедитор,Транспорт и логистика,Хабаровский край,"Хабаровск, р-н Индустриальный",ИП Ткаченко Андрей Павлович,400000.0,400000.0,RUR,400000.0,False,Опыт 1-3 года,,,,2026-09-13T11:44:57+03:00,https://hh.ru/vacancy/136866784,797,False
hh.ru,137180446,Инженер-программист / Junior/Middle Разработчик ПО,Информационные технологии,Хабаровский край,"Хабаровск, р-н Индустриальный",АО Хабаровская Горэлектросеть,80000.0,120000.0,RUR,100000.0,False,Без опыта,,,,2026-09-13T11:44:57+03:00,https://hh.ru/vacancy/137180446,1078,False
hh.ru,137180397,Системный аналитик,Прочие профессии,Хабаровский край,"Хабаровск, р-н Железнодорожный",Розенталь Групп,150000.0,150000.0,RUR,150000.0,False,Опыт 1-3 года,,,,2026-09-13T11:44:57+03:00,https://hh.ru/vacancy/137180397,2225,False
hh.ru,137130137,Ведущий эксперт отдела финансового контроля,"Финансы, бухгалтерия и право",Хабаровский край,"Хабаровск, р-н Кировский",Филиал ФГБУ Росдортехнология в г. Хабаровске,100000.0,120000.0,RUR,110000.0,False,Опыт более 6 лет,,,,2026-09-13T11:44:57+03:00,https://hh.ru/vacancy/137130137,616,False
hh.ru,137047561,Водитель-экспедитор,Транспорт и логистика,Хабаровский край,"Хабаровск, р-н Железнодорожный",ООО Промышленная экология,120000.0,150000.0,RUR,135000.0,False,Опыт 1-3 года,,,,2026-09-13T11:44:57+03:00,https://hh.ru/vacancy/137047561,806,False
hh.ru,136844947,Складской работник,Прочие профессии,Ханты-Мансийский автономный округ — Югра,Сытомино,Пятёрочка. Распределительные центры,100000.0,140000.0,RUR,120000.0,True,Без опыта,,,,2026-09-13T11:44:57+03:00,https://hh.ru/vacancy/136844947,2232,False
hh.ru,136918009,Специалист в учебно-методический отдел (г. Нижневартовск),Прочие профессии,Ханты-Мансийский автономный округ — Югра,"Нижневартовск, Северная улица, 19А",Нек. орг. ЧПОУ ЦИО Нефтегаз,55000.0,55000.0,RUR,55000.0,False,Опыт 1-3 года,,,,2026-09-13T11:44:57+03:00,https://hh.ru/vacancy/136918009,2294,False
hh.ru,136803694,Администратор на ресепшен,Продажи и клиентский сервис,Ханты-Мансийский автономный округ — Югра,"Сургут, р-н Центральный",ООО Отели Сургута,70000.0,0.0,RUR,35000.0,False,Без опыта,,,,2026-09-13T11:44:57+03:00,https://hh.ru/vacancy/136803694,272,False
hh.ru,137114545,Делопроизводитель,Транспорт и логистика,Ханты-Мансийский автономный округ — Югра,"Сургут, р-н Северный промышленный",ООО РУСОЙЛ,60000.0,0.0,RUR,30000.0,False,Без опыта,,,,2026-09-13T11:44:57+03:00,https://hh.ru/vacancy/137114545,930,False
hh.ru,137270091,Архивариус,Прочие профессии,Ханты-Мансийский автономный округ — Югра,"Нягань, 2-й микрорайон, 44",Нотариус Васильева Светлана Владимировна,60000.0,60000.0,RUR,60000.0,True,Опыт 3-6 лет,,,,2026-09-13T11:44:57+03:00,https://hh.ru/vacancy/137270091,349,False
hh.ru,136784710,Диспетчер аварийной службы ЖКХ,Транспорт и логистика,Ханты-Мансийский автономный округ — Югра,"Сургут, р-н Центральный",ООО НОРД-Сервис,45000.0,52000.0,RUR,48500.0,False,Без опыта,,,,2026-09-13T11:44:57+03:00,https://hh.ru/vacancy/136784710,990,False
hh.ru,136478593,Администратор косметологии,Продажи и клиентский сервис,Ханты-Мансийский автономный округ — Югра,"Сургут, р-н Центральный",Клиника Доктора Дорофеевой,65000.0,90000.0,RUR,77500.0,False,Опыт 1-3 года,,,,2026-09-13T11:44:57+03:00,https://hh.ru/vacancy/136478593,247,False
hh.ru,137194976,Помощник по уходу,Прочие профессии,Ханты-Мансийский автономный округ — Югра,"Сургут, р-н Центральный",БУ Сургутский Комплексный Центр Социального Обслуживания Населения,55000.0,60000.0,RUR,57500.0,False,Без опыта,,,,2026-09-13T11:44:57+03:00,https://hh.ru/vacancy/137194976,1928,False
hh.ru,136931499,Оператор склада (Сургут),Прочие профессии,Ханты-Мансийский автономный округ — Югра,"Сургут, р-н Центральный",Ozon Производство,17000.0,0.0,RUR,8500.0,True,Без опыта,,,,2026-09-13T11:44:57+03:00,https://hh.ru/vacancy/136931499,1715,False
hh.ru,137221447,Администратор,Продажи и клиентский сервис,Ханты-Мансийский автономный округ — Югра,"Нижневартовск, улица Мира, 68А",Benefit School,50000.0,0.0,RUR,25000.0,False,Без опыта,,,,2026-09-13T11:44:57+03:00,https://hh.ru/vacancy/137221447,59,False
hh.ru,137221255,Администратор,Продажи и клиентский сервис,Ханты-Мансийский автономный округ — Югра,"Сургут, р-н Центральный",Центр Дополнительного Образования и Профориентации Ясно,50000.0,0.0,RUR,25000.0,True,Без опыта,,,,2026-09-13T11:44:57+03:00,https://hh.ru/vacancy/137221255,144,False
hh.ru,136913550,Таргетолог,Прочие профессии,Ханты-Мансийский автономный округ — Югра,Нижневартовск,ИП Варивода Владислав Вячеславович,40000.0,40000.0,RUR,40000.0,False,Опыт 1-3 года,,Удалённая работа,,2026-09-13T11:44:57+03:00,https://hh.ru/vacancy/136913550,2562,False
hh.ru,137091952,Инженер отдела методологии,Инженерия и производство,Ханты-Мансийский автономный округ — Югра,"Сургут, р-н Северный жилой",АО Газпром энергосбыт Тюмень,117800.0,0.0,RUR,58900.0,True,Без опыта,,,,2026-09-13T11:44:57+03:00,https://hh.ru/vacancy/137091952,1067,False
hh.ru,137226911,Водитель автомобиля (пикапа),Транспорт и логистика,Ханты-Мансийский автономный округ — Югра,"Сургут, р-н Северный жилой",ООО Предприятие повышения нефтеотдачи Сиббурмаш,75000.0,75000.0,RUR,75000.0,False,Опыт 3-6 лет,,,,2026-09-13T11:44:57+03:00,https://hh.ru/vacancy/137226911,688,False
hh.ru,137227057,Водитель автомобиля (пикапа),Транспорт и логистика,Ханты-Мансийский автономный округ — Югра,"Тюмень, р-н Центральный",ООО ТПР-Сервис,,,,,False,Опыт 3-6 лет,,,,2026-09-13T11:44:57+03:00,https://hh.ru/vacancy/137227057,689,False
hh.ru,137136472,Заместитель руководителя по экономике и финансам,"Финансы, бухгалтерия и право",Ханты-Мансийский автономный округ — Югра,"Сургут, р-н Северный промышленный",БУ Сургутская клиническая травматологическая больница,200000.0,200000.0,RUR,200000.0,False,Опыт 3-6 лет,,,,2026-09-13T11:44:57+03:00,https://hh.ru/vacancy/137136472,1050,False
hh.ru,136532358,Клиентский менеджер в отделение банка (проспект Мира),Продажи и клиентский сервис,Ханты-Мансийский автономный округ — Югра,"Сургут, р-н Северный жилой","Банк ВТБ (ПАО), Розничный бизнес",110000.0,0.0,RUR,55000.0,False,Без опыта,,,,2026-09-13T11:44:57+03:00,https://hh.ru/vacancy/136532358,1142,False
hh.ru,137228929,Офис-менеджер,Прочие профессии,Ханты-Мансийский автономный округ — Югра,"Сургут, р-н Северо-восточный жилой",ООО Югория Лифт 2.0,50000.0,100000.0,RUR,75000.0,False,Опыт 1-3 года,,,,2026-09-13T11:44:57+03:00,https://hh.ru/vacancy/137228929,1773,False
hh.ru,137088425,Диспетчер,Транспорт и логистика,Ханты-Мансийский автономный округ — Югра,Нижневартовск,ООО РуссИнтеграл-Инжининринг,90000.0,90000.0,RUR,90000.0,False,Опыт 1-3 года,,,,2026-09-13T11:44:57+03:00,https://hh.ru/vacancy/137088425,985,False
hh.ru,137193420,Офис-менеджер,Прочие профессии,Ханты-Мансийский автономный округ — Югра,"Сургут, р-н Центральный",Теле-плюс,70000.0,70000.0,RUR,70000.0,False,Опыт 1-3 года,,,,2026-09-13T11:44:57+03:00,https://hh.ru/vacancy/137193420,1775,False
hh.ru,137056350,Администратор стоматологии,Медицина и фармацевтика,Ханты-Мансийский автономный округ — Югра,"Сургут, р-н Северо-восточный жилой",Гарант,65000.0,75000.0,RUR,70000.0,False,Без опыта,,,,2026-09-13T11:44:57+03:00,https://hh.ru/vacancy/137056350,320,False
hh.ru,137206653,Заместитель главного инженера - главный энергетик,Инженерия и производство,Ханты-Мансийский автономный округ — Югра,Нижневартовск,АО Самотлорнефтегаз,,,,,False,Опыт 3-6 лет,,,,2026-09-13T11:44:57+03:00,https://hh.ru/vacancy/137206653,1026,False
hh.ru,136953146,Начальник отдела МТОиЛ,Управление,Ханты-Мансийский автономный округ — Югра,"Нефтеюганск, улица Строителей, 3/1",ООО Газпром бурение,270000.0,270000.0,RUR,270000.0,False,Опыт 1-3 года,,,,2026-09-13T11:44:57+03:00,https://hh.ru/vacancy/136953146,1569,False
hh.ru,137227331,Диспетчер по транспорту,Транспорт и логистика,Ханты-Мансийский автономный округ — Югра,"Сургут, р-н Восточный",ООО Севергеострой,70000.0,70000.0,RUR,70000.0,False,Опыт 1-3 года,,,,2026-09-13T11:44:57+03:00,https://hh.ru/vacancy/137227331,999,False
hh.ru,137141119,Специалист по электронному документообороту,Прочие профессии,Ханты-Мансийский автономный округ — Югра,"Нижневартовск, Индустриальная улица, 65с3",ООО Ситэк-Транс,65000.0,65000.0,RUR,65000.0,False,Опыт 1-3 года,,,,2026-09-13T11:44:57+03:00,https://hh.ru/vacancy/137141119,2493,False
hh.ru,136406982,Помощник/ассистент руководителя,Прочие профессии,Ханты-Мансийский автономный округ — Югра,"Сургут, р-н Центральный",Сервак,70000.0,70000.0,RUR,70000.0,False,Опыт 1-3 года,,,,2026-09-13T11:44:57+03:00,https://hh.ru/vacancy/136406982,1876,False
hh.ru,136663526,Гардеробщик,Прочие профессии,Ханты-Мансийский автономный округ — Югра,"Сургут, р-н Центральный",АНПОО Сургутский институт экономики управления и права,40000.0,0.0,RUR,20000.0,False,Без опыта,,,,2026-09-13T11:44:57+03:00,https://hh.ru/vacancy/136663526,831,False
hh.ru,137057424,Инспектор по досмотру,Прочие профессии,Ханты-Мансийский автономный округ — Югра,"Нижневартовск, улица Авиаторов, 2с3",ООО Нижневартовск АЭРО,55000.0,75000.0,RUR,65000.0,False,Без опыта,,,,2026-09-13T11:44:57+03:00,https://hh.ru/vacancy/137057424,1099,False
hh.ru,137150415,Бухгалтер на первичную документацию,"Финансы, бухгалтерия и право",Ханты-Мансийский автономный округ — Югра,"Сургут, р-н Восточный",ООО АОРА,80000.0,90000.0,RUR,85000.0,False,Опыт 1-3 года,,,,2026-09-13T11:44:57+03:00,https://hh.ru/vacancy/137150415,488,False
hh.ru,137058828,Администратор баз данных,Продажи и клиентский сервис,Ханты-Мансийский автономный округ — Югра,"Сургут, р-н Восточный",МБОУ СОШ № 4 имени Л.И.Золотухиной,50000.0,50000.0,RUR,50000.0,True,Опыт 1-3 года,,,,2026-09-13T11:44:57+03:00,https://hh.ru/vacancy/137058828,152,False
hh.ru,137090975,Хостес,Прочие профессии,Ханты-Мансийский автономный округ — Югра,"Ханты-Мансийск, Комсомольская улица, 32",Ресторан Югра,70000.0,0.0,RUR,35000.0,False,Без опыта,,,,2026-09-13T11:44:57+03:00,https://hh.ru/vacancy/137090975,2669,False
hh.ru,137195924,Водитель автомобиля,Транспорт и логистика,Ханты-Мансийский автономный округ — Югра,"Нижневартовск, улица 2П-2, 36",ООО НТГМ,150000.0,150000.0,RUR,150000.0,True,Опыт 1-3 года,,,,2026-09-13T11:44:57+03:00,https://hh.ru/vacancy/137195924,676,False
hh.ru,137083591,Начальник службы безопасности,Охрана и безопасность,Ханты-Мансийский автономный округ — Югра,"Нижневартовск, улица 2ПС, 10к19",ООО ТОГИС,,,,,False,Опыт 3-6 лет,,,,2026-09-13T11:44:57+03:00,https://hh.ru/vacancy/137083591,1578,False
hh.ru,137111953,Администратор,Продажи и клиентский сервис,Ханты-Мансийский автономный округ — Югра,"Сургут, р-н Северный промышленный",МЦ Югра,55000.0,75000.0,RUR,65000.0,False,Без опыта,,,,2026-09-13T11:44:57+03:00,https://hh.ru/vacancy/137111953,102,False
hh.ru,136787454,Водитель категории B,Транспорт и логистика,Кировская область,"Елабужский район, Особая экономическая зона Алабуга",Алабуга. Эксплуатация объектов,150000.0,0.0,RUR,75000.0,True,Без опыта,,,,2026-09-13T11:44:57+03:00,https://hh.ru/vacancy/136787454,704,False
hh.ru,136353001,Регистратор ветеринарной клиники,Медицина и фармацевтика,Кировская область,"Киров, р-н Ленинский",ООО ЗВЦ Живой мир,30000.0,60000.0,RUR,45000.0,False,Без опыта,,,,2026-09-13T11:44:57+03:00,https://hh.ru/vacancy/136353001,2094,False
hh.ru,135942418,Специалист технической поддержки,Прочие профессии,Кировская область,"Киров, р-н Октябрьский",Центр диагностики и лечения Лайт,42000.0,54600.0,RUR,48300.0,False,Опыт 1-3 года,,Удалённая работа,,2026-09-13T11:44:57+03:00,https://hh.ru/vacancy/135942418,2510,False
hh.ru,134679116,Укладчик-упаковщик кондитерских изделий,Прочие профессии,Кировская область,"Киров, р-н Ленинский",ООО Крекер,54000.0,0.0,RUR,27000.0,False,Без опыта,,,,2026-09-13T11:44:57+03:00,https://hh.ru/vacancy/134679116,2606,False
hh.ru,136482424,Упаковщик готовой обуви,Прочие профессии,Кировская область,"Киров, р-н Первомайский","ООО Лель, ПФ",50000.0,53000.0,RUR,51500.0,False,Опыт 1-3 года,,,,2026-09-13T11:44:57+03:00,https://hh.ru/vacancy/136482424,2614,False
hh.ru,136556093,Помощник юриста,"Финансы, бухгалтерия и право",Кировская область,"Киров, р-н Ленинский",Арбитражный управляющий Чернядьева Екатерина Александровна,50000.0,60000.0,RUR,55000.0,False,Без опыта,,,,2026-09-13T11:44:57+03:00,https://hh.ru/vacancy/136556093,1959,False
hh.ru,136374172,Фасовщик-упаковщик,Прочие профессии,Кировская область,"Киров, р-н Октябрьский",Farm Goods,54600.0,0.0,RUR,27300.0,False,Без опыта,,,,2026-09-13T11:44:57+03:00,https://hh.ru/vacancy/136374172,2655,False
hh.ru,136560064,Оператор ПК,Прочие профессии,Кировская область,"Киров, р-н Ленинский",ООО Рикос,50000.0,0.0,RUR,25000.0,False,Без опыта,,,,2026-09-13T11:44:57+03:00,https://hh.ru/vacancy/136560064,1682,False
hh.ru,136378290,Диспетчер,Транспорт и логистика,Кировская область,Кировская область,ИП Демин Александр Вячеславович,25000.0,65000.0,RUR,45000.0,False,Без опыта,,Удалённая работа,,2026-09-13T11:44:57+03:00,https://hh.ru/vacancy/136378290,983,False
hh.ru,137221781,Бухгалтер на первичную документацию,"Финансы, бухгалтерия и право",Кировская область,"Киров, р-н Ленинский",Северный Дом Вятка,60000.0,60000.0,RUR,60000.0,False,Опыт 1-3 года,,,,2026-09-13T11:44:57+03:00,https://hh.ru/vacancy/137221781,509,False
hh.ru,137237375,Сторож (вахтёр),Прочие профессии,Кировская область,"Киров, р-н Первомайский",МКДОУ №18 г. Кирова,31157.0,46735.0,RUR,38946.0,True,Без опыта,,,,2026-09-13T11:44:57+03:00,https://hh.ru/vacancy/137237375,2547,False
hh.ru,137241748,Администратор музея миниатюр,Продажи и клиентский сервис,Кировская область,"Киров, р-н Ленинский",DINOMACHINE,60000.0,60000.0,RUR,60000.0,False,Опыт 1-3 года,,,,2026-09-13T11:44:57+03:00,https://hh.ru/vacancy/137241748,268,False
hh.ru,137070822,Менеджер по обработке заказов (удалённо),Прочие профессии,Кировская область,Москва,АллюрПарфюм,80000.0,85000.0,RUR,82500.0,False,Опыт 1-3 года,,Удалённая работа,,2026-09-13T11:44:57+03:00,https://hh.ru/vacancy/137070822,1392,False
hh.ru,137256091,Ведущий юрисконсульт,Прочие профессии,Кировская область,"Киров, р-н Первомайский",ООО Специализированный Застройщик Железно,82000.0,82000.0,RUR,82000.0,False,Опыт более 6 лет,,,,2026-09-13T11:44:57+03:00,https://hh.ru/vacancy/137256091,618,False
hh.ru,137187346,Водитель автомобиля (водитель легкового автомобиля),Транспорт и логистика,Кировская область,"Киров, р-н Ленинский",ООО ГАЗЭНЕРГОСЕТЬ КИРОВ,55650.0,60400.0,RUR,58025.0,False,Опыт 1-3 года,,,,2026-09-13T11:44:57+03:00,https://hh.ru/vacancy/137187346,681,True
hh.ru,137118861,Графический дизайнер,"Маркетинг, медиа и дизайн",Кировская область,"Киров, р-н Ленинский",Выручалкин,50000.0,90000.0,RUR,70000.0,False,Без опыта,,,,2026-09-13T11:44:57+03:00,https://hh.ru/vacancy/137118861,899,True
hh.ru,136878042,Водитель,Транспорт и логистика,Кировская область,"Киров, р-н Первомайский",ИП Якушин Вячеслав Николаевич,100000.0,110000.0,RUR,105000.0,False,Опыт 1-3 года,,,,2026-09-13T11:44:57+03:00,https://hh.ru/vacancy/136878042,642,True
hh.ru,137187346,Водитель автомобиля (водитель легкового автомобиля),Транспорт и логистика,Кировская область,"Киров, р-н Ленинский",ООО ГАЗЭНЕРГОСЕТЬ КИРОВ,55650.0,60400.0,RUR,58025.0,False,Опыт 1-3 года,,,,2026-09-13T11:44:57+03:00,https://hh.ru/vacancy/137187346,681,True
hh.ru,137118861,Графический дизайнер,"Маркетинг, медиа и дизайн",Кировская область,"Киров, р-н Ленинский",Выручалкин,50000.0,90000.0,RUR,70000.0,False,Без опыта,,,,2026-09-13T11:44:57+03:00,https://hh.ru/vacancy/137118861,899,True
hh.ru,136878042,Водитель,Транспорт и логистика,Кировская область,"Киров, р-н Первомайский",ИП Якушин Вячеслав Николаевич,100000.0,110000.0,RUR,105000.0,False,Опыт 1-3 года,,,,2026-09-13T11:44:57+03:00,https://hh.ru/vacancy/136878042,642,True
hh.ru,137004525,Тестировщик QA,Информационные технологии,Кировская область,"Киров, р-н Первомайский",CarРrice,0.0,0.0,,,False,Без опыта,,,,2026-09-13T11:44:57+03:00,https://hh.ru/vacancy/137004525,2573,False
hh.ru,136537451,Разработчик AI-решений (удаленно),Информационные технологии,Кировская область,"Киров, р-н Первомайский",Культура Гостеприимства,100000.0,100000.0,RUR,100000.0,False,Опыт 1-3 года,,,,2026-09-13T11:44:57+03:00,https://hh.ru/vacancy/136537451,2069,False
hh.ru,137232995,Юрисконсульт,Прочие профессии,Кировская область,"Киров, р-н Первомайский",ООО Артэкс,0.0,0.0,,,False,Без опыта,,,,2026-09-13T11:44:57+03:00,https://hh.ru/vacancy/137232995,2708,False
hh.ru,137203043,Специалист по работе с молодежью (Киров),Прочие профессии,Кировская область,"Киров, р-н Октябрьский",ООО Умскул,70000.0,140000.0,RUR,105000.0,False,Без опыта,,,,2026-09-13T11:44:57+03:00,https://hh.ru/vacancy/137203043,2456,False
hh.ru,136479429,Водитель мобильного патрулирования федеральных автодорог,Транспорт и логистика,Кировская область,Киров (Кировская область),ООО АРМИСРУС,90000.0,90000.0,RUR,90000.0,True,Опыт 1-3 года,,,,2026-09-13T11:44:57+03:00,https://hh.ru/vacancy/136479429,761,False
hh.ru,136900791,Project Manager / Менеджер проектов в AI,Управление,Кировская область,"Киров, р-н Первомайский",VERBA-group,80000.0,80000.0,RUR,80000.0,False,Опыт 1-3 года,,Удалённая работа,,2026-09-13T11:44:57+03:00,https://hh.ru/vacancy/136900791,31,False
hh.ru,133014021,Монтажник радиоэлектронной аппаратуры и приборов,Строительство и недвижимость,Кировская область,"Киров, р-н Октябрьский",ООО Молот Аэро,72500.0,110000.0,RUR,91250.0,False,Без опыта,,,,2026-09-13T11:44:57+03:00,https://hh.ru/vacancy/133014021,1548,False
hh.ru,136727516,Ведущий финансовый контролёр,"Финансы, бухгалтерия и право",Кировская область,Киров (Кировская область),ООО РУСЛАКТО,,,,,False,Опыт 1-3 года,,Удалённая работа,,2026-09-13T11:44:57+03:00,https://hh.ru/vacancy/136727516,612,False
hh.ru,137237240,Юрисконсульт претензионно-искового отдела,Прочие профессии,Кировская область,"Киров, р-н Первомайский",Банк Хлынов,68000.0,68000.0,RUR,68000.0,False,Опыт 1-3 года,,,,2026-09-13T11:44:57+03:00,https://hh.ru/vacancy/137237240,2716,False
hh.ru,137112748,Бухгалтер,"Финансы, бухгалтерия и право",Кировская область,"Киров, р-н Первомайский",ООО Спецстрой,75000.0,75000.0,RUR,75000.0,False,Опыт 3-6 лет,,,,2026-09-13T11:44:57+03:00,https://hh.ru/vacancy/137112748,457,False
hh.ru,137116449,Делопроизводитель / специалист по документообороту,Транспорт и логистика,Кировская область,"Киров, р-н Первомайский",ООО Кировтрансстрой,60000.0,70000.0,RUR,65000.0,False,Опыт 1-3 года,,,,2026-09-13T11:44:57+03:00,https://hh.ru/vacancy/137116449,943,False
hh.ru,137115949,Электрогазосварщик,Инженерия и производство,Кировская область,"Киров, р-н Первомайский",ООО Арта,95000.0,95000.0,RUR,95000.0,False,Опыт 1-3 года,,,,2026-09-13T11:44:57+03:00,https://hh.ru/vacancy/137115949,2694,False
hh.ru,136930188,Оператор склада (Киров),Прочие профессии,Кировская область,"Киров, р-н Октябрьский",Ozon Производство,17000.0,0.0,RUR,8500.0,True,Без опыта,,,,2026-09-13T11:44:57+03:00,https://hh.ru/vacancy/136930188,1710,False
hh.ru,137052159,Маркетолог,"Маркетинг, медиа и дизайн",Кировская область,"Киров, р-н Октябрьский",Розничная сеть S.Lavia,,,,,False,Опыт 1-3 года,,Удалённая работа,,2026-09-13T11:44:57+03:00,https://hh.ru/vacancy/137052159,1271,False
hh.ru,137113989,Кассир,Продажи и клиентский сервис,Республика Хакасия,Черногорск,Додо Пицца Россия,0.0,0.0,,,False,Без опыта,,,,2026-09-13T11:44:57+03:00,https://hh.ru/vacancy/137113989,1121,False
hh.ru,135668063,Курьер собранных и упакованных заказов,Транспорт и логистика,Республика Хакасия,Абакан,Яндекс.Еда,190000.0,0.0,RUR,95000.0,True,Без опыта,,,,2026-09-13T11:44:57+03:00,https://hh.ru/vacancy/135668063,1240,False
hh.ru,136525151,Специалист (в приемную ЮСТК),Прочие профессии,Республика Хакасия,"Абакан, улица Богдана Хмельницкого, 289",Сибирская генерирующая Компания,66029.0,66029.0,RUR,66029.0,True,Опыт 1-3 года,,,,2026-09-13T11:44:57+03:00,https://hh.ru/vacancy/136525151,2293,False
hh.ru,137200631,Администратор,Продажи и клиентский сервис,Республика Хакасия,"Абакан, улица Арбан, 22",ИП Немцова Анастасия Игоревна,50000.0,50000.0,RUR,50000.0,False,Опыт 1-3 года,,,,2026-09-13T11:44:57+03:00,https://hh.ru/vacancy/137200631,95,False
hh.ru,137028148,Менеджер отдела заботы,Прочие профессии,Республика Хакасия,"Абакан, улица Кирова, 120",Федеральная Академия вождения Вектор,35000.0,90000.0,RUR,62500.0,False,Опыт 1-3 года,,,,2026-09-13T11:44:57+03:00,https://hh.ru/vacancy/137028148,1349,False
hh.ru,137021727,Делопроизводитель,Транспорт и логистика,Республика Хакасия,"Абакан, проспект Дружбы Народов, 2",ООО Центр Содействия Бизнесу Верден,40000.0,0.0,RUR,20000.0,False,Без опыта,,,,2026-09-13T11:44:57+03:00,https://hh.ru/vacancy/137021727,933,False
hh.ru,137130460,Администратор,Продажи и клиентский сервис,Республика Хакасия,"Абакан, улица Вяткина, 9",Хакасия.ру,38000.0,38000.0,RUR,38000.0,False,Опыт 1-3 года,,,,2026-09-13T11:44:57+03:00,https://hh.ru/vacancy/137130460,143,False
hh.ru,137239170,Маркетолог,"Маркетинг, медиа и дизайн",Республика Хакасия,"Абакан, Фабричная улица, 19",ИП Захарова Татьяна Михайловна,500000.0,1000000.0,RUR,750000.0,False,Опыт 3-6 лет,,Удалённая работа,,2026-09-13T11:44:57+03:00,https://hh.ru/vacancy/137239170,1269,False
hh.ru,137242514,Главный бухгалтер,"Финансы, бухгалтерия и право",Республика Хакасия,"Абакан, улица Некрасова, 1",ООО Алиса,15000.0,15000.0,RUR,15000.0,False,Опыт 3-6 лет,,Удалённая работа,,2026-09-13T11:44:57+03:00,https://hh.ru/vacancy/137242514,851,False
hh.ru,137257496,Оператор 1с,Прочие профессии,Республика Хакасия,"Абакан, улица Гагарина, 26",ООО Форвард ТФК,45000.0,60000.0,RUR,52500.0,False,Опыт 3-6 лет,,,,2026-09-13T11:44:57+03:00,https://hh.ru/vacancy/137257496,1629,False
hh.ru,137013637,Администратор,Продажи и клиентский сервис,Республика Хакасия,Абакан,Белые крылья,,,,,False,Опыт 1-3 года,,,,2026-09-13T11:44:57+03:00,https://hh.ru/vacancy/137013637,70,False
hh.ru,137095557,Руководитель отдела продаж,Транспорт и логистика,Республика Хакасия,"Абакан, улица Стофато, 5Д",ООО Капстройпроект,100000.0,150000.0,RUR,125000.0,True,Опыт 1-3 года,,,,2026-09-13T11:44:57+03:00,https://hh.ru/vacancy/137095557,2132,False
hh.ru,136502419,HR-ассистент / Специалист по работе с откликами,Прочие профессии,Республика Хакасия,Абакан,ИП Шилова Ева Евгеньевна,69000.0,112000.0,RUR,90500.0,False,Без опыта,,Удалённая работа,,2026-09-13T11:44:57+03:00,https://hh.ru/vacancy/136502419,12,False
hh.ru,137053757,Ведущий специалист по гражданской обороне,Прочие профессии,Республика Хакасия,"Абакан, улица Чкалова, 24",ГБУЗ РХ Абаканская МКБ,56000.0,0.0,RUR,28000.0,True,Без опыта,,,,2026-09-13T11:44:57+03:00,https://hh.ru/vacancy/137053757,594,False
hh.ru,137176942,Торговый представитель,Прочие профессии,Республика Хакасия,"Абакан, Игарская улица, 11Б",ИП Дубников Сергей Алексеевич,100000.0,200000.0,RUR,150000.0,False,Опыт 1-3 года,,,,2026-09-13T11:44:57+03:00,https://hh.ru/vacancy/137176942,2587,False
hh.ru,137153362,Личный ассистент руководителя,Прочие профессии,Республика Хакасия,"Абакан, улица Торосова, 15",Агентство недвижимости Мир квартир,20000.0,80000.0,RUR,50000.0,False,Опыт 1-3 года,,,,2026-09-13T11:44:57+03:00,https://hh.ru/vacancy/137153362,1248,False
hh.ru,137025074,Менеджер по работе с клиентами,Продажи и клиентский сервис,Республика Хакасия,Абакан,ООО Сибмайн К,75000.0,0.0,RUR,37500.0,False,Без опыта,,,,2026-09-13T11:44:57+03:00,https://hh.ru/vacancy/137025074,1467,False
hh.ru,137183474,Интернет-маркетолог,"Маркетинг, медиа и дизайн",Республика Хакасия,"Абакан, квартал Молодёжный, 5Л",ООО Планета Авто,60000.0,80000.0,RUR,70000.0,False,Опыт 1-3 года,,,,2026-09-13T11:44:57+03:00,https://hh.ru/vacancy/137183474,1106,False
hh.ru,137091753,Маркировщик на склад,Прочие профессии,Республика Хакасия,"Абакан, Складская улица, 17",ООО Сергеева и компания,50000.0,0.0,RUR,25000.0,False,Без опыта,,,,2026-09-13T11:44:57+03:00,https://hh.ru/vacancy/137091753,1275,False
hh.ru,137180866,Помощник оператора линии розлива,Прочие профессии,Республика Хакасия,Усть-Абаканский район,ООО ТД Альпина,70000.0,0.0,RUR,35000.0,False,Без опыта,,,,2026-09-13T11:44:57+03:00,https://hh.ru/vacancy/137180866,1921,False
hh.ru,137235895,Ведущий специалист по снабжению,Прочие профессии,Республика Хакасия,"Саяногорск, Транспортная улица, 13",ООО Саянпромжелдортранс,,,,,False,Опыт 3-6 лет,,,,2026-09-13T11:44:57+03:00,https://hh.ru/vacancy/137235895,606,False
hh.ru,137226740,Системный администратор,Информационные технологии,Республика Хакасия,"Абакан, Фабричная улица, 34В1",ООО АРТТЕК,,,,,False,Опыт 3-6 лет,,,,2026-09-13T11:44:57+03:00,https://hh.ru/vacancy/137226740,2211,False
hh.ru,137025835,Координатор съёмок и мероприятий,Прочие профессии,Республика Хакасия,Абакан,ИП Захарова Татьяна Михайловна,75000.0,75000.0,RUR,75000.0,False,Опыт 3-6 лет,,,,2026-09-13T11:44:57+03:00,https://hh.ru/vacancy/137025835,1208,False
hh.ru,137029288,Медицинский статистик,Медицина и фармацевтика,Республика Хакасия,"Абакан, Заводская улица, 3",ГБУЗ РХ Республиканский центр профилактики и борьбы со СПИД,44000.0,50000.0,RUR,47000.0,True,Без опыта,,,,2026-09-13T11:44:57+03:00,https://hh.ru/vacancy/137029288,1308,False
hh.ru,136508206,Старший менеджер - администратор,Продажи и клиентский сервис,Республика Хакасия,"Абакан, улица Авиаторов, 10",Николаев Александр Владимирович,60000.0,70000.0,RUR,65000.0,False,Без опыта,,,,2026-09-13T11:44:57+03:00,https://hh.ru/vacancy/136508206,2534,False
hh.ru,137165956,Блогер / ведущий прямых эфиров / лицо компании,Прочие профессии,Республика Хакасия,Абакан,ООО РЕСУРС ПРОГРЕСС,45000.0,60000.0,RUR,52500.0,True,Без опыта,,,,2026-09-13T11:44:57+03:00,https://hh.ru/vacancy/137165956,403,False
hh.ru,137185043,Шеф-повар,Рабочий и обслуживающий персонал,Республика Хакасия,"Абакан, улица Ивана Ярыгина, 33/1",ИП Захарова Татьяна Михайловна,150000.0,200000.0,RUR,175000.0,False,Опыт 3-6 лет,,,,2026-09-13T11:44:57+03:00,https://hh.ru/vacancy/137185043,2680,False
hh.ru,137180727,Контролер ОТК,Охрана и безопасность,Республика Хакасия,"Абакан, улица Пушкина, 213",ООО Раф Сервис,65000.0,65000.0,RUR,65000.0,True,Опыт 1-3 года,,,,2026-09-13T11:44:57+03:00,https://hh.ru/vacancy/137180727,1200,False
hh.ru,136723471,Фотограф для автообъявлений,Прочие профессии,Республика Хакасия,"Абакан, квартал Молодёжный, 5Ж",ООО Планета Авто,60000.0,60000.0,RUR,60000.0,False,Опыт 1-3 года,,,,2026-09-13T11:44:57+03:00,https://hh.ru/vacancy/136723471,2666,False
hh.ru,136616792,Менеджер в банк,"Финансы, бухгалтерия и право",Республика Хакасия,"Абакан, улица Крылова, 78","Банк ВТБ (ПАО), Розничный бизнес",70000.0,0.0,RUR,35000.0,False,Без опыта,,,,2026-09-13T11:44:57+03:00,https://hh.ru/vacancy/136616792,1322,False
hh.ru,137032960,Водитель категории В,Транспорт и логистика,Республика Хакасия,"Абакан, Игарская улица, 8",ООО Грузовой,60000.0,220000.0,RUR,140000.0,False,Опыт 1-3 года,,,,2026-09-13T11:44:57+03:00,https://hh.ru/vacancy/137032960,724,False
hh.ru,137183847,Грузчик,Рабочий и обслуживающий персонал,Республика Хакасия,"Абакан, Заводская улица, 7",ООО Хлебный дом,5800.0,0.0,RUR,2900.0,False,Без опыта,,,,2026-09-13T11:44:57+03:00,https://hh.ru/vacancy/137183847,911,False
hh.ru,136948972,Оператор склада (Абакан),Прочие профессии,Республика Хакасия,"Абакан, улица Тельмана, 92Дс1",Ozon Производство,17000.0,0.0,RUR,8500.0,True,Без опыта,,,,2026-09-13T11:44:57+03:00,https://hh.ru/vacancy/136948972,1704,False
hh.ru,137030363,Уборщик,Рабочий и обслуживающий персонал,Республика Хакасия,Абакан,ООО ЦКИФ,45000.0,0.0,RUR,22500.0,False,Без опыта,,,,2026-09-13T11:44:57+03:00,https://hh.ru/vacancy/137030363,2596,False
hh.ru,137009166,Комплектовщик (оператор склада),Транспорт и логистика,Республика Калмыкия,Элиста,Мясницкий ряд,204800.0,235000.0,RUR,219900.0,False,Без опыта,,,,2026-09-13T11:44:57+03:00,https://hh.ru/vacancy/137009166,1171,False
hh.ru,137261427,Водитель категории Е,Транспорт и логистика,Республика Калмыкия,Лагань,ITECO,185000.0,250000.0,RUR,217500.0,True,Без опыта,,,,2026-09-13T11:44:57+03:00,https://hh.ru/vacancy/137261427,734,False
hh.ru,137218872,Менеджер по продажам,Продажи и клиентский сервис,Республика Калмыкия,Элиста,"ПАО МегаФон, IT",57000.0,0.0,RUR,28500.0,True,Без опыта,,,,2026-09-13T11:44:57+03:00,https://hh.ru/vacancy/137218872,1421,False
hh.ru,136756355,"Менеджер по работе с клиентами (чаты, без звонков, туризм)",Продажи и клиентский сервис,Республика Калмыкия,Элиста,"WT International CO., LTD",20000.0,20000.0,RUR,20000.0,False,Опыт 1-3 года,,Удалённая работа,,2026-09-13T11:44:57+03:00,https://hh.ru/vacancy/136756355,1476,False
hh.ru,137163018,Специалист по работе с клиентами,Продажи и клиентский сервис,Республика Калмыкия,"Элиста, улица Ю. Клыкова, 116А",ООО Кира Групп,40000.0,60000.0,RUR,50000.0,True,Без опыта,,,,2026-09-13T11:44:57+03:00,https://hh.ru/vacancy/137163018,2449,False
hh.ru,136999199,Младший менеджер маркетплейсов (Wildberries / Ozon / Lamoda) в Калмыкии,"Маркетинг, медиа и дизайн",Республика Калмыкия,Элиста,ИП Ворзова Наталья Николаевна,30000.0,30000.0,RUR,30000.0,False,Опыт 1-3 года,,Удалённая работа,,2026-09-13T11:44:57+03:00,https://hh.ru/vacancy/136999199,1524,False
hh.ru,137197411,Специалист группы документационного и протокольного обеспечения,Прочие профессии,Республика Калмыкия,"Элиста, территория Северная промзона-1","ПАО Россети Юг, Молодые специалисты",0.0,0.0,,,False,Без опыта,,,,2026-09-13T11:44:57+03:00,https://hh.ru/vacancy/137197411,2299,False
hh.ru,137034317,Супервайзер/руководитель ОП,Транспорт и логистика,Республика Калмыкия,"Элиста, улица В.И. Ленина, 9","Миллениум, ГК",120000.0,140000.0,RUR,130000.0,False,Опыт 3-6 лет,,,,2026-09-13T11:44:57+03:00,https://hh.ru/vacancy/137034317,2559,False
hh.ru,137258927,Торговый представитель,Прочие профессии,Республика Калмыкия,Элиста,"АГАТ, Управляющая компания",84900.0,0.0,RUR,42450.0,False,Без опыта,,,,2026-09-13T11:44:57+03:00,https://hh.ru/vacancy/137258927,2585,False
hh.ru,137009752,Архитектор дизайнер интерьеров,Строительство и недвижимость,Республика Калмыкия,"Элиста, улица В.И. Ленина, 241",Проверенный HR (Ханин Дмитрий Юрьевич),15000.0,80000.0,RUR,47500.0,False,Без опыта,,Удалённая работа,,2026-09-13T11:44:57+03:00,https://hh.ru/vacancy/137009752,350,False
hh.ru,136894274,Специалист по учету нефтепродуктов,Прочие профессии,Республика Калмыкия,"Элиста, 3-й микрорайон, 18В",АО Калмнефтегаз,75000.0,75000.0,RUR,75000.0,False,Опыт 3-6 лет,,,,2026-09-13T11:44:57+03:00,https://hh.ru/vacancy/136894274,2487,False
hh.ru,136253095,Помощник/ассистент руководителя,Прочие профессии,Республика Калмыкия,Элиста,HRassistant (ИП Кузнецова Ирина Андреевна),30000.0,50000.0,RUR,40000.0,False,Без опыта,,Удалённая работа,,2026-09-13T11:44:57+03:00,https://hh.ru/vacancy/136253095,1863,False
hh.ru,136856198,Финансовый директор (CFO),"Финансы, бухгалтерия и право",Республика Калмыкия,"Элиста, улица А.С. Пушкина, 50А",ООО ДК Надежда,130000.0,130000.0,RUR,130000.0,True,Опыт 1-3 года,,,,2026-09-13T11:44:57+03:00,https://hh.ru/vacancy/136856198,2662,False
hh.ru,136409557,Middle/Senior fullstack-разработчик,Информационные технологии,Республика Калмыкия,Элиста,ООО Элефант Про,200000.0,300000.0,RUR,250000.0,True,Опыт 3-6 лет,,,,2026-09-13T11:44:57+03:00,https://hh.ru/vacancy/136409557,22,False
hh.ru,136697562,Специалист контрактной службы,Прочие профессии,Республика Калмыкия,"Элиста, улица А.С. Пушкина, 52",Кадровый центр здравоохранения Республики Калмыкия,27093.0,40000.0,RUR,33546.5,True,Без опыта,,,,2026-09-13T11:44:57+03:00,https://hh.ru/vacancy/136697562,2319,False
hh.ru,136880342,Оператор 1С/Делопроизводитель/Бухгалтер,Транспорт и логистика,Республика Калмыкия,Элиста,ООО Городской Центр Налоговой Отчетности,40000.0,55000.0,RUR,47500.0,False,Без опыта,,,,2026-09-13T11:44:57+03:00,https://hh.ru/vacancy/136880342,1632,False
hh.ru,137187012,"Ведущий специалист по ПБ, ОТ и ОС",Прочие профессии,Республика Калмыкия,"Элиста, 3-й микрорайон, 18В",АО Калмнефтегаз,75000.0,75000.0,RUR,75000.0,False,Опыт 3-6 лет,,,,2026-09-13T11:44:57+03:00,https://hh.ru/vacancy/137187012,602,False
hh.ru,137163053,Бухгалтер на НДС,"Финансы, бухгалтерия и право",Республика Калмыкия,"Элиста, улица Ю. Клыкова, 106А",ООО Кира Групп,50000.0,80000.0,RUR,65000.0,True,Опыт 1-3 года,,,,2026-09-13T11:44:57+03:00,https://hh.ru/vacancy/137163053,476,False
hh.ru,136973866,Оператор call-центра,Продажи и клиентский сервис,Республика Калмыкия,Элиста,АТЛАНТ,50000.0,0.0,RUR,25000.0,False,Без опыта,,Удалённая работа,,2026-09-13T11:44:57+03:00,https://hh.ru/vacancy/136973866,1636,False
hh.ru,137076293,Инженер по охране труда и технике безопасности,Инженерия и производство,Республика Калмыкия,"Элиста, улица Чкалова, 36",ООО СЗ ТОПГЕР,100000.0,100000.0,RUR,100000.0,True,Опыт 3-6 лет,,,,2026-09-13T11:44:57+03:00,https://hh.ru/vacancy/137076293,1071,False
hh.ru,136964182,HR-менеджер (Менеджер по персоналу),Прочие профессии,Республика Калмыкия,"Элиста, улица А.С. Пушкина, 50А",ООО ДК Надежда,95000.0,95000.0,RUR,95000.0,True,Опыт 1-3 года,,,,2026-09-13T11:44:57+03:00,https://hh.ru/vacancy/136964182,13,False
hh.ru,136861029,Администратор отеля,Продажи и клиентский сервис,Республика Калмыкия,"Элиста, 1-й микрорайон, 62",ООО Триа Гостеприимство,53000.0,0.0,RUR,26500.0,False,Без опыта,,,,2026-09-13T11:44:57+03:00,https://hh.ru/vacancy/136861029,284,False
hh.ru,137076950,"Мобильный мерчандайзер (Элиста, табачная продукция)",Прочие профессии,Республика Калмыкия,Элиста,Ventra,44600.0,0.0,RUR,22300.0,False,Без опыта,,,,2026-09-13T11:44:57+03:00,https://hh.ru/vacancy/137076950,1533,False
hh.ru,136602082,Инженер-проектировщик НВФ,Инженерия и производство,Республика Калмыкия,"Элиста, улица В.И. Ленина, 255А",Лебедь Екатерина Владимировна,100000.0,150000.0,RUR,125000.0,True,Опыт 1-3 года,,,,2026-09-13T11:44:57+03:00,https://hh.ru/vacancy/136602082,1080,False
hh.ru,126366314,Специалист чат-поддержки Яндекс (удаленно),Прочие профессии,Республика Калмыкия,Элиста,Яндекс Команда для бизнеса,37000.0,0.0,RUR,18500.0,True,Без опыта,,Удалённая работа,,2026-09-13T11:44:57+03:00,https://hh.ru/vacancy/126366314,2523,False
hh.ru,136260619,Ведущий специалист / бухгалтер,"Финансы, бухгалтерия и право",Республика Калмыкия,"Элиста, улица Дармаева, 21",Региональная служба по тарифам Республики Калмыкия,37000.0,40000.0,RUR,38500.0,False,Без опыта,,,,2026-09-13T11:44:57+03:00,https://hh.ru/vacancy/136260619,583,False
hh.ru,137000785,Старший менеджер по работе с клиентами,Продажи и клиентский сервис,Республика Калмыкия,Элиста,Сбер. Работа с клиентами,79000.0,0.0,RUR,39500.0,True,Без опыта,,,,2026-09-13T11:44:57+03:00,https://hh.ru/vacancy/137000785,2538,False
hh.ru,136562675,Бухгалтер по работе с покупателями,"Финансы, бухгалтерия и право",Республика Калмыкия,"Элиста, микрорайон Сити-2, 63",Производственный Кооператив Семейные Ценности,45000.0,45000.0,RUR,45000.0,False,Опыт 1-3 года,,,,2026-09-13T11:44:57+03:00,https://hh.ru/vacancy/136562675,533,False
hh.ru,137054868,Продавец-консультант (ТЦ Ленина),Продажи и клиентский сервис,Республика Калмыкия,"Элиста, улица В.И. Ленина, 266А",DIVAN BOSS,50000.0,110000.0,RUR,80000.0,False,Без опыта,,,,2026-09-13T11:44:57+03:00,https://hh.ru/vacancy/137054868,2016,False
hh.ru,136745144,"Начинающий специалист в ""Альфа-Банк""","Финансы, бухгалтерия и право",Республика Калмыкия,"Элиста, улица В.И. Ленина, 240",Департамент персонала,85000.0,0.0,RUR,42500.0,True,Без опыта,,,,2026-09-13T11:44:57+03:00,https://hh.ru/vacancy/136745144,1593,False
hh.ru,136609780,Менеджер по работе с клиентами,Продажи и клиентский сервис,Республика Калмыкия,"Элиста, улица Юлии Нейман, 1",ООО Дестино Тур,30000.0,50000.0,RUR,40000.0,True,Без опыта,,,,2026-09-13T11:44:57+03:00,https://hh.ru/vacancy/136609780,1464,False
hh.ru,136715040,Старший менеджер по работе с клиентами,Продажи и клиентский сервис,Республика Калмыкия,Лагань,Сбер. Работа с клиентами,65900.0,0.0,RUR,32950.0,True,Без опыта,,,,2026-09-13T11:44:57+03:00,https://hh.ru/vacancy/136715040,2537,False
hh.ru,137036001,Рентгенолаборант МРТ,Образование и наука,Республика Калмыкия,"Элиста, улица Б. Хеечиева, 1",ООО Медицинский Центр ЛЮКС,60000.0,90000.0,RUR,75000.0,True,Опыт 1-3 года,,,,2026-09-13T11:44:57+03:00,https://hh.ru/vacancy/137036001,2104,False
hh.ru,133603041,Инженер по эксплуатации зданий и сооружений,Инженерия и производство,Республика Калмыкия,Садовое,ООО Диакав,20000.0,20000.0,RUR,20000.0,False,Опыт 3-6 лет,,,,2026-09-13T11:44:57+03:00,https://hh.ru/vacancy/133603041,1074,False
hh.ru,137009625,Комплектовщик (оператор склада),Транспорт и логистика,Калужская область,Калуга,Мясницкий ряд,204800.0,235000.0,RUR,219900.0,False,Без опыта,,,,2026-09-13T11:44:57+03:00,https://hh.ru/vacancy/137009625,1164,False
hh.ru,136701830,Специалист по охране труда (удалённый формат),Прочие профессии,Калужская область,Калуга,ООО Соткон,120000.0,120000.0,RUR,120000.0,True,Опыт 3-6 лет,,Удалённая работа,,2026-09-13T11:44:57+03:00,https://hh.ru/vacancy/136701830,2428,False
hh.ru,136770718,Специалист по документообороту,Прочие профессии,Калужская область,"Обнинск, улица Курчатова, 19А",ООО Технософт,80000.0,110000.0,RUR,95000.0,True,Опыт 1-3 года,,,,2026-09-13T11:44:57+03:00,https://hh.ru/vacancy/136770718,2384,False
hh.ru,136900607,Менеджер по логистике (Калуга),Транспорт и логистика,Калужская область,"Калуга, улица Степана Разина, 28",ITECO,90000.0,0.0,RUR,45000.0,True,Без опыта,,,,2026-09-13T11:44:57+03:00,https://hh.ru/vacancy/136900607,1390,False
hh.ru,136937856,Оператор склада (Калуга),Прочие профессии,Калужская область,"Калуга, 1-й Академический проезд, 5",Ozon Производство,17000.0,0.0,RUR,8500.0,True,Без опыта,,,,2026-09-13T11:44:57+03:00,https://hh.ru/vacancy/136937856,1709,False
hh.ru,137209219,Ведущий специалист,Прочие профессии,Калужская область,"Калуга, Московская улица, 214",Управление ЗАГС г. Калуги,50000.0,50000.0,RUR,50000.0,False,Опыт 1-3 года,,,,2026-09-13T11:44:57+03:00,https://hh.ru/vacancy/137209219,579,False
hh.ru,136252247,SEO-копирайтер / Автор статей для Яндекс Дзена и сайта,"Маркетинг, медиа и дизайн",Калужская область,Калуга,ИП Титков Иван Иванович,70000.0,120000.0,RUR,95000.0,True,Без опыта,,Удалённая работа,,2026-09-13T11:44:57+03:00,https://hh.ru/vacancy/136252247,38,False
hh.ru,136262439,Помощник/ассистент руководителя,Прочие профессии,Калужская область,"Калуга, улица Салтыкова-Щедрина, 125",ООО Компания Виталан,70000.0,70000.0,RUR,70000.0,False,Опыт 1-3 года,,,,2026-09-13T11:44:57+03:00,https://hh.ru/vacancy/136262439,1872,False
hh.ru,136968301,Менеджер по персоналу,Прочие профессии,Калужская область,Москва,ИП Шлякова Ольга Сергеевна,60000.0,100000.0,RUR,80000.0,False,Без опыта,,Удалённая работа,,2026-09-13T11:44:57+03:00,https://hh.ru/vacancy/136968301,1403,False
hh.ru,137159770,Специалист по кадровому делопроизводству,Инженерия и производство,Калужская область,"Калуга, проезд Энтузиастов, 1А",ООО Мануфактуры Боско,,,,,False,Опыт 1-3 года,,,,2026-09-13T11:44:57+03:00,https://hh.ru/vacancy/137159770,2403,False
hh.ru,136984000,Водитель в семью,Транспорт и логистика,Калужская область,"Обнинск, проспект Ленина, 137к4",WAVE HARMONY,100000.0,100000.0,RUR,100000.0,False,Опыт более 6 лет,,,,2026-09-13T11:44:57+03:00,https://hh.ru/vacancy/136984000,697,False
hh.ru,137162792,Бухгалтер,"Финансы, бухгалтерия и право",Калужская область,"Калуга, улица Пухова, 23А",ООО ВиХ-строй,70000.0,70000.0,RUR,70000.0,False,Опыт 3-6 лет,,,,2026-09-13T11:44:57+03:00,https://hh.ru/vacancy/137162792,432,False
hh.ru,137040815,Ведущий специалист отдела инспектирования жилищного фонда,Прочие профессии,Калужская область,"Калуга, улица Суворова, 71А",Государственная жилищная инспекция Калужской области,60000.0,65000.0,RUR,62500.0,False,Без опыта,,,,2026-09-13T11:44:57+03:00,https://hh.ru/vacancy/137040815,589,False
hh.ru,136895095,Менеджер по продажам земельных участков,Продажи и клиентский сервис,Калужская область,Калуга,Земельный капитал,150000.0,200000.0,RUR,175000.0,False,Опыт 3-6 лет,,Удалённая работа,,2026-09-13T11:44:57+03:00,https://hh.ru/vacancy/136895095,1437,False
hh.ru,137052911,Бухгалтер на участок Учет первички,"Финансы, бухгалтерия и право",Калужская область,"Обнинск, проспект Маркса, 99/2",ООО Центр содействия бизнесу,60000.0,60000.0,RUR,60000.0,False,Опыт 1-3 года,,Удалённая работа,,2026-09-13T11:44:57+03:00,https://hh.ru/vacancy/137052911,524,False
hh.ru,136812951,Оператор базы данных,Прочие профессии,Калужская область,Калуга,Rocket Cinema,40000.0,55000.0,RUR,47500.0,False,Опыт 1-3 года,,Удалённая работа,,2026-09-13T11:44:57+03:00,https://hh.ru/vacancy/136812951,1647,False
hh.ru,137124636,Младший дизайнер / Junior Digital Designer,"Маркетинг, медиа и дизайн",Калужская область,"Калуга, улица Гагарина, 1",Rocket10,40000.0,0.0,RUR,20000.0,False,Без опыта,,,,2026-09-13T11:44:57+03:00,https://hh.ru/vacancy/137124636,1522,False
hh.ru,137079449,Водитель,Транспорт и логистика,Калужская область,"Калуга, Зерновая улица, 30с49",ИП Попадьин Сергей Иванович,70000.0,0.0,RUR,35000.0,False,Без опыта,,,,2026-09-13T11:44:57+03:00,https://hh.ru/vacancy/137079449,637,False
hh.ru,136828067,Продавец-кассир,Продажи и клиентский сервис,Калужская область,"село Детчино, Советская улица, 4",ООО Фрост,60000.0,0.0,RUR,30000.0,False,Без опыта,,,,2026-09-13T11:44:57+03:00,https://hh.ru/vacancy/136828067,1984,False
hh.ru,135627983,Помощник директора завода в России,Управление,Калужская область,"городской округ Калуга, индустриальный парк Росва, 30",ООО Выхлопные Технологии,120000.0,180000.0,RUR,150000.0,True,Без опыта,,,,2026-09-13T11:44:57+03:00,https://hh.ru/vacancy/135627983,1908,False
hh.ru,130620120,Рабочий на производство,Инженерия и производство,Калужская область,Калуга,ООО ЛЕРТЕКО-ГРУПП,195000.0,0.0,RUR,97500.0,False,Без опыта,,,,2026-09-13T11:44:57+03:00,https://hh.ru/vacancy/130620120,2046,False
hh.ru,137202967,Специалист коммерческого отдела,Прочие профессии,Калужская область,"городской округ Калуга, индустриальный парк Росва",ООО РОСВА ФАРМ,,,,,False,Опыт 3-6 лет,,,,2026-09-13T11:44:57+03:00,https://hh.ru/vacancy/137202967,2317,False
hh.ru,137252297,Инженер по качеству,Инженерия и производство,Калужская область,"городской округ Калуга, индустриальный парк Росва, 30",ООО Выхлопные Технологии,120000.0,150000.0,RUR,135000.0,False,Опыт 1-3 года,,,,2026-09-13T11:44:57+03:00,https://hh.ru/vacancy/137252297,1068,False
hh.ru,137076208,Бухгалтер,"Финансы, бухгалтерия и право",Калужская область,"Обнинск, улица Королёва, 4Б",ООО Металит-Инвест,80000.0,80000.0,RUR,80000.0,False,Опыт 3-6 лет,,,,2026-09-13T11:44:57+03:00,https://hh.ru/vacancy/137076208,440,False
hh.ru,136189330,Администратор,Продажи и клиентский сервис,Калужская область,"Калуга, Московская улица, 184А",ИП Диденко Роман Юрьевич,60500.0,90000.0,RUR,75250.0,False,Без опыта,,,,2026-09-13T11:44:57+03:00,https://hh.ru/vacancy/136189330,81,False
hh.ru,137070541,Специалист по транспортной логистике,Транспорт и логистика,Калужская область,"Балабаново, Московская улица, 18",ООО 1МК,120000.0,120000.0,RUR,120000.0,False,Опыт 1-3 года,,,,2026-09-13T11:44:57+03:00,https://hh.ru/vacancy/137070541,2484,False
hh.ru,136298636,Делопроизводитель в строительстве,Строительство и недвижимость,Калужская область,"Калуга, Молодёжная улица, 44",ЯнтарьСервисБалтик,70000.0,70000.0,RUR,70000.0,False,Опыт 1-3 года,,,,2026-09-13T11:44:57+03:00,https://hh.ru/vacancy/136298636,939,False
hh.ru,137051798,Администратор выходного дня,Продажи и клиентский сервис,Калужская область,"Обнинск, улица Гурьянова, 21",Образовательный центр Брейни,15000.0,25000.0,RUR,20000.0,False,Без опыта,,,,2026-09-13T11:44:57+03:00,https://hh.ru/vacancy/137051798,213,False
hh.ru,137044677,Бухгалтер на первичную документацию,"Финансы, бухгалтерия и право",Калужская область,"Калуга, улица Суворова, 121",ЭЛИТТРАНС,60000.0,60000.0,RUR,60000.0,False,Опыт 1-3 года,,,,2026-09-13T11:44:57+03:00,https://hh.ru/vacancy/137044677,511,False
hh.ru,137127528,Администратор стоматологической клиники,Медицина и фармацевтика,Калужская область,"Калуга, Московская улица, 63",ООО СОКОЛОВКЛИНИК,70000.0,80000.0,RUR,75000.0,True,Опыт 1-3 года,,,,2026-09-13T11:44:57+03:00,https://hh.ru/vacancy/137127528,323,False
hh.ru,137110591,Водитель легкового автомобиля (персональный),Транспорт и логистика,Калужская область,"село Ворсино, улица Лыскина, вл6с1",ООО ПромСорт-Калуга,67000.0,67000.0,RUR,67000.0,False,Опыт 3-6 лет,,,,2026-09-13T11:44:57+03:00,https://hh.ru/vacancy/137110591,760,False
hh.ru,136608118,Офис-менеджер с функциями делопроизводителя,Прочие профессии,Калужская область,"Калуга, улица Достоевского, 25",ООО КОМПАНИЯ ТЕХНОСТРОЙ,,,,,False,Опыт 1-3 года,,,,2026-09-13T11:44:57+03:00,https://hh.ru/vacancy/136608118,1781,False
hh.ru,137117578,Кладовщик,Транспорт и логистика,Калужская область,"Балабаново, улица 50 лет Октября, 1к1",ООО ПК ИНТЕРФЛОР,100000.0,130000.0,RUR,115000.0,False,Опыт 3-6 лет,,,,2026-09-13T11:44:57+03:00,https://hh.ru/vacancy/137117578,1135,False
hh.ru,137217135,Администратор склада,Продажи и клиентский сервис,Калужская область,"Обнинск, Киевское шоссе, 104",ООО Центр Фармацевтической Упаковки,70000.0,70000.0,RUR,70000.0,False,Опыт 1-3 года,,,,2026-09-13T11:44:57+03:00,https://hh.ru/vacancy/137217135,314,False
hh.ru,137063967,"Регистратор биоматериала ""Медтест""",Прочие профессии,Республика Коми,"Сыктывкар, Восточная улица, 35/1",Центр диагностики и лечения Лайт,45000.0,45000.0,RUR,45000.0,False,Опыт 1-3 года,,,,2026-09-13T11:44:57+03:00,https://hh.ru/vacancy/137063967,2093,False
hh.ru,137020154,Куратор онлайн-школы,Прочие профессии,Республика Коми,Сыктывкар,Территория развития,25000.0,35000.0,RUR,30000.0,False,Опыт 1-3 года,,Удалённая работа,,2026-09-13T11:44:57+03:00,https://hh.ru/vacancy/137020154,1220,False
hh.ru,137170563,Аккаунт-менеджер / Customer Success менеджер,Прочие профессии,Республика Коми,Сыктывкар,Aqua Delivery,70000.0,120000.0,RUR,95000.0,False,Опыт 1-3 года,,Удалённая работа,,2026-09-13T11:44:57+03:00,https://hh.ru/vacancy/137170563,338,False
hh.ru,137039683,Вакансия C#/.NET-разработчик (программист),Информационные технологии,Республика Коми,"Сыктывкар, улица Карла Маркса, 192",ООО Денвик,35000.0,50000.0,RUR,42500.0,False,Без опыта,,,,2026-09-13T11:44:57+03:00,https://hh.ru/vacancy/137039683,550,False
hh.ru,136751753,Администратор в СПА,Продажи и клиентский сервис,Республика Коми,"Сыктывкар, Первомайская улица, 96",Формула SPA,45000.0,70000.0,RUR,57500.0,False,Опыт 1-3 года,,,,2026-09-13T11:44:57+03:00,https://hh.ru/vacancy/136751753,196,False
hh.ru,136267677,Менеджер маркетплейсов,"Маркетинг, медиа и дизайн",Республика Коми,Сыктывкар,ИП Бухадурова Малика Бахроновна,15000.0,25000.0,RUR,20000.0,False,Без опыта,,Удалённая работа,,2026-09-13T11:44:57+03:00,https://hh.ru/vacancy/136267677,1335,False
hh.ru,136306617,Младший HR-ассистент / Специалист по разбору откликов,Прочие профессии,Республика Коми,Сыктывкар,ИП КАЗАКОВА ДАРЬЯ ВЛАДИМИРОВНА,57000.0,92000.0,RUR,74500.0,False,Без опыта,,Удалённая работа,,2026-09-13T11:44:57+03:00,https://hh.ru/vacancy/136306617,1519,False
hh.ru,137235073,Сотрудник на производство,Инженерия и производство,Республика Коми,"Сыктывкар, Сысольское шоссе, 31А",ООО Сыктывкарская Мукомольная Компания,42000.0,70000.0,RUR,56000.0,False,Без опыта,,,,2026-09-13T11:44:57+03:00,https://hh.ru/vacancy/137235073,2256,False
hh.ru,137224226,Руководитель сервисного центра,Транспорт и логистика,Республика Коми,Сыктывкар,ВологдаСкан,,,,,False,Опыт 3-6 лет,,,,2026-09-13T11:44:57+03:00,https://hh.ru/vacancy/137224226,2146,False
hh.ru,137221609,Помощник рекрутера / Младший HR-специалист,Прочие профессии,Республика Коми,Ухта,ИП Веснин Роман Антонович,55000.0,90000.0,RUR,72500.0,False,Без опыта,,Удалённая работа,,2026-09-13T11:44:57+03:00,https://hh.ru/vacancy/137221609,1932,False
hh.ru,137136105,Специалист по логистике логистического центра управления лесообеспечения,Транспорт и логистика,Республика Коми,"Сыктывкар, проспект Бумажников, 2",АО СЛПК,,,,,False,Опыт 1-3 года,,,,2026-09-13T11:44:57+03:00,https://hh.ru/vacancy/137136105,2410,False
hh.ru,136948287,Оператор склада (Сыктывкар),Прочие профессии,Республика Коми,"Сыктывкар, Октябрьский проспект, 131/5",Ozon Производство,17000.0,0.0,RUR,8500.0,True,Без опыта,,,,2026-09-13T11:44:57+03:00,https://hh.ru/vacancy/136948287,1716,False
hh.ru,137192195,Менеджер по закупкам,Прочие профессии,Республика Коми,"Сыктывкар, улица Ленина, 74",ООО Ростком,75000.0,75000.0,RUR,75000.0,False,Опыт 1-3 года,,,,2026-09-13T11:44:57+03:00,https://hh.ru/vacancy/137192195,1368,False
hh.ru,137151408,Стропальщик 5 разряда,Прочие профессии,Республика Коми,"Усинск, Транспортная улица, 7Б/1",ООО Мастернефть-Сервис,177100.0,177100.0,RUR,177100.0,True,Опыт 1-3 года,,,,2026-09-13T11:44:57+03:00,https://hh.ru/vacancy/137151408,2554,False
hh.ru,137062557,Уборщик служебных помещений,Рабочий и обслуживающий персонал,Республика Коми,"Сыктывкар, улица Ленина, 89",ООО ИНТЕРСТОМ,40070.0,0.0,RUR,20035.0,False,Без опыта,,,,2026-09-13T11:44:57+03:00,https://hh.ru/vacancy/137062557,2599,False
hh.ru,137200723,Инструктор по вождению категории В,Прочие профессии,Республика Коми,Сыктывкар,Казакова Ольга Викторовна,70000.0,0.0,RUR,35000.0,False,Без опыта,,,,2026-09-13T11:44:57+03:00,https://hh.ru/vacancy/137200723,1105,True
hh.ru,136490662,Специалист по документообороту и сопровождению,Прочие профессии,Республика Коми,"Сыктывкар, улица Димитрова, 44/2",ООО Анком,50000.0,70000.0,RUR,60000.0,False,Без опыта,,,,2026-09-13T11:44:57+03:00,https://hh.ru/vacancy/136490662,2387,True
hh.ru,137200723,Инструктор по вождению категории В,Прочие профессии,Республика Коми,Сыктывкар,Казакова Ольга Викторовна,70000.0,0.0,RUR,35000.0,False,Без опыта,,,,2026-09-13T11:44:57+03:00,https://hh.ru/vacancy/137200723,1105,True
hh.ru,136490662,Специалист по документообороту и сопровождению,Прочие профессии,Республика Коми,"Сыктывкар, улица Димитрова, 44/2",ООО Анком,50000.0,70000.0,RUR,60000.0,False,Без опыта,,,,2026-09-13T11:44:57+03:00,https://hh.ru/vacancy/136490662,2387,True
hh.ru,136896852,Администратор,Продажи и клиентский сервис,Республика Коми,"Сыктывкар, улица Ленина, 89",ООО ИНТЕРСТОМ,40070.0,0.0,RUR,20035.0,False,Без опыта,,,,2026-09-13T11:44:57+03:00,https://hh.ru/vacancy/136896852,116,False
hh.ru,137270794,Продавец флорист,Продажи и клиентский сервис,Республика Коми,"Сыктывкар, Первомайская улица, 40",Студия цветов Лотос,60000.0,0.0,RUR,30000.0,False,Без опыта,,,,2026-09-13T11:44:57+03:00,https://hh.ru/vacancy/137270794,2023,False
hh.ru,137232086,Сборщик фанеры,Прочие профессии,Республика Коми,"Сыктывкар, Ухтинское шоссе, 66",Сыктывкарский фанерный завод,100000.0,0.0,RUR,50000.0,True,Без опыта,,,,2026-09-13T11:44:57+03:00,https://hh.ru/vacancy/137232086,2167,False
hh.ru,136835368,Педагог дополнительного образования,Образование и наука,Республика Коми,"Сыктывкар, улица Ленина, 74",ГАУДО РК РЦДО,45000.0,55000.0,RUR,50000.0,False,Опыт 1-3 года,,,,2026-09-13T11:44:57+03:00,https://hh.ru/vacancy/136835368,1816,False
hh.ru,136267833,Специалист по обработке интернет - заказов,Прочие профессии,Республика Коми,Сыктывкар,ИП Елисеев Максим Анатольевич,50000.0,87500.0,RUR,68750.0,False,Без опыта,,Удалённая работа,,2026-09-13T11:44:57+03:00,https://hh.ru/vacancy/136267833,2421,False
hh.ru,137252519,Специалист Группы закупки вспомогательных лесотранспортных услуг и материалов,Прочие профессии,Республика Коми,"Сыктывкар, проспект Бумажников, 2",АО СЛПК,,,,,False,Опыт 1-3 года,,,,2026-09-13T11:44:57+03:00,https://hh.ru/vacancy/137252519,2300,False
hh.ru,136956529,Дежурный инженер АСУТП,Инженерия и производство,Республика Коми,"Сыктывкар, проспект Бумажников, 4",АО Сыктывкар Тиссью Груп,160000.0,160000.0,RUR,160000.0,False,Опыт 3-6 лет,,,,2026-09-13T11:44:57+03:00,https://hh.ru/vacancy/136956529,915,False
hh.ru,137151739,Инженер-технолог,Инженерия и производство,Республика Коми,"Усинск, Транспортная улица, 7Б/1",ООО Мастернефть-Сервис,267200.0,267200.0,RUR,267200.0,True,Опыт 1-3 года,,,,2026-09-13T11:44:57+03:00,https://hh.ru/vacancy/137151739,1092,False
hh.ru,137111548,Супервайзер,Прочие профессии,Республика Коми,"Сыктывкар, Лесопарковая улица, 32",ИП Киселенко Андрей Александрович,,,,,False,Опыт более 6 лет,,,,2026-09-13T11:44:57+03:00,https://hh.ru/vacancy/137111548,2557,False
hh.ru,136884743,Бухгалтер по расчету заработной платы,"Финансы, бухгалтерия и право",Республика Коми,"Усинск, Парковая улица, 8А",ООО АТК,140000.0,140000.0,RUR,140000.0,False,Опыт 3-6 лет,,,,2026-09-13T11:44:57+03:00,https://hh.ru/vacancy/136884743,536,False
hh.ru,137264317,Партнер по работе с молодежью (Сыктывкар),Прочие профессии,Республика Коми,Сыктывкар,ООО Умскул Репетиторы,70000.0,140000.0,RUR,105000.0,False,Без опыта,,,,2026-09-13T11:44:57+03:00,https://hh.ru/vacancy/137264317,1813,False
hh.ru,137195694,Ведущий специалист (Нормирование работ Цеха КРС),Прочие профессии,Республика Коми,"Усинск, Транспортная улица, 7Б/1",ООО Мастернефть-Сервис,109653.0,109653.0,RUR,109653.0,True,Опыт 1-3 года,,,,2026-09-13T11:44:57+03:00,https://hh.ru/vacancy/137195694,588,False
hh.ru,136356364,Инженер ПТО,Инженерия и производство,Республика Коми,вахтовый посёлок Северное Хоседаю,ООО Ривал,200000.0,260000.0,RUR,230000.0,False,Опыт 1-3 года,,,,2026-09-13T11:44:57+03:00,https://hh.ru/vacancy/136356364,1083,False
hh.ru,136386065,Ведущий бухгалтер,"Финансы, бухгалтерия и право",Республика Коми,"Усинск, Заводская улица, 5",АО Комнедра,,,,,False,Опыт 3-6 лет,,,,2026-09-13T11:44:57+03:00,https://hh.ru/vacancy/136386065,553,False
hh.ru,137241549,Инженер-программист,Информационные технологии,Республика Коми,посёлок городского типа Северный,Эмфи integration,30000.0,30999.0,RUR,30499.5,False,Опыт более 6 лет,,,,2026-09-13T11:44:57+03:00,https://hh.ru/vacancy/137241549,1077,False
hh.ru,137009570,Комплектовщик (оператор склада),Транспорт и логистика,Костромская область,Нерехта,Мясницкий ряд,204800.0,235000.0,RUR,219900.0,False,Без опыта,,,,2026-09-13T11:44:57+03:00,https://hh.ru/vacancy/137009570,1165,False
hh.ru,137074560,Монтажник по монтажу стальных и железобетонных конструкций,Строительство и недвижимость,Костромская область,Мантурово,ОАО Российские железные дороги,150000.0,150000.0,RUR,150000.0,True,Опыт 3-6 лет,,,,2026-09-13T11:44:57+03:00,https://hh.ru/vacancy/137074560,1546,False
hh.ru,137075690,Бетонщик,Строительство и недвижимость,Костромская область,Шарья,ОАО Российские железные дороги,164000.0,164000.0,RUR,164000.0,True,Опыт 1-3 года,,,,2026-09-13T11:44:57+03:00,https://hh.ru/vacancy/137075690,383,False
hh.ru,136844709,Работник склада,Прочие профессии,Костромская область,Кострома,Пятёрочка. Распределительные центры,90000.0,177500.0,RUR,133750.0,True,Без опыта,,,,2026-09-13T11:44:57+03:00,https://hh.ru/vacancy/136844709,2035,False
hh.ru,135667977,Курьер собранных и упакованных заказов,Транспорт и логистика,Костромская область,Кострома,Яндекс.Еда,190000.0,0.0,RUR,95000.0,True,Без опыта,,,,2026-09-13T11:44:57+03:00,https://hh.ru/vacancy/135667977,1235,False
hh.ru,135667789,Курьер в сервис Яндекс Еда (заказы до 3 кг),Транспорт и логистика,Костромская область,Кострома,Яндекс.Еда,190000.0,0.0,RUR,95000.0,True,Без опыта,,,,2026-09-13T11:44:57+03:00,https://hh.ru/vacancy/135667789,1225,False
hh.ru,136669493,Администратор интернет-магазина,Продажи и клиентский сервис,Костромская область,Кологрив,ИП Линкин Павел Сергеевич,45400.0,71200.0,RUR,58300.0,False,Без опыта,,Удалённая работа,,2026-09-13T11:44:57+03:00,https://hh.ru/vacancy/136669493,230,False
hh.ru,136928016,Оператор склада (Кострома),Прочие профессии,Костромская область,"Кострома, р-н Центральный",Ozon Производство,17000.0,0.0,RUR,8500.0,True,Без опыта,,,,2026-09-13T11:44:57+03:00,https://hh.ru/vacancy/136928016,1711,False
hh.ru,137161333,Администратор (по работе с родителями учеников),Продажи и клиентский сервис,Костромская область,Кострома,Repeat,40000.0,65000.0,RUR,52500.0,False,Без опыта,,Удалённая работа,,2026-09-13T11:44:57+03:00,https://hh.ru/vacancy/137161333,290,False
hh.ru,137049372,Водитель по хозяйственной части,Транспорт и логистика,Костромская область,"Кострома, р-н Центральный",ООО ПОЛИДЖИ,70000.0,70000.0,RUR,70000.0,False,Опыт 3-6 лет,,,,2026-09-13T11:44:57+03:00,https://hh.ru/vacancy/137049372,777,False
hh.ru,136975148,Персональный водитель (категории В),Транспорт и логистика,Костромская область,"Кострома, р-н Центральный",Отель Золотое Кольцо,70000.0,70000.0,RUR,70000.0,False,Опыт 3-6 лет,,,,2026-09-13T11:44:57+03:00,https://hh.ru/vacancy/136975148,1829,False
hh.ru,136752479,Менеджер по работе с клиентами,Продажи и клиентский сервис,Костромская область,"Кострома, р-н Центральный",ИП Кудряшова Лилия Олеговна,50000.0,300000.0,RUR,175000.0,False,Без опыта,,Удалённая работа,,2026-09-13T11:44:57+03:00,https://hh.ru/vacancy/136752479,1460,False
hh.ru,137246040,Начальник склада,Управление,Костромская область,"Кострома, р-н Фабричный",Болейко Татьяна Андреевна,130000.0,130000.0,RUR,130000.0,False,Опыт 3-6 лет,,,,2026-09-13T11:44:57+03:00,https://hh.ru/vacancy/137246040,1575,False
hh.ru,137209562,Начальник отдела кадров,Управление,Костромская область,Кострома,,80000.0,80000.0,RUR,80000.0,True,Опыт 3-6 лет,,,,2026-09-13T11:44:57+03:00,https://hh.ru/vacancy/137209562,1565,False
hh.ru,137198648,Консультант,Прочие профессии,Костромская область,"Кострома, р-н Центральный","Департамент Информационной Политики, Анализа и Развития Коммуникационных Ресурсов Костромской Области",85000.0,90000.0,RUR,87500.0,True,Опыт 1-3 года,,,,2026-09-13T11:44:57+03:00,https://hh.ru/vacancy/137198648,1179,False
hh.ru,137163183,Консультант,Прочие профессии,Костромская область,"Кострома, р-н Фабричный",Департамент образования и науки Костромской области,60000.0,70000.0,RUR,65000.0,True,Опыт 1-3 года,,,,2026-09-13T11:44:57+03:00,https://hh.ru/vacancy/137163183,1180,False
hh.ru,137054276,Администратор,Продажи и клиентский сервис,Костромская область,"Кострома, р-н Центральный",ООО Победа,70000.0,0.0,RUR,35000.0,False,Без опыта,,,,2026-09-13T11:44:57+03:00,https://hh.ru/vacancy/137054276,123,False
hh.ru,137123227,Водитель-экспедитор на легковом автомобиле,Транспорт и логистика,Костромская область,"Кострома, р-н Центральный",ООО Дом-Строй,,,,,False,Опыт 1-3 года,,,,2026-09-13T11:44:57+03:00,https://hh.ru/vacancy/137123227,821,False
hh.ru,137123153,Научный сотрудник музейного архива,Образование и наука,Костромская область,"Кострома, р-н Фабричный",Костромской музей-заповедник,46000.0,0.0,RUR,23000.0,True,Без опыта,,,,2026-09-13T11:44:57+03:00,https://hh.ru/vacancy/137123153,1552,False
hh.ru,137072313,Операционный директор / Управляющий,Управление,Костромская область,"Кострома, р-н Центральный",ИП Ботина Ольга Михайловна,,,,,False,Опыт 1-3 года,,,,2026-09-13T11:44:57+03:00,https://hh.ru/vacancy/137072313,1741,False
hh.ru,137162496,Бухгалтер,"Финансы, бухгалтерия и право",Костромская область,"Кострома, р-н Центральный",ГК ГЕЛИОС,60000.0,80000.0,RUR,70000.0,True,Опыт 3-6 лет,,,,2026-09-13T11:44:57+03:00,https://hh.ru/vacancy/137162496,414,False
hh.ru,137094684,Комплектовщик,Транспорт и логистика,Костромская область,"Кострома, р-н Центральный",AVS,60000.0,0.0,RUR,30000.0,True,Без опыта,,,,2026-09-13T11:44:57+03:00,https://hh.ru/vacancy/137094684,1150,False
hh.ru,136365992,Специалист по обработке заявок,Прочие профессии,Костромская область,Кострома,"Ренессанс cтрахование, Группа",0.0,0.0,,,False,Без опыта,,Удалённая работа,,2026-09-13T11:44:57+03:00,https://hh.ru/vacancy/136365992,2418,False
hh.ru,136956853,Бизнес-ассистент,Прочие профессии,Костромская область,Кострома,ООО АН Усадьба,40000.0,40000.0,RUR,40000.0,False,Опыт 1-3 года,,Удалённая работа,,2026-09-13T11:44:57+03:00,https://hh.ru/vacancy/136956853,394,False
hh.ru,137034200,Подработка Продавец два дня в неделю,Продажи и клиентский сервис,Костромская область,"Кострома, р-н Фабричный",Мотя,18000.0,18000.0,RUR,18000.0,False,Опыт 1-3 года,,,,2026-09-13T11:44:57+03:00,https://hh.ru/vacancy/137034200,1847,False
hh.ru,137088779,"Специалист технической поддержки (1С, IT-инфраструктура)",Прочие профессии,Костромская область,Кострома,SOKOLOV,,,,,False,Опыт 1-3 года,,Удалённая работа,,2026-09-13T11:44:57+03:00,https://hh.ru/vacancy/137088779,2511,False
hh.ru,137119042,Помощник маркетолога,"Маркетинг, медиа и дизайн",Костромская область,"Кострома, р-н Центральный",ООО Победа,50000.0,70000.0,RUR,60000.0,True,Без опыта,,,,2026-09-13T11:44:57+03:00,https://hh.ru/vacancy/137119042,1914,False
hh.ru,137200623,Водитель легкового автомобиля,Транспорт и логистика,Костромская область,"Кострома, р-н Центральный",Ювелирные традиции (ООО Биф),,,,,False,Опыт 3-6 лет,,,,2026-09-13T11:44:57+03:00,https://hh.ru/vacancy/137200623,757,False
hh.ru,137095754,Руководитель направления безопасности,Транспорт и логистика,Костромская область,"Волгореченск, Подгорная улица, 2",АО Волгореченскрыбхоз,,,,,False,Опыт 1-3 года,,,,2026-09-13T11:44:57+03:00,https://hh.ru/vacancy/137095754,2118,False
hh.ru,137237913,Бухгалтер на участок первичная документация,"Финансы, бухгалтерия и право",Костромская область,"Кострома, р-н Центральный",ООО МОДИМИО,,,,,False,Опыт 1-3 года,,,,2026-09-13T11:44:57+03:00,https://hh.ru/vacancy/137237913,521,False
hh.ru,137256055,Бухгалтер по расчету с покупателями и заказчиками,"Финансы, бухгалтерия и право",Костромская область,"Кострома, р-н Центральный",АО Кострома-Лада-Сервис,78000.0,78000.0,RUR,78000.0,True,Опыт 3-6 лет,,,,2026-09-13T11:44:57+03:00,https://hh.ru/vacancy/137256055,541,False
hh.ru,137093079,Специалист по документообороту,Прочие профессии,Костромская область,"Кострома, р-н Центральный",Beauty Sleep,,,,,False,Опыт 1-3 года,,,,2026-09-13T11:44:57+03:00,https://hh.ru/vacancy/137093079,2376,False
hh.ru,137156702,Главный механик (Кострома),Инженерия и производство,Костромская область,"Кострома, р-н Центральный",ООО Питер Втормет,200000.0,200000.0,RUR,200000.0,False,Опыт 1-3 года,,,,2026-09-13T11:44:57+03:00,https://hh.ru/vacancy/137156702,868,False
hh.ru,137097892,Ритуальный агент,Прочие профессии,Костромская область,Кострома,Ритуальное агентство Небеса,100000.0,0.0,RUR,50000.0,False,Без опыта,,,,2026-09-13T11:44:57+03:00,https://hh.ru/vacancy/137097892,2108,False
hh.ru,137009109,Комплектовщик (оператор склада),Транспорт и логистика,Республика Карелия,Костомукша,Мясницкий ряд,204800.0,235000.0,RUR,219900.0,False,Без опыта,,,,2026-09-13T11:44:57+03:00,https://hh.ru/vacancy/137009109,1172,False
hh.ru,136844633,Работник склада,Прочие профессии,Республика Карелия,Медвежьегорск,Пятёрочка. Распределительные центры,81000.0,140000.0,RUR,110500.0,True,Без опыта,,,,2026-09-13T11:44:57+03:00,https://hh.ru/vacancy/136844633,2037,False
hh.ru,136850356,Кладовщик/кладовщица,Транспорт и логистика,Республика Карелия,Пудож,Пятёрочка. Распределительные центры,81000.0,140000.0,RUR,110500.0,True,Без опыта,,,,2026-09-13T11:44:57+03:00,https://hh.ru/vacancy/136850356,1138,False
hh.ru,137114118,Повар-пиццамейкер,Рабочий и обслуживающий персонал,Республика Карелия,Сортавала,Додо Пицца Россия,0.0,0.0,,,False,Без опыта,,,,2026-09-13T11:44:57+03:00,https://hh.ru/vacancy/137114118,1844,False
hh.ru,137100818,Мобильный банкир (начинающий специалист),"Финансы, бухгалтерия и право",Республика Карелия,Сегежа,Альфа-Банк. Работа без опыта,100000.0,190000.0,RUR,145000.0,True,Без опыта,,,,2026-09-13T11:44:57+03:00,https://hh.ru/vacancy/137100818,1532,False
hh.ru,136837219,Водитель-курьер на личном автомобиле,Транспорт и логистика,Республика Карелия,Костомукша,Додо Пицца Россия,0.0,0.0,,,False,Без опыта,,,,2026-09-13T11:44:57+03:00,https://hh.ru/vacancy/136837219,751,False
hh.ru,137114012,Кассир,Продажи и клиентский сервис,Республика Карелия,Сортавала,Додо Пицца Россия,0.0,0.0,,,False,Без опыта,,,,2026-09-13T11:44:57+03:00,https://hh.ru/vacancy/137114012,1120,False
hh.ru,135667908,Курьер собранных и упакованных заказов,Транспорт и логистика,Республика Карелия,Петрозаводск,Яндекс.Еда,190000.0,0.0,RUR,95000.0,True,Без опыта,,,,2026-09-13T11:44:57+03:00,https://hh.ru/vacancy/135667908,1238,False
hh.ru,135667718,Курьер в сервис Яндекс Еда (заказы до 3 кг),Транспорт и логистика,Республика Карелия,Петрозаводск,Яндекс.Еда,190000.0,0.0,RUR,95000.0,True,Без опыта,,,,2026-09-13T11:44:57+03:00,https://hh.ru/vacancy/135667718,1230,False
hh.ru,136325028,Администратор,Продажи и клиентский сервис,Республика Карелия,"Петрозаводск, улица Максима Горького, 26",ООО Диадент,0.0,0.0,,,False,Без опыта,,,,2026-09-13T11:44:57+03:00,https://hh.ru/vacancy/136325028,114,False
hh.ru,137197104,Помощник/ассистент руководителя,Прочие профессии,Республика Карелия,"Петрозаводск, улица Чапаева",Студия депиляции и лазера,10000.0,20000.0,RUR,15000.0,False,Без опыта,,Удалённая работа,,2026-09-13T11:44:57+03:00,https://hh.ru/vacancy/137197104,1877,False
hh.ru,137145472,Контент-менеджер,"Маркетинг, медиа и дизайн",Республика Карелия,"Петрозаводск, проспект Карла Маркса, 8",Бюджетное учреждение Музей изобразительных искусств Республики Карелия,45000.0,55000.0,RUR,50000.0,True,Опыт 1-3 года,,,,2026-09-13T11:44:57+03:00,https://hh.ru/vacancy/137145472,1190,False
hh.ru,137254788,Специалист,Прочие профессии,Республика Карелия,"Петрозаводск, набережная Гюллинга, 11",АО Корпорация развития Республики Карелия,43900.0,0.0,RUR,21950.0,False,Без опыта,,,,2026-09-13T11:44:57+03:00,https://hh.ru/vacancy/137254788,2269,False
hh.ru,137117939,Офисный водитель,Транспорт и логистика,Республика Карелия,"Петрозаводск, Лососинское шоссе, 7А",ООО АгроАльянсРазвития,70000.0,70000.0,RUR,70000.0,True,Опыт 3-6 лет,,,,2026-09-13T11:44:57+03:00,https://hh.ru/vacancy/137117939,1783,False
hh.ru,137256353,Менеджер по бронированию (в отдел продаж),Продажи и клиентский сервис,Республика Карелия,"Петрозаводск, набережная Гюллинга, 2",Турхолдинг Карелия,60000.0,60000.0,RUR,60000.0,False,Опыт 1-3 года,,,,2026-09-13T11:44:57+03:00,https://hh.ru/vacancy/137256353,1355,False
hh.ru,137243047,Бухгалтер,"Финансы, бухгалтерия и право",Республика Карелия,"Петрозаводск, улица Володарского, 24",ООО Компания Вектор-РК,57000.0,57000.0,RUR,57000.0,False,Опыт 1-3 года,,,,2026-09-13T11:44:57+03:00,https://hh.ru/vacancy/137243047,437,False
hh.ru,137144483,Водитель,Транспорт и логистика,Республика Карелия,Прионежский район,ООО КЛЭЗ-Астар,97000.0,97000.0,RUR,97000.0,True,Опыт 1-3 года,,,,2026-09-13T11:44:57+03:00,https://hh.ru/vacancy/137144483,653,False
hh.ru,137166720,Администратор-менеджер,Продажи и клиентский сервис,Республика Карелия,"Петрозаводск, район Центр, набережная Ла-Рошель, 5",ООО Турин,40000.0,70000.0,RUR,55000.0,False,Опыт 1-3 года,,,,2026-09-13T11:44:57+03:00,https://hh.ru/vacancy/137166720,264,False
hh.ru,137064181,Заместитель директора представительства,Управление,Республика Карелия,"Петрозаводск, улица Анохина, 43",Carcade Leasing,250000.0,250000.0,RUR,250000.0,True,Опыт 3-6 лет,,,,2026-09-13T11:44:57+03:00,https://hh.ru/vacancy/137064181,1035,False
hh.ru,136945015,Чат менеджер (менеджер по продажам),Продажи и клиентский сервис,Республика Карелия,Петрозаводск,ИП Чинь Хоанг Хиеп,50000.0,50000.0,RUR,50000.0,True,Опыт 1-3 года,,Удалённая работа,,2026-09-13T11:44:57+03:00,https://hh.ru/vacancy/136945015,2675,False
hh.ru,136725140,Сотрудник отдела кадров,Прочие профессии,Республика Карелия,Петрозаводск,ФКУ ИК-9 УФСИН России по Республики Карелия,45000.0,55000.0,RUR,50000.0,False,Без опыта,,,,2026-09-13T11:44:57+03:00,https://hh.ru/vacancy/136725140,2259,False
hh.ru,136564025,Менеджер пункта выдачи заказов,Прочие профессии,Республика Карелия,"Петрозаводск, Октябрьский район, 7",Lamoda,50000.0,73000.0,RUR,61500.0,True,Без опыта,,,,2026-09-13T11:44:57+03:00,https://hh.ru/vacancy/136564025,1499,False
hh.ru,137107916,"Водитель категории C (ГАЗон Next, межгород)",Транспорт и логистика,Республика Карелия,Петрозаводск,ООО ЮПАК,110000.0,160000.0,RUR,135000.0,False,Опыт 1-3 года,,,,2026-09-13T11:44:57+03:00,https://hh.ru/vacancy/137107916,714,False
hh.ru,136330803,Администратор зала повышенной комфортности аэропорта,Продажи и клиентский сервис,Республика Карелия,"Прионежский район, аэропорт Петрозаводск",Группа компаний PACK&FLY,60000.0,60000.0,RUR,60000.0,False,Опыт 1-3 года,,,,2026-09-13T11:44:57+03:00,https://hh.ru/vacancy/136330803,226,False
hh.ru,136893268,Менеджер по работе с клиентами в чате (без звонков),Продажи и клиентский сервис,Республика Карелия,Петрозаводск,Онлайн-школа Твой репетитор,5000.0,0.0,RUR,2500.0,True,Без опыта,,Удалённая работа,,2026-09-13T11:44:57+03:00,https://hh.ru/vacancy/136893268,1475,False
hh.ru,137086041,Специалист по IT в Центр ГИМС ГУ МЧС России по Республике Карелия,Прочие профессии,Республика Карелия,"Петрозаводск, Соломенское шоссе, 16",Главное управление МЧС России по Республике Карелия,45000.0,50000.0,RUR,47500.0,True,Без опыта,,,,2026-09-13T11:44:57+03:00,https://hh.ru/vacancy/137086041,2361,False
hh.ru,137060135,Методист колледжа,Прочие профессии,Республика Карелия,"Петрозаводск, улица Онежской Флотилии, 51",Северный институт (филиал) ВГУЮ (РПА Минюста России),40000.0,40000.0,RUR,40000.0,False,Опыт 1-3 года,,,,2026-09-13T11:44:57+03:00,https://hh.ru/vacancy/137060135,1515,False
hh.ru,136424631,Хостес,Прочие профессии,Республика Карелия,"Петрозаводск, улица Кирова, 12",ООО Карьяла Ивент,40000.0,0.0,RUR,20000.0,False,Без опыта,,,,2026-09-13T11:44:57+03:00,https://hh.ru/vacancy/136424631,2668,False
hh.ru,137168263,Оператор мобильной огневой группы,Прочие профессии,Республика Карелия,"Кондопога, Промышленная улица, 2",АО Кондопожский Целлюлозно-Бумажный Комбинат,,,,,False,Опыт 1-3 года,,,,2026-09-13T11:44:57+03:00,https://hh.ru/vacancy/137168263,1671,False
hh.ru,136353395,Бизнес-аналитик (в отделе СМК),Прочие профессии,Республика Карелия,"Петрозаводск, набережная Варкауса, 17",ООО К-Скай,,,,,False,Опыт 1-3 года,,Удалённая работа,,2026-09-13T11:44:57+03:00,https://hh.ru/vacancy/136353395,391,False
hh.ru,136922711,Водитель-экспедитор,Транспорт и логистика,Республика Карелия,Петрозаводск,Лобышев Владимир Александрович,100000.0,200000.0,RUR,150000.0,False,Опыт 3-6 лет,,,,2026-09-13T11:44:57+03:00,https://hh.ru/vacancy/136922711,798,False
hh.ru,137090332,Бухгалтер,"Финансы, бухгалтерия и право",Республика Карелия,"посёлок Шуя, Мурманское шоссе, 1",ООО Уютный дом,60000.0,60000.0,RUR,60000.0,False,Опыт более 6 лет,,,,2026-09-13T11:44:57+03:00,https://hh.ru/vacancy/137090332,461,False
hh.ru,137236640,Программист-стажер 1С,Информационные технологии,Республика Карелия,"Петрозаводск, Заводская улица, 5",ООО ЛИНКЕЙ системс,40000.0,0.0,RUR,20000.0,False,Без опыта,,,,2026-09-13T11:44:57+03:00,https://hh.ru/vacancy/137236640,1975,False
hh.ru,136261126,Водитель,Транспорт и логистика,Республика Карелия,"Петрозаводск, Пограничная улица, 19",ООО ВЕГА,70000.0,70000.0,RUR,70000.0,False,Опыт 1-3 года,,,,2026-09-13T11:44:57+03:00,https://hh.ru/vacancy/136261126,649,False
hh.ru,136845263,Складской работник,Прочие профессии,Курская область,Щигры,Пятёрочка. Распределительные центры,91800.0,183600.0,RUR,137700.0,True,Без опыта,,,,2026-09-13T11:44:57+03:00,https://hh.ru/vacancy/136845263,2231,False
hh.ru,136996675,Оператор чата,Прочие профессии,Курская область,Курск,GORELKINA ANGELINA MAKSIMOVNA,450.0,900.0,USD,,True,Без опыта,,Удалённая работа,,2026-09-13T11:44:57+03:00,https://hh.ru/vacancy/136996675,1732,False
hh.ru,137066149,Графический дизайнер,"Маркетинг, медиа и дизайн",Курская область,Курск,ЛИПУЧКА,20000.0,60000.0,RUR,40000.0,False,Опыт 1-3 года,,Удалённая работа,,2026-09-13T11:44:57+03:00,https://hh.ru/vacancy/137066149,901,False
hh.ru,137146491,Python-разработчик,Информационные технологии,Курская область,"Курск, р-н Центральный",ООО Информационные технологии консалтинг,65000.0,0.0,RUR,32500.0,False,Без опыта,,,,2026-09-13T11:44:57+03:00,https://hh.ru/vacancy/137146491,33,False
hh.ru,135781311,Полиграфический дизайнер,"Маркетинг, медиа и дизайн",Курская область,"деревня Ворошнево, Сосновая улица, 24",ООО АСТ-ГРУПП,80000.0,80000.0,RUR,80000.0,False,Опыт 1-3 года,,Удалённая работа,,2026-09-13T11:44:57+03:00,https://hh.ru/vacancy/135781311,1853,False
hh.ru,136408787,Администратор медицинского центра,Медицина и фармацевтика,Курская область,"Курск, р-н Центральный",ООО Медицинский Центр Мир Здоровья,40000.0,45000.0,RUR,42500.0,False,Без опыта,,,,2026-09-13T11:44:57+03:00,https://hh.ru/vacancy/136408787,255,False
hh.ru,136701301,Региональный менеджер по работе со складами (Черноземье),Прочие профессии,Курская область,Курск,ОАО Хлебпром,90480.0,90480.0,RUR,90480.0,False,Опыт 1-3 года,,Удалённая работа,,2026-09-13T11:44:57+03:00,https://hh.ru/vacancy/136701301,2082,False
hh.ru,136958626,Маркетолог,"Маркетинг, медиа и дизайн",Курская область,"Железногорск, улица Мира, 67",ООО СТРАТЕГИЯ,,,,,False,Опыт 1-3 года,,Удалённая работа,,2026-09-13T11:44:57+03:00,https://hh.ru/vacancy/136958626,1270,False
hh.ru,137271615,Руководитель отдела продаж,Транспорт и логистика,Курская область,"Курск, р-н Центральный",ООО Стомтек,200000.0,200000.0,RUR,200000.0,False,Опыт 1-3 года,,,,2026-09-13T11:44:57+03:00,https://hh.ru/vacancy/137271615,2134,False
hh.ru,137122282,Бухгалтер,"Финансы, бухгалтерия и право",Курская область,"Курск, р-н Центральный",ООО Строй-Климат,70000.0,70000.0,RUR,70000.0,False,Опыт 1-3 года,,,,2026-09-13T11:44:57+03:00,https://hh.ru/vacancy/137122282,459,False
hh.ru,137269994,Разъездная работа командировки,Прочие профессии,Курская область,"Курск, р-н Центральный",ИП Дубровин Димитрий Владимирович,70.0,110000.0,RUR,55035.0,False,Без опыта,,,,2026-09-13T11:44:57+03:00,https://hh.ru/vacancy/137269994,2072,False
hh.ru,137252115,Специалист по тестированию (middle),Прочие профессии,Курская область,"Курск, р-н Центральный",Лига Цифровой Экономики,,,,,False,Опыт 1-3 года,,,,2026-09-13T11:44:57+03:00,https://hh.ru/vacancy/137252115,2483,False
hh.ru,137255202,Системный администратор,Информационные технологии,Курская область,"Курск, р-н Центральный",ООО Шанхайский Рассвет,70000.0,70000.0,RUR,70000.0,False,Опыт 1-3 года,,,,2026-09-13T11:44:57+03:00,https://hh.ru/vacancy/137255202,2217,False
hh.ru,137198461,Специалист по мобилизационной работе,Прочие профессии,Курская область,"Курск, р-н Центральный","Министерство восстановления, развития приграничья и строительства Курской области",54000.0,54000.0,RUR,54000.0,True,Опыт 1-3 года,,,,2026-09-13T11:44:57+03:00,https://hh.ru/vacancy/137198461,2413,False
hh.ru,137248774,Специалист СРМ,Прочие профессии,Курская область,"Курск, р-н Центральный",ООО ГОРОДСКАЯ СЛУЖБА ГАЗА,50000.0,50000.0,RUR,50000.0,False,Опыт 1-3 года,,,,2026-09-13T11:44:57+03:00,https://hh.ru/vacancy/137248774,2505,False
hh.ru,137211054,Администратор,Продажи и клиентский сервис,Курская область,"Курск, р-н Центральный",ООО Мясное место Курск,92000.0,92000.0,RUR,92000.0,True,Опыт 1-3 года,,,,2026-09-13T11:44:57+03:00,https://hh.ru/vacancy/137211054,122,False
hh.ru,137191741,Фасовщик,Прочие профессии,Курская область,"Железногорск, Черняковский проезд, 9",ООО АСТРА,50000.0,0.0,RUR,25000.0,True,Без опыта,,,,2026-09-13T11:44:57+03:00,https://hh.ru/vacancy/137191741,2649,True
hh.ru,137191741,Фасовщик,Прочие профессии,Курская область,"Железногорск, Черняковский проезд, 9",ООО АСТРА,50000.0,0.0,RUR,25000.0,True,Без опыта,,,,2026-09-13T11:44:57+03:00,https://hh.ru/vacancy/137191741,2649,True
hh.ru,135849529,Преподаватель,Образование и наука,Курская область,"Курск, р-н Центральный",Курский ГАУ,28000.0,28000.0,RUR,28000.0,False,Опыт 1-3 года,,,,2026-09-13T11:44:57+03:00,https://hh.ru/vacancy/135849529,1968,False
hh.ru,136370571,Дизайнер макетов,"Маркетинг, медиа и дизайн",Курская область,Курск,ИП Долуденко Евгений Александрович,40000.0,60000.0,RUR,50000.0,False,Опыт 1-3 года,,Удалённая работа,,2026-09-13T11:44:57+03:00,https://hh.ru/vacancy/136370571,954,False
hh.ru,137006392,Полицейский,Охрана и безопасность,Курская область,"Курск, р-н Железнодорожный",Курский ЛО МВД России на транспорте,45000.0,80000.0,RUR,62500.0,False,Без опыта,,,,2026-09-13T11:44:57+03:00,https://hh.ru/vacancy/137006392,1854,False
hh.ru,137197960,Старший геодезист,Прочие профессии,Курская область,Курчатов,ООО Росатом Технологии Сооружения,,,,,False,Опыт 3-6 лет,,,,2026-09-13T11:44:57+03:00,https://hh.ru/vacancy/137197960,2529,False
hh.ru,137230505,Администратор языкового центра,Продажи и клиентский сервис,Курская область,"Курск, р-н Центральный",Языковой Центр UNION,50000.0,0.0,RUR,25000.0,False,Без опыта,,,,2026-09-13T11:44:57+03:00,https://hh.ru/vacancy/137230505,336,False
hh.ru,137246977,Специалист государственного контакт-центра,Прочие профессии,Курская область,"Курск, р-н Центральный",Филиал ППК Роскадастр - ВЦТО Курск,48000.0,52000.0,RUR,50000.0,True,Без опыта,,,,2026-09-13T11:44:57+03:00,https://hh.ru/vacancy/137246977,2297,False
hh.ru,137248432,Начальник участка/смены,Управление,Курская область,"Железногорск, Киевский проезд, 1",АО Торговый Дом Кварц,100000.0,100000.0,RUR,100000.0,True,Опыт 1-3 года,,,,2026-09-13T11:44:57+03:00,https://hh.ru/vacancy/137248432,1585,False
hh.ru,137200844,Старший специалист территории,Прочие профессии,Курская область,"Курск, р-н Центральный","ООО АгроТерра, группа компаний",,,,,False,Опыт 1-3 года,,,,2026-09-13T11:44:57+03:00,https://hh.ru/vacancy/137200844,2544,False
hh.ru,137171687,Продавец-консультант,Продажи и клиентский сервис,Курская область,"Курск, р-н Центральный",ИП Сибилева-Башкирева Татьяна Олеговна,70000.0,70000.0,RUR,70000.0,False,Опыт 1-3 года,,,,2026-09-13T11:44:57+03:00,https://hh.ru/vacancy/137171687,2001,False
hh.ru,137098397,Медицинский статистик,Медицина и фармацевтика,Курская область,"Курск, р-н Центральный",ОБУЗ Курская городская детская поликлиника,27000.0,33300.0,RUR,30150.0,True,Без опыта,,,,2026-09-13T11:44:57+03:00,https://hh.ru/vacancy/137098397,1309,False
hh.ru,137235705,Системный администратор,Информационные технологии,Курская область,"Курск, р-н Сеймский",ООО Союзтекстиль-СТ,70000.0,70000.0,RUR,70000.0,False,Опыт 1-3 года,,,,2026-09-13T11:44:57+03:00,https://hh.ru/vacancy/137235705,2215,False
hh.ru,136374617,Начинающий специалист отдела сопровождения исполнительных производств,Инженерия и производство,Курская область,"Курск, р-н Центральный",ООО ПКО Центр Альтернативного Финансирования,55000.0,0.0,RUR,27500.0,True,Без опыта,,,,2026-09-13T11:44:57+03:00,https://hh.ru/vacancy/136374617,1595,False
hh.ru,137073279,"Ведущий специалист (транспортная безопасность, Белгородская обл., Курская обл. )",Охрана и безопасность,Курская область,Белгородская область,ООО Подразделение Транспортной Безопасности Кмв,120000.0,120000.0,RUR,120000.0,False,Опыт 1-3 года,,,,2026-09-13T11:44:57+03:00,https://hh.ru/vacancy/137073279,608,False
hh.ru,136997541,Заместитель начальника отдела персонала,Управление,Курская область,"Курск, р-н Центральный",ООО Терра,120000.0,120000.0,RUR,120000.0,False,Опыт более 6 лет,,,,2026-09-13T11:44:57+03:00,https://hh.ru/vacancy/136997541,1041,False
hh.ru,137209163,Маркетолог (B2B-услуги),"Маркетинг, медиа и дизайн",Курская область,Курск,EFSOL,130000.0,180000.0,RUR,155000.0,False,Опыт 3-6 лет,,Удалённая работа,,2026-09-13T11:44:57+03:00,https://hh.ru/vacancy/137209163,1272,False
hh.ru,136585945,Администратор салона красоты,Продажи и клиентский сервис,Курская область,"Курск, р-н Центральный",ZIFFI NAIL,30000.0,85000.0,RUR,57500.0,False,Без опыта,,,,2026-09-13T11:44:57+03:00,https://hh.ru/vacancy/136585945,303,False
hh.ru,136971802,Администратор в образовательный центр,Продажи и клиентский сервис,Красноярский край,"Красноярск, р-н Советский",Миллениум центр иностранных языков,65000.0,80000.0,RUR,72500.0,False,Опыт 1-3 года,,,,2026-09-13T11:44:57+03:00,https://hh.ru/vacancy/136971802,185,False
hh.ru,137014851,Ассистент редактора подкаста,"Маркетинг, медиа и дизайн",Красноярский край,"городской округ Красноярск, р-н Центральный",ИП Ипатюк Олег Вячеславович,30000.0,60000.0,RUR,45000.0,False,Опыт 1-3 года,,Удалённая работа,,2026-09-13T11:44:57+03:00,https://hh.ru/vacancy/137014851,369,False
hh.ru,137232169,Начальник отдела комплектации и материально-технического снабжения,Управление,Красноярский край,"Красноярск, р-н Центральный",АО Транснефть - Западная Сибирь,225000.0,287000.0,RUR,256000.0,False,Опыт 3-6 лет,,,,2026-09-13T11:44:57+03:00,https://hh.ru/vacancy/137232169,1566,False
hh.ru,136310249,Менеджер по туризму,Прочие профессии,Красноярский край,Красноярск,Город-Сказка,50000.0,80000.0,RUR,65000.0,False,Без опыта,,Удалённая работа,,2026-09-13T11:44:57+03:00,https://hh.ru/vacancy/136310249,1496,False
hh.ru,135189451,Оператор станков с программным управлением,Прочие профессии,Красноярский край,"Красноярск, р-н Советский",РУСАЛ,92100.0,0.0,RUR,46050.0,True,Без опыта,,,,2026-09-13T11:44:57+03:00,https://hh.ru/vacancy/135189451,1724,False
hh.ru,136305887,Библиотекарь модернизированной библиотеки,Прочие профессии,Красноярский край,"Красноярск, р-н Центральный",Детская библиотека Лукоморье филиал МБУК Централизованная библиотечная система для детей имени Н. Островского,45000.0,65000.0,RUR,55000.0,False,Опыт 1-3 года,,,,2026-09-13T11:44:57+03:00,https://hh.ru/vacancy/136305887,386,False
hh.ru,136347237,Семейный водитель,Транспорт и логистика,Красноярский край,"Красноярск, р-н Октябрьский",ИП Лощинина Ольга Николаевна,100000.0,100000.0,RUR,100000.0,False,Опыт 1-3 года,,,,2026-09-13T11:44:57+03:00,https://hh.ru/vacancy/136347237,2198,False
hh.ru,136436331,Подсобный рабочий,Прочие профессии,Красноярский край,"Красноярск, р-н Ленинский",ООО Строительная Компания Стан,120000.0,180000.0,RUR,150000.0,False,Опыт 1-3 года,,,,2026-09-13T11:44:57+03:00,https://hh.ru/vacancy/136436331,1850,False
hh.ru,137227423,Специалист по документационному обеспечению,Прочие профессии,Красноярский край,"Красноярск, р-н Советский",Сибирская генерирующая Компания,80000.0,80000.0,RUR,80000.0,False,Опыт 1-3 года,,,,2026-09-13T11:44:57+03:00,https://hh.ru/vacancy/137227423,2375,False
hh.ru,136334386,Сотрудник подразделения Транспортной безопасности (аэропорт Емельяново),Охрана и безопасность,Красноярский край,"Емельяновский муниципальный округ, аэропорт Красноярск имени Д.А. Хворостовского, с100",Сибирский филиал ФГУП УВО Минтранса России,7000.0,0.0,RUR,3500.0,False,Без опыта,,,,2026-09-13T11:44:57+03:00,https://hh.ru/vacancy/136334386,2262,False
hh.ru,136834464,Руководитель отдела снабжения и АХО,Транспорт и логистика,Красноярский край,"Красноярск, р-н Центральный",ООО Космо,130000.0,150000.0,RUR,140000.0,False,Опыт 3-6 лет,,,,2026-09-13T11:44:57+03:00,https://hh.ru/vacancy/136834464,2136,False
hh.ru,137240017,Ведущий специалист по корпоративной культуре и социальной политике,Прочие профессии,Красноярский край,"Красноярск, р-н Свердловский",Сибирская генерирующая Компания,90000.0,90000.0,RUR,90000.0,False,Опыт 1-3 года,,,,2026-09-13T11:44:57+03:00,https://hh.ru/vacancy/137240017,600,False
hh.ru,136730926,Специалист - стажер Управления стандартизации Департамента технического регулирования,Прочие профессии,Красноярский край,"Красноярск, р-н Центральный",ПАО РусГидро,0.0,0.0,,,False,Без опыта,,,,2026-09-13T11:44:57+03:00,https://hh.ru/vacancy/136730926,2506,False
hh.ru,136563241,Генеральный продюсер видео-контента / Head of Reels,"Маркетинг, медиа и дизайн",Красноярский край,Москва,RARE MOD,200000.0,200000.0,RUR,200000.0,False,Опыт 1-3 года,,,,2026-09-13T11:44:57+03:00,https://hh.ru/vacancy/136563241,837,False
hh.ru,137089363,Оператор текстовой поддержки,Прочие профессии,Красноярский край,Красноярск,"Ёбидоёби, сеть доставки суши и роллов",42000.0,54600.0,RUR,48300.0,False,Опыт 1-3 года,,Удалённая работа,,2026-09-13T11:44:57+03:00,https://hh.ru/vacancy/137089363,1726,False
hh.ru,137191359,Помощник кадастрового инженера,Инженерия и производство,Красноярский край,"Красноярск, р-н Центральный",ООО Межа,0.0,0.0,,,False,Без опыта,,Удалённая работа,,2026-09-13T11:44:57+03:00,https://hh.ru/vacancy/137191359,1911,False
hh.ru,136661080,Администратор,Продажи и клиентский сервис,Красноярский край,"Красноярск, р-н Железнодорожный",ИП Пелеева Елена Васильевна,55000.0,0.0,RUR,27500.0,True,Без опыта,,,,2026-09-13T11:44:57+03:00,https://hh.ru/vacancy/136661080,96,False
hh.ru,136990926,Специалист по работе с первичными бухгалтерскими документами,"Финансы, бухгалтерия и право",Красноярский край,"Красноярск, р-н Советский",РУСАЛ,,,,,False,Опыт 1-3 года,,,,2026-09-13T11:44:57+03:00,https://hh.ru/vacancy/136990926,2461,False
hh.ru,137184218,Охранник,Охрана и безопасность,Красноярский край,"Красноярск, р-н Советский",ООО Базилика,70000.0,80000.0,RUR,75000.0,False,Опыт 1-3 года,,,,2026-09-13T11:44:57+03:00,https://hh.ru/vacancy/137184218,1797,False
hh.ru,137198819,Документовед МФЦ,Прочие профессии,Красноярский край,"Красноярск, р-н Советский",ФГБУ Центральное жилищно-коммунальное управление Министерства Обороны Российской Федерации,53940.0,53940.0,RUR,53940.0,False,Опыт 3-6 лет,,,,2026-09-13T11:44:57+03:00,https://hh.ru/vacancy/137198819,1006,False
hh.ru,137187051,Водитель-экспедитор,Транспорт и логистика,Красноярский край,Красноярск,ИП Культин Максим Валерьевич,100000.0,100000.0,RUR,100000.0,False,Опыт 3-6 лет,,,,2026-09-13T11:44:57+03:00,https://hh.ru/vacancy/137187051,795,False
hh.ru,135366675,Ведущий специалист Департамента внутреннего аудита,Прочие профессии,Красноярский край,"Красноярск, р-н Центральный",ПАО РусГидро,,,,,False,Опыт 1-3 года,,,,2026-09-13T11:44:57+03:00,https://hh.ru/vacancy/135366675,586,False
hh.ru,136681903,Администратор,Продажи и клиентский сервис,Красноярский край,"Красноярск, р-н Железнодорожный",ООО ФЦ БАЛАНС,60000.0,60000.0,RUR,60000.0,False,Опыт 1-3 года,,,,2026-09-13T11:44:57+03:00,https://hh.ru/vacancy/136681903,129,False
hh.ru,137184045,Водитель-экспедитор,Транспорт и логистика,Красноярский край,"Красноярск, р-н Центральный",АО Бамтоннельстрой-Мост,105000.0,110000.0,RUR,107500.0,False,Опыт 3-6 лет,,,,2026-09-13T11:44:57+03:00,https://hh.ru/vacancy/137184045,793,False
hh.ru,137227575,Офис-менеджер,Прочие профессии,Красноярский край,"Красноярск, р-н Центральный",Torgbox,50000.0,0.0,RUR,25000.0,False,Без опыта,,,,2026-09-13T11:44:57+03:00,https://hh.ru/vacancy/137227575,1745,False
hh.ru,136917879,Менеджер,Прочие профессии,Красноярский край,"Красноярск, р-н Советский",ООО Компания Сфера,75000.0,75000.0,RUR,75000.0,False,Опыт 1-3 года,,,,2026-09-13T11:44:57+03:00,https://hh.ru/vacancy/136917879,1313,False
hh.ru,137245299,Помощник/ассистент руководителя,Прочие профессии,Красноярский край,"Красноярск, р-н Центральный",Мария Филиппова,150000.0,180000.0,RUR,165000.0,False,Опыт 1-3 года,,Удалённая работа,,2026-09-13T11:44:57+03:00,https://hh.ru/vacancy/137245299,1868,False
hh.ru,137082929,Оператор контакт-центра в стоматологию (входящая линия),Медицина и фармацевтика,Красноярский край,Красноярск,Центр имплантации ITOTAL,60000.0,80000.0,RUR,70000.0,False,Опыт 1-3 года,,Удалённая работа,,2026-09-13T11:44:57+03:00,https://hh.ru/vacancy/137082929,1661,False
hh.ru,136323948,Помощник руководителя/контент-менеджер/помощник байера,"Маркетинг, медиа и дизайн",Красноярский край,"Красноярск, р-н Советский",ИП Базис-СПК,55000.0,170000.0,RUR,112500.0,False,Опыт 1-3 года,,,,2026-09-13T11:44:57+03:00,https://hh.ru/vacancy/136323948,1946,False
hh.ru,137235889,Специалист IT отдела,Прочие профессии,Красноярский край,"Красноярск, р-н Советский",ООО ЭлектроМонтажСтрой,110000.0,110000.0,RUR,110000.0,False,Опыт 3-6 лет,,,,2026-09-13T11:44:57+03:00,https://hh.ru/vacancy/137235889,2285,False
hh.ru,136817449,Администратор в колл-центр (ул. Весны),Продажи и клиентский сервис,Красноярский край,"Красноярск, р-н Советский",Сеть спа центров Бархатный сезон,45000.0,0.0,RUR,22500.0,False,Без опыта,,,,2026-09-13T11:44:57+03:00,https://hh.ru/vacancy/136817449,176,False
hh.ru,136667228,Оператор производственной линии,Инженерия и производство,Красноярский край,"Красноярск, р-н Октябрьский",Красноярский завод резиновой крошки,100000.0,170000.0,RUR,135000.0,False,Без опыта,,,,2026-09-13T11:44:57+03:00,https://hh.ru/vacancy/136667228,1701,False
hh.ru,136104375,Менеджер пункта выдачи заказов,Прочие профессии,Красноярский край,"Красноярск, р-н Октябрьский",ООО Компания Сфера,2500.0,0.0,RUR,1250.0,False,Без опыта,,,,2026-09-13T11:44:57+03:00,https://hh.ru/vacancy/136104375,1500,False
hh.ru,136868256,Специалист в Отдел материально-технического снабжения,Прочие профессии,Красноярский край,"Красноярск, р-н Советский",РУСАЛ,,,,,False,Опыт 1-3 года,,,,2026-09-13T11:44:57+03:00,https://hh.ru/vacancy/136868256,2291,False
hh.ru,137162267,Оператор производства,Инженерия и производство,Ленинградская область,"Всеволожск, Дизельная улица, 2А",ООО Оллтек,110000.0,0.0,RUR,55000.0,False,Без опыта,,,,2026-09-13T11:44:57+03:00,https://hh.ru/vacancy/137162267,1699,False
hh.ru,137009427,Комплектовщик (оператор склада),Транспорт и логистика,Ленинградская область,Янино-1,Мясницкий ряд,204800.0,235000.0,RUR,219900.0,False,Без опыта,,,,2026-09-13T11:44:57+03:00,https://hh.ru/vacancy/137009427,1166,False
hh.ru,136909888,Администратор в салон красоты,Продажи и клиентский сервис,Ленинградская область,Мурино,ООО Гранд,3500.0,3500.0,RUR,3500.0,False,Опыт 1-3 года,,,,2026-09-13T11:44:57+03:00,https://hh.ru/vacancy/136909888,195,False
hh.ru,136322140,"Сотрудник пункта выдачи заказов(пр.Скандинавский,2)",Прочие профессии,Ленинградская область,"Мурино, Скандинавский, 2",Lamoda,65000.0,103000.0,RUR,84000.0,True,Без опыта,,,,2026-09-13T11:44:57+03:00,https://hh.ru/vacancy/136322140,2263,False
hh.ru,137238775,Специалист по документообороту,Прочие профессии,Ленинградская область,"Выборг, Ленинградское шоссе, 21А",ООО Северный Альянс,72000.0,76000.0,RUR,74000.0,True,Опыт 1-3 года,,,,2026-09-13T11:44:57+03:00,https://hh.ru/vacancy/137238775,2383,False
hh.ru,137205601,Бухгалтер по работе с первичной документацией,"Финансы, бухгалтерия и право",Ленинградская область,"Пушкин, р-н Пушкинский",Я БУХГАЛТЕР,70000.0,80000.0,RUR,75000.0,False,Опыт 1-3 года,,Удалённая работа,,2026-09-13T11:44:57+03:00,https://hh.ru/vacancy/137205601,532,False
hh.ru,137105297,Делопроизводитель,Транспорт и логистика,Ленинградская область,Мурино,МДОУ Муринский детский сад комбинированного вида № 3,50000.0,60000.0,RUR,55000.0,True,Опыт 1-3 года,,,,2026-09-13T11:44:57+03:00,https://hh.ru/vacancy/137105297,920,False
hh.ru,137069037,Инспектор центра занятости г.Кудрово,Прочие профессии,Ленинградская область,Кудрово,Всеволожский филиал ГКУ Центр Занятости Населения Ленинградской Области,45000.0,55000.0,RUR,50000.0,False,Опыт 1-3 года,,,,2026-09-13T11:44:57+03:00,https://hh.ru/vacancy/137069037,1103,False
hh.ru,137120118,Ведущий специалист по персоналу,Прочие профессии,Ленинградская область,"Выборг, улица Южный Вал, 1",Порт Логистик,75600.0,75600.0,RUR,75600.0,True,Опыт 1-3 года,,,,2026-09-13T11:44:57+03:00,https://hh.ru/vacancy/137120118,603,False
hh.ru,137197072,Координатор по транспорту,Прочие профессии,Ленинградская область,"Всеволожск, улица Гоголя, 7",АО Каппа Рус,,,,,False,Опыт 1-3 года,,,,2026-09-13T11:44:57+03:00,https://hh.ru/vacancy/137197072,1207,False
hh.ru,137257996,Администратор,Продажи и клиентский сервис,Ленинградская область,Кудрово,Сеть логопедических центров Разноцветные цыплята,50000.0,50000.0,RUR,50000.0,True,Опыт 1-3 года,,,,2026-09-13T11:44:57+03:00,https://hh.ru/vacancy/137257996,136,False
hh.ru,137068366,Специалист по кадровому делопроизводству,Инженерия и производство,Ленинградская область,"Гатчина, улица Хохлова, 6А",НТА,105000.0,105000.0,RUR,105000.0,True,Опыт 1-3 года,,,,2026-09-13T11:44:57+03:00,https://hh.ru/vacancy/137068366,2401,False
hh.ru,137219985,Руководитель ИТ-проектов,Транспорт и логистика,Ленинградская область,Колпино,Северсталь. IT & Digital,,,,,False,Опыт 3-6 лет,,Удалённая работа,,2026-09-13T11:44:57+03:00,https://hh.ru/vacancy/137219985,2116,False
hh.ru,137216667,"Администратор в детский сад, Новоселье",Продажи и клиентский сервис,Ленинградская область,городской посёлок Новоселье,Эрудит,45000.0,0.0,RUR,22500.0,False,Без опыта,,,,2026-09-13T11:44:57+03:00,https://hh.ru/vacancy/137216667,165,False
hh.ru,137100386,"Диспетчер, г. Тосно",Транспорт и логистика,Ленинградская область,Тосненский район,ТЕХНОРЕСУРС,80000.0,90000.0,RUR,85000.0,False,Опыт 1-3 года,,,,2026-09-13T11:44:57+03:00,https://hh.ru/vacancy/137100386,993,False
hh.ru,137121169,Главный инспектор контрольно-счетного органа,Прочие профессии,Ленинградская область,"Всеволожск, Колтушское шоссе, 138",Администрация муниципального образования Всеволожский муниципальный район Ленинградской области,100000.0,100000.0,RUR,100000.0,True,Опыт 3-6 лет,,,,2026-09-13T11:44:57+03:00,https://hh.ru/vacancy/137121169,865,False
hh.ru,137195322,Намазчик крема,Прочие профессии,Ленинградская область,"Всеволожский район, территория Промзона Мягловская, Круговая улица, 2А",ООО Сласти,0.0,0.0,,,False,Без опыта,,,,2026-09-13T11:44:57+03:00,https://hh.ru/vacancy/137195322,1551,False
hh.ru,136369207,Секретарь руководителя,Прочие профессии,Ленинградская область,"Петергоф, р-н Петродворцовый",СПБ ГКУ Централизованная бухгалтерия администрации Петродворцового района СПБ,,,,,False,Опыт 1-3 года,,,,2026-09-13T11:44:57+03:00,https://hh.ru/vacancy/136369207,2191,False
hh.ru,137052658,Делопроизводитель,Транспорт и логистика,Ленинградская область,"Кудрово, Пражская улица, 12Б",Муниципальное Дошкольное Образовательное бюджетное учреждение Кудровский Детский Сад Комбинированного Вида № 4,40000.0,50000.0,RUR,45000.0,True,Опыт 1-3 года,,,,2026-09-13T11:44:57+03:00,https://hh.ru/vacancy/137052658,922,False
hh.ru,136567595,Администратор спа салона,Продажи и клиентский сервис,Ленинградская область,Кудрово,ООО Проект 9/8,80000.0,80000.0,RUR,80000.0,False,Опыт 1-3 года,,,,2026-09-13T11:44:57+03:00,https://hh.ru/vacancy/136567595,317,False
hh.ru,136997701,Автоэлектрик,Инженерия и производство,Ленинградская область,"Всеволожский район, территория Приневская Индустриальная, 12",ООО Каргус,150000.0,150000.0,RUR,150000.0,True,Опыт 1-3 года,,,,2026-09-13T11:44:57+03:00,https://hh.ru/vacancy/136997701,50,False
hh.ru,137259413,Менеджер по персоналу/Кадровый специалист,Прочие профессии,Ленинградская область,Сосновый Бор,ООО Комплексный Терминал,110000.0,110000.0,RUR,110000.0,False,Опыт 3-6 лет,,,,2026-09-13T11:44:57+03:00,https://hh.ru/vacancy/137259413,1407,False
hh.ru,137153741,Администратор в студию маникюра,Продажи и клиентский сервис,Ленинградская область,"Мурино, Скандинавский проезд, 8к2",ИП Москаленко Татьяна Владиславна,60000.0,75000.0,RUR,67500.0,False,Опыт 1-3 года,,,,2026-09-13T11:44:57+03:00,https://hh.ru/vacancy/137153741,204,False
hh.ru,136570224,Администратор (без продаж),Продажи и клиентский сервис,Ленинградская область,"городской посёлок Новоселье, Парадная улица, 2/13",ООО Тяникачай,45000.0,60000.0,RUR,52500.0,True,Без опыта,,,,2026-09-13T11:44:57+03:00,https://hh.ru/vacancy/136570224,153,False
hh.ru,137199272,Работник на полиграфическое производство,Инженерия и производство,Ленинградская область,"Выборг, Первомайская улица, 7",ООО Мактон,0.0,0.0,,,False,Без опыта,,,,2026-09-13T11:44:57+03:00,https://hh.ru/vacancy/137199272,2031,False
hh.ru,137070598,Администратор кафе,Продажи и клиентский сервис,Ленинградская область,Мурино,ИП Мериджанова Татьяна Владимировна,75000.0,75000.0,RUR,75000.0,True,Опыт 1-3 года,,,,2026-09-13T11:44:57+03:00,https://hh.ru/vacancy/137070598,234,False
hh.ru,137161063,Офис-менеджер,Прочие профессии,Ленинградская область,"Всеволожск, Заводская улица, 3к1",ООО Бизнес-юрист,60000.0,60000.0,RUR,60000.0,False,Опыт 1-3 года,,,,2026-09-13T11:44:57+03:00,https://hh.ru/vacancy/137161063,1758,False
hh.ru,136413486,Менеджер по персоналу,Прочие профессии,Ленинградская область,"Выборг, Ленинградское шоссе, 21А",ООО Альянс на Мурмане,93000.0,93000.0,RUR,93000.0,True,Опыт 1-3 года,,,,2026-09-13T11:44:57+03:00,https://hh.ru/vacancy/136413486,1404,False
hh.ru,137003928,Секретарь учебной части,Прочие профессии,Ленинградская область,"Всеволожск, улица Шишканя, 4А",ГАНПОУ ЛО МЦ СИТИ,60000.0,60000.0,RUR,60000.0,False,Опыт 1-3 года,,,,2026-09-13T11:44:57+03:00,https://hh.ru/vacancy/137003928,2195,False
hh.ru,137139012,Ведущий специалист вагонного хозяйства,Прочие профессии,Ленинградская область,Кириши,Транспортно-логистическая группа «Трансойл»,150000.0,150000.0,RUR,150000.0,True,Опыт 3-6 лет,,,,2026-09-13T11:44:57+03:00,https://hh.ru/vacancy/137139012,585,False
hh.ru,137150577,Экономист производственного учета,Инженерия и производство,Ленинградская область,"Гатчина, улица Солодухина, 2",ООО ПРОСТОР,120000.0,120000.0,RUR,120000.0,False,Опыт 3-6 лет,,,,2026-09-13T11:44:57+03:00,https://hh.ru/vacancy/137150577,2687,False
hh.ru,137217877,Ассистент отдела продаж (без поиска и холодных звонков),Продажи и клиентский сервис,Ленинградская область,"Гатчина, улица Солодухина, 2",ООО ПК Полипласт,70000.0,70000.0,RUR,70000.0,False,Опыт 1-3 года,,,,2026-09-13T11:44:57+03:00,https://hh.ru/vacancy/137217877,366,False
hh.ru,136654792,Сотрудник на пищевое производство (Отрадное),Инженерия и производство,Ленинградская область,"Отрадное, Железнодорожная улица, 1",буше,78268.0,126788.0,RUR,102528.0,True,Без опыта,,,,2026-09-13T11:44:57+03:00,https://hh.ru/vacancy/136654792,2255,False
hh.ru,136636049,Контролер качества,Охрана и безопасность,Ленинградская область,"Гатчина, проезд Энергетиков, 2",АО ПО Баррикада,92100.0,0.0,RUR,46050.0,True,Без опыта,,,,2026-09-13T11:44:57+03:00,https://hh.ru/vacancy/136636049,1199,False
hh.ru,136844415,Работник склада,Прочие профессии,Липецкая область,Задонск,Пятёрочка. Распределительные центры,93000.0,150000.0,RUR,121500.0,True,Без опыта,,,,2026-09-13T11:44:57+03:00,https://hh.ru/vacancy/136844415,2036,False
hh.ru,137052480,Оператор 1С,Прочие профессии,Липецкая область,"Липецк, р-н Октябрьский",ДАЛИМО,,,,,False,Опыт 1-3 года,,,,2026-09-13T11:44:57+03:00,https://hh.ru/vacancy/137052480,1623,False
hh.ru,136144068,Делопроизводитель-секретарь / помощник руководителя-ассистент,Транспорт и логистика,Липецкая область,"Липецк, р-н Правобережный",ФГБУ СЭУ ФПС ИПЛ по Липецкой области,50000.0,60000.0,RUR,55000.0,False,Без опыта,,,,2026-09-13T11:44:57+03:00,https://hh.ru/vacancy/136144068,942,False
hh.ru,136310623,Администратор медицинской клиники,Медицина и фармацевтика,Липецкая область,"Липецк, р-н Советский",ООО Медико-хирургическая Клиника,4000.0,0.0,RUR,2000.0,True,Без опыта,,,,2026-09-13T11:44:57+03:00,https://hh.ru/vacancy/136310623,261,False
hh.ru,135056780,Асессор,Прочие профессии,Липецкая область,Липецк,Яндекс Команда для бизнеса,30000.0,0.0,RUR,15000.0,True,Без опыта,,Удалённая работа,,2026-09-13T11:44:57+03:00,https://hh.ru/vacancy/135056780,352,False
hh.ru,137207448,Бухгалтер на участок банк-клиент,Продажи и клиентский сервис,Липецкая область,"Липецк, р-н Советский",ООО ЭНЕРГОСЕТЬ36,100000.0,110000.0,RUR,105000.0,True,Опыт более 6 лет,,,,2026-09-13T11:44:57+03:00,https://hh.ru/vacancy/137207448,519,False
hh.ru,137199819,Юрисконсульт (город Липецк),Прочие профессии,Липецкая область,"Липецк, р-н Советский",ООО Сатурн-2,,,,,False,Опыт 1-3 года,,,,2026-09-13T11:44:57+03:00,https://hh.ru/vacancy/137199819,2715,False
hh.ru,137232676,Ведущий бухгалтер,"Финансы, бухгалтерия и право",Липецкая область,"Липецк, р-н Левобережный",ООО Инфинити Групп,90000.0,150000.0,RUR,120000.0,False,Опыт 3-6 лет,,,,2026-09-13T11:44:57+03:00,https://hh.ru/vacancy/137232676,554,False
hh.ru,137186764,Юрист,"Финансы, бухгалтерия и право",Липецкая область,"Липецк, р-н Советский",Акаткин Александр Михайлович,90000.0,90000.0,RUR,90000.0,False,Опыт 1-3 года,,,,2026-09-13T11:44:57+03:00,https://hh.ru/vacancy/137186764,2717,False
hh.ru,137210949,Администратор - кассир,Продажи и клиентский сервис,Липецкая область,"Липецк, р-н Октябрьский",ООО Академия Здоровья,48000.0,0.0,RUR,24000.0,False,Без опыта,,,,2026-09-13T11:44:57+03:00,https://hh.ru/vacancy/137210949,231,False
hh.ru,137241234,Помощник для особенного ребенка,Прочие профессии,Липецкая область,"Липецк, р-н Советский",Лунёва Мария Владимировна,60000.0,64000.0,RUR,62000.0,False,Опыт 1-3 года,,,,2026-09-13T11:44:57+03:00,https://hh.ru/vacancy/137241234,1909,False
hh.ru,137161456,Product Manager в агро,Управление,Липецкая область,"село Ленино, Первая улица, 3/4",ООО Сигнал,200000.0,200000.0,RUR,200000.0,False,Опыт 3-6 лет,,,,2026-09-13T11:44:57+03:00,https://hh.ru/vacancy/137161456,26,False
hh.ru,137162859,Старший специалист,Прочие профессии,Липецкая область,"Липецк, р-н Октябрьский",Калашников. Вакансии для специалистов и руководителей,,,,,False,Опыт 1-3 года,,,,2026-09-13T11:44:57+03:00,https://hh.ru/vacancy/137162859,2543,False
hh.ru,137185719,Инженер IT отдела / Системный администратор,Информационные технологии,Липецкая область,"Липецк, р-н Октябрьский",ООО Компания Сигма,,,,,False,Опыт 1-3 года,,,,2026-09-13T11:44:57+03:00,https://hh.ru/vacancy/137185719,1061,False
hh.ru,136692786,Инспектор-Экспедитор,Транспорт и логистика,Липецкая область,"Липецк, р-н Левобережный",ООО Агрофирма Дон,90000.0,0.0,RUR,45000.0,False,Без опыта,,,,2026-09-13T11:44:57+03:00,https://hh.ru/vacancy/136692786,1104,False
hh.ru,137102350,Главный специалист отдела кадров,Прочие профессии,Липецкая область,"Липецк, р-н Правобережный",ГБУ ЛО ОК СШОР,60000.0,60000.0,RUR,60000.0,True,Опыт 3-6 лет,,,,2026-09-13T11:44:57+03:00,https://hh.ru/vacancy/137102350,876,False
hh.ru,137211538,Личный / бизнес-ассистент генерального директора,Управление,Липецкая область,"Липецк, р-н Правобережный",ООО Эй Си Эс,80000.0,100000.0,RUR,90000.0,False,Опыт 1-3 года,,,,2026-09-13T11:44:57+03:00,https://hh.ru/vacancy/137211538,1249,True
hh.ru,137211538,Личный / бизнес-ассистент генерального директора,Управление,Липецкая область,"Липецк, р-н Правобережный",ООО Эй Си Эс,80000.0,100000.0,RUR,90000.0,False,Опыт 1-3 года,,,,2026-09-13T11:44:57+03:00,https://hh.ru/vacancy/137211538,1249,True
hh.ru,137058559,Вязальщик жгутов,Прочие профессии,Липецкая область,"Липецк, р-н Советский",ООО Резидент,100000.0,135000.0,RUR,117500.0,False,Без опыта,,,,2026-09-13T11:44:57+03:00,https://hh.ru/vacancy/137058559,827,False
hh.ru,136581879,Менеджер по работе с документами,Прочие профессии,Липецкая область,"Липецк, р-н Советский",ООО Эксперт,50850.0,0.0,RUR,25425.0,True,Без опыта,,,,2026-09-13T11:44:57+03:00,https://hh.ru/vacancy/136581879,1456,False
hh.ru,137142098,Оператор в офис,Прочие профессии,Липецкая область,"Липецк, р-н Правобережный",Транспортная компания Kit,50000.0,70000.0,RUR,60000.0,False,Без опыта,,,,2026-09-13T11:44:57+03:00,https://hh.ru/vacancy/137142098,1650,False
hh.ru,136386212,Администратор,Продажи и клиентский сервис,Липецкая область,"Липецк, р-н Советский",MAGIC BEAUTY,50000.0,75000.0,RUR,62500.0,True,Без опыта,,,,2026-09-13T11:44:57+03:00,https://hh.ru/vacancy/136386212,65,False
hh.ru,136388597,Администратор в зуботехническую лабораторию,Продажи и клиентский сервис,Липецкая область,"Липецк, р-н Октябрьский",ООО Нью-Дент,50000.0,70000.0,RUR,60000.0,True,Опыт 1-3 года,,,,2026-09-13T11:44:57+03:00,https://hh.ru/vacancy/136388597,169,False
hh.ru,137122247,Водитель (категория С),Транспорт и логистика,Липецкая область,"Липецк, р-н Советский",ИП Остроухов Роман Викторович,100000.0,100000.0,RUR,100000.0,False,Опыт 3-6 лет,,,,2026-09-13T11:44:57+03:00,https://hh.ru/vacancy/137122247,743,False
hh.ru,137259723,Архивариус,Прочие профессии,Липецкая область,"Липецк, р-н Советский",Нотариус Бурдачева Наталья Вячеславовна,,,,,False,Опыт 1-3 года,,,,2026-09-13T11:44:57+03:00,https://hh.ru/vacancy/137259723,348,False
hh.ru,137136403,Управляющий отделением агропромышленного комплекса,Управление,Липецкая область,Липецк,,230000.0,230000.0,RUR,230000.0,True,Опыт 3-6 лет,,,,2026-09-13T11:44:57+03:00,https://hh.ru/vacancy/137136403,2632,False
hh.ru,136277550,Печатник,Прочие профессии,Липецкая область,"Липецк, р-н Октябрьский",ИП Дизайн студия Fantasy (Ланских А.М.),60000.0,100000.0,RUR,80000.0,False,Без опыта,,,,2026-09-13T11:44:57+03:00,https://hh.ru/vacancy/136277550,1835,False
hh.ru,136331118,Водитель на Газель,Транспорт и логистика,Липецкая область,"Липецк, р-н Советский",ИП Владимирова Анастасия Юрьевна,100000.0,140000.0,RUR,120000.0,False,Опыт 1-3 года,,,,2026-09-13T11:44:57+03:00,https://hh.ru/vacancy/136331118,764,False
hh.ru,137022823,Руководитель выездной команды/водитель,Транспорт и логистика,Липецкая область,"Липецк, р-н Советский",ИП Владимирова Анастасия Юрьевна,130000.0,160000.0,RUR,145000.0,False,Без опыта,,,,2026-09-13T11:44:57+03:00,https://hh.ru/vacancy/137022823,2112,False
hh.ru,137167769,Оператор ПК (персонального компьютера),Прочие профессии,Липецкая область,"Липецк, р-н Левобережный",ООО Липецкий фарш,55000.0,55000.0,RUR,55000.0,False,Опыт 1-3 года,,,,2026-09-13T11:44:57+03:00,https://hh.ru/vacancy/137167769,1689,False
hh.ru,136963293,Секретарь в юридический отдел (авторское право),Прочие профессии,Липецкая область,Липецк,BuyRights,65000.0,0.0,RUR,32500.0,True,Без опыта,,Удалённая работа,,2026-09-13T11:44:57+03:00,https://hh.ru/vacancy/136963293,2176,False
hh.ru,137231448,Заместитель Главного бухгалтера,"Финансы, бухгалтерия и право",Липецкая область,"Липецк, р-н Левобережный",ООО Инфинити Групп,150000.0,150000.0,RUR,150000.0,False,Опыт 3-6 лет,,,,2026-09-13T11:44:57+03:00,https://hh.ru/vacancy/137231448,1020,False
hh.ru,136675092,Хостес,Прочие профессии,Липецкая область,"Липецк, р-н Советский",Honey Bunny,250000.0,0.0,RUR,125000.0,False,Без опыта,,,,2026-09-13T11:44:57+03:00,https://hh.ru/vacancy/136675092,2667,False
hh.ru,137210346,Юрист в нотариальную контору,"Финансы, бухгалтерия и право",Липецкая область,"Липецк, р-н Советский",Нотариус Бурдачева Наталья Вячеславовна,0.0,0.0,,,False,Без опыта,,,,2026-09-13T11:44:57+03:00,https://hh.ru/vacancy/137210346,2731,False
hh.ru,137251709,Сервисный механик,Инженерия и производство,Магаданская область,посёлок городского типа Дукат,ООО Фамбишин Рус,360000.0,360000.0,RUR,360000.0,False,Опыт 3-6 лет,,,,2026-09-13T11:44:57+03:00,https://hh.ru/vacancy/137251709,2205,False
hh.ru,136837586,Кассир,Продажи и клиентский сервис,Магаданская область,Магадан,Додо Пицца Россия,0.0,0.0,,,False,Без опыта,,,,2026-09-13T11:44:57+03:00,https://hh.ru/vacancy/136837586,1118,False
hh.ru,136813425,Графический дизайнер,"Маркетинг, медиа и дизайн",Магаданская область,Магадан,ИП Вечеринский Илья Сергеевич,50000.0,50000.0,RUR,50000.0,False,Опыт 1-3 года,,Удалённая работа,,2026-09-13T11:44:57+03:00,https://hh.ru/vacancy/136813425,900,False
hh.ru,137161985,Бухгалтер на участок (ТМЦ),"Финансы, бухгалтерия и право",Магаданская область,Москва,ООО Кор Бизнес Консалтинг,140000.0,140000.0,RUR,140000.0,False,Опыт 3-6 лет,,Удалённая работа,,2026-09-13T11:44:57+03:00,https://hh.ru/vacancy/137161985,522,False
hh.ru,137238237,Машинист ДЭС,Транспорт и логистика,Магаданская область,Магаданская область,ООО ЭНЕРГОДЕТАЛЬ,180000.0,180000.0,RUR,180000.0,False,Опыт 1-3 года,,,,2026-09-13T11:44:57+03:00,https://hh.ru/vacancy/137238237,1290,False
hh.ru,137227446,Ревизор,Прочие профессии,Магаданская область,Магадан,АО Сусуманзолото,,,,,False,Опыт 1-3 года,,,,2026-09-13T11:44:57+03:00,https://hh.ru/vacancy/137227446,2075,False
hh.ru,136369006,Геолог-документатор,Прочие профессии,Магаданская область,Магадан,ООО Морские Платформы,250000.0,0.0,RUR,125000.0,False,Без опыта,,,,2026-09-13T11:44:57+03:00,https://hh.ru/vacancy/136369006,841,False
hh.ru,136163280,Сварщик металлоконструкций 4-6 разряда (НАКС),Инженерия и производство,Магаданская область,Чукотский автономный округ,ООО Нева Энерго,250000.0,270000.0,RUR,260000.0,False,Опыт 3-6 лет,,,,2026-09-13T11:44:57+03:00,https://hh.ru/vacancy/136163280,2169,False
hh.ru,137227138,Водитель B C,Транспорт и логистика,Магаданская область,"Магадан, Речная улица, 79/1",ООО Пасифик Трактор,100000.0,100000.0,RUR,100000.0,False,Опыт 1-3 года,,,,2026-09-13T11:44:57+03:00,https://hh.ru/vacancy/137227138,667,False
hh.ru,137080467,Механик,Инженерия и производство,Магаданская область,Северо-Эвенский городской округ,ООО Эвенская Горнорудная Компания,304500.0,304500.0,RUR,304500.0,False,Опыт 1-3 года,,,,2026-09-13T11:44:57+03:00,https://hh.ru/vacancy/137080467,1516,False
hh.ru,137041120,Кладовщик,Транспорт и логистика,Магаданская область,Чукотский автономный округ,ООО Нева Энерго,180000.0,180000.0,RUR,180000.0,False,Опыт 1-3 года,,,,2026-09-13T11:44:57+03:00,https://hh.ru/vacancy/137041120,1134,False
hh.ru,133883882,"Специалист на 0,5 ставки",Прочие профессии,Магаданская область,"Магадан, микрорайон Солнечный, Брусничная улица, 4",Группа компаний Невада,40000.0,0.0,RUR,20000.0,False,Без опыта,,,,2026-09-13T11:44:57+03:00,https://hh.ru/vacancy/133883882,2323,False
hh.ru,136527020,Помощник администратора,Продажи и клиентский сервис,Магаданская область,"Магадан, проспект Карла Маркса, 84",ИП Гайнов Даниил Сергеевич,110000.0,0.0,RUR,55000.0,False,Без опыта,,,,2026-09-13T11:44:57+03:00,https://hh.ru/vacancy/136527020,1861,False
hh.ru,137248309,Заместитель начальника учреждения,Управление,Магаданская область,Магадан,ФКУ КП-2 УФСИН России по Магаданской области,150000.0,150000.0,RUR,150000.0,False,Опыт 1-3 года,,,,2026-09-13T11:44:57+03:00,https://hh.ru/vacancy/137248309,1048,False
hh.ru,136641480,"Менеджер по продаже автомобилей из Японии, Китая и Кореи",Продажи и клиентский сервис,Магаданская область,Магадан,Сапронов Евгений Вадимович,150000.0,500000.0,RUR,325000.0,False,Опыт 1-3 года,,Удалённая работа,,2026-09-13T11:44:57+03:00,https://hh.ru/vacancy/136641480,1451,False
hh.ru,136911992,Разнорабочий,Рабочий и обслуживающий персонал,Магаданская область,"Магадан, Объездное шоссе",ООО Комтранс,140000.0,0.0,RUR,70000.0,True,Без опыта,,,,2026-09-13T11:44:57+03:00,https://hh.ru/vacancy/136911992,2058,False
hh.ru,136665184,Водитель,Транспорт и логистика,Магаданская область,"Магадан, Кольцевая улица, 68к1",ИП Бугаев Владимир Владимирович,250000.0,250000.0,RUR,250000.0,False,Опыт 1-3 года,,,,2026-09-13T11:44:57+03:00,https://hh.ru/vacancy/136665184,631,False
hh.ru,136976117,Повар,Рабочий и обслуживающий персонал,Магаданская область,"Магадан, Пролетарская улица, 8",ООО КФХ Чиги-Чинах,330.0,530.0,RUR,430.0,False,Без опыта,,,,2026-09-13T11:44:57+03:00,https://hh.ru/vacancy/136976117,1840,False
hh.ru,137080378,Электромеханик,Инженерия и производство,Магаданская область,Северо-Эвенский городской округ,ООО Эвенская Горнорудная Компания,313000.0,313000.0,RUR,313000.0,False,Опыт 3-6 лет,,,,2026-09-13T11:44:57+03:00,https://hh.ru/vacancy/137080378,2696,False
hh.ru,136425385,Спасатель участка аварийно-спасательного формирования,Прочие профессии,Магаданская область,посёлок Омчак,"""Полюс"". Производство",,,,,False,Опыт 1-3 года,,,,2026-09-13T11:44:57+03:00,https://hh.ru/vacancy/136425385,2267,False
hh.ru,136749872,Специалист по кадрам и оплате труда,Прочие профессии,Магаданская область,посёлок городского типа Усть-Нера,ООО Золотой Актив,250000.0,250000.0,RUR,250000.0,False,Опыт 1-3 года,,,,2026-09-13T11:44:57+03:00,https://hh.ru/vacancy/136749872,2397,False
hh.ru,136866448,Сотрудник ресторана ROSTIC'S / Ростикс (г. Магадан),Прочие профессии,Магаданская область,"Магадан, Основная трасса, 2-й километр, 1",Rostic’s Рестораны,96000.0,0.0,RUR,48000.0,True,Без опыта,,,,2026-09-13T11:44:57+03:00,https://hh.ru/vacancy/136866448,2264,False
hh.ru,136425928,Водитель автомобиля,Транспорт и логистика,Магаданская область,посёлок Омчак,ООО Магаданское ГРП,210000.0,220000.0,RUR,215000.0,False,Опыт 3-6 лет,,,,2026-09-13T11:44:57+03:00,https://hh.ru/vacancy/136425928,675,False
hh.ru,136911982,Отделочник,Прочие профессии,Магаданская область,посёлок имени Гастелло,Геострой,200000.0,250000.0,RUR,225000.0,False,Опыт 1-3 года,,,,2026-09-13T11:44:57+03:00,https://hh.ru/vacancy/136911982,1744,False
hh.ru,136869145,Специалист отдела по работе с персоналом,Прочие профессии,Магаданская область,"Магадан, Портовая улица, 1",ООО Тихоокеанская рыбопромышленная компания,150000.0,150000.0,RUR,150000.0,False,Опыт 3-6 лет,,,,2026-09-13T11:44:57+03:00,https://hh.ru/vacancy/136869145,2352,False
hh.ru,136759630,Продавец-кассир,Продажи и клиентский сервис,Магаданская область,Магадан,Максимов Максим,140000.0,150000.0,RUR,145000.0,False,Без опыта,,,,2026-09-13T11:44:57+03:00,https://hh.ru/vacancy/136759630,1982,False
hh.ru,132976051,Механик бурового оборудования,Инженерия и производство,Магаданская область,"Хабаровск, р-н Центральный",ООО ДЭТРА,660000.0,710000.0,RUR,685000.0,False,Опыт 1-3 года,,,,2026-09-13T11:44:57+03:00,https://hh.ru/vacancy/132976051,1517,False
hh.ru,137021513,Водитель водовоза,Транспорт и логистика,Магаданская область,Оймяконский улус (район),UDS GOLD,220000.0,240000.0,RUR,230000.0,False,Опыт 1-3 года,,,,2026-09-13T11:44:57+03:00,https://hh.ru/vacancy/137021513,699,False
hh.ru,137183668,Администратор,Продажи и клиентский сервис,Магаданская область,"Магадан, Новая улица, 31/10",ИП Аксёнова Александра Юрьевна,50000.0,50000.0,RUR,50000.0,False,Опыт 1-3 года,,,,2026-09-13T11:44:57+03:00,https://hh.ru/vacancy/137183668,78,False
hh.ru,137246751,Водитель-курьер в банк (доставка документов),Транспорт и логистика,Магаданская область,Магадан,ИП Лесин Андрей Александрович,200000.0,0.0,RUR,100000.0,False,Без опыта,,,,2026-09-13T11:44:57+03:00,https://hh.ru/vacancy/137246751,745,False
hh.ru,136335563,Водитель автомобиля категории В (Магаданская область),Транспорт и логистика,Магаданская область,Сусуманский муниципальный округ,АО ГДК Берелёх,170000.0,170000.0,RUR,170000.0,False,Опыт 3-6 лет,,,,2026-09-13T11:44:57+03:00,https://hh.ru/vacancy/136335563,683,False
hh.ru,136775104,Консультант отдела контроля исполнения поручений Губернатора Магаданской области,Прочие профессии,Магаданская область,"Магадан, улица Горького, 6",Правительство Магаданской области,118000.0,156000.0,RUR,137000.0,False,Опыт 1-3 года,,,,2026-09-13T11:44:57+03:00,https://hh.ru/vacancy/136775104,1183,False
hh.ru,136681328,Старший менеджер по работе с клиентами,Продажи и клиентский сервис,Магаданская область,Магадан,Сбер. Работа с клиентами,130480.0,0.0,RUR,65240.0,True,Без опыта,,,,2026-09-13T11:44:57+03:00,https://hh.ru/vacancy/136681328,2535,False
hh.ru,137134574,Уборщик производственных помещений,Инженерия и производство,Магаданская область,"Магадан, Марчеканская улица, 1",ООО Тосмар,60000.0,0.0,RUR,30000.0,False,Без опыта,,,,2026-09-13T11:44:57+03:00,https://hh.ru/vacancy/137134574,2598,False
hh.ru,136776998,Юрист удалённо,"Финансы, бухгалтерия и право",Республика Марий Эл,Йошкар-Ола,ИП Кореева Марина Сергеевна,40000.0,40000.0,RUR,40000.0,False,Опыт 1-3 года,,Удалённая работа,,2026-09-13T11:44:57+03:00,https://hh.ru/vacancy/136776998,2741,False
hh.ru,137242521,Водитель,Транспорт и логистика,Республика Марий Эл,"посёлок городского типа Медведево, Железнодорожная улица, 3А",ООО Поволжская экологическая компания,70000.0,70000.0,RUR,70000.0,True,Опыт 3-6 лет,,,,2026-09-13T11:44:57+03:00,https://hh.ru/vacancy/137242521,658,False
hh.ru,137164642,"Менеджер маркетплейса Wildberries (цены, карточки, остатки, акции)","Маркетинг, медиа и дизайн",Республика Марий Эл,Йошкар-Ола,ООО Фабрика Современной Мебели,80000.0,80000.0,RUR,80000.0,False,Опыт 1-3 года,,Удалённая работа,,2026-09-13T11:44:57+03:00,https://hh.ru/vacancy/137164642,1334,False
hh.ru,137198143,Product Manager Цифровой рубль,Управление,Республика Марий Эл,"Йошкар-Ола, улица Гоголя, 2А",МОНЕТА,250000.0,350000.0,RUR,300000.0,False,Опыт более 6 лет,,Удалённая работа,,2026-09-13T11:44:57+03:00,https://hh.ru/vacancy/137198143,27,False
hh.ru,137215795,Помощник/ассистент руководителя,Прочие профессии,Республика Марий Эл,Йошкар-Ола,Плёс,,,,,False,Опыт 1-3 года,,,,2026-09-13T11:44:57+03:00,https://hh.ru/vacancy/137215795,1875,False
hh.ru,136454110,Администратор,Продажи и клиентский сервис,Республика Марий Эл,"Йошкар-Ола, Фестивальная улица, 62А",ООО Медент-гарант,40000.0,50000.0,RUR,45000.0,True,Без опыта,,,,2026-09-13T11:44:57+03:00,https://hh.ru/vacancy/136454110,118,False
hh.ru,136511583,Фасовщик-упаковщик на производство,Инженерия и производство,Республика Марий Эл,"Йошкар-Ола, Элеваторный проезд, 11Б",ИП Шабалин Константин Владимирович,70000.0,70000.0,RUR,70000.0,False,Опыт 1-3 года,,,,2026-09-13T11:44:57+03:00,https://hh.ru/vacancy/136511583,2657,False
hh.ru,137203788,Администратор записи пациентов,Продажи и клиентский сервис,Республика Марий Эл,Йошкар-Ола,ООО СМАЙЛ,65000.0,0.0,RUR,32500.0,False,Без опыта,,Удалённая работа,,2026-09-13T11:44:57+03:00,https://hh.ru/vacancy/137203788,227,False
hh.ru,137109673,Бухгалтер на первичную документацию,"Финансы, бухгалтерия и право",Республика Марий Эл,"Йошкар-Ола, улица Карла Маркса, 109",АМАКС,60000.0,70000.0,RUR,65000.0,False,Опыт 3-6 лет,,,,2026-09-13T11:44:57+03:00,https://hh.ru/vacancy/137109673,480,False
hh.ru,136213960,Снабженец - помощник руководителя.,Прочие профессии,Республика Марий Эл,"Йошкар-Ола, Прибрежный проезд, 2",ИП Смирнов Сергей Александрович,60000.0,0.0,RUR,30000.0,False,Без опыта,,,,2026-09-13T11:44:57+03:00,https://hh.ru/vacancy/136213960,2237,False
hh.ru,137120053,Менеджер (Заместитель управляющего),Прочие профессии,Республика Марий Эл,"Йошкар-Ола, Красноармейская улица, 80А",Казанский Филиал ООО Фонкор,,,,,False,Опыт 1-3 года,,,,2026-09-13T11:44:57+03:00,https://hh.ru/vacancy/137120053,1328,False
hh.ru,137141447,Охранник складского помещения,Охрана и безопасность,Республика Марий Эл,"Йошкар-Ола, улица Крылова, 45В",Плёс,0.0,0.0,,,False,Без опыта,,,,2026-09-13T11:44:57+03:00,https://hh.ru/vacancy/137141447,1811,False
hh.ru,137176553,Начинающий HR (обработка откликов),Прочие профессии,Республика Марий Эл,Йошкар-Ола,ООО КЦ Сити Колл,25000.0,32000.0,RUR,28500.0,True,Без опыта,,Удалённая работа,,2026-09-13T11:44:57+03:00,https://hh.ru/vacancy/137176553,1590,False
hh.ru,137093306,Специалист по работе со студентами,Прочие профессии,Республика Марий Эл,"Йошкар-Ола, улица 8 Марта, 26","АНПОО КГиМС, филиал в городе Йошкар-Ола",43600.0,43600.0,RUR,43600.0,True,Опыт 1-3 года,,,,2026-09-13T11:44:57+03:00,https://hh.ru/vacancy/137093306,2466,False
hh.ru,137251739,Инженер-программист,Информационные технологии,Республика Марий Эл,Йошкар-Ола,ГБУ РМЭ Медведевская ЦРБ,65000.0,65000.0,RUR,65000.0,False,Опыт 1-3 года,,,,2026-09-13T11:44:57+03:00,https://hh.ru/vacancy/137251739,1076,False
hh.ru,136719669,"Региональный менеджер по развитию территории ЦФО, СЗФО",Прочие профессии,Республика Марий Эл,Йошкар-Ола,АО Шелангерский химзавод Сайвер,150000.0,150000.0,RUR,150000.0,False,Опыт 1-3 года,,,,2026-09-13T11:44:57+03:00,https://hh.ru/vacancy/136719669,2083,False
hh.ru,136905233,Помощник бухгалтера,"Финансы, бухгалтерия и право",Республика Марий Эл,"Йошкар-Ола, улица Прохорова, 45Г",ООО РАЗМЕР,75000.0,90000.0,RUR,82500.0,True,Опыт 1-3 года,,,,2026-09-13T11:44:57+03:00,https://hh.ru/vacancy/136905233,1893,False
hh.ru,137093646,Помощник руководителя по хозяйственной части - водитель,Транспорт и логистика,Республика Марий Эл,Йошкар-Ола,Оптика ВАУ,60000.0,60000.0,RUR,60000.0,False,Опыт 1-3 года,,,,2026-09-13T11:44:57+03:00,https://hh.ru/vacancy/137093646,1950,False
hh.ru,137195778,Руководитель группы организации физической охраны и режима,Транспорт и логистика,Республика Марий Эл,село Табашино,ООО БАЛЧУГ-ПЕТРОЛЕУМ,120000.0,120000.0,RUR,120000.0,True,Опыт 3-6 лет,,,,2026-09-13T11:44:57+03:00,https://hh.ru/vacancy/137195778,2114,False
hh.ru,137034017,Администратор в отель,Продажи и клиентский сервис,Республика Марий Эл,"Йошкар-Ола, улица Зарубина, 35",Отель People,4500.0,0.0,RUR,2250.0,False,Без опыта,,,,2026-09-13T11:44:57+03:00,https://hh.ru/vacancy/137034017,187,False
hh.ru,137232900,Коммерческий директор,Управление,Республика Марий Эл,"Йошкар-Ола, улица Крылова, 53А",ООО Дорстен,,,,,False,Опыт 3-6 лет,,,,2026-09-13T11:44:57+03:00,https://hh.ru/vacancy/137232900,1145,False
hh.ru,137192417,Руководитель службы эксплуатации парк-отеля,Транспорт и логистика,Республика Марий Эл,"посёлок Шап, Санаторная улица, 5",Сеть эко-парков Вудлэнд,80000.0,80000.0,RUR,80000.0,False,Опыт 3-6 лет,,,,2026-09-13T11:44:57+03:00,https://hh.ru/vacancy/137192417,2148,False
hh.ru,136668037,Помощник/ассистент руководителя в отдел маркетинга,"Маркетинг, медиа и дизайн",Республика Марий Эл,"Йошкар-Ола, Ленинский проспект, 25А",ИП Мертвищева Надежда Николаевна,50000.0,60000.0,RUR,55000.0,False,Опыт 1-3 года,,,,2026-09-13T11:44:57+03:00,https://hh.ru/vacancy/136668037,1878,False
hh.ru,136562556,Водитель,Транспорт и логистика,Республика Марий Эл,Йошкар-Ола,ООО Дорстрой-12,80000.0,120000.0,RUR,100000.0,False,Опыт 1-3 года,,,,2026-09-13T11:44:57+03:00,https://hh.ru/vacancy/136562556,650,False
hh.ru,137116706,Администратор салона красоты,Продажи и клиентский сервис,Республика Марий Эл,"Йошкар-Ола, Воскресенский проспект, 1",Салон красоты Косметица,40000.0,0.0,RUR,20000.0,False,Без опыта,,,,2026-09-13T11:44:57+03:00,https://hh.ru/vacancy/137116706,308,False
hh.ru,137169055,Руководитель отдела закупа,Транспорт и логистика,Республика Марий Эл,"Йошкар-Ола, улица Крылова, 45В",Плёс,80000.0,80000.0,RUR,80000.0,True,Опыт 3-6 лет,,,,2026-09-13T11:44:57+03:00,https://hh.ru/vacancy/137169055,2127,False
hh.ru,137267366,SEO-специалист,Прочие профессии,Республика Марий Эл,"Йошкар-Ола, улица Суворова, 13Б",ООО Тиражные решения 1С-Рарус,,,,,False,Опыт 1-3 года,,Удалённая работа,,2026-09-13T11:44:57+03:00,https://hh.ru/vacancy/137267366,39,False
hh.ru,137095775,Менеджер по логистике,Транспорт и логистика,Республика Марий Эл,"Волжск, улица Мамасево, 1Б",ООО Смирновъ,60000.0,0.0,RUR,30000.0,True,Без опыта,,,,2026-09-13T11:44:57+03:00,https://hh.ru/vacancy/137095775,1386,False
hh.ru,137182259,Специалист по работе с молодежью,Прочие профессии,Республика Марий Эл,Йошкар-Ола,ООО Маяк в Образовании,20000.0,0.0,RUR,10000.0,True,Без опыта,,,,2026-09-13T11:44:57+03:00,https://hh.ru/vacancy/137182259,2455,False
hh.ru,137121466,Продавец-консультант,Продажи и клиентский сервис,Республика Марий Эл,"посёлок городского типа Медведево, улица Логинова, 10",ИП Макаренко Юрий Геннадиевич,70000.0,0.0,RUR,35000.0,False,Без опыта,,,,2026-09-13T11:44:57+03:00,https://hh.ru/vacancy/137121466,1999,False
hh.ru,136307597,Менеджер,Прочие профессии,Республика Марий Эл,"Йошкар-Ола, бульвар Победы, 5",ООО Первая Клининговая Компания,80000.0,0.0,RUR,40000.0,False,Без опыта,,,,2026-09-13T11:44:57+03:00,https://hh.ru/vacancy/136307597,1314,False
hh.ru,137166306,Администратор стоматологической клиники/медицинского центра,Медицина и фармацевтика,Республика Марий Эл,Йошкар-Ола,ООО Белая Стоматология,40000.0,60000.0,RUR,50000.0,False,Опыт 1-3 года,,,,2026-09-13T11:44:57+03:00,https://hh.ru/vacancy/137166306,325,False
hh.ru,136906420,Секретарь,Прочие профессии,Республика Марий Эл,"посёлок городского типа Медведево, Кооперативная улица, 5",ООО УК Доверие,45000.0,46000.0,RUR,45500.0,True,Опыт 1-3 года,,,,2026-09-13T11:44:57+03:00,https://hh.ru/vacancy/136906420,2175,False
hh.ru,137254034,Технолог-химик (нефтехимическая отрасль),Инженерия и производство,Республика Марий Эл,Казань,ООО АКТО,,,,,False,Опыт 1-3 года,,,,2026-09-13T11:44:57+03:00,https://hh.ru/vacancy/137254034,2584,False
hh.ru,135525141,Агент продуктовой поддержки в VK,Прочие профессии,Республика Мордовия,Саранск,VK,0.0,0.0,,,False,Без опыта,,Удалённая работа,,2026-09-13T11:44:57+03:00,https://hh.ru/vacancy/135525141,55,False
hh.ru,137120796,Менеджер-бухгалтер,"Финансы, бухгалтерия и право",Республика Мордовия,"Саранск, 2-я Промышленная улица, 18А",ООО Авалон-С,80000.0,110000.0,RUR,95000.0,False,Опыт 1-3 года,,,,2026-09-13T11:44:57+03:00,https://hh.ru/vacancy/137120796,1321,False
hh.ru,136601246,Секретарь-референт,Прочие профессии,Республика Мордовия,"Саранск, улица Васенко, 17",ООО Комбинат Питания,50000.0,60000.0,RUR,55000.0,False,Без опыта,,,,2026-09-13T11:44:57+03:00,https://hh.ru/vacancy/136601246,2188,False
hh.ru,137191442,Диспетчер,Транспорт и логистика,Республика Мордовия,"Саранск, улица Васенко",ООО Эко-Сервис,45000.0,50000.0,RUR,47500.0,False,Без опыта,,,,2026-09-13T11:44:57+03:00,https://hh.ru/vacancy/137191442,987,False
hh.ru,137123002,Бухгалтер на первичную документацию,"Финансы, бухгалтерия и право",Республика Мордовия,"Саранск, улица Коваленко, 7А",Группа компаний Хорошее Дело и Магма,62500.0,62500.0,RUR,62500.0,True,Опыт 3-6 лет,,,,2026-09-13T11:44:57+03:00,https://hh.ru/vacancy/137123002,481,False
hh.ru,137237313,"Менеджер по отгрузке ООО ""Эпромет""",Прочие профессии,Республика Мордовия,"Саранск, Строительная улица, 1/1",Сарансккабель,70000.0,100000.0,RUR,85000.0,True,Опыт 1-3 года,,,,2026-09-13T11:44:57+03:00,https://hh.ru/vacancy/137237313,1397,False
hh.ru,136678451,Контролер ОТК,Охрана и безопасность,Республика Мордовия,"Саранск, 2-я Промышленная улица, 10А",ООО ЭМ-КАБЕЛЬ,65000.0,0.0,RUR,32500.0,True,Без опыта,,,,2026-09-13T11:44:57+03:00,https://hh.ru/vacancy/136678451,1202,False
hh.ru,137198133,Специалист по документообороту,Прочие профессии,Республика Мордовия,"Саранск, улица Терешковой, 7А",Кабель.РФ®,45000.0,45000.0,RUR,45000.0,False,Опыт 1-3 года,,,,2026-09-13T11:44:57+03:00,https://hh.ru/vacancy/137198133,2379,False
hh.ru,137155030,Медицинский администратор-кассир,Медицина и фармацевтика,Республика Мордовия,"Саранск, улица Васенко, 11",ООО Спектр,40000.0,50000.0,RUR,45000.0,False,Без опыта,,,,2026-09-13T11:44:57+03:00,https://hh.ru/vacancy/137155030,1299,False
hh.ru,137272533,Водитель категории В,Транспорт и логистика,Республика Мордовия,Россия,ИП Шиляев Семен Олегович,70000.0,70000.0,RUR,70000.0,False,Опыт более 6 лет,,,,2026-09-13T11:44:57+03:00,https://hh.ru/vacancy/137272533,723,False
hh.ru,137189902,Senior Frontend-разработчик Angular,Информационные технологии,Республика Мордовия,"Саранск, Большевистская улица, 11",Эволента,,,,,False,Опыт более 6 лет,,,,2026-09-13T11:44:57+03:00,https://hh.ru/vacancy/137189902,37,False
hh.ru,137255772,Водитель,Транспорт и логистика,Республика Мордовия,"Саранск, Пролетарская улица, 130А",ИП Чернов Денис Николаевич,80000.0,110000.0,RUR,95000.0,False,Опыт 1-3 года,,,,2026-09-13T11:44:57+03:00,https://hh.ru/vacancy/137255772,641,False
hh.ru,137092709,Ведущий экономист,"Финансы, бухгалтерия и право",Республика Мордовия,"Саранск, проспект Ленина, 58А",ООО ВИНОКУРНЯ КЕМЛЯ,91945.0,91945.0,RUR,91945.0,True,Опыт 1-3 года,,,,2026-09-13T11:44:57+03:00,https://hh.ru/vacancy/137092709,614,False
hh.ru,137119915,Ведущий специалист,Прочие профессии,Республика Мордовия,"Саранск, улица Лихачёва, 35А",ФГУП Охрана Росгвардии,,,,,False,Опыт 1-3 года,,,,2026-09-13T11:44:57+03:00,https://hh.ru/vacancy/137119915,581,False
hh.ru,137208663,Водитель,Транспорт и логистика,Республика Мордовия,"Саранск, 1-я Промышленная улица, 2",ООО Магнус,65000.0,65000.0,RUR,65000.0,False,Опыт 1-3 года,,,,2026-09-13T11:44:57+03:00,https://hh.ru/vacancy/137208663,656,False
hh.ru,137144563,Специалист в отдел абонемента,Прочие профессии,Республика Мордовия,"Саранск, улица Богдана Хмельницкого, 26",ГБУК Национальная библиотека им. А.С.Пушкина РМ,30000.0,40000.0,RUR,35000.0,True,Без опыта,,,,2026-09-13T11:44:57+03:00,https://hh.ru/vacancy/137144563,2289,True
hh.ru,135314103,Электрик,Инженерия и производство,Республика Мордовия,"Саранск, улица Титова, 10",ООО Нк-Строй,70000.0,70000.0,RUR,70000.0,False,Опыт 1-3 года,,,,2026-09-13T11:44:57+03:00,https://hh.ru/vacancy/135314103,2692,True
hh.ru,137144563,Специалист в отдел абонемента,Прочие профессии,Республика Мордовия,"Саранск, улица Богдана Хмельницкого, 26",ГБУК Национальная библиотека им. А.С.Пушкина РМ,30000.0,40000.0,RUR,35000.0,True,Без опыта,,,,2026-09-13T11:44:57+03:00,https://hh.ru/vacancy/137144563,2289,True
hh.ru,135314103,Электрик,Инженерия и производство,Республика Мордовия,"Саранск, улица Титова, 10",ООО Нк-Строй,70000.0,70000.0,RUR,70000.0,False,Опыт 1-3 года,,,,2026-09-13T11:44:57+03:00,https://hh.ru/vacancy/135314103,2692,True
hh.ru,137101113,Специалист по документообороту,Прочие профессии,Республика Мордовия,"Саранск, Пролетарская улица, 118",Группа компаний ТАЛИНА,53000.0,53000.0,RUR,53000.0,True,Опыт 1-3 года,,,,2026-09-13T11:44:57+03:00,https://hh.ru/vacancy/137101113,2378,False
hh.ru,137238618,Упаковщик,Прочие профессии,Республика Мордовия,"Саранск, Пролетарская улица, 132/3",ООО Веста,55000.0,89000.0,RUR,72000.0,False,Без опыта,,,,2026-09-13T11:44:57+03:00,https://hh.ru/vacancy/137238618,2611,False
hh.ru,136311221,Помощник менеджера по маркетплейсам (WB / Ozon),"Маркетинг, медиа и дизайн",Республика Мордовия,Саранск,EVERYD,35000.0,35000.0,RUR,35000.0,False,Опыт 1-3 года,,Удалённая работа,,2026-09-13T11:44:57+03:00,https://hh.ru/vacancy/136311221,1920,False
hh.ru,137027434,Начальник отдела документооборота,Управление,Республика Мордовия,"город Саранск, улица Васенко, 15А",АО Биохимик,,,,,False,Опыт 3-6 лет,,,,2026-09-13T11:44:57+03:00,https://hh.ru/vacancy/137027434,1564,False
hh.ru,137072871,Водитель,Транспорт и логистика,Республика Мордовия,"Саранск, 1-я Промышленная улица, 21",ООО Полипрофиль,50000.0,90000.0,RUR,70000.0,False,Опыт 1-3 года,,,,2026-09-13T11:44:57+03:00,https://hh.ru/vacancy/137072871,660,False
hh.ru,137100329,Кладовщик,Транспорт и логистика,Республика Мордовия,"Саранск, 2-я Промышленная улица, 44",ИП Бельтюков Олег Евгеньевич,150000.0,150000.0,RUR,150000.0,False,Опыт 1-3 года,,,,2026-09-13T11:44:57+03:00,https://hh.ru/vacancy/137100329,1131,False
hh.ru,137215793,Специалист по работе с клиентами,Продажи и клиентский сервис,Республика Мордовия,"Саранск, Большевистская улица, 117А",ПАО Мордовэнергосбыт,45000.0,55000.0,RUR,50000.0,True,Опыт 1-3 года,,,,2026-09-13T11:44:57+03:00,https://hh.ru/vacancy/137215793,2451,False
hh.ru,137240758,Юрисконсульт,Прочие профессии,Республика Мордовия,"Саранск, Большевистская улица, 60",ООО ТПК Верстакофф,70000.0,70000.0,RUR,70000.0,False,Опыт более 6 лет,,,,2026-09-13T11:44:57+03:00,https://hh.ru/vacancy/137240758,2713,False
hh.ru,136644214,Специалист по автомобильным перевозкам,Прочие профессии,Республика Мордовия,"Саранск, улица Полежаева, 92",ITECO,90000.0,0.0,RUR,45000.0,True,Без опыта,,,,2026-09-13T11:44:57+03:00,https://hh.ru/vacancy/136644214,2362,False
hh.ru,137100040,Специалист по учету,Прочие профессии,Республика Мордовия,"Саранск, улица Попова, 75",Логика молока. Производство,87000.0,94000.0,RUR,90500.0,True,Опыт 1-3 года,,,,2026-09-13T11:44:57+03:00,https://hh.ru/vacancy/137100040,2486,False
hh.ru,137069768,Менеджер интернет-магазина бижутерии,Продажи и клиентский сервис,Республика Мордовия,Нижний Новгород,АО Уиллстрим,40500.0,52500.0,RUR,46500.0,True,Опыт 1-3 года,,Удалённая работа,,2026-09-13T11:44:57+03:00,https://hh.ru/vacancy/137069768,1329,False
hh.ru,137128752,Инспектор ДПС,Прочие профессии,Республика Мордовия,Саранск,МВД по Республике Мордовия,68000.0,73000.0,RUR,70500.0,False,Без опыта,,,,2026-09-13T11:44:57+03:00,https://hh.ru/vacancy/137128752,1096,False
hh.ru,137213578,Начальник тарифного отдела,Управление,Республика Мордовия,"Саранск, Большевистская улица, 60",ООО Группа Компаний Атмосфера,120000.0,200000.0,RUR,160000.0,True,Опыт 3-6 лет,,,,2026-09-13T11:44:57+03:00,https://hh.ru/vacancy/137213578,1581,False
hh.ru,137168549,Водитель,Транспорт и логистика,Республика Мордовия,"Саранск, улица Лодыгина, 5Г",ООО Завод Световых Приборов,50000.0,50000.0,RUR,50000.0,False,Опыт 1-3 года,,,,2026-09-13T11:44:57+03:00,https://hh.ru/vacancy/137168549,652,False
hh.ru,136328018,Администратор гостиницы Mercure,Продажи и клиентский сервис,Республика Мордовия,"Саранск, Коммунистическая улица, 37",Mercure Saransk Center Отель,55000.0,0.0,RUR,27500.0,True,Без опыта,,,,2026-09-13T11:44:57+03:00,https://hh.ru/vacancy/136328018,219,False
hh.ru,136213882,Специалист чат поддержки в Яндекс Еда,Прочие профессии,Московская область,Домодедово (Московская область),Яндекс Команда для бизнеса,37000.0,0.0,RUR,18500.0,True,Без опыта,,Удалённая работа,,2026-09-13T11:44:57+03:00,https://hh.ru/vacancy/136213882,2521,False
hh.ru,136342821,Рабочий на производство,Инженерия и производство,Московская область,"Мытищи, улица Колпакова, 77",АО ОКБ КП,100000.0,0.0,RUR,50000.0,True,Без опыта,,,,2026-09-13T11:44:57+03:00,https://hh.ru/vacancy/136342821,2045,False
hh.ru,136956918,"Охранник в бизнес-центр класса А (Москва, Тестовская, МЦД-1)",Охрана и безопасность,Московская область,"Москва, р-н Пресненский",ООО ЧОО Управление по Охране Объектов Цветной Металлургии,10500.0,10500.0,RUR,10500.0,False,Опыт 3-6 лет,,,,2026-09-13T11:44:57+03:00,https://hh.ru/vacancy/136956918,1805,False
hh.ru,136373556,Администратор клиники,Продажи и клиентский сервис,Московская область,"Пушкино, Вокзальная улица, 2",ООО СП ГРУПП,75000.0,0.0,RUR,37500.0,True,Без опыта,,,,2026-09-13T11:44:57+03:00,https://hh.ru/vacancy/136373556,237,False
hh.ru,136897826,Специалист отдела отчетной документации,Прочие профессии,Московская область,"Мытищи, улица Колпакова, 24А",ООО ТестКомплект,80000.0,0.0,RUR,40000.0,False,Без опыта,,,,2026-09-13T11:44:57+03:00,https://hh.ru/vacancy/136897826,2348,False
hh.ru,136892400,"Сервис-консультант фитнес-клуба DDX (администратор) (Балашиха, Футура)",Продажи и клиентский сервис,Московская область,Балашиха,DDX Fitness,70000.0,80000.0,RUR,75000.0,False,Без опыта,,,,2026-09-13T11:44:57+03:00,https://hh.ru/vacancy/136892400,2202,False
hh.ru,136654485,Специалист по работе с отчетностью и расчетами,Прочие профессии,Московская область,"Люберцы, Октябрьский проспект, 5","ООО ""МосОблЕИРЦ"" (Энергосбыт, ЕИРЦ, НЭСК)",106000.0,110000.0,RUR,108000.0,False,Опыт 1-3 года,,,,2026-09-13T11:44:57+03:00,https://hh.ru/vacancy/136654485,2460,False
hh.ru,136702859,Менеджер по дистанционному обслуживанию,Прочие профессии,Московская область,"Солнечногорск, Красная улица, 58","ООО ""МосОблЕИРЦ"" (Энергосбыт, ЕИРЦ, НЭСК)",82115.0,86610.0,RUR,84362.5,True,Без опыта,,,,2026-09-13T11:44:57+03:00,https://hh.ru/vacancy/136702859,1360,False
hh.ru,136215294,Специалист письменной поддержки Яндекс Еда,Прочие профессии,Московская область,Химки (Московская область),Яндекс Команда для бизнеса,37000.0,0.0,RUR,18500.0,True,Без опыта,,Удалённая работа,,2026-09-13T11:44:57+03:00,https://hh.ru/vacancy/136215294,2360,False
hh.ru,134501975,Клиентский менеджер,Продажи и клиентский сервис,Московская область,Мытищи,"Банк ВТБ (ПАО), Сеть и контакт-центр",150000.0,0.0,RUR,75000.0,True,Без опыта,,,,2026-09-13T11:44:57+03:00,https://hh.ru/vacancy/134501975,1141,False
hh.ru,136822364,Оператор ЭВ и ВМ,Прочие профессии,Московская область,"Домодедово, Каширское шоссе, 36А",ГБУЗ МО Домодедовская стоматологическая поликлиника,65000.0,0.0,RUR,32500.0,False,Без опыта,,,,2026-09-13T11:44:57+03:00,https://hh.ru/vacancy/136822364,1736,False
hh.ru,136815172,Специалист по делопроизводству,Инженерия и производство,Московская область,"Серпухов, улица Ворошилова, 214с2",Гос. корп. ЛУ МВД России на станции Москва-Курская (отделение охраны общественного порядка),45000.0,65000.0,RUR,55000.0,False,Без опыта,,,,2026-09-13T11:44:57+03:00,https://hh.ru/vacancy/136815172,2370,False
hh.ru,136927974,Ассистент менеджера по персоналу,Прочие профессии,Московская область,Балашиха (Московская область),Fix Price. Офис,62000.0,62000.0,RUR,62000.0,True,Опыт 1-3 года,,Удалённая работа,,2026-09-13T11:44:57+03:00,https://hh.ru/vacancy/136927974,364,False
hh.ru,137070195,Ведущий специалист по договорной работе,Прочие профессии,Московская область,Мытищи,ООО Ключевые Системы и Компоненты,135000.0,135000.0,RUR,135000.0,True,Опыт 1-3 года,,,,2026-09-13T11:44:57+03:00,https://hh.ru/vacancy/137070195,596,False
hh.ru,136653654,Оператор call-центра в ресторан ( можно удаленно),Продажи и клиентский сервис,Московская область,Зеленоград,ООО РФС+ компани,4000.0,5000.0,RUR,4500.0,False,Опыт 1-3 года,,Удалённая работа,,2026-09-13T11:44:57+03:00,https://hh.ru/vacancy/136653654,1642,False
hh.ru,137074248,Делопроизводитель,Транспорт и логистика,Московская область,Подольск,ПАО Россети Московский регион,90000.0,90000.0,RUR,90000.0,False,Опыт 1-3 года,,,,2026-09-13T11:44:57+03:00,https://hh.ru/vacancy/137074248,935,False
hh.ru,137140580,Специалист по выписке документов,Прочие профессии,Московская область,"Щёлково, Московская улица, с27А",АО ОМК,,,,,False,Опыт 1-3 года,,,,2026-09-13T11:44:57+03:00,https://hh.ru/vacancy/137140580,2367,False
hh.ru,137015151,Руководитель по безопасности и контролю потерь дивизиона,Транспорт и логистика,Московская область,Москва,Перекресток. Супермаркет,165000.0,165000.0,RUR,165000.0,True,Опыт 3-6 лет,,,,2026-09-13T11:44:57+03:00,https://hh.ru/vacancy/137015151,2137,False
hh.ru,136620518,Специалист по ведению документации,Прочие профессии,Московская область,"Мытищи, Ярославское шоссе, 109",АО ОКБ КП,,,,,False,Опыт 1-3 года,,,,2026-09-13T11:44:57+03:00,https://hh.ru/vacancy/136620518,2364,False
hh.ru,136659374,Офис-менеджер,Прочие профессии,Московская область,"Серпухов, Борисовское шоссе, 1","Акцент, Агентство Недвижимости",100000.0,0.0,RUR,50000.0,False,Без опыта,,,,2026-09-13T11:44:57+03:00,https://hh.ru/vacancy/136659374,1746,False
hh.ru,136919737,Администратор-кассир TERMOLAND (г. Щёлково),Продажи и клиентский сервис,Московская область,"Щёлково, набережная Серафима Саровского, 2",TERMOLAND,70000.0,90000.0,RUR,80000.0,True,Без опыта,,,,2026-09-13T11:44:57+03:00,https://hh.ru/vacancy/136919737,232,False
hh.ru,137124193,Специалист по поиску персонала / ресечер,Прочие профессии,Московская область,дачный посёлок Удельная,Lamoda,60000.0,80000.0,RUR,70000.0,True,Без опыта,,Удалённая работа,,2026-09-13T11:44:57+03:00,https://hh.ru/vacancy/137124193,2438,False
hh.ru,136585327,Руководитель административно-хозяйственного управления,Транспорт и логистика,Московская область,Химки,ООО РТ-Инвест Транспортные Системы,203300.0,203300.0,RUR,203300.0,True,Опыт 3-6 лет,,,,2026-09-13T11:44:57+03:00,https://hh.ru/vacancy/136585327,2109,False
hh.ru,137257985,Администратор стоматологической клиники,Медицина и фармацевтика,Московская область,"Орехово-Зуево, Юбилейный проезд",ООО Самсон,45000.0,60000.0,RUR,52500.0,False,Без опыта,,,,2026-09-13T11:44:57+03:00,https://hh.ru/vacancy/137257985,322,False
hh.ru,136364299,Специалист по защите прав потребителей,Прочие профессии,Московская область,Раменское,Управление Роспотребнадзора по Московской области,70000.0,80000.0,RUR,75000.0,True,Без опыта,,,,2026-09-13T11:44:57+03:00,https://hh.ru/vacancy/136364299,2389,False
hh.ru,137190378,Администратор в отделение реабилитации,Продажи и клиентский сервис,Московская область,Химки,ООО Мединвестгрупп,127000.0,0.0,RUR,63500.0,True,Без опыта,,,,2026-09-13T11:44:57+03:00,https://hh.ru/vacancy/137190378,186,False
hh.ru,137206814,Персональный водитель автомобиля представительского класса,Транспорт и логистика,Московская область,КП Мэдисон парк,ООО ЛУКАВТО,200000.0,200000.0,RUR,200000.0,False,Опыт 3-6 лет,,,,2026-09-13T11:44:57+03:00,https://hh.ru/vacancy/137206814,1828,False
hh.ru,136313298,Укладчик - упаковщик,Прочие профессии,Московская область,"городской округ Кашира, территория Производственная № 1",ООО Группа компаний Лето,75000.0,0.0,RUR,37500.0,False,Без опыта,,,,2026-09-13T11:44:57+03:00,https://hh.ru/vacancy/136313298,2604,False
hh.ru,137154634,Помощник/ассистент руководителя,Прочие профессии,Московская область,"Одинцово, Южная улица, 4",АО Одинцовская теплосеть,114900.0,150000.0,RUR,132450.0,True,Опыт 3-6 лет,,,,2026-09-13T11:44:57+03:00,https://hh.ru/vacancy/137154634,1865,False
hh.ru,136808614,Администратор,Продажи и клиентский сервис,Московская область,Москва,ООО ШайнСкин,90000.0,90000.0,RUR,90000.0,True,Опыт 1-3 года,,,,2026-09-13T11:44:57+03:00,https://hh.ru/vacancy/136808614,132,False
hh.ru,136798958,Персональный семейный водитель,Транспорт и логистика,Московская область,деревня Лапино,АО Ракурс Инвест,180000.0,180000.0,RUR,180000.0,False,Опыт 3-6 лет,,,,2026-09-13T11:44:57+03:00,https://hh.ru/vacancy/136798958,1833,False
hh.ru,137178170,Бухгалтер в отель,"Финансы, бухгалтерия и право",Московская область,деревня Брёхово,ООО Стройторгсервис,50000.0,60000.0,RUR,55000.0,True,Опыт 3-6 лет,,Удалённая работа,,2026-09-13T11:44:57+03:00,https://hh.ru/vacancy/137178170,469,False
hh.ru,136253563,Копирайтер,"Маркетинг, медиа и дизайн",Московская область,Красногорск (Московская область),Союзснаб,130000.0,130000.0,RUR,130000.0,False,Опыт 1-3 года,,,,2026-09-13T11:44:57+03:00,https://hh.ru/vacancy/136253563,1212,False
hh.ru,136309837,Комплектовщик на склад,Транспорт и логистика,Московская область,Подольск,Работа для Вас,85000.0,0.0,RUR,42500.0,False,Без опыта,,,,2026-09-13T11:44:57+03:00,https://hh.ru/vacancy/136309837,1160,False
hh.ru,136145032,Продавец-консультант Lamoda Sport (ТЦ Вегас Крокус Сити),Продажи и клиентский сервис,Москва,"Красногорск, Международная, 12",Lamoda,86000.0,0.0,RUR,43000.0,True,Без опыта,,,,2026-09-13T11:44:57+03:00,https://hh.ru/vacancy/136145032,2005,False
hh.ru,136762849,Специалист по работе с документами,Прочие профессии,Москва,Москва,Гроус рф,80000.0,85000.0,RUR,82500.0,True,Без опыта,,Удалённая работа,,2026-09-13T11:44:57+03:00,https://hh.ru/vacancy/136762849,2446,False
hh.ru,136927982,Главный специалист отдела писем,Прочие профессии,Москва,"Москва, р-н Арбат",Управа района Арбат города Москвы,130000.0,150000.0,RUR,140000.0,False,Опыт 1-3 года,,,,2026-09-13T11:44:57+03:00,https://hh.ru/vacancy/136927982,878,False
hh.ru,136780560,Персональный ассистент,Прочие профессии,Москва,Москва,ООО PepsiCo,,,,,False,Опыт 1-3 года,,,,2026-09-13T11:44:57+03:00,https://hh.ru/vacancy/136780560,1822,False
hh.ru,137006224,Специалист отдела маркетинга,"Маркетинг, медиа и дизайн",Москва,Москва,Галицкий и Галицкий,,,,,False,Опыт 1-3 года,,,,2026-09-13T11:44:57+03:00,https://hh.ru/vacancy/137006224,2345,False
hh.ru,136920125,Охранник,Охрана и безопасность,Москва,Москва,Работа для Вас,114000.0,0.0,RUR,57000.0,False,Без опыта,,,,2026-09-13T11:44:57+03:00,https://hh.ru/vacancy/136920125,1803,False
hh.ru,136648001,Специалист отдела международных отношений,Прочие профессии,Москва,Москва,Общ. орг. Федерация бокса России,,,,,False,Опыт 1-3 года,,,,2026-09-13T11:44:57+03:00,https://hh.ru/vacancy/136648001,2346,False
hh.ru,136337592,Диспетчер / Оператор видеонаблюдения,Транспорт и логистика,Москва,"Москва, р-н Тверской",Работа для Вас,0.0,0.0,,,False,Без опыта,,,,2026-09-13T11:44:57+03:00,https://hh.ru/vacancy/136337592,997,False
hh.ru,135795187,Администратор больницы в отделение скорой помощи,Продажи и клиентский сервис,Москва,"Москва, р-н Замоскворечье",Правительство Москвы,85000.0,110000.0,RUR,97500.0,True,Без опыта,,,,2026-09-13T11:44:57+03:00,https://hh.ru/vacancy/135795187,154,False
hh.ru,134431389,Администратор по работе с посетителями (музей),Продажи и клиентский сервис,Москва,"Москва, р-н Останкинский",Правительство Москвы,75500.0,0.0,RUR,37750.0,False,Без опыта,,,,2026-09-13T11:44:57+03:00,https://hh.ru/vacancy/134431389,289,False
hh.ru,136905683,Заместитель начальника управления,Управление,Москва,"Москва, р-н Тверской",Федеральное агентство по государственным резервам,150000.0,180000.0,RUR,165000.0,True,Опыт 3-6 лет,,,,2026-09-13T11:44:57+03:00,https://hh.ru/vacancy/136905683,1046,False
hh.ru,136962725,Сотрудник на завод электроники (г.Москва),Прочие профессии,Москва,"Троицкий административный округ, Калужское шоссе, 44-й километр",Lerteco,270000.0,360000.0,RUR,315000.0,False,Без опыта,,,,2026-09-13T11:44:57+03:00,https://hh.ru/vacancy/136962725,2252,False
hh.ru,136919429,Персональный водитель,Транспорт и логистика,Москва,Москва,Sunlight,,,,,False,Опыт 3-6 лет,,,,2026-09-13T11:44:57+03:00,https://hh.ru/vacancy/136919429,1823,False
hh.ru,135932869,Сборщик-пайщик БПЛА,Прочие профессии,Москва,Москва,Служба занятости населения города Москвы,110000.0,0.0,RUR,55000.0,False,Без опыта,,,,2026-09-13T11:44:57+03:00,https://hh.ru/vacancy/135932869,2160,False
hh.ru,136929682,Редактор контента в команду авторской редакции VK,"Маркетинг, медиа и дизайн",Москва,Москва,"VK, Медиастратегия и развитие сервисов",0.0,0.0,,,False,Без опыта,,Удалённая работа,,2026-09-13T11:44:57+03:00,https://hh.ru/vacancy/136929682,2100,False
hh.ru,137014592,Менеджер по бронированию,Прочие профессии,Москва,Москва,Apart Sharing,45000.0,70000.0,RUR,57500.0,False,Без опыта,,Удалённая работа,,2026-09-13T11:44:57+03:00,https://hh.ru/vacancy/137014592,1352,False
hh.ru,137018446,Секретарь / Помощник директора,Управление,Москва,посёлок Коммунарка,ГБОУ Школа № 338,150000.0,150000.0,RUR,150000.0,True,Опыт 1-3 года,,,,2026-09-13T11:44:57+03:00,https://hh.ru/vacancy/137018446,2184,False
hh.ru,136962503,Документовед сектора контроля исполнения поручений,Прочие профессии,Москва,"Москва, р-н Нагатино-Садовники",Правительство Москвы,,,,,False,Опыт 1-3 года,,,,2026-09-13T11:44:57+03:00,https://hh.ru/vacancy/136962503,1007,False
hh.ru,137018530,Водитель,Транспорт и логистика,Москва,Москва,Калинина Тамара Игоревна,200000.0,250000.0,RUR,225000.0,False,Опыт 3-6 лет,,,,2026-09-13T11:44:57+03:00,https://hh.ru/vacancy/137018530,643,False
hh.ru,136326885,Бренд-менеджер,Прочие профессии,Москва,"Москва, р-н Крылатское",Lamoda,,,,,False,Опыт 3-6 лет,,,,2026-09-13T11:44:57+03:00,https://hh.ru/vacancy/136326885,406,False
hh.ru,136992461,Оперативный дежурный,Прочие профессии,Москва,Москва,АО РТ-Охрана,140000.0,140000.0,RUR,140000.0,True,Опыт 3-6 лет,,,,2026-09-13T11:44:57+03:00,https://hh.ru/vacancy/136992461,1617,False
hh.ru,136999195,Личный водитель,Транспорт и логистика,Москва,Москва,ООО АПТУ.РУ,150000.0,150000.0,RUR,150000.0,True,Опыт более 6 лет,,,,2026-09-13T11:44:57+03:00,https://hh.ru/vacancy/136999195,1252,False
hh.ru,135834623,Начинающий специалист в сфере социальной работы,Прочие профессии,Москва,Москва,Правительство Москвы,116500.0,0.0,RUR,58250.0,True,Без опыта,,,,2026-09-13T11:44:57+03:00,https://hh.ru/vacancy/135834623,1594,False
hh.ru,137123498,Личный водитель / курьер,Транспорт и логистика,Москва,Москва,Фабрика Творчества,180000.0,180000.0,RUR,180000.0,False,Опыт 3-6 лет,,,,2026-09-13T11:44:57+03:00,https://hh.ru/vacancy/137123498,1257,False
hh.ru,137059986,Водитель персональный,Транспорт и логистика,Москва,Москва,Презванская Мария-Вероника Томашевна,200000.0,200000.0,RUR,200000.0,False,Опыт 3-6 лет,,,,2026-09-13T11:44:57+03:00,https://hh.ru/vacancy/137059986,775,False
hh.ru,136896169,Ведущий специалист по работе с обращениями,Прочие профессии,Москва,Москва,"АО ""Мосэнергосбыт"" (Энергосбыт, ЕИРЦ, НЭСК)",100349.0,0.0,RUR,50174.5,False,Без опыта,,,,2026-09-13T11:44:57+03:00,https://hh.ru/vacancy/136896169,605,False
hh.ru,136716803,Специалист по обработке вызовов,Прочие профессии,Москва,Москва,Правительство Москвы,75000.0,113000.0,RUR,94000.0,True,Без опыта,,,,2026-09-13T11:44:57+03:00,https://hh.ru/vacancy/136716803,2416,False
hh.ru,136889910,Помощник менеджера маркетплейсов (карточки Ozon),"Маркетинг, медиа и дизайн",Москва,"Пермь, р-н Ленинский",ИП Барыкин Егор Александрович,15000.0,30000.0,RUR,22500.0,False,Без опыта,,Удалённая работа,,2026-09-13T11:44:57+03:00,https://hh.ru/vacancy/136889910,1916,False
hh.ru,135197764,Охранник,Охрана и безопасность,Москва,Москва,ООО Частная Охранная организация Проджект-9,150000.0,300000.0,RUR,225000.0,False,Без опыта,,,,2026-09-13T11:44:57+03:00,https://hh.ru/vacancy/135197764,1800,False
hh.ru,136678002,Няня для девочки 5 лет,Прочие профессии,Москва,Москва,ИП Дружкова Кристина Минасовна,460000.0,460000.0,RUR,460000.0,False,Опыт 3-6 лет,,,,2026-09-13T11:44:57+03:00,https://hh.ru/vacancy/136678002,1609,False
hh.ru,136861120,Оператор 1С,Прочие профессии,Москва,Москва,ООО Мегаполис,90000.0,100000.0,RUR,95000.0,False,Опыт 1-3 года,,Удалённая работа,,2026-09-13T11:44:57+03:00,https://hh.ru/vacancy/136861120,1627,False
hh.ru,137028121,Финансовый менеджер (документооборот и расчёты),"Финансы, бухгалтерия и право",Москва,Москва,ООО Инфлюенсио,90000.0,120000.0,RUR,105000.0,True,Опыт 1-3 года,,Удалённая работа,,2026-09-13T11:44:57+03:00,https://hh.ru/vacancy/137028121,2663,False
hh.ru,136976370,Менеджер поддержки клиентов,Продажи и клиентский сервис,Москва,Москва,ООО Центр ДНК Тест,63000.0,63000.0,RUR,63000.0,True,Опыт 1-3 года,,Удалённая работа,,2026-09-13T11:44:57+03:00,https://hh.ru/vacancy/136976370,1498,False
hh.ru,137011260,Юрист/ Судебный представитель,"Финансы, бухгалтерия и право",Москва,Москва,KURSOVA RECRUIT,120000.0,120000.0,RUR,120000.0,False,Опыт 1-3 года,,,,2026-09-13T11:44:57+03:00,https://hh.ru/vacancy/137011260,2740,False
hh.ru,137218239,Специалист службы безопасности,Охрана и безопасность,Мурманская область,"Мурманск, Подгорная улица, 132",ООО Первый мурманский терминал,170000.0,300000.0,RUR,235000.0,False,Без опыта,,,,2026-09-13T11:44:57+03:00,https://hh.ru/vacancy/137218239,2502,False
hh.ru,137189722,Кассир Администратор (Начинающий специалист),Продажи и клиентский сервис,Мурманская область,"Мурманск, Кольский проспект, 64",ООО Энергия Севера,90000.0,0.0,RUR,45000.0,False,Без опыта,,,,2026-09-13T11:44:57+03:00,https://hh.ru/vacancy/137189722,1124,False
hh.ru,137009435,Комплектовщик (оператор склада),Транспорт и логистика,Мурманская область,Мурманск,Мясницкий ряд,204800.0,235000.0,RUR,219900.0,False,Без опыта,,,,2026-09-13T11:44:57+03:00,https://hh.ru/vacancy/137009435,1167,False
hh.ru,136561461,Специалист по материальному учету и снабжению,Прочие профессии,Мурманская область,Кировск,ФосАгро. Производство,110000.0,110000.0,RUR,110000.0,True,Опыт 1-3 года,,,,2026-09-13T11:44:57+03:00,https://hh.ru/vacancy/136561461,2412,False
hh.ru,137212240,Специалист по учебно-методической работе,Прочие профессии,Мурманская область,"Мурманск, улица Капитана Егорова, 16",ФГАОУ ВО Мурманский Арктический Университет,79500.0,0.0,RUR,39750.0,False,Без опыта,,,,2026-09-13T11:44:57+03:00,https://hh.ru/vacancy/137212240,2485,False
hh.ru,136322677,Специалист группы по финансовой работе,"Финансы, бухгалтерия и право",Мурманская область,"Мурманск, улица Карла Маркса, 19",АО Росгеология,,,,,False,Опыт 1-3 года,,,,2026-09-13T11:44:57+03:00,https://hh.ru/vacancy/136322677,2302,False
hh.ru,137187435,Эксперт,Прочие профессии,Мурманская область,"Мурманск, Речной проезд",ЭКЦ УМВД России по Мурманской области,90000.0,100000.0,RUR,95000.0,False,Опыт 1-3 года,,,,2026-09-13T11:44:57+03:00,https://hh.ru/vacancy/137187435,2689,False
hh.ru,137206492,Водитель,Транспорт и логистика,Мурманская область,"Мурманск, Советская улица, 9А",ГАУ МО ЦКО,85000.0,85000.0,RUR,85000.0,False,Опыт 3-6 лет,,,,2026-09-13T11:44:57+03:00,https://hh.ru/vacancy/137206492,627,False
hh.ru,137162438,Консультант в сфере креативных индустрий,Прочие профессии,Мурманская область,"Мурманск, улица Подстаницкого, 1",Фонд НМКК Фонд Развития Малого и Среднего Предпринимательства Мурманской Области,80000.0,80000.0,RUR,80000.0,False,Опыт 1-3 года,,,,2026-09-13T11:44:57+03:00,https://hh.ru/vacancy/137162438,1181,False
hh.ru,137064068,Руководитель обособленного подразделения,Транспорт и логистика,Мурманская область,"Мурманск, Портовый проезд, 7",НТК,,,,,False,Опыт 3-6 лет,,,,2026-09-13T11:44:57+03:00,https://hh.ru/vacancy/137064068,2120,False
hh.ru,136248902,Секретарь (помощник руководителя),Прочие профессии,Мурманская область,Мурманск,Государственное автономное Нетиповое Образовательное учреждение Мурманской Области Центр Образования Лапландия,60000.0,60000.0,RUR,60000.0,False,Опыт 1-3 года,,,,2026-09-13T11:44:57+03:00,https://hh.ru/vacancy/136248902,2185,False
hh.ru,137179979,"Специалист по работе в ФГИС (""Меркурий"", ""Честный знак"")",Прочие профессии,Мурманская область,"Мурманск, Рогозерская улица, 15",АО Норд Вест Флот Компани,110000.0,0.0,RUR,55000.0,False,Без опыта,,,,2026-09-13T11:44:57+03:00,https://hh.ru/vacancy/137179979,2443,False
hh.ru,137159145,Координатор (по кадрам),Прочие профессии,Мурманская область,городской округ Кировск,Sumitec International,,,,,False,Опыт 1-3 года,,,,2026-09-13T11:44:57+03:00,https://hh.ru/vacancy/137159145,1204,False
hh.ru,137093433,Водитель категории B,Транспорт и логистика,Мурманская область,село Белокаменка,ООО Первый Коксохиммонтаж,130000.0,130000.0,RUR,130000.0,False,Опыт 1-3 года,,,,2026-09-13T11:44:57+03:00,https://hh.ru/vacancy/137093433,711,False
hh.ru,137163010,Оператор прачечной,Прочие профессии,Мурманская область,"Мурманск, проспект Ленина",ИП Красова Екатерина Юрьевна,45000.0,50000.0,RUR,47500.0,False,Без опыта,,,,2026-09-13T11:44:57+03:00,https://hh.ru/vacancy/137163010,1697,False
hh.ru,136262810,Участник мобильной огневой группы,Прочие профессии,Мурманская область,Кольский район,АО НТ Лавна,200000.0,0.0,RUR,100000.0,False,Без опыта,,,,2026-09-13T11:44:57+03:00,https://hh.ru/vacancy/136262810,2639,True
hh.ru,137235314,Главный специалист-эксперт отдела аналитического сопровождения и информ.-технического обеспечения,Прочие профессии,Мурманская область,"Мурманск, Кольский проспект, 24А",БАЛТИЙСКО-АРКТИЧЕСКОЕ МЕЖРЕГИОНАЛЬНОЕ УПРАВЛЕНИЕ РОСПРИРОДНАДЗОРА,59000.0,94000.0,RUR,76500.0,True,Без опыта,,,,2026-09-13T11:44:57+03:00,https://hh.ru/vacancy/137235314,881,True
hh.ru,136262810,Участник мобильной огневой группы,Прочие профессии,Мурманская область,Кольский район,АО НТ Лавна,200000.0,0.0,RUR,100000.0,False,Без опыта,,,,2026-09-13T11:44:57+03:00,https://hh.ru/vacancy/136262810,2639,True
hh.ru,137235314,Главный специалист-эксперт отдела аналитического сопровождения и информ.-технического обеспечения,Прочие профессии,Мурманская область,"Мурманск, Кольский проспект, 24А",БАЛТИЙСКО-АРКТИЧЕСКОЕ МЕЖРЕГИОНАЛЬНОЕ УПРАВЛЕНИЕ РОСПРИРОДНАДЗОРА,59000.0,94000.0,RUR,76500.0,True,Без опыта,,,,2026-09-13T11:44:57+03:00,https://hh.ru/vacancy/137235314,881,True
hh.ru,137045483,Специалист канцелярии,Прочие профессии,Мурманская область,"посёлок городского типа Мурмаши, Советская улица, 2",ТГК-1,70000.0,0.0,RUR,35000.0,False,Без опыта,,,,2026-09-13T11:44:57+03:00,https://hh.ru/vacancy/137045483,2314,False
hh.ru,137073566,Санитарка/санитар,Рабочий и обслуживающий персонал,Мурманская область,"Мурманск, улица Академика Павлова, 6к4",ГОБУЗ Медицинский Центр Белая Роза,25000.0,0.0,RUR,12500.0,True,Без опыта,,,,2026-09-13T11:44:57+03:00,https://hh.ru/vacancy/137073566,2154,False
hh.ru,137063916,Водитель легкового автомобиля,Транспорт и логистика,Мурманская область,Мурманск,АО Союзгидротранс,85000.0,85000.0,RUR,85000.0,False,Опыт 1-3 года,,,,2026-09-13T11:44:57+03:00,https://hh.ru/vacancy/137063916,754,False
hh.ru,136465467,Инспектор по делам несовершеннолетних,Прочие профессии,Мурманская область,"Мурманск, проспект Героев-Североморцев",Отдел полиции № 2 УМВД России по городу Мурманску,70000.0,0.0,RUR,35000.0,False,Без опыта,,,,2026-09-13T11:44:57+03:00,https://hh.ru/vacancy/136465467,1097,False
hh.ru,137120578,Бухгалтер,"Финансы, бухгалтерия и право",Мурманская область,"Мурманск, Советская улица, 26",ООО Арктик Импэкс Групп,90000.0,110000.0,RUR,100000.0,False,Опыт 1-3 года,,,,2026-09-13T11:44:57+03:00,https://hh.ru/vacancy/137120578,429,False
hh.ru,137259007,Менеджер,Прочие профессии,Мурманская область,"Апатиты, улица Дзержинского, 35",ИП Титовский Александр Валерьевич,25935.0,0.0,RUR,12967.5,False,Без опыта,,,,2026-09-13T11:44:57+03:00,https://hh.ru/vacancy/137259007,1310,False
hh.ru,137101249,Руководитель отдела продаж,Транспорт и логистика,Мурманская область,Мурманск,ООО Группа Компаний БМК,150000.0,150000.0,RUR,150000.0,False,Опыт 3-6 лет,,,,2026-09-13T11:44:57+03:00,https://hh.ru/vacancy/137101249,2131,False
hh.ru,137199604,Ведущий специалист по кадрам,Прочие профессии,Мурманская область,"Мурманск, улица Полярной Дивизии, 1",Детская художественная школа,60000.0,70000.0,RUR,65000.0,False,Опыт 1-3 года,,,,2026-09-13T11:44:57+03:00,https://hh.ru/vacancy/137199604,599,False
hh.ru,136758051,Администратор,Продажи и клиентский сервис,Мурманская область,Мурманск,ИП Каменева Светлана Сергеевна,110000.0,0.0,RUR,55000.0,False,Без опыта,,,,2026-09-13T11:44:57+03:00,https://hh.ru/vacancy/136758051,84,False
hh.ru,136402894,Сотрудник отдела делопроизводства,Инженерия и производство,Мурманская область,"Мурманск, Кольский проспект, 124",ООО ПРЕМИУМ,80000.0,80000.0,RUR,80000.0,False,Опыт 1-3 года,,,,2026-09-13T11:44:57+03:00,https://hh.ru/vacancy/136402894,2258,False
hh.ru,137249374,Стивидор по флоту (Осадчик),Прочие профессии,Мурманская область,населённый пункт Междуречье,ООО Морской торговый порт Лавна,150000.0,150000.0,RUR,150000.0,False,Опыт 3-6 лет,,,,2026-09-13T11:44:57+03:00,https://hh.ru/vacancy/137249374,2545,False
hh.ru,137256023,Помощник/Помощница по дому (п. Юркино),Прочие профессии,Мурманская область,Мурманск,ООО СКК,0.0,0.0,,,False,Без опыта,,,,2026-09-13T11:44:57+03:00,https://hh.ru/vacancy/137256023,1930,False
hh.ru,137150449,SMM менеджер,"Маркетинг, медиа и дизайн",Мурманская область,Мурманск,ООО Штиль,,,,,False,Опыт 1-3 года,,Удалённая работа,,2026-09-13T11:44:57+03:00,https://hh.ru/vacancy/137150449,42,False
hh.ru,136704523,Менеджер (рекрутер) по подбору персонала военные специальности,Прочие профессии,Мурманская область,Мурманск,Служба занятости населения города Москвы,400000.0,400000.0,RUR,400000.0,False,Опыт 1-3 года,,Удалённая работа,,2026-09-13T11:44:57+03:00,https://hh.ru/vacancy/136704523,1502,False
hh.ru,137146186,Начальник юридического отдела,Управление,Мурманская область,"Мурманск, Ленинградская улица, 27",ООО СКК,150000.0,150000.0,RUR,150000.0,False,Опыт 3-6 лет,,,,2026-09-13T11:44:57+03:00,https://hh.ru/vacancy/137146186,1588,False
hh.ru,137257159,Оператор по добыче нефти и газа 4 разряда,Прочие профессии,Ненецкий автономный округ,"рабочий посёлок Искателей, Лая-Вожский проезд, 16",ООО Лаявожнефтегаз,,,,,False,Опыт 3-6 лет,,,,2026-09-13T11:44:57+03:00,https://hh.ru/vacancy/137257159,1693,False
hh.ru,136594205,Офис-менеджер,Прочие профессии,Ненецкий автономный округ,Нарьян-Мар,ИП Титовский Александр Валерьевич,40000.0,0.0,RUR,20000.0,False,Без опыта,,,,2026-09-13T11:44:57+03:00,https://hh.ru/vacancy/136594205,1756,False
hh.ru,136705766,Разработчик искусственного интеллекта,Информационные технологии,Ненецкий автономный округ,Бугрино (Ненецкий АО),Nanimai,,,,,False,Опыт 1-3 года,,Удалённая работа,,2026-09-13T11:44:57+03:00,https://hh.ru/vacancy/136705766,2071,False
hh.ru,136927666,Продавец-консультант,Продажи и клиентский сервис,Ненецкий автономный округ,"Нарьян-Мар, Полярная улица, 33",Сеть магазинов цифровой и бытовой техники DNS,60000.0,75000.0,RUR,67500.0,True,Без опыта,,,,2026-09-13T11:44:57+03:00,https://hh.ru/vacancy/136927666,2003,False
hh.ru,137242786,Государственный инспектор по охране окружающей среды - Ведущий специалист-эксперт,Прочие профессии,Ненецкий автономный округ,"Нарьян-Мар, улица имени В.И. Ленина, 34",БАЛТИЙСКО-АРКТИЧЕСКОЕ МЕЖРЕГИОНАЛЬНОЕ УПРАВЛЕНИЕ РОСПРИРОДНАДЗОРА,45900.0,81700.0,RUR,63800.0,True,Без опыта,,,,2026-09-13T11:44:57+03:00,https://hh.ru/vacancy/137242786,890,False
hh.ru,136705665,Официант,Продажи и клиентский сервис,Ненецкий автономный округ,Ненецкий автономный округ,Nanimai,0.0,0.0,,,False,Без опыта,,,,2026-09-13T11:44:57+03:00,https://hh.ru/vacancy/136705665,1787,False
hh.ru,136963209,Водитель автомобиля,Транспорт и логистика,Ненецкий автономный округ,Нарьян-Мар,ПАО Ростелеком,45000.0,55000.0,RUR,50000.0,True,Опыт 3-6 лет,,,,2026-09-13T11:44:57+03:00,https://hh.ru/vacancy/136963209,678,False
hh.ru,136309532,Администратор фитнес-клуба,Продажи и клиентский сервис,Ненецкий автономный округ,"Нарьян-Мар, Полярная улица, 16",Лабиринт,40000.0,0.0,RUR,20000.0,True,Без опыта,,,,2026-09-13T11:44:57+03:00,https://hh.ru/vacancy/136309532,332,False
hh.ru,131874508,Менеджер по работе с клиентами,Продажи и клиентский сервис,Ненецкий автономный округ,Амдерма,Сбер. Работа с клиентами,88368.0,0.0,RUR,44184.0,True,Без опыта,,,,2026-09-13T11:44:57+03:00,https://hh.ru/vacancy/131874508,1468,False
hh.ru,137210785,Оленевод / сотрудник по уходу за северными оленями,Прочие профессии,Ненецкий автономный округ,"населённый пункт Зверосовхоз, улица Северное Сияние, соор467",ООО Северное Сияние,80000.0,110000.0,RUR,95000.0,False,Опыт 1-3 года,,,,2026-09-13T11:44:57+03:00,https://hh.ru/vacancy/137210785,1614,False
hh.ru,136705647,Повар паназиатской кухни,Рабочий и обслуживающий персонал,Ненецкий автономный округ,Ненецкий автономный округ,Nanimai,,,,,False,Опыт 1-3 года,,,,2026-09-13T11:44:57+03:00,https://hh.ru/vacancy/136705647,1842,False
hh.ru,136935799,Продавец-консультант,Продажи и клиентский сервис,Ненецкий автономный округ,"Нарьян-Мар, улица имени В.И. Ленина, 19","585, Золотой",75900.0,0.0,RUR,37950.0,True,Без опыта,,,,2026-09-13T11:44:57+03:00,https://hh.ru/vacancy/136935799,1992,False
hh.ru,137164508,Горничная,Прочие профессии,Ненецкий автономный округ,Нарьян-Мар,Российские Студенческие Отряды,70000.0,90000.0,RUR,80000.0,True,Без опыта,,,,2026-09-13T11:44:57+03:00,https://hh.ru/vacancy/137164508,884,False
hh.ru,137147670,"Продавец в салон МТС (Ленина ул, 31)",Продажи и клиентский сервис,Ненецкий автономный округ,"Нарьян-Мар, им.В.И.Ленина, 31",Розничная сеть МТС,62000.0,90000.0,RUR,76000.0,True,Без опыта,,,,2026-09-13T11:44:57+03:00,https://hh.ru/vacancy/137147670,1980,False
hh.ru,136976486,Монтажник ЖБК,Строительство и недвижимость,Ненецкий автономный округ,Салехард,ООО Рт-Стройгрупп,147480.0,147480.0,RUR,147480.0,False,Опыт 1-3 года,,,,2026-09-13T11:44:57+03:00,https://hh.ru/vacancy/136976486,1543,False
hh.ru,136600978,Монтажник АМС ТО,Строительство и недвижимость,Ненецкий автономный округ,Нарьян-Мар,ООО ПМК Партнер,147000.0,147000.0,RUR,147000.0,False,Опыт 1-3 года,,,,2026-09-13T11:44:57+03:00,https://hh.ru/vacancy/136600978,1541,False
hh.ru,137179517,Кухонный рабочий,Прочие профессии,Ненецкий автономный округ,Нарьян-Мар,Российские Студенческие Отряды,70000.0,90000.0,RUR,80000.0,True,Без опыта,,,,2026-09-13T11:44:57+03:00,https://hh.ru/vacancy/137179517,1242,False
hh.ru,137178104,Грузчик,Рабочий и обслуживающий персонал,Ненецкий автономный округ,Нарьян-Мар,Российские Студенческие Отряды,75000.0,90000.0,RUR,82500.0,True,Без опыта,,,,2026-09-13T11:44:57+03:00,https://hh.ru/vacancy/137178104,912,False
hh.ru,136975486,Монтажник систем вентиляций,Строительство и недвижимость,Ненецкий автономный округ,Салехард,ООО Рт-Стройгрупп,168300.0,168300.0,RUR,168300.0,True,Опыт 1-3 года,,,,2026-09-13T11:44:57+03:00,https://hh.ru/vacancy/136975486,1549,False
hh.ru,136495177,Управляющий в Додо (город Нарьян-Мар),Управление,Ненецкий автономный округ,"Нарьян-Мар, Полярная улица, 7",Додо Пицца г. Москва (ООО АГОРА),150000.0,150000.0,RUR,150000.0,False,Опыт 1-3 года,,,,2026-09-13T11:44:57+03:00,https://hh.ru/vacancy/136495177,2627,False
hh.ru,137001145,Водитель 20-40 тонн,Транспорт и логистика,Ненецкий автономный округ,рабочий посёлок Белушья Губа,ООО Рт-Стройгрупп,180180.0,180180.0,RUR,180180.0,False,Опыт 1-3 года,,,,2026-09-13T11:44:57+03:00,https://hh.ru/vacancy/137001145,666,False
hh.ru,132342894,Менеджер пункта выдачи заказов Wildberries,Прочие профессии,Ненецкий автономный округ,"Нарьян-Мар, улица имени В.И. Ленина, 42",RWB (Wildberries & Russ),70400.0,0.0,RUR,35200.0,False,Без опыта,,,,2026-09-13T11:44:57+03:00,https://hh.ru/vacancy/132342894,1501,False
hh.ru,137179626,Повар,Рабочий и обслуживающий персонал,Ненецкий автономный округ,Нарьян-Мар,Российские Студенческие Отряды,75000.0,90000.0,RUR,82500.0,True,Без опыта,,,,2026-09-13T11:44:57+03:00,https://hh.ru/vacancy/137179626,1841,False
hh.ru,136981444,Сварщик НАКС,Инженерия и производство,Ненецкий автономный округ,Салехард,ООО Рт-Стройгрупп,247500.0,247500.0,RUR,247500.0,False,Опыт 1-3 года,,,,2026-09-13T11:44:57+03:00,https://hh.ru/vacancy/136981444,2171,False
hh.ru,136896846,Администратор магазина,Продажи и клиентский сервис,Ненецкий автономный округ,Нарьян-Мар,"Красное & Белое, розничная сеть",116000.0,0.0,RUR,58000.0,False,Без опыта,,,,2026-09-13T11:44:57+03:00,https://hh.ru/vacancy/136896846,248,False
hh.ru,136741744,Управляющий,Управление,Ненецкий автономный округ,"Нарьян-Мар, улица им. В.И.Ленина, 19","585, Золотой",71100.0,0.0,RUR,35550.0,True,Без опыта,,,,2026-09-13T11:44:57+03:00,https://hh.ru/vacancy/136741744,2624,False
hh.ru,136966532,Продавец-консультант (ТЦ Дружба),Продажи и клиентский сервис,Ненецкий автономный округ,"Нарьян-Мар, Рабочая улица, 4А",ЛЭтуаль Магазины,65000.0,0.0,RUR,32500.0,False,Без опыта,,,,2026-09-13T11:44:57+03:00,https://hh.ru/vacancy/136966532,2015,False
hh.ru,136352825,Продавец-универсал,Продажи и клиентский сервис,Ненецкий автономный округ,Нарьян-Мар,"Красное & Белое, розничная сеть",84000.0,0.0,RUR,42000.0,False,Без опыта,,,,2026-09-13T11:44:57+03:00,https://hh.ru/vacancy/136352825,2022,False
hh.ru,136558302,Инженер по обслуживанию банкоматов,Инженерия и производство,Ненецкий автономный округ,Нарьян-Мар,ООО Лесной,,,,,False,Опыт 1-3 года,,,,2026-09-13T11:44:57+03:00,https://hh.ru/vacancy/136558302,1069,False
hh.ru,135818168,Продавец-кассир (ул. Ленина),Продажи и клиентский сервис,Ненецкий автономный округ,"Нарьян-Мар, улица имени В.И. Ленина, 29А","ООО Бристоль, сеть магазинов, Работа в магазине",76000.0,88000.0,RUR,82000.0,True,Без опыта,,,,2026-09-13T11:44:57+03:00,https://hh.ru/vacancy/135818168,1991,False
hh.ru,136248660,Продавец товаров для активного отдыха Техносам,Продажи и клиентский сервис,Ненецкий автономный округ,"Нарьян-Мар, Полярная улица, 9","Лес и Дом,торговая сеть",70000.0,70000.0,RUR,70000.0,False,Опыт 1-3 года,,,,2026-09-13T11:44:57+03:00,https://hh.ru/vacancy/136248660,2021,False
hh.ru,137220210,Главный специалист (отдел экономической безопасности),Охрана и безопасность,Ненецкий автономный округ,"Нарьян-Мар, улица Смидовича, 25","«Почта России», Офис",70012.0,73817.0,RUR,71914.5,True,Опыт 1-3 года,,,,2026-09-13T11:44:57+03:00,https://hh.ru/vacancy/137220210,872,False
hh.ru,134198571,"Менеджер по продажам товаров для сна, г. Нарьян-Мар",Продажи и клиентский сервис,Ненецкий автономный округ,"Нарьян-Мар, Рабочая улица, 4А",«Сеть мебельных салонов»,100000.0,0.0,RUR,50000.0,True,Без опыта,,,,2026-09-13T11:44:57+03:00,https://hh.ru/vacancy/134198571,1445,False
hh.ru,134266970,"Директор салона, г. Нарьян-Мар",Управление,Ненецкий автономный округ,"Нарьян-Мар, Рабочая улица, 4А",«Сеть мебельных салонов»,60000.0,60000.0,RUR,60000.0,False,Опыт 1-3 года,,,,2026-09-13T11:44:57+03:00,https://hh.ru/vacancy/134266970,973,False
hh.ru,136728379,Бетонщик,Строительство и недвижимость,Ненецкий автономный округ,Вилючинск,ООО Рт-Стройгрупп,160160.0,160160.0,RUR,160160.0,False,Опыт 1-3 года,,,,2026-09-13T11:44:57+03:00,https://hh.ru/vacancy/136728379,384,False
hh.ru,136648696,Арматурщик,Прочие профессии,Ненецкий автономный округ,Вилючинск,ООО Рт-СтройСервис,160160.0,160160.0,RUR,160160.0,False,Опыт 1-3 года,,,,2026-09-13T11:44:57+03:00,https://hh.ru/vacancy/136648696,347,False
hh.ru,137000463,Водитель погрузчика,Транспорт и логистика,Ненецкий автономный округ,рабочий посёлок Белушья Губа,ООО Рт-Стройгрупп,170170.0,170170.0,RUR,170170.0,False,Опыт 1-3 года,,,,2026-09-13T11:44:57+03:00,https://hh.ru/vacancy/137000463,778,False
hh.ru,136978554,Электромонтажник,Инженерия и производство,Ненецкий автономный округ,Салехард,ООО Рт-Стройгрупп,168300.0,168300.0,RUR,168300.0,False,Опыт 1-3 года,,,,2026-09-13T11:44:57+03:00,https://hh.ru/vacancy/136978554,2698,False
hh.ru,136457398,Повар универсал,Рабочий и обслуживающий персонал,Ненецкий автономный округ,"Нарьян-Мар, улица имени В.И. Ленина, 35А",ИП Филиппов Григорий Алексеевич,120000.0,120000.0,RUR,120000.0,False,Опыт 1-3 года,,,,2026-09-13T11:44:57+03:00,https://hh.ru/vacancy/136457398,1845,False
hh.ru,137241702,Государственный инспектор по охране окружающей среды - Консультант (заместитель начальника отдела),Управление,Ненецкий автономный округ,"Нарьян-Мар, улица имени В.И. Ленина, 34",БАЛТИЙСКО-АРКТИЧЕСКОЕ МЕЖРЕГИОНАЛЬНОЕ УПРАВЛЕНИЕ РОСПРИРОДНАДЗОРА,64400.0,107580.0,RUR,85990.0,True,Без опыта,,,,2026-09-13T11:44:57+03:00,https://hh.ru/vacancy/137241702,891,False
hh.ru,137156127,Специалист контактного центра,Прочие профессии,Новгородская область,Великий Новгород,ООО Алмед Групп,55000.0,55000.0,RUR,55000.0,False,Опыт 1-3 года,,Удалённая работа,,2026-09-13T11:44:57+03:00,https://hh.ru/vacancy/137156127,2318,False
hh.ru,137054570,Администратор,Продажи и клиентский сервис,Новгородская область,Великий Новгород,ОАУКИ Новгородское Областное Театрально-Концертное Агентство,40000.0,50000.0,RUR,45000.0,True,Без опыта,,,,2026-09-13T11:44:57+03:00,https://hh.ru/vacancy/137054570,103,False
hh.ru,137059651,Помощница/помощник,Прочие профессии,Новгородская область,"Великий Новгород, улица Свободы, 11А",Смородина Софья Валерьевна,55000.0,0.0,RUR,27500.0,False,Без опыта,,,,2026-09-13T11:44:57+03:00,https://hh.ru/vacancy/137059651,1963,False
hh.ru,137166057,"Специалист по оперативному учету и 1С, бухгалтер (ТМЦ/производство)",Инженерия и производство,Новгородская область,"Великий Новгород, Московская улица, 53к4",ООО Экселлентпак,80000.0,80000.0,RUR,80000.0,True,Опыт 3-6 лет,,,,2026-09-13T11:44:57+03:00,https://hh.ru/vacancy/137166057,2424,False
hh.ru,137192236,Помощник/ассистент руководителя,Прочие профессии,Новгородская область,"Великий Новгород, Нехинская улица, 61",АО ДС Контролз,,,,,False,Опыт 1-3 года,,,,2026-09-13T11:44:57+03:00,https://hh.ru/vacancy/137192236,1864,False
hh.ru,137073118,Менеджер по работе с клиентами,Продажи и клиентский сервис,Новгородская область,"Великий Новгород, Кочетова, 30",Фонд Новгородский фонд поддержки малого предпринимательства,100000.0,110000.0,RUR,105000.0,True,Опыт 1-3 года,,,,2026-09-13T11:44:57+03:00,https://hh.ru/vacancy/137073118,1470,False
hh.ru,137038984,Оператор call-центра,Продажи и клиентский сервис,Новгородская область,Великий Новгород,Энергия,45000.0,0.0,RUR,22500.0,True,Без опыта,,Удалённая работа,,2026-09-13T11:44:57+03:00,https://hh.ru/vacancy/137038984,1640,False
hh.ru,137240775,Региональный представитель/Торговый представитель,Прочие профессии,Новгородская область,Великий Новгород,Альфа-Медика,117000.0,117000.0,RUR,117000.0,True,Опыт 1-3 года,,,,2026-09-13T11:44:57+03:00,https://hh.ru/vacancy/137240775,2089,False
hh.ru,137176597,Бухгалтер на первичную документацию,"Финансы, бухгалтерия и право",Новгородская область,"Великий Новгород, Лужский район, Магистральная улица, 7А",ООО Грит,80000.0,80000.0,RUR,80000.0,False,Опыт более 6 лет,,,,2026-09-13T11:44:57+03:00,https://hh.ru/vacancy/137176597,493,False
hh.ru,136906663,Электросварщик,Инженерия и производство,Новгородская область,Великий Новгород,ООО Альянсстроймонтаж,150000.0,150000.0,RUR,150000.0,True,Опыт 1-3 года,,,,2026-09-13T11:44:57+03:00,https://hh.ru/vacancy/136906663,2704,False
hh.ru,137255104,Менеджер по работе с клиентами,Продажи и клиентский сервис,Новгородская область,"Великий Новгород, Псковский район, Аркажская улица, 14",ООО Авис-Конструкция,80000.0,100000.0,RUR,90000.0,False,Опыт 1-3 года,,,,2026-09-13T11:44:57+03:00,https://hh.ru/vacancy/137255104,1461,False
hh.ru,136802694,Администратор в ветеринарный центр,Медицина и фармацевтика,Новгородская область,"Великий Новгород, Завокзальный район, Линейная улица, 20","ООО Котонай, Сеть ветеринарных клиник",70000.0,0.0,RUR,35000.0,True,Без опыта,,,,2026-09-13T11:44:57+03:00,https://hh.ru/vacancy/136802694,162,False
hh.ru,136423202,Специалист по эксплуатации беспилотных авиационных систем,Прочие профессии,Новгородская область,"Великий Новгород, район Торговая сторона, Ильина улица, 38",АНО Центр отраслевого применения беспилотных систем Новгородской области,84000.0,100000.0,RUR,92000.0,False,Без опыта,,,,2026-09-13T11:44:57+03:00,https://hh.ru/vacancy/136423202,2491,False
hh.ru,137164914,Администратор медицинского центра,Медицина и фармацевтика,Новгородская область,"Великий Новгород, Псковский район, Старорусский бульвар, 33","Хеликс, лабораторная служба",59100.0,59100.0,RUR,59100.0,False,Опыт 1-3 года,,,,2026-09-13T11:44:57+03:00,https://hh.ru/vacancy/137164914,257,False
hh.ru,137100635,Администратор в детскую столярную мастерскую,Продажи и клиентский сервис,Новгородская область,"Великий Новгород, Большая Московская улица, 140",ИП Григорьева Валентина Сергеевна,0.0,0.0,,,False,Без опыта,,,,2026-09-13T11:44:57+03:00,https://hh.ru/vacancy/137100635,168,False
hh.ru,137086120,Сиделка,Прочие профессии,Новгородская область,"Великий Новгород, улица Свободы, 11А",Смородина Софья Валерьевна,45000.0,0.0,RUR,22500.0,False,Без опыта,,,,2026-09-13T11:44:57+03:00,https://hh.ru/vacancy/137086120,2206,False
hh.ru,135721256,Ночной оператор автоматизированного оборудования,Прочие профессии,Новгородская область,Великий Новгород,ООО Специнжиниринг,100000.0,100000.0,RUR,100000.0,False,Опыт 1-3 года,,,,2026-09-13T11:44:57+03:00,https://hh.ru/vacancy/135721256,1602,False
hh.ru,137104672,Делопроизводитель,Транспорт и логистика,Новгородская область,"Великий Новгород, площадь Победы-Софийская, 1",Министерство строительства и жилищно-коммунального хозяйства Новгородской области,35000.0,0.0,RUR,17500.0,False,Без опыта,,,,2026-09-13T11:44:57+03:00,https://hh.ru/vacancy/137104672,921,False
hh.ru,136658848,Продавец-консультант в магазин интимных товаров,Продажи и клиентский сервис,Новгородская область,"Великий Новгород, Большая Санкт-Петербургская улица, 29/1",ИП Зеликов Роман Александрович,40000.0,40000.0,RUR,40000.0,False,Опыт 1-3 года,,,,2026-09-13T11:44:57+03:00,https://hh.ru/vacancy/136658848,2010,False
hh.ru,137037844,Менеджер по качеству,Прочие профессии,Новгородская область,"Великий Новгород, Торговая сторона, Никольская улица, 25",ОБЛАСТНОЕ БЮДЖЕТНОЕ УЧРЕЖДЕНИЕ НОВГОРОДСКАЯ ОБЛАСТНАЯ ВЕТЕРИНАРНАЯ ЛАБОРАТОРИЯ,70000.0,70000.0,RUR,70000.0,False,Опыт 1-3 года,,,,2026-09-13T11:44:57+03:00,https://hh.ru/vacancy/137037844,1379,False
hh.ru,137126634,Мастер участка (Великий Новгород),Рабочий и обслуживающий персонал,Новгородская область,Великий Новгород,ООО Специнжиниринг,120000.0,120000.0,RUR,120000.0,False,Опыт 1-3 года,,,,2026-09-13T11:44:57+03:00,https://hh.ru/vacancy/137126634,1288,False
hh.ru,137155736,Оператор линии ТВ,Прочие профессии,Новгородская область,Новгородский муниципальный округ,ООО ГигаФабрика,78000.0,0.0,RUR,39000.0,True,Без опыта,,,,2026-09-13T11:44:57+03:00,https://hh.ru/vacancy/137155736,1669,False
hh.ru,137198433,Главный бухгалтер,"Финансы, бухгалтерия и право",Новгородская область,"Великий Новгород, Нехинская улица, 61",АО ДС Контролз,,,,,False,Опыт более 6 лет,,,,2026-09-13T11:44:57+03:00,https://hh.ru/vacancy/137198433,848,False
hh.ru,137081356,Специалист по работе с клиентами,Продажи и клиентский сервис,Новгородская область,"Великий Новгород, Большая Санкт-Петербургская улица, 80",Воданов,50000.0,50000.0,RUR,50000.0,False,Опыт 1-3 года,,,,2026-09-13T11:44:57+03:00,https://hh.ru/vacancy/137081356,2448,False
hh.ru,137014533,Продавец-кассир,Продажи и клиентский сервис,Новгородская область,"Великий Новгород, Псковская улица, 13",Романов Максим Сергеевич,71000.0,136000.0,RUR,103500.0,False,Без опыта,,,,2026-09-13T11:44:57+03:00,https://hh.ru/vacancy/137014533,1985,False
hh.ru,136733055,Помощник флориста,Прочие профессии,Новгородская область,"Великий Новгород, Псковская улица",ООО Свиридов Владимир Валерьевич,40000.0,60000.0,RUR,50000.0,False,Без опыта,,,,2026-09-13T11:44:57+03:00,https://hh.ru/vacancy/136733055,1957,False
hh.ru,136484960,Водитель погрузчика,Транспорт и логистика,Новгородская область,деревня Подберезье,ООО ЭКСТРАВЕРТ,100000.0,140000.0,RUR,120000.0,False,Опыт 1-3 года,,,,2026-09-13T11:44:57+03:00,https://hh.ru/vacancy/136484960,779,False
hh.ru,137004262,Начальник экономического отдела,Управление,Новгородская область,"Великий Новгород, Нехинская улица, 61",Машиностроительная корпорация  Сплав,,,,,False,Опыт 3-6 лет,,,,2026-09-13T11:44:57+03:00,https://hh.ru/vacancy/137004262,1587,False
hh.ru,136608060,Менеджер по закупкам,Прочие профессии,Новгородская область,Пестово,Канадский дом,,,,,False,Опыт 3-6 лет,,Удалённая работа,,2026-09-13T11:44:57+03:00,https://hh.ru/vacancy/136608060,1366,False
hh.ru,137126434,Офис-менеджер,Прочие профессии,Новгородская область,"Боровичи, Пушкинская улица, 43",ООО Бизнес-юрист,50000.0,0.0,RUR,25000.0,False,Без опыта,,,,2026-09-13T11:44:57+03:00,https://hh.ru/vacancy/137126434,1759,False
hh.ru,137119061,Оператор производственной линии,Инженерия и производство,Новгородская область,"Новгородский район, территория промышленный район Лужский, 3",ООО Клишировка Юньчэн Новгород,80000.0,100000.0,RUR,90000.0,True,Без опыта,,,,2026-09-13T11:44:57+03:00,https://hh.ru/vacancy/137119061,1702,False
hh.ru,137154262,Печатник,Прочие профессии,Новгородская область,"Великий Новгород, Великая улица22с10",ИП Федосова Юлия Владимировна,50000.0,0.0,RUR,25000.0,False,Без опыта,,,,2026-09-13T11:44:57+03:00,https://hh.ru/vacancy/137154262,1836,False
hh.ru,137250232,Главный специалист отдела дополнительных услуг,Прочие профессии,Новгородская область,"Великий Новгород, Большая Санкт-Петербургская улица, 3",ПАО Россети Северо-Запад,83800.0,83800.0,RUR,83800.0,True,Опыт 1-3 года,,,,2026-09-13T11:44:57+03:00,https://hh.ru/vacancy/137250232,875,False
hh.ru,137159045,Руководитель административного офиса,Транспорт и логистика,Новгородская область,"Великий Новгород, район Софийская сторона, Чудинцева улица, 5","Фонд БЛАГОСОСТОЯНИЕ, Негосударственный пенсионный фонд",,,,,False,Опыт 3-6 лет,,,,2026-09-13T11:44:57+03:00,https://hh.ru/vacancy/137159045,2110,False
hh.ru,136976605,Помощник бухгалтера,"Финансы, бухгалтерия и право",Нижегородская область,Нижний Новгород,ООО СТАТУС ПЛЮС,30000.0,30000.0,RUR,30000.0,False,Опыт 1-3 года,,Удалённая работа,,2026-09-13T11:44:57+03:00,https://hh.ru/vacancy/136976605,1894,False
hh.ru,136874952,Оператор по работе с документами,Прочие профессии,Нижегородская область,Нижний Новгород,Газпром межрегионгаз,46000.0,0.0,RUR,23000.0,True,Без опыта,,,,2026-09-13T11:44:57+03:00,https://hh.ru/vacancy/136874952,1695,False
hh.ru,137053717,Модератор,Прочие профессии,Нижегородская область,Нижний Новгород,Все свои,26000.0,0.0,RUR,13000.0,True,Без опыта,,Удалённая работа,,2026-09-13T11:44:57+03:00,https://hh.ru/vacancy/137053717,1535,False
hh.ru,136975529,Специалист (архивариус),Прочие профессии,Нижегородская область,"Нижний Новгород, р-н Нижегородский",ЛУКОЙЛ,,,,,False,Опыт 1-3 года,,,,2026-09-13T11:44:57+03:00,https://hh.ru/vacancy/136975529,2288,False
hh.ru,136927567,Специалист чат-поддержки,Прочие профессии,Нижегородская область,Нижний Новгород,Ozon Банк,90000.0,0.0,RUR,45000.0,True,Без опыта,,Удалённая работа,,2026-09-13T11:44:57+03:00,https://hh.ru/vacancy/136927567,2519,False
hh.ru,136829490,Оператор на линию производства,Инженерия и производство,Нижегородская область,"Дзержинск, проспект Дзержинского, 32",ООО Металлопт-Нн,120000.0,0.0,RUR,60000.0,True,Без опыта,,,,2026-09-13T11:44:57+03:00,https://hh.ru/vacancy/136829490,1673,False
hh.ru,136957584,Редактор контента в команду авторской редакции,"Маркетинг, медиа и дизайн",Нижегородская область,Нижний Новгород,VK,0.0,0.0,,,False,Без опыта,,Удалённая работа,,2026-09-13T11:44:57+03:00,https://hh.ru/vacancy/136957584,2099,False
hh.ru,137233620,Специалист (Отдел документационного обеспечения),Прочие профессии,Нижегородская область,Нижний Новгород,АО Горьковский завод аппаратуры связи им. А.С. Попова,74000.0,104600.0,RUR,89300.0,True,Опыт 1-3 года,,,,2026-09-13T11:44:57+03:00,https://hh.ru/vacancy/137233620,2331,False
hh.ru,136251426,Менеджер по организации концертов и мероприятий /Event-менеджер Ледовая арена «VOLGA»,Прочие профессии,Нижегородская область,Нижний Новгород,АО Корпорация развития Нижегородской области,,,,,False,Опыт 3-6 лет,,,,2026-09-13T11:44:57+03:00,https://hh.ru/vacancy/136251426,1396,False
hh.ru,136776986,Специалист - делопроизводитель,Транспорт и логистика,Нижегородская область,"Нижний Новгород, р-н Нижегородский",ЛУКОЙЛ,,,,,False,Опыт 1-3 года,,,,2026-09-13T11:44:57+03:00,https://hh.ru/vacancy/136776986,2305,False
hh.ru,135909028,"Менеджер по продажам бань-бочек, брусовых и каркасных бань",Продажи и клиентский сервис,Нижегородская область,Нижний Новгород,Банька-бочка. Производство бань-бочек,120000.0,170000.0,RUR,145000.0,False,Опыт 1-3 года,,Удалённая работа,,2026-09-13T11:44:57+03:00,https://hh.ru/vacancy/135909028,1426,False
hh.ru,134046442,Менеджер чат-поддержки / оператор контакт-центра,Прочие профессии,Нижегородская область,Нижний Новгород,ВкусВилл. Офис,55000.0,75000.0,RUR,65000.0,False,Опыт 1-3 года,,Удалённая работа,,2026-09-13T11:44:57+03:00,https://hh.ru/vacancy/134046442,1510,False
hh.ru,136415961,Оператор на производственную линию,Инженерия и производство,Нижегородская область,Нижний Новгород,НЕПРОСПИ (федеральная розничная сеть по продаже домашнего текстиля).,110000.0,165000.0,RUR,137500.0,False,Без опыта,,,,2026-09-13T11:44:57+03:00,https://hh.ru/vacancy/136415961,1674,False
hh.ru,136408907,Специалист по созданию презентаций PowerPoint,Прочие профессии,Нижегородская область,Нижний Новгород,ПАО Ростелеком,60000.0,60000.0,RUR,60000.0,False,Опыт 1-3 года,,Удалённая работа,,2026-09-13T11:44:57+03:00,https://hh.ru/vacancy/136408907,2473,False
hh.ru,136502479,Младший специалист по верификации в VK,Прочие профессии,Нижегородская область,Нижний Новгород,VK,,,,,False,Опыт 1-3 года,,Удалённая работа,,2026-09-13T11:44:57+03:00,https://hh.ru/vacancy/136502479,1526,False
hh.ru,136558599,Администратор апартаментов,Продажи и клиентский сервис,Нижегородская область,Нижний Новгород,Завод Автоглушитель,70000.0,90000.0,RUR,80000.0,True,Опыт 3-6 лет,,Удалённая работа,,2026-09-13T11:44:57+03:00,https://hh.ru/vacancy/136558599,150,False
hh.ru,137199381,Графический дизайнер,"Маркетинг, медиа и дизайн",Нижегородская область,Нижний Новгород,Marshall Grill,,,,,False,Опыт 3-6 лет,,Удалённая работа,,2026-09-13T11:44:57+03:00,https://hh.ru/vacancy/137199381,895,False
hh.ru,136991030,Специалист по контекстной рекламе,"Маркетинг, медиа и дизайн",Нижегородская область,Нижний Новгород,DP-MARKETING,60000.0,80000.0,RUR,70000.0,False,Опыт 1-3 года,,Удалённая работа,,2026-09-13T11:44:57+03:00,https://hh.ru/vacancy/136991030,2408,False
hh.ru,136990108,"Менеджер по закупкам и сопровождению заказов (B2B, интернет-магазин ReMo-shop)",Продажи и клиентский сервис,Нижегородская область,Нижний Новгород,РеМо,57400.0,69000.0,RUR,63200.0,True,Без опыта,,Удалённая работа,,2026-09-13T11:44:57+03:00,https://hh.ru/vacancy/136990108,1374,False
hh.ru,136643311,Специалист по кадровому делопроизводству,Инженерия и производство,Нижегородская область,Нижний Новгород,MANGO OFFICE,,,,,False,Опыт 1-3 года,,Удалённая работа,,2026-09-13T11:44:57+03:00,https://hh.ru/vacancy/136643311,2399,False
hh.ru,134746684,Специалист по контекстной рекламе/ Директолог,"Маркетинг, медиа и дизайн",Нижегородская область,Нижний Новгород,АО Группа компаний Современные транспортные технологии,115000.0,115000.0,RUR,115000.0,True,Опыт 1-3 года,,Удалённая работа,,2026-09-13T11:44:57+03:00,https://hh.ru/vacancy/134746684,2409,False
hh.ru,136787456,Водитель категории B,Транспорт и логистика,Нижегородская область,"Елабужский район, Особая экономическая зона Алабуга",Алабуга. Эксплуатация объектов,150000.0,0.0,RUR,75000.0,True,Без опыта,,,,2026-09-13T11:44:57+03:00,https://hh.ru/vacancy/136787456,705,False
hh.ru,136680261,Бухгалтер,"Финансы, бухгалтерия и право",Нижегородская область,Нижний Новгород,VVP Group,95000.0,95000.0,RUR,95000.0,False,Опыт 1-3 года,,,,2026-09-13T11:44:57+03:00,https://hh.ru/vacancy/136680261,409,False
hh.ru,136582024,Специалист,Прочие профессии,Нижегородская область,"Нижний Новгород, р-н Нижегородский",ЛУКОЙЛ,65000.0,65000.0,RUR,65000.0,False,Опыт 1-3 года,,,,2026-09-13T11:44:57+03:00,https://hh.ru/vacancy/136582024,2273,False
hh.ru,136594067,Администратор,Продажи и клиентский сервис,Нижегородская область,"Нижний Новгород, р-н Ленинский",ООО Ультрамед,60000.0,0.0,RUR,30000.0,True,Без опыта,,,,2026-09-13T11:44:57+03:00,https://hh.ru/vacancy/136594067,126,False
hh.ru,137091775,Младший бухгалтер,"Финансы, бухгалтерия и право",Нижегородская область,Нижний Новгород,ООО Бридж Групп,45000.0,0.0,RUR,22500.0,True,Без опыта,,Удалённая работа,,2026-09-13T11:44:57+03:00,https://hh.ru/vacancy/137091775,1521,False
hh.ru,136560821,"Сотрудник на обработку обращений (чаты, без продаж)",Продажи и клиентский сервис,Нижегородская область,Нижний Новгород,ООО ТЕХНО,51800.0,0.0,RUR,25900.0,False,Без опыта,,Удалённая работа,,2026-09-13T11:44:57+03:00,https://hh.ru/vacancy/136560821,2254,False
hh.ru,137258376,Водитель,Транспорт и логистика,Нижегородская область,"Нижний Новгород, р-н Московский",ГК АВТОРУСЬ,140000.0,140000.0,RUR,140000.0,False,Опыт 1-3 года,,,,2026-09-13T11:44:57+03:00,https://hh.ru/vacancy/137258376,628,False
hh.ru,137208042,Специалист по электронному документообороту,Прочие профессии,Нижегородская область,"посёлок Ждановский, Придорожная улица, 12","АЛИДИ, Группа компаний",58000.0,0.0,RUR,29000.0,False,Без опыта,,,,2026-09-13T11:44:57+03:00,https://hh.ru/vacancy/137208042,2492,False
hh.ru,137259900,Офисный водитель,Транспорт и логистика,Нижегородская область,Нижний Новгород,ООО Эксим Интернешнл,80000.0,0.0,RUR,40000.0,True,Без опыта,,,,2026-09-13T11:44:57+03:00,https://hh.ru/vacancy/137259900,1785,False
hh.ru,137215671,Водитель,Транспорт и логистика,Нижегородская область,Нижний Новгород,ООО Прайм Авто,90000.0,90000.0,RUR,90000.0,True,Опыт 3-6 лет,,,,2026-09-13T11:44:57+03:00,https://hh.ru/vacancy/137215671,661,False
hh.ru,136996026,Редактор сообществ ВКонтакте,"Маркетинг, медиа и дизайн",Нижегородская область,Москва,VK,,,,,False,Опыт 1-3 года,,Удалённая работа,,2026-09-13T11:44:57+03:00,https://hh.ru/vacancy/136996026,2102,False
hh.ru,136793117,Помощник авитолога,Прочие профессии,Нижегородская область,Нижний Новгород,Онлайн-школа Умникс,20000.0,25000.0,RUR,22500.0,True,Без опыта,,Удалённая работа,,2026-09-13T11:44:57+03:00,https://hh.ru/vacancy/136793117,1860,False
hh.ru,136965164,Ассистент менеджера маркетплейсов (Wildberries),"Маркетинг, медиа и дизайн",Нижегородская область,Москва,ИП Бауткина Людмила Владимировна,25000.0,0.0,RUR,12500.0,False,Без опыта,,Удалённая работа,,2026-09-13T11:44:57+03:00,https://hh.ru/vacancy/136965164,361,False
hh.ru,136779487,"Руководитель обособленного подразделения, Новосибирск",Транспорт и логистика,Новосибирская область,Новосибирск,ИП Лихторович Марина Николаевна,150000.0,150000.0,RUR,150000.0,False,Опыт 1-3 года,,,,2026-09-13T11:44:57+03:00,https://hh.ru/vacancy/136779487,2122,False
hh.ru,136861852,Менеджер по перепискам в клуб знакомств,Прочие профессии,Новосибирская область,Новосибирск,ООО ОФИ,55000.0,95000.0,RUR,75000.0,False,Без опыта,,Удалённая работа,,2026-09-13T11:44:57+03:00,https://hh.ru/vacancy/136861852,1399,False
hh.ru,136504334,Администратор компьютерного клуба GodjiGame,Продажи и клиентский сервис,Новосибирская область,Новосибирск,ИП Хохлов Александр Сергеевич,45000.0,55000.0,RUR,50000.0,False,Без опыта,,,,2026-09-13T11:44:57+03:00,https://hh.ru/vacancy/136504334,245,False
hh.ru,136914819,Личный / семейный водитель,Транспорт и логистика,Новосибирская область,"Новосибирск, р-н Заельцовский",ИП Васильева Татьяна Ивановна,90000.0,90000.0,RUR,90000.0,False,Опыт 3-6 лет,,,,2026-09-13T11:44:57+03:00,https://hh.ru/vacancy/136914819,1266,False
hh.ru,136614950,Менеджер по входящим продажам в Telegram,Продажи и клиентский сервис,Новосибирская область,Новосибирск,ООО Радуга,150000.0,0.0,RUR,75000.0,False,Без опыта,,Удалённая работа,,2026-09-13T11:44:57+03:00,https://hh.ru/vacancy/136614950,1357,False
hh.ru,136790337,Администратор на ресепшен,Продажи и клиентский сервис,Новосибирская область,Новосибирск,Школа дизайна Art Style,87000.0,100000.0,RUR,93500.0,False,Без опыта,,,,2026-09-13T11:44:57+03:00,https://hh.ru/vacancy/136790337,273,False
hh.ru,136350498,Оператор контактного центра,Прочие профессии,Новосибирская область,Новосибирск,ГКУ НСО Служба 112,74000.0,0.0,RUR,37000.0,False,Без опыта,,,,2026-09-13T11:44:57+03:00,https://hh.ru/vacancy/136350498,1663,False
hh.ru,136878191,Личный водитель,Транспорт и логистика,Новосибирская область,Новосибирск,ИП Кеменова Мария Алексеевна,,,,,False,Опыт 1-3 года,,,,2026-09-13T11:44:57+03:00,https://hh.ru/vacancy/136878191,1251,False
hh.ru,137069656,Специалист по документообороту,Прочие профессии,Новосибирская область,Толмачево,ООО Элла Транс,23000.0,23000.0,RUR,23000.0,False,Опыт 1-3 года,,Удалённая работа,,2026-09-13T11:44:57+03:00,https://hh.ru/vacancy/137069656,2385,False
hh.ru,137112518,Специалист клиентского сервиса,Продажи и клиентский сервис,Новосибирская область,Новосибирск,ГК Черноголовка,,,,,False,Опыт 1-3 года,,Удалённая работа,,2026-09-13T11:44:57+03:00,https://hh.ru/vacancy/137112518,2315,False
hh.ru,136761642,Онлайн-консультант в мессенджер,Прочие профессии,Новосибирская область,Новосибирск,ИП Бочкарева Дарья Сергеевна,50000.0,75000.0,RUR,62500.0,False,Без опыта,,Удалённая работа,,2026-09-13T11:44:57+03:00,https://hh.ru/vacancy/136761642,1615,False
hh.ru,136829191,Выездной техник IT-поддержки (терминалы безналичной оплаты),Прочие профессии,Новосибирская область,Новосибирск,ООО Сбербанк-Сервис,100000.0,0.0,RUR,50000.0,True,Без опыта,,,,2026-09-13T11:44:57+03:00,https://hh.ru/vacancy/136829191,825,False
hh.ru,137221136,Помощник аналитика данных,Прочие профессии,Новосибирская область,Новосибирск,4 Колеса,50000.0,50000.0,RUR,50000.0,True,Опыт 1-3 года,,Удалённая работа,,2026-09-13T11:44:57+03:00,https://hh.ru/vacancy/137221136,1862,False
hh.ru,136229219,Администратор - управляющий,Продажи и клиентский сервис,Новосибирская область,Новосибирск,ПроКреатив,100000.0,0.0,RUR,50000.0,False,Без опыта,,,,2026-09-13T11:44:57+03:00,https://hh.ru/vacancy/136229219,328,False
hh.ru,136671404,Менеджер по договорной работе (согласователь),Прочие профессии,Новосибирская область,Новосибирск,ООО Приобские Сети,70000.0,80000.0,RUR,75000.0,False,Опыт 1-3 года,,,,2026-09-13T11:44:57+03:00,https://hh.ru/vacancy/136671404,1362,False
hh.ru,131277503,Бортпроводник в г. Новосибирск,Прочие профессии,Новосибирская область,"Новосибирская область, аэропорт Новосибирск (Толмачёво)",S7 Group,0.0,0.0,,,False,Без опыта,,,,2026-09-13T11:44:57+03:00,https://hh.ru/vacancy/131277503,405,False
hh.ru,136869273,Бухгалтер на первичную документацию,"Финансы, бухгалтерия и право",Новосибирская область,Новосибирск,HILLSTROY,80000.0,80000.0,RUR,80000.0,True,Опыт 1-3 года,,,,2026-09-13T11:44:57+03:00,https://hh.ru/vacancy/136869273,477,False
hh.ru,136774938,Фасовщик новогодних подарков,Прочие профессии,Новосибирская область,Новосибирск,ЗАО Шоколадная фабрика Новосибирская,40000.0,0.0,RUR,20000.0,True,Без опыта,,,,2026-09-13T11:44:57+03:00,https://hh.ru/vacancy/136774938,2654,False
hh.ru,136866774,Администратор выходного дня,Продажи и клиентский сервис,Новосибирская область,Новосибирск,Я - Актер! Детская театральная студия,40000.0,0.0,RUR,20000.0,False,Без опыта,,,,2026-09-13T11:44:57+03:00,https://hh.ru/vacancy/136866774,214,False
hh.ru,136400037,Администратор в центр диагностики МРТ и КТ,Продажи и клиентский сервис,Новосибирская область,"Новосибирск, р-н Калининский",ООО МРТ Гранд,45000.0,58000.0,RUR,51500.0,True,Без опыта,,,,2026-09-13T11:44:57+03:00,https://hh.ru/vacancy/136400037,208,False
hh.ru,137132876,Ведущий эксперт отдела организации управления и кадровой работы,Прочие профессии,Новосибирская область,"Новосибирск, р-н Центральный",Министерство образования Новосибирской области,45000.0,0.0,RUR,22500.0,False,Без опыта,,,,2026-09-13T11:44:57+03:00,https://hh.ru/vacancy/137132876,615,False
hh.ru,137185835,Администратор женского клуба DUSHA,Продажи и клиентский сервис,Новосибирская область,Новосибирск,ИП Кузнецова Мария Дмитриевна,60000.0,110000.0,RUR,85000.0,False,Без опыта,,,,2026-09-13T11:44:57+03:00,https://hh.ru/vacancy/137185835,225,False
hh.ru,136816351,Ночной менеджер по проверке текстовых работ,Прочие профессии,Новосибирская область,Новосибирск,ООО Ворк5,35000.0,50000.0,RUR,42500.0,False,Без опыта,,Удалённая работа,,2026-09-13T11:44:57+03:00,https://hh.ru/vacancy/136816351,1601,False
hh.ru,136989960,Ведущий специалист по закупкам,Прочие профессии,Новосибирская область,Новосибирск,АО Стройтранснефтегаз,,,,,False,Опыт 3-6 лет,,,,2026-09-13T11:44:57+03:00,https://hh.ru/vacancy/136989960,598,False
hh.ru,137017222,Помощник/ассистент руководителя,Прочие профессии,Новосибирская область,Новосибирск,ООО Автоформат,80000.0,110000.0,RUR,95000.0,False,Опыт 1-3 года,,,,2026-09-13T11:44:57+03:00,https://hh.ru/vacancy/137017222,1870,False
hh.ru,136560503,Сотрудник по ведению пользователей в онлайн-чате,Прочие профессии,Новосибирская область,Новосибирск,ООО ЛИАНДРА,52700.0,0.0,RUR,26350.0,False,Без опыта,,Удалённая работа,,2026-09-13T11:44:57+03:00,https://hh.ru/vacancy/136560503,2260,False
hh.ru,136702618,Заливщица/Заливщик,Прочие профессии,Новосибирская область,Новосибирск,Завод строительных материалов 7 (ООО ЗСМ 7),80000.0,0.0,RUR,40000.0,False,Без опыта,,,,2026-09-13T11:44:57+03:00,https://hh.ru/vacancy/136702618,1017,False
hh.ru,136845314,Помощник юриста,"Финансы, бухгалтерия и право",Новосибирская область,Новосибирск,ООО Гарда Логистик,80000.0,0.0,RUR,40000.0,False,Без опыта,,,,2026-09-13T11:44:57+03:00,https://hh.ru/vacancy/136845314,1962,False
hh.ru,136540365,Печатник УФ-принтера,Прочие профессии,Новосибирская область,Новосибирск,КЕЙС ПЛЭЙС,65000.0,90000.0,RUR,77500.0,False,Без опыта,,,,2026-09-13T11:44:57+03:00,https://hh.ru/vacancy/136540365,1837,False
hh.ru,136691410,Разнорабочий в порт,Рабочий и обслуживающий персонал,Новосибирская область,деревня Вистино,Ультрамар,350000.0,0.0,RUR,175000.0,True,Без опыта,,,,2026-09-13T11:44:57+03:00,https://hh.ru/vacancy/136691410,2064,False
hh.ru,137154855,Администратор центра психологии и психотерапии,Продажи и клиентский сервис,Новосибирская область,Новосибирск,Центр психологии и психиатрии Модус,57000.0,62000.0,RUR,59500.0,False,Опыт 1-3 года,,,,2026-09-13T11:44:57+03:00,https://hh.ru/vacancy/137154855,334,False
hh.ru,136986643,Тендерный специалист,Прочие профессии,Новосибирская область,Новосибирск,ФБА Гарант,80000.0,120000.0,RUR,100000.0,False,Опыт 1-3 года,,Удалённая работа,,2026-09-13T11:44:57+03:00,https://hh.ru/vacancy/136986643,2565,False
hh.ru,136817659,Администратор салона красоты,Продажи и клиентский сервис,Новосибирская область,Новосибирск,КОЛОРМИРА,50000.0,100000.0,RUR,75000.0,False,Без опыта,,,,2026-09-13T11:44:57+03:00,https://hh.ru/vacancy/136817659,306,False
hh.ru,137038896,Менеджер по клиентскому сервису,Продажи и клиентский сервис,Новосибирская область,Новосибирск,2ГИС.Коммерция,45000.0,60000.0,RUR,52500.0,False,Без опыта,,,,2026-09-13T11:44:57+03:00,https://hh.ru/vacancy/137038896,1380,False
hh.ru,136882459,Хостес FRANK by Баста,Прочие профессии,Омская область,"Омск, р-н Центральный",FRANK,46000.0,0.0,RUR,23000.0,False,Без опыта,,,,2026-09-13T11:44:57+03:00,https://hh.ru/vacancy/136882459,2670,False
hh.ru,136791793,Официант FRANK by Баста,Продажи и клиентский сервис,Омская область,"Омск, р-н Центральный",FRANK,80000.0,80000.0,RUR,80000.0,False,Опыт 1-3 года,,,,2026-09-13T11:44:57+03:00,https://hh.ru/vacancy/136791793,1791,False
hh.ru,136476391,Инспектор по досмотру,Прочие профессии,Омская область,"Омск, р-н Кировский",ОАО Омский аэропорт,46000.0,53000.0,RUR,49500.0,False,Без опыта,,,,2026-09-13T11:44:57+03:00,https://hh.ru/vacancy/136476391,1098,False
hh.ru,136791725,Оператор call-центра,Продажи и клиентский сервис,Омская область,Омск,Японский домик,35000.0,0.0,RUR,17500.0,False,Без опыта,,Удалённая работа,,2026-09-13T11:44:57+03:00,https://hh.ru/vacancy/136791725,1641,False
hh.ru,136896583,Специалист по документообороту,Прочие профессии,Омская область,"Омск, р-н Центральный","Банк ВТБ (ПАО), Подразделения Поддержки и Контроля",0.0,0.0,,,False,Без опыта,,,,2026-09-13T11:44:57+03:00,https://hh.ru/vacancy/136896583,2377,True
hh.ru,137227534,Специалист по документообороту,Прочие профессии,Омская область,"Омск, р-н Центральный","Банк ВТБ (ПАО), Подразделения Поддержки и Контроля",0.0,0.0,,,False,Без опыта,,,,2026-09-13T11:44:57+03:00,https://hh.ru/vacancy/137227534,2377,True
hh.ru,136748570,Администратор салона красоты,Продажи и клиентский сервис,Омская область,"Омск, р-н Центральный",ИП Казымбаева Айна Ахылбековна,40000.0,55000.0,RUR,47500.0,False,Без опыта,,,,2026-09-13T11:44:57+03:00,https://hh.ru/vacancy/136748570,305,False
hh.ru,135194061,Машинист стационарного бетононасоса (СТАЖЕР),Транспорт и логистика,Омская область,"Омск, р-н Ленинский",ООО DOGMA,100000.0,200000.0,RUR,150000.0,False,Без опыта,,,,2026-09-13T11:44:57+03:00,https://hh.ru/vacancy/135194061,1293,False
hh.ru,137131762,Специалист отдела клиентского сервиса,Продажи и клиентский сервис,Омская область,"Омск, р-н Кировский",ООО Алкогольная Сибирская группа (АСГ),50000.0,55000.0,RUR,52500.0,False,Без опыта,,Удалённая работа,,2026-09-13T11:44:57+03:00,https://hh.ru/vacancy/137131762,2343,False
hh.ru,137033834,Менеджер по работе с сайтом,Прочие профессии,Омская область,"Омск, р-н Центральный",Цветочная мастерская Флорида,40000.0,45000.0,RUR,42500.0,False,Без опыта,,,,2026-09-13T11:44:57+03:00,https://hh.ru/vacancy/137033834,1480,False
hh.ru,136351646,Флорист в цветочный салон,Прочие профессии,Омская область,"Омск, р-н Советский",Цветочный салон Say Yes!,50000.0,0.0,RUR,25000.0,False,Без опыта,,,,2026-09-13T11:44:57+03:00,https://hh.ru/vacancy/136351646,2664,False
hh.ru,136002692,Администратор в детский центр,Продажи и клиентский сервис,Омская область,"Омск, р-н Советский",Коррекционно-логопедический центр Говорун,40000.0,40000.0,RUR,40000.0,False,Опыт 1-3 года,,,,2026-09-13T11:44:57+03:00,https://hh.ru/vacancy/136002692,166,False
hh.ru,136930256,Продавец-консультант в Vape Shop,Продажи и клиентский сервис,Омская область,"Омск, р-н Кировский",ИП Тен Антон Александрович,40000.0,85000.0,RUR,62500.0,False,Без опыта,,,,2026-09-13T11:44:57+03:00,https://hh.ru/vacancy/136930256,2007,False
hh.ru,136315692,Администратор игрового клуба,Продажи и клиентский сервис,Омская область,"Омск, р-н Кировский",ИП Ли Максим,35000.0,45000.0,RUR,40000.0,False,Без опыта,,,,2026-09-13T11:44:57+03:00,https://hh.ru/vacancy/136315692,229,False
hh.ru,137170553,Администратор,Продажи и клиентский сервис,Омская область,"Омск, р-н Центральный",KDL,55000.0,55000.0,RUR,55000.0,False,Опыт 1-3 года,,,,2026-09-13T11:44:57+03:00,https://hh.ru/vacancy/137170553,62,False
hh.ru,136548788,Менеджер по перепискам в социальных сетях,Прочие профессии,Омская область,Омск,Rianty,10000.0,30000.0,RUR,20000.0,False,Без опыта,,Удалённая работа,,2026-09-13T11:44:57+03:00,https://hh.ru/vacancy/136548788,1400,False
hh.ru,136749088,Гардеробщик,Прочие профессии,Омская область,"Омск, р-н Центральный",ООО ОВА траст,30000.0,0.0,RUR,15000.0,False,Без опыта,,,,2026-09-13T11:44:57+03:00,https://hh.ru/vacancy/136749088,834,False
hh.ru,137134611,Бортпроводник бизнес-авиации,Прочие профессии,Омская область,"Омск, р-н Центральный","Вельталь, группа компаний",140000.0,140000.0,RUR,140000.0,False,Опыт 1-3 года,,,,2026-09-13T11:44:57+03:00,https://hh.ru/vacancy/137134611,404,False
hh.ru,137174293,Региональный менеджер по продажам,Продажи и клиентский сервис,Омская область,Омск,AceCase,180000.0,180000.0,RUR,180000.0,True,Опыт 3-6 лет,,,,2026-09-13T11:44:57+03:00,https://hh.ru/vacancy/137174293,2080,False
hh.ru,136449431,Бухгалтер,"Финансы, бухгалтерия и право",Омская область,"Омск, р-н Советский",ООО Нефтегазовые Технологии Строительства,70000.0,70000.0,RUR,70000.0,False,Опыт 3-6 лет,,,,2026-09-13T11:44:57+03:00,https://hh.ru/vacancy/136449431,443,False
hh.ru,135868010,Врач стоматолог ортопед/ врач стоматолог терапевт,Медицина и фармацевтика,Омская область,"Омск, р-н Центральный",ООО СМАЙЛ,500000.0,500000.0,RUR,500000.0,False,Опыт 3-6 лет,,,,2026-09-13T11:44:57+03:00,https://hh.ru/vacancy/135868010,823,False
hh.ru,137228459,Водитель-экспедитор на автомобиль компании Гранта (каблучок),Транспорт и логистика,Омская область,"Омск, р-н Центральный",ООО Юкомилк,60000.0,60000.0,RUR,60000.0,False,Опыт 3-6 лет,,,,2026-09-13T11:44:57+03:00,https://hh.ru/vacancy/137228459,820,False
hh.ru,137232741,Секретарь,Прочие профессии,Омская область,"Омск, р-н Центральный",АО Высокие технологии,61530.0,61530.0,RUR,61530.0,False,Опыт 1-3 года,,,,2026-09-13T11:44:57+03:00,https://hh.ru/vacancy/137232741,2173,False
hh.ru,136375333,Графический дизайнер,"Маркетинг, медиа и дизайн",Омская область,"Омск, р-н Кировский",Фаворит фото,50000.0,50000.0,RUR,50000.0,False,Опыт 1-3 года,,Удалённая работа,,2026-09-13T11:44:57+03:00,https://hh.ru/vacancy/136375333,905,False
hh.ru,137253971,"Водитель автомобиля (категории В,С)",Транспорт и логистика,Омская область,"Омск, р-н Советский",ООО СтройКонтроль,70000.0,70000.0,RUR,70000.0,False,Опыт 1-3 года,,,,2026-09-13T11:44:57+03:00,https://hh.ru/vacancy/137253971,685,False
hh.ru,137195911,"Территориальный менеджер по продажам (Омск, Новосибирск)",Продажи и клиентский сервис,Омская область,"Рязань, р-н Советский",Absolute Petfood,130000.0,130000.0,RUR,130000.0,False,Опыт 1-3 года,,,,2026-09-13T11:44:57+03:00,https://hh.ru/vacancy/137195911,2568,False
hh.ru,136770102,Специалист по работе со зрителями,Прочие профессии,Омская область,"Омск, р-н Кировский",ООО Хоккейный клуб Авангард,,,,,False,Опыт 1-3 года,,,,2026-09-13T11:44:57+03:00,https://hh.ru/vacancy/136770102,2465,False
hh.ru,137123021,Менеджер-координатор,Прочие профессии,Омская область,"Омск, р-н Центральный",ООО Алкогольная Сибирская группа (АСГ),,,,,False,Опыт 1-3 года,,,,2026-09-13T11:44:57+03:00,https://hh.ru/vacancy/137123021,1333,False
hh.ru,136068805,Специалист обработки заявок по ипотеке,Прочие профессии,Омская область,"Омск, р-н Центральный",АО Азиатско-Тихоокеанский Банк,55000.0,55000.0,RUR,55000.0,False,Опыт 1-3 года,,,,2026-09-13T11:44:57+03:00,https://hh.ru/vacancy/136068805,2326,False
hh.ru,136443527,Менеджер по логистике,Транспорт и логистика,Омская область,"Омск, р-н Кировский",ITECO,90000.0,120000.0,RUR,105000.0,True,Без опыта,,,,2026-09-13T11:44:57+03:00,https://hh.ru/vacancy/136443527,1382,False
hh.ru,134585311,Упаковщик / фасовщик,Прочие профессии,Омская область,"Омск, р-н Ленинский",ООО Омский Завод Литьевых Пластмасс,3600.0,4000.0,RUR,3800.0,False,Без опыта,,,,2026-09-13T11:44:57+03:00,https://hh.ru/vacancy/134585311,2621,False
hh.ru,136531213,Управляющий филиалом,Управление,Омская область,"Омск, р-н Центральный",FoodGarden,70000.0,100000.0,RUR,85000.0,False,Опыт 1-3 года,,,,2026-09-13T11:44:57+03:00,https://hh.ru/vacancy/136531213,2637,False
hh.ru,137270290,Администратор,Продажи и клиентский сервис,Омская область,"Омск, р-н Центральный",Честная Стоматология,55000.0,65000.0,RUR,60000.0,False,Без опыта,,,,2026-09-13T11:44:57+03:00,https://hh.ru/vacancy/137270290,146,False
hh.ru,137178181,SMM-специалист,"Маркетинг, медиа и дизайн",Омская область,"Омск, р-н Центральный",Мармеладная бочка,40000.0,40000.0,RUR,40000.0,False,Опыт 1-3 года,,,,2026-09-13T11:44:57+03:00,https://hh.ru/vacancy/137178181,46,False
hh.ru,136896172,Инспектор по защите объектов Оренбургского ГПЗ,Прочие профессии,Оренбургская область,Оренбургский район,ООО Газпром переработка,240000.0,260000.0,RUR,250000.0,False,Без опыта,,,,2026-09-13T11:44:57+03:00,https://hh.ru/vacancy/136896172,1101,False
hh.ru,136862740,Помощник руководителя,Прочие профессии,Оренбургская область,"Оренбург, р-н Центральный",ООО Строительно-Торговая Компания,120000.0,120000.0,RUR,120000.0,False,Опыт 1-3 года,,,,2026-09-13T11:44:57+03:00,https://hh.ru/vacancy/136862740,1943,False
hh.ru,136766094,Технический специалист,Прочие профессии,Оренбургская область,"Оренбург, р-н Центральный",БК Отчет,50000.0,70000.0,RUR,60000.0,False,Опыт 1-3 года,,Удалённая работа,,2026-09-13T11:44:57+03:00,https://hh.ru/vacancy/136766094,2582,False
hh.ru,136318971,Бариста,Продажи и клиентский сервис,Оренбургская область,"Оренбург, р-н Ленинский",Сначала Кофе (ИП Федоров Алексей Алексеевич),40000.0,0.0,RUR,20000.0,False,Без опыта,,,,2026-09-13T11:44:57+03:00,https://hh.ru/vacancy/136318971,377,False
hh.ru,137105439,Специалист по тендерам и аукционам,Прочие профессии,Оренбургская область,"Орск, Дорожная улица, 21",ООО УК Машинвесткапитал,70000.0,70000.0,RUR,70000.0,False,Опыт 1-3 года,,,,2026-09-13T11:44:57+03:00,https://hh.ru/vacancy/137105439,2482,False
hh.ru,135713658,Специалист по первичному документообороту,Прочие профессии,Оренбургская область,"Орск, улица Крупской, 1",ЦБУ,68000.0,68000.0,RUR,68000.0,False,Опыт 1-3 года,,,,2026-09-13T11:44:57+03:00,https://hh.ru/vacancy/135713658,2429,False
hh.ru,137193425,Генеральный директор,Управление,Оренбургская область,"Оренбург, р-н Ленинский",АО Антал Таланты,400000.0,400000.0,RUR,400000.0,True,Опыт более 6 лет,,,,2026-09-13T11:44:57+03:00,https://hh.ru/vacancy/137193425,836,False
hh.ru,136558204,Помощник бухгалтера,"Финансы, бухгалтерия и право",Оренбургская область,Санкт-Петербург,ИП Сафиулин Константин Сергеевич,45000.0,45000.0,RUR,45000.0,False,Опыт 1-3 года,,Удалённая работа,,2026-09-13T11:44:57+03:00,https://hh.ru/vacancy/136558204,1885,False
hh.ru,137267268,Оператор видеонаблюдения,Прочие профессии,Оренбургская область,"Оренбург, р-н Дзержинский",ООО Городская Стоматология,50000.0,60000.0,RUR,55000.0,False,Опыт более 6 лет,,Удалённая работа,,2026-09-13T11:44:57+03:00,https://hh.ru/vacancy/137267268,1652,False
hh.ru,136837974,Помощник бухгалтера,"Финансы, бухгалтерия и право",Оренбургская область,Оренбург,ИП Белоусова Наталья Борисовна,40000.0,0.0,RUR,20000.0,True,Без опыта,,,,2026-09-13T11:44:57+03:00,https://hh.ru/vacancy/136837974,1883,False
hh.ru,136824956,Контент маркетолог/ SMM стратег,"Маркетинг, медиа и дизайн",Оренбургская область,"Оренбург, р-н Промышленный",Rock Lab,120000.0,120000.0,RUR,120000.0,True,Опыт 1-3 года,,Удалённая работа,,2026-09-13T11:44:57+03:00,https://hh.ru/vacancy/136824956,1188,False
hh.ru,136778085,Диспетчер,Транспорт и логистика,Оренбургская область,"Оренбург, р-н Ленинский",Газпром межрегионгаз,62000.0,64000.0,RUR,63000.0,True,Опыт 1-3 года,,,,2026-09-13T11:44:57+03:00,https://hh.ru/vacancy/136778085,982,False
hh.ru,136992569,Ведущий бухгалтер,"Финансы, бухгалтерия и право",Оренбургская область,"Оренбург, р-н Дзержинский",ООО Терриген,100000.0,100000.0,RUR,100000.0,True,Опыт 3-6 лет,,,,2026-09-13T11:44:57+03:00,https://hh.ru/vacancy/136992569,557,False
hh.ru,136636106,Сторож (охранник),Охрана и безопасность,Оренбургская область,"Оренбургский район, р-н Дзержинский",ООО Делайн,30000.0,45000.0,RUR,37500.0,False,Без опыта,,,,2026-09-13T11:44:57+03:00,https://hh.ru/vacancy/136636106,2551,False
hh.ru,136688840,Event-менеджер,Прочие профессии,Оренбургская область,"Оренбург, р-н Дзержинский",Тапрум Степь и Ветер,80000.0,80000.0,RUR,80000.0,False,Опыт 1-3 года,,,,2026-09-13T11:44:57+03:00,https://hh.ru/vacancy/136688840,6,False
hh.ru,137016245,Администратор в агентство недвижимости Башня,Строительство и недвижимость,Оренбургская область,"Оренбург, р-н Центральный",Башня агентство недвижимости ( ИП Шеховцов Игорь Максимович),50000.0,0.0,RUR,25000.0,False,Без опыта,,,,2026-09-13T11:44:57+03:00,https://hh.ru/vacancy/137016245,160,False
hh.ru,137154394,Водитель,Транспорт и логистика,Оренбургская область,"Оренбург, р-н Ленинский",ИП Молчанов,,,,,False,Опыт 1-3 года,,,,2026-09-13T11:44:57+03:00,https://hh.ru/vacancy/137154394,634,False
hh.ru,136787459,Водитель категории B,Транспорт и логистика,Оренбургская область,"Елабужский район, Особая экономическая зона Алабуга",Алабуга. Эксплуатация объектов,150000.0,0.0,RUR,75000.0,True,Без опыта,,,,2026-09-13T11:44:57+03:00,https://hh.ru/vacancy/136787459,706,False
hh.ru,137043865,Водитель служебного автомобиля (иномарка),Транспорт и логистика,Оренбургская область,"Оренбург, р-н Ленинский",ООО СТРОЙЛАНДИЯ.РУ,52000.0,52000.0,RUR,52000.0,True,Опыт 3-6 лет,,,,2026-09-13T11:44:57+03:00,https://hh.ru/vacancy/137043865,790,False
hh.ru,136717706,Администратор регистратуры,Продажи и клиентский сервис,Оренбургская область,"Оренбург, р-н Ленинский",Медицинское Частное учреждение Горздрав,40000.0,50000.0,RUR,45000.0,False,Без опыта,,,,2026-09-13T11:44:57+03:00,https://hh.ru/vacancy/136717706,294,False
hh.ru,137041728,Администратор-кассир на ресепшен TERMOLAND (г. Оренбург),Продажи и клиентский сервис,Оренбургская область,"Оренбург, р-н Дзержинский",TERMOLAND,50000.0,70000.0,RUR,60000.0,True,Опыт 1-3 года,,,,2026-09-13T11:44:57+03:00,https://hh.ru/vacancy/137041728,233,False
hh.ru,137229726,Агент по специальному обслуживанию пассажиров,Прочие профессии,Оренбургская область,"Оренбургский район, аэропорт Оренбург имени Ю.А. Гагарина",АО Аэропорт Оренбург,51500.0,0.0,RUR,25750.0,True,Без опыта,,,,2026-09-13T11:44:57+03:00,https://hh.ru/vacancy/137229726,53,False
hh.ru,137232934,Юрист начального уровня/помощник юриста,"Финансы, бухгалтерия и право",Оренбургская область,"Оренбург, р-н Дзержинский",ООО ЮНИКСИС,30000.0,50000.0,RUR,40000.0,False,Без опыта,,,,2026-09-13T11:44:57+03:00,https://hh.ru/vacancy/137232934,2733,False
hh.ru,137047820,Бухгалтер на первичную документацию,"Финансы, бухгалтерия и право",Оренбургская область,"Оренбург, р-н Ленинский",ООО Орь,60000.0,70000.0,RUR,65000.0,False,Опыт 3-6 лет,,,,2026-09-13T11:44:57+03:00,https://hh.ru/vacancy/137047820,496,False
hh.ru,136871451,Бухгалтер,"Финансы, бухгалтерия и право",Оренбургская область,"Оренбург, р-н Ленинский",ООО Недра-К,100000.0,100000.0,RUR,100000.0,True,Опыт 3-6 лет,,,,2026-09-13T11:44:57+03:00,https://hh.ru/vacancy/136871451,442,False
hh.ru,137121473,Бухгалтер,"Финансы, бухгалтерия и право",Оренбургская область,"Оренбург, р-н Дзержинский",ООО Альфа-Строй,70000.0,70000.0,RUR,70000.0,False,Опыт 3-6 лет,,,,2026-09-13T11:44:57+03:00,https://hh.ru/vacancy/137121473,428,False
hh.ru,136731815,"Специалист технической поддержки, Ozon Tech, г. Оренбург",Прочие профессии,Оренбургская область,"Оренбург, р-н Дзержинский",Ozon Tech,,,,,False,Опыт 1-3 года,,,,2026-09-13T11:44:57+03:00,https://hh.ru/vacancy/136731815,2512,False
hh.ru,135927361,Диспетчер в строительную компанию,Строительство и недвижимость,Оренбургская область,"Оренбург, р-н Ленинский",ООО РСК Вавилон,40000.0,0.0,RUR,20000.0,False,Без опыта,,Удалённая работа,,2026-09-13T11:44:57+03:00,https://hh.ru/vacancy/135927361,992,False
hh.ru,137162483,Водитель на автомобиле компании (Категория Б),Транспорт и логистика,Оренбургская область,"Оренбург, р-н Центральный",ООО Про Групп,100000.0,156978.0,RUR,128489.0,False,Опыт 3-6 лет,,,,2026-09-13T11:44:57+03:00,https://hh.ru/vacancy/137162483,763,False
hh.ru,135743071,"Ведущий специалист МФЦ (в офис, ул. Марины Расковой, 10 Б, пом. 2)",Прочие профессии,Оренбургская область,"Оренбург, р-н Центральный",Многофункциональный центр предоставления государственных и муниципальных услуг,36000.0,0.0,RUR,18000.0,False,Без опыта,,,,2026-09-13T11:44:57+03:00,https://hh.ru/vacancy/135743071,587,False
hh.ru,137033873,Администратор,Продажи и клиентский сервис,Оренбургская область,"Оренбург, р-н Дзержинский",ООО Гранит,65000.0,0.0,RUR,32500.0,False,Без опыта,,,,2026-09-13T11:44:57+03:00,https://hh.ru/vacancy/137033873,113,False
hh.ru,137271295,Инженер по ОТ и ПБ,Инженерия и производство,Оренбургская область,"Оренбург, р-н Центральный",ООО Святоград Наследие Руси,80000.0,135000.0,RUR,107500.0,False,Опыт 3-6 лет,,,,2026-09-13T11:44:57+03:00,https://hh.ru/vacancy/137271295,1070,False
hh.ru,137039850,Администратор медицинского центра (медицинский регистратор),Медицина и фармацевтика,Оренбургская область,"Оренбург, р-н Ленинский",ООО Смотри Клиника,50000.0,60000.0,RUR,55000.0,False,Опыт 1-3 года,,,,2026-09-13T11:44:57+03:00,https://hh.ru/vacancy/137039850,259,False
hh.ru,136917772,Программист 1С-Стажёр/Сервис-Инженер Стажёр,Информационные технологии,Оренбургская область,"Оренбург, р-н Центральный",ООО Автоматизация и Сервис,30000.0,0.0,RUR,15000.0,True,Без опыта,,Удалённая работа,,2026-09-13T11:44:57+03:00,https://hh.ru/vacancy/136917772,1974,False
hh.ru,137009498,Комплектовщик (оператор склада),Транспорт и логистика,Орловская область,Мценск,Мясницкий ряд,204800.0,235000.0,RUR,219900.0,False,Без опыта,,,,2026-09-13T11:44:57+03:00,https://hh.ru/vacancy/137009498,1168,False
hh.ru,137074921,Монтажник по монтажу стальных и железобетонных конструкций,Строительство и недвижимость,Орловская область,Ливны,ОАО Российские железные дороги,150000.0,150000.0,RUR,150000.0,True,Опыт 3-6 лет,,,,2026-09-13T11:44:57+03:00,https://hh.ru/vacancy/137074921,1547,False
hh.ru,135667702,Курьер в сервис Яндекс Еда (заказы до 3 кг),Транспорт и логистика,Орловская область,Орел,Яндекс.Еда,190000.0,0.0,RUR,95000.0,True,Без опыта,,,,2026-09-13T11:44:57+03:00,https://hh.ru/vacancy/135667702,1226,False
hh.ru,136678233,Социальный работник,Прочие профессии,Орловская область,"Орёл, 3-я Курская улица, 53",БУ ОО КЦСОН Железнодорожного района г. Орла,45000.0,0.0,RUR,22500.0,True,Без опыта,,,,2026-09-13T11:44:57+03:00,https://hh.ru/vacancy/136678233,2266,False
hh.ru,136817017,Начинающий менеджер поддержки (подтверждение заявок),Прочие профессии,Орловская область,Мценск,ИП Грешнякова Диана Дмитриевна,40100.0,52000.0,RUR,46050.0,True,Без опыта,,Удалённая работа,,2026-09-13T11:44:57+03:00,https://hh.ru/vacancy/136817017,1591,False
hh.ru,135664143,Специалист технической поддержки роботов-доставщиков,Прочие профессии,Орловская область,Орел,Яндекс Команда для бизнеса,20500.0,23500.0,RUR,22000.0,True,Без опыта,,Удалённая работа,,2026-09-13T11:44:57+03:00,https://hh.ru/vacancy/135664143,2513,False
hh.ru,137211685,Бухгалтер на участок банк-клиент,Продажи и клиентский сервис,Орловская область,"Орёл, Маслозаводской переулок, 19",ООО Тдз,70000.0,70000.0,RUR,70000.0,True,Опыт 1-3 года,,,,2026-09-13T11:44:57+03:00,https://hh.ru/vacancy/137211685,518,False
hh.ru,137254910,Менеджер автопарка,Прочие профессии,Орловская область,Орёл,Дом Мечты,70000.0,70000.0,RUR,70000.0,False,Опыт 1-3 года,,,,2026-09-13T11:44:57+03:00,https://hh.ru/vacancy/137254910,1319,False
hh.ru,137036334,Помощник руководителя,Прочие профессии,Орловская область,"Орёл, площадь Мира, 7",ООО Объединенная домостроительная корпорация,0.0,0.0,,,False,Без опыта,,,,2026-09-13T11:44:57+03:00,https://hh.ru/vacancy/137036334,1941,False
hh.ru,137266577,Бухгалтер на первичную документацию,"Финансы, бухгалтерия и право",Орловская область,"Орёл, Карачевское шоссе, 79С",ООО Стройальянс,50000.0,50000.0,RUR,50000.0,False,Опыт 3-6 лет,,,,2026-09-13T11:44:57+03:00,https://hh.ru/vacancy/137266577,500,False
hh.ru,137089372,Чертёжник,Прочие профессии,Орловская область,"Орёл, 2-я Посадская улица, 14",ООО Ярус,,,,,False,Опыт 1-3 года,,,,2026-09-13T11:44:57+03:00,https://hh.ru/vacancy/137089372,2678,False
hh.ru,137143390,Водитель (категория В),Транспорт и логистика,Орловская область,"Орёл, Московское шоссе, 173",ООО МТК Росберг Центр,65000.0,65000.0,RUR,65000.0,False,Опыт 3-6 лет,,,,2026-09-13T11:44:57+03:00,https://hh.ru/vacancy/137143390,741,False
hh.ru,137120711,Бухгалтер,"Финансы, бухгалтерия и право",Орловская область,"Орёл, Колхозная улица, 11к4",ООО Агрилайф,58000.0,58000.0,RUR,58000.0,True,Опыт 1-3 года,,,,2026-09-13T11:44:57+03:00,https://hh.ru/vacancy/137120711,426,False
hh.ru,137242897,Продавец-консультант,Продажи и клиентский сервис,Орловская область,"Орёл, Московская улица, 102",ИП Потапова Наталья Викторовна,60000.0,80000.0,RUR,70000.0,False,Без опыта,,,,2026-09-13T11:44:57+03:00,https://hh.ru/vacancy/137242897,2000,False
hh.ru,130633229,Специалист письменной поддержки в Яндекс,Прочие профессии,Орловская область,Орел,Яндекс Команда для бизнеса,37000.0,0.0,RUR,18500.0,True,Без опыта,,Удалённая работа,,2026-09-13T11:44:57+03:00,https://hh.ru/vacancy/130633229,2356,False
hh.ru,137235496,Бухгалтер,"Финансы, бухгалтерия и право",Орловская область,"Орёл, Поселковая улица, 15",ИП Бережная Людмила Васильевна,50000.0,50000.0,RUR,50000.0,True,Опыт 1-3 года,,,,2026-09-13T11:44:57+03:00,https://hh.ru/vacancy/137235496,418,False
hh.ru,137258448,Специалист по развитию территории,Прочие профессии,Орловская область,Орел,"«Филип Моррис Интернэшнл» в России, Коммерческая функция",124000.0,0.0,RUR,62000.0,True,Без опыта,,,,2026-09-13T11:44:57+03:00,https://hh.ru/vacancy/137258448,2467,False
hh.ru,137138755,Консультант по обеспечению безопасности информации,Охрана и безопасность,Орловская область,"Орёл, Комсомольская улица, 63",Управление по организационному обеспечению деятельности мировых судей Орловской области,65000.0,0.0,RUR,32500.0,True,Без опыта,,,,2026-09-13T11:44:57+03:00,https://hh.ru/vacancy/137138755,1185,False
hh.ru,137066895,Главный инженер,Инженерия и производство,Орловская область,"Орёл, улица Ломоносова, 6",ООО ФосАгро-Орел,,,,,False,Опыт 3-6 лет,,,,2026-09-13T11:44:57+03:00,https://hh.ru/vacancy/137066895,860,False
hh.ru,137248047,Юрист,"Финансы, бухгалтерия и право",Орловская область,"Орёл, улица Циолковского, 1",МУП Ресурс,40000.0,45000.0,RUR,42500.0,False,Опыт 1-3 года,,,,2026-09-13T11:44:57+03:00,https://hh.ru/vacancy/137248047,2719,False
hh.ru,137061633,Оператор ПК,Прочие профессии,Орловская область,"Орёл, Московская улица, 67","Европа, Торговая сеть",51900.0,51900.0,RUR,51900.0,True,Опыт 1-3 года,,,,2026-09-13T11:44:57+03:00,https://hh.ru/vacancy/137061633,1679,False
hh.ru,137199572,Рабочий на производство,Инженерия и производство,Орловская область,"Орёл, Машиностроительная улица, 6Б",ООО Стекло,70000.0,120000.0,RUR,95000.0,False,Без опыта,,,,2026-09-13T11:44:57+03:00,https://hh.ru/vacancy/137199572,2047,False
hh.ru,137126506,Менеджер по закупкам в отдел логистики,Транспорт и логистика,Орловская область,"Орёл, улица Маринченко, 10А",АО Управление Механизации,90000.0,0.0,RUR,45000.0,False,Без опыта,,,,2026-09-13T11:44:57+03:00,https://hh.ru/vacancy/137126506,1371,False
hh.ru,136459457,Офис-менеджер,Прочие профессии,Орловская область,"Орёл, улица Матросова, 9",ООО Единый центр сертификации,40000.0,80000.0,RUR,60000.0,True,Без опыта,,,,2026-09-13T11:44:57+03:00,https://hh.ru/vacancy/136459457,1763,False
hh.ru,137044964,Офис-менеджер,Прочие профессии,Орловская область,"Орёл, Комсомольская улица, 122",ГРАДТОРГ,40000.0,80000.0,RUR,60000.0,True,Опыт 3-6 лет,,,,2026-09-13T11:44:57+03:00,https://hh.ru/vacancy/137044964,1751,False
hh.ru,137023692,Охранник 6 разряд,Охрана и безопасность,Орловская область,Орёл,Терешков Сергей Владимирович,8300.0,8300.0,RUR,8300.0,False,Опыт более 6 лет,,,,2026-09-13T11:44:57+03:00,https://hh.ru/vacancy/137023692,1804,False
hh.ru,137019847,Упаковщица/упаковщик полиэтиленовых пакетов,Прочие профессии,Орловская область,"Орёл, Машиностроительная улица",ИП Фиалкаускас Саулюс Витаутасович,50000.0,60000.0,RUR,55000.0,False,Без опыта,,,,2026-09-13T11:44:57+03:00,https://hh.ru/vacancy/137019847,2623,False
hh.ru,137076093,Слесарь-сборщик,Инженерия и производство,Орловская область,"Орёл, Московское шоссе, 154",АО ГК РТК,80000.0,90000.0,RUR,85000.0,True,Опыт 1-3 года,,,,2026-09-13T11:44:57+03:00,https://hh.ru/vacancy/137076093,2234,False
hh.ru,137223845,Разнорабочий,Рабочий и обслуживающий персонал,Орловская область,"Орёл, Силикатная улица",ИП Федин Геннадий Александрович,3000.0,5000.0,RUR,4000.0,False,Без опыта,,,,2026-09-13T11:44:57+03:00,https://hh.ru/vacancy/137223845,2053,False
hh.ru,137002882,Бизнес-аналитик,Прочие профессии,Орловская область,"Орёл, Комсомольская улица, 102А",RUBETEK,,,,,False,Опыт 1-3 года,,,,2026-09-13T11:44:57+03:00,https://hh.ru/vacancy/137002882,387,False
hh.ru,137211691,Территориальный менеджер / Торговый представитель,Прочие профессии,Орловская область,Орёл,Армтек,90000.0,90000.0,RUR,90000.0,False,Опыт 1-3 года,,,,2026-09-13T11:44:57+03:00,https://hh.ru/vacancy/137211691,2570,False
hh.ru,136481713,Офис-менеджер,Прочие профессии,Орловская область,Орел,ООО ТД Мир Колбас,60000.0,0.0,RUR,30000.0,False,Без опыта,,,,2026-09-13T11:44:57+03:00,https://hh.ru/vacancy/136481713,1769,False
hh.ru,137078402,Системный администратор,Информационные технологии,Орловская область,"Орёл, Авиационная улица, 5",УФССП России по Орловской области,35000.0,55000.0,RUR,45000.0,False,Опыт 1-3 года,,,,2026-09-13T11:44:57+03:00,https://hh.ru/vacancy/137078402,2219,False
hh.ru,136449599,Дизайнер,"Маркетинг, медиа и дизайн",Орловская область,"Орёл, Пионерская улица, 14",ООО Катрина,40000.0,0.0,RUR,20000.0,False,Без опыта,,,,2026-09-13T11:44:57+03:00,https://hh.ru/vacancy/136449599,948,False
hh.ru,137055873,Продавец-кассир АЗС,Продажи и клиентский сервис,Пермский край,Пермь,ООО Сеть АЗС «Газпромнефть» / ООО «Газпромнефть-Центр»,0.0,0.0,,,False,Без опыта,,,,2026-09-13T11:44:57+03:00,https://hh.ru/vacancy/137055873,1987,False
hh.ru,136978866,Специалист по ведению архивной деятельности,Прочие профессии,Пермский край,"Пермь, р-н Индустриальный",ЛУКОЙЛ,84000.0,84000.0,RUR,84000.0,False,Опыт 1-3 года,,,,2026-09-13T11:44:57+03:00,https://hh.ru/vacancy/136978866,2363,False
hh.ru,136889910,Помощник менеджера маркетплейсов (карточки Ozon),"Маркетинг, медиа и дизайн",Пермский край,"Пермь, р-н Ленинский",ИП Барыкин Егор Александрович,15000.0,30000.0,RUR,22500.0,False,Без опыта,,Удалённая работа,,2026-09-13T11:44:57+03:00,https://hh.ru/vacancy/136889910,1917,False
hh.ru,136658626,Ученик на производство,Инженерия и производство,Пермский край,"Пермь, р-н Мотовилихинский",АО МОТОВИЛИХИНСКИЕ ЗАВОДЫ (АО МЗ),48000.0,0.0,RUR,24000.0,False,Без опыта,,,,2026-09-13T11:44:57+03:00,https://hh.ru/vacancy/136658626,2642,False
hh.ru,136813297,Бухгалтер на первичную документацию,"Финансы, бухгалтерия и право",Пермский край,"Пермь, р-н Ленинский",ООО Хельга,80000.0,90000.0,RUR,85000.0,False,Без опыта,,,,2026-09-13T11:44:57+03:00,https://hh.ru/vacancy/136813297,506,False
hh.ru,135549577,"Водитель категории B - Газель, Тойота Королла, Фольксваген Каравелла",Транспорт и логистика,Пермский край,"Пермь, р-н Индустриальный",АО Спецнефтетранс,65000.0,65000.0,RUR,65000.0,True,Опыт 1-3 года,,,,2026-09-13T11:44:57+03:00,https://hh.ru/vacancy/135549577,713,False
hh.ru,134668266,Менеджер по работе с Заказчиками,Прочие профессии,Пермский край,"Пермь, р-н Дзержинский",ЛУКОЙЛ,90000.0,90000.0,RUR,90000.0,False,Опыт 3-6 лет,,,,2026-09-13T11:44:57+03:00,https://hh.ru/vacancy/134668266,1457,False
hh.ru,136873996,Администратор отдела приема и размещения в гостиницу Radisson Perm,Продажи и клиентский сервис,Пермский край,"Пермь, р-н Ленинский",Гостиница Пермь - Филиал ООО Проспект Пермь,50000.0,65000.0,RUR,57500.0,False,Опыт 1-3 года,,,,2026-09-13T11:44:57+03:00,https://hh.ru/vacancy/136873996,282,False
hh.ru,136723517,Специалист по сопровождению договоров поставки,Прочие профессии,Пермский край,"Пермь, р-н Мотовилихинский",ЛУКОЙЛ,,,,,False,Опыт 1-3 года,,,,2026-09-13T11:44:57+03:00,https://hh.ru/vacancy/136723517,2476,False
hh.ru,136825874,Водитель на Ларгус фургон,Транспорт и логистика,Пермский край,"Пермь, р-н Индустриальный",ИП Попов Андрей Владимирович,70000.0,120000.0,RUR,95000.0,False,Опыт 1-3 года,,,,2026-09-13T11:44:57+03:00,https://hh.ru/vacancy/136825874,766,False
hh.ru,136813176,Администратор,Продажи и клиентский сервис,Пермский край,"Пермь, р-н Ленинский",ООО РДА,78000.0,89000.0,RUR,83500.0,False,Без опыта,,,,2026-09-13T11:44:57+03:00,https://hh.ru/vacancy/136813176,124,False
hh.ru,135917250,Специалист 1 категории в Отдел по анализу запасов,Прочие профессии,Пермский край,"Пермь, р-н Мотовилихинский",ЛУКОЙЛ,60000.0,90000.0,RUR,75000.0,False,Опыт 1-3 года,,,,2026-09-13T11:44:57+03:00,https://hh.ru/vacancy/135917250,2277,False
hh.ru,135622691,Администратор медицинской лаборатории,Медицина и фармацевтика,Пермский край,"Пермь, р-н Ленинский",ООО Медицинская компания УралМед,40000.0,0.0,RUR,20000.0,False,Без опыта,,,,2026-09-13T11:44:57+03:00,https://hh.ru/vacancy/135622691,262,False
hh.ru,136092939,Водитель категории B,Транспорт и логистика,Пермский край,"Елабужский район, Особая экономическая зона Алабуга",Алабуга. Эксплуатация объектов,150000.0,0.0,RUR,75000.0,True,Без опыта,,,,2026-09-13T11:44:57+03:00,https://hh.ru/vacancy/136092939,707,False
hh.ru,136310858,Мойщик автобусов,Прочие профессии,Пермский край,"Пермь, р-н Свердловский",ИП Иванов Виктор Александрович,4000.0,0.0,RUR,2000.0,False,Без опыта,,,,2026-09-13T11:44:57+03:00,https://hh.ru/vacancy/136310858,1537,False
hh.ru,137069133,Специалист отдела развития персонала,Прочие профессии,Пермский край,"Пермь, р-н Дзержинский",ЛУКОЙЛ,84000.0,84000.0,RUR,84000.0,False,Опыт 1-3 года,,,,2026-09-13T11:44:57+03:00,https://hh.ru/vacancy/137069133,2353,False
hh.ru,136813090,Специалист по кадровому делопроизву,Прочие профессии,Пермский край,"Пермь, р-н Ленинский",Рацкевич Любовь,79700.0,89400.0,RUR,84550.0,False,Без опыта,,,,2026-09-13T11:44:57+03:00,https://hh.ru/vacancy/136813090,2404,False
hh.ru,136775146,Секретарь/офис-менеджер,Прочие профессии,Пермский край,"Пермь, р-н Дзержинский",Центр горно-нефтяного обучения,56000.0,60000.0,RUR,58000.0,False,Опыт 1-3 года,,,,2026-09-13T11:44:57+03:00,https://hh.ru/vacancy/136775146,2182,False
hh.ru,137008197,Водитель категории В,Транспорт и логистика,Пермский край,"Елабужский район, особая экономическая зона Алабуга, улица Ш-2, 4/1",Алабуга. Логистика и закупки,258750.0,258750.0,RUR,258750.0,True,Опыт 1-3 года,,,,2026-09-13T11:44:57+03:00,https://hh.ru/vacancy/137008197,717,False
hh.ru,136577968,Специалист документационного сопровождения,Прочие профессии,Пермский край,"Пермь, р-н Ленинский",ИНГРУПП,,,,,False,Опыт 1-3 года,,,,2026-09-13T11:44:57+03:00,https://hh.ru/vacancy/136577968,2311,False
hh.ru,137035003,Ночной специалист поддержки в чате,Прочие профессии,Пермский край,"Пермь, р-н Индустриальный",Где мои дети,40000.0,0.0,RUR,20000.0,False,Без опыта,,Удалённая работа,,2026-09-13T11:44:57+03:00,https://hh.ru/vacancy/137035003,1604,False
hh.ru,137223898,Офис-менеджер,Прочие профессии,Пермский край,"Пермь, р-н Свердловский",ООО Факт,70000.0,90000.0,RUR,80000.0,False,Без опыта,,,,2026-09-13T11:44:57+03:00,https://hh.ru/vacancy/137223898,1772,False
hh.ru,136541808,Администратор в салон красоты,Продажи и клиентский сервис,Пермский край,"Пермь, р-н Индустриальный",ИП Мухамедьярова Ирина Рашидовна,30000.0,50000.0,RUR,40000.0,True,Без опыта,,,,2026-09-13T11:44:57+03:00,https://hh.ru/vacancy/136541808,194,False
hh.ru,136753459,Оператор ПК/Оператор базы данных,Прочие профессии,Пермский край,"Пермь, р-н Ленинский",ООО Оксэргон Генерация,79000.0,87400.0,RUR,83200.0,False,Без опыта,,,,2026-09-13T11:44:57+03:00,https://hh.ru/vacancy/136753459,1687,False
hh.ru,137192510,"Казначей филиала ""РусГидро"" - ""Камская ГЭС""",Прочие профессии,Пермский край,"Пермь, р-н Орджоникидзевский",Филиал ПАО РусГидро - Камская ГЭС,150000.0,156000.0,RUR,153000.0,True,Опыт 3-6 лет,,,,2026-09-13T11:44:57+03:00,https://hh.ru/vacancy/137192510,1113,False
hh.ru,135997636,Разнорабочий в порт,Рабочий и обслуживающий персонал,Пермский край,деревня Вистино,Ультрамар,350000.0,0.0,RUR,175000.0,True,Без опыта,,,,2026-09-13T11:44:57+03:00,https://hh.ru/vacancy/135997636,2065,False
hh.ru,136407896,Администратор,Продажи и клиентский сервис,Пермский край,"Пермь, р-н Свердловский",Top clean,30000.0,50000.0,RUR,40000.0,False,Без опыта,,,,2026-09-13T11:44:57+03:00,https://hh.ru/vacancy/136407896,67,False
hh.ru,137246339,Водитель,Транспорт и логистика,Пермский край,"городской округ Пермь, р-н Индустриальный",Ип,100000.0,110000.0,RUR,105000.0,False,Опыт 1-3 года,,,,2026-09-13T11:44:57+03:00,https://hh.ru/vacancy/137246339,630,False
hh.ru,137096534,Личный водитель,Транспорт и логистика,Пермский край,"Пермь, р-н Свердловский","Тенториум, Группа предприятий",63000.0,63000.0,RUR,63000.0,False,Опыт 3-6 лет,,,,2026-09-13T11:44:57+03:00,https://hh.ru/vacancy/137096534,1256,False
hh.ru,136531027,Специалист по документообороту,Прочие профессии,Пермский край,"Пермь, р-н Мотовилихинский",ООО Ориент,43000.0,47000.0,RUR,45000.0,True,Без опыта,,,,2026-09-13T11:44:57+03:00,https://hh.ru/vacancy/136531027,2382,False
hh.ru,137254544,Кладовщик на выдачу спецодежды,Транспорт и логистика,Пермский край,"Чайковский, Речная улица, 1",Восток-Сервис,50000.0,65000.0,RUR,57500.0,False,Опыт 1-3 года,,,,2026-09-13T11:44:57+03:00,https://hh.ru/vacancy/137254544,1139,False
hh.ru,137001459,Ведущий специалист,Прочие профессии,Пермский край,"Елабужский район, особая экономическая зона Алабуга",Алабуга. Эксплуатация объектов,375000.0,0.0,RUR,187500.0,True,Без опыта,,,,2026-09-13T11:44:57+03:00,https://hh.ru/vacancy/137001459,575,False
hh.ru,137208093,Специалист Отдела оценки персонала,Прочие профессии,Пермский край,"Пермь, р-н Дзержинский",ЛУКОЙЛ,75000.0,80000.0,RUR,77500.0,False,Опыт 1-3 года,,,,2026-09-13T11:44:57+03:00,https://hh.ru/vacancy/137208093,2349,False
hh.ru,137101173,Помощник СММ,Прочие профессии,Пермский край,Пермь,Образовательная Компания Каменный город,25000.0,25000.0,RUR,25000.0,False,Опыт 1-3 года,,Удалённая работа,,2026-09-13T11:44:57+03:00,https://hh.ru/vacancy/137101173,1954,False
hh.ru,136852796,Администратор в медицинский центр,Медицина и фармацевтика,Пензенская область,"Пенза, р-н Октябрьский",ООО Медцентр-УЗИ,50000.0,55000.0,RUR,52500.0,False,Без опыта,,,,2026-09-13T11:44:57+03:00,https://hh.ru/vacancy/136852796,182,False
hh.ru,137215091,Специалист поддержки пользователей,Прочие профессии,Пензенская область,Пенза,VK,,,,,False,Опыт 1-3 года,,Удалённая работа,,2026-09-13T11:44:57+03:00,https://hh.ru/vacancy/137215091,2498,False
hh.ru,136422827,Администратор в студию фитнеса и растяжки,Продажи и клиентский сервис,Пензенская область,"Пенза, р-н Октябрьский",Lady Stretch (ИП Петров Денис Валерьевич),40000.0,70000.0,RUR,55000.0,False,Без опыта,,,,2026-09-13T11:44:57+03:00,https://hh.ru/vacancy/136422827,207,False
hh.ru,136860504,Ассистент менеджера по маркетплейсам,"Маркетинг, медиа и дизайн",Пензенская область,"Пенза, р-н Ленинский",ООО Фаворит108,50000.0,65000.0,RUR,57500.0,False,Без опыта,,,,2026-09-13T11:44:57+03:00,https://hh.ru/vacancy/136860504,363,False
hh.ru,137025245,Ночной Редактор сообществ ВКонтакте,"Маркетинг, медиа и дизайн",Пензенская область,Пенза,VK,,,,,False,Опыт 1-3 года,,Удалённая работа,,2026-09-13T11:44:57+03:00,https://hh.ru/vacancy/137025245,1603,False
hh.ru,136620620,Юрист по регуляторным вопросам и маркетплейсам,"Финансы, бухгалтерия и право",Пензенская область,"село Старая Каменка, Дертевская улица, 13",ООО Торговая компания ТЕСТ-ДРАЙВ,,,,,False,Опыт 3-6 лет,,Удалённая работа,,2026-09-13T11:44:57+03:00,https://hh.ru/vacancy/136620620,2739,False
hh.ru,136467152,Технический специалист онлайн-школы,Прочие профессии,Пензенская область,Пенза,Академия 4ZL,25000.0,25000.0,RUR,25000.0,False,Опыт 1-3 года,,Удалённая работа,,2026-09-13T11:44:57+03:00,https://hh.ru/vacancy/136467152,2583,False
hh.ru,137250310,Администратор в салон,Продажи и клиентский сервис,Пензенская область,"Пенза, р-н Ленинский",Liva,50000.0,65000.0,RUR,57500.0,True,Без опыта,,,,2026-09-13T11:44:57+03:00,https://hh.ru/vacancy/137250310,192,False
hh.ru,137236761,Водитель,Транспорт и логистика,Пензенская область,Пенза,ИП Зеленина Жанна Юрьевна,60000.0,120000.0,RUR,90000.0,False,Без опыта,,,,2026-09-13T11:44:57+03:00,https://hh.ru/vacancy/137236761,633,False
hh.ru,137187598,Водитель категории В,Транспорт и логистика,Пензенская область,"Пенза, р-н Железнодорожный",АО ЦеСИС,70000.0,70000.0,RUR,70000.0,True,Опыт 1-3 года,,,,2026-09-13T11:44:57+03:00,https://hh.ru/vacancy/137187598,722,False
hh.ru,137203939,Заместитель главного бухгалтера,"Финансы, бухгалтерия и право",Пензенская область,"Пенза, р-н Ленинский",ООО Пензенский Завод Телема Гино,120000.0,120000.0,RUR,120000.0,True,Опыт 1-3 года,,,,2026-09-13T11:44:57+03:00,https://hh.ru/vacancy/137203939,1021,False
hh.ru,136248297,Администратор медицинского центра,Медицина и фармацевтика,Пензенская область,"Пенза, р-н Первомайский",ООО КДЦ Клиника-Сити,40000.0,60000.0,RUR,50000.0,True,Без опыта,,,,2026-09-13T11:44:57+03:00,https://hh.ru/vacancy/136248297,254,False
hh.ru,137256294,Бухгалтер,"Финансы, бухгалтерия и право",Пензенская область,"Пенза, р-н Октябрьский",АО ПТПА,50000.0,75000.0,RUR,62500.0,True,Опыт 1-3 года,,,,2026-09-13T11:44:57+03:00,https://hh.ru/vacancy/137256294,412,False
hh.ru,136639608,Контент-менеджер WB OZON AI,"Маркетинг, медиа и дизайн",Пензенская область,Пенза,Адастра,25000.0,35000.0,RUR,30000.0,False,Без опыта,,Удалённая работа,,2026-09-13T11:44:57+03:00,https://hh.ru/vacancy/136639608,1192,False
hh.ru,137187927,Территориальный представитель,Прочие профессии,Пензенская область,Пенза,Bausch + Lomb,,,,,False,Опыт 1-3 года,,,,2026-09-13T11:44:57+03:00,https://hh.ru/vacancy/137187927,2571,False
hh.ru,137259670,Производственный директор / Технический директор,Инженерия и производство,Пензенская область,"Пенза, р-н Железнодорожный",ООО НПО Спецнефтемаш,150000.0,150000.0,RUR,150000.0,False,Опыт более 6 лет,,,,2026-09-13T11:44:57+03:00,https://hh.ru/vacancy/137259670,2029,False
hh.ru,136312075,Тестировщик ПО (Junior),Информационные технологии,Пензенская область,"Пенза, р-н Железнодорожный",ООО КСК ТЕХНОЛОГИИ,0.0,0.0,,,False,Без опыта,,Удалённая работа,,2026-09-13T11:44:57+03:00,https://hh.ru/vacancy/136312075,2575,False
hh.ru,137140502,Бизнес-ассистент руководителя,Прочие профессии,Пензенская область,"Пенза, р-н Ленинский",Dooda Мастерская,100000.0,100000.0,RUR,100000.0,False,Опыт 3-6 лет,,Удалённая работа,,2026-09-13T11:44:57+03:00,https://hh.ru/vacancy/137140502,399,False
hh.ru,137058466,Вязальщик жгутов,Прочие профессии,Пензенская область,"Пенза, р-н Ленинский",ООО Резидент,100000.0,135000.0,RUR,117500.0,False,Без опыта,,,,2026-09-13T11:44:57+03:00,https://hh.ru/vacancy/137058466,828,False
hh.ru,136730632,Оператор склада (Пенза),Прочие профессии,Пензенская область,"Пенза, р-н Октябрьский",Ozon Производство,17000.0,0.0,RUR,8500.0,True,Без опыта,,,,2026-09-13T11:44:57+03:00,https://hh.ru/vacancy/136730632,1713,False
hh.ru,137159869,Менеджер по продажам на чаты/переписки (без звонков),Продажи и клиентский сервис,Пензенская область,Пенза,ООО ИТЦ,20000.0,50000.0,RUR,35000.0,True,Опыт 1-3 года,,Удалённая работа,,2026-09-13T11:44:57+03:00,https://hh.ru/vacancy/137159869,1439,False
hh.ru,137239200,Водитель-экспедитор категории В,Транспорт и логистика,Пензенская область,"Пенза, р-н Октябрьский",Компания Гармония,60000.0,70000.0,RUR,65000.0,False,Опыт 1-3 года,,,,2026-09-13T11:44:57+03:00,https://hh.ru/vacancy/137239200,814,False
hh.ru,135917999,Администратор в салон красоты,Продажи и клиентский сервис,Пензенская область,"Пенза, р-н Железнодорожный",Elastic Nails,40000.0,0.0,RUR,20000.0,False,Без опыта,,,,2026-09-13T11:44:57+03:00,https://hh.ru/vacancy/135917999,193,False
hh.ru,136957579,Менеджер поддержки в чатах,Прочие профессии,Пензенская область,Пенза,ИП Пономарев Дмитрий Александрович,27000.0,0.0,RUR,13500.0,True,Без опыта,,Удалённая работа,,2026-09-13T11:44:57+03:00,https://hh.ru/vacancy/136957579,1497,False
hh.ru,136588752,Аналитик/программист-стажёр 1С,Информационные технологии,Пензенская область,"Пенза, р-н Первомайский",Сигма. Автоматизация бизнеса,25000.0,35000.0,RUR,30000.0,True,Без опыта,,Удалённая работа,,2026-09-13T11:44:57+03:00,https://hh.ru/vacancy/136588752,346,False
hh.ru,137169129,Директор по производству,Инженерия и производство,Пензенская область,"село Нижняя Елюзань, Рабочая улица, 31",New MIX,,,,,False,Опыт 3-6 лет,,,,2026-09-13T11:44:57+03:00,https://hh.ru/vacancy/137169129,969,False
hh.ru,137061909,Окрасчик деталей и приборов,Прочие профессии,Пензенская область,"Пенза, р-н Ленинский",ООО Резидент,100000.0,135000.0,RUR,117500.0,False,Без опыта,,,,2026-09-13T11:44:57+03:00,https://hh.ru/vacancy/137061909,1613,False
hh.ru,137108316,Офис-менеджер,Прочие профессии,Пензенская область,"Пенза, р-н Октябрьский",Индивидуальный предприниматель,40000.0,0.0,RUR,20000.0,False,Без опыта,,,,2026-09-13T11:44:57+03:00,https://hh.ru/vacancy/137108316,1752,False
hh.ru,137144463,Заместитель главного бухгалтера,"Финансы, бухгалтерия и право",Пензенская область,"Пенза, р-н Ленинский",Азия Цемент,,,,,False,Опыт 3-6 лет,,,,2026-09-13T11:44:57+03:00,https://hh.ru/vacancy/137144463,1018,False
hh.ru,137091648,Системный администратор,Информационные технологии,Пензенская область,"Пенза, р-н Октябрьский",ГК Жилстрой,70000.0,70000.0,RUR,70000.0,False,Опыт 1-3 года,,,,2026-09-13T11:44:57+03:00,https://hh.ru/vacancy/137091648,2208,False
hh.ru,136313177,Стажер Python - разработчик,Информационные технологии,Пензенская область,"Пенза, р-н Ленинский",ООО Мадела,0.0,0.0,,,False,Без опыта,,Удалённая работа,,2026-09-13T11:44:57+03:00,https://hh.ru/vacancy/136313177,2525,False
hh.ru,137100235,Изготовитель конфет Ромашка,Прочие профессии,Пензенская область,"Пенза, р-н Первомайский",Пензенская кондитерская фабрика,4000.0,5000.0,RUR,4500.0,True,Без опыта,,,,2026-09-13T11:44:57+03:00,https://hh.ru/vacancy/137100235,1055,False
hh.ru,137048352,Управляющий рестораном,Управление,Пензенская область,"Пенза, р-н Железнодорожный",LUCA,50000.0,50000.0,RUR,50000.0,False,Опыт 1-3 года,,,,2026-09-13T11:44:57+03:00,https://hh.ru/vacancy/137048352,2635,False
hh.ru,136620766,Сотрудник МФЦ/Оператор по работе с документами и клиентами,Продажи и клиентский сервис,Пензенская область,"Пенза, р-н Железнодорожный",ООО МФЦ-РБ,70000.0,0.0,RUR,35000.0,False,Без опыта,,,,2026-09-13T11:44:57+03:00,https://hh.ru/vacancy/136620766,2251,False
hh.ru,137054810,Специалист службы поддержки пользователей (чат-поддержка),Прочие профессии,Приморский край,Владивосток,ООО М1 Саппорт,66000.0,66000.0,RUR,66000.0,False,Опыт 1-3 года,,Удалённая работа,,2026-09-13T11:44:57+03:00,https://hh.ru/vacancy/137054810,2503,False
hh.ru,136461152,Ночной Специалист технической поддержки,Прочие профессии,Приморский край,Владивосток,GGSel (ИП Николаев Дмитрий Николаевич),30000.0,50000.0,RUR,40000.0,False,Опыт 1-3 года,,Удалённая работа,,2026-09-13T11:44:57+03:00,https://hh.ru/vacancy/136461152,1605,False
hh.ru,136988672,Экономист,"Финансы, бухгалтерия и право",Приморский край,Артем,ОМС,,,,,False,Опыт 1-3 года,,Удалённая работа,,2026-09-13T11:44:57+03:00,https://hh.ru/vacancy/136988672,2681,False
hh.ru,137062903,Специалист дистанционного контакт-центра в чате,Прочие профессии,Приморский край,Владивосток,Альфа-Банк. Работа без опыта,25000.0,0.0,RUR,12500.0,True,Без опыта,,Удалённая работа,,2026-09-13T11:44:57+03:00,https://hh.ru/vacancy/137062903,2309,False
hh.ru,136757334,Менеджер,Прочие профессии,Приморский край,"Владивосток, проспект Красного Знамени, 30",ООО Топ Тур,45000.0,150000.0,RUR,97500.0,False,Без опыта,,Удалённая работа,,2026-09-13T11:44:57+03:00,https://hh.ru/vacancy/136757334,1315,False
hh.ru,137130033,Юрист,"Финансы, бухгалтерия и право",Приморский край,"посёлок городского типа Сибирцево, Горная улица, 3А",Первая нерудная компания,80000.0,80000.0,RUR,80000.0,False,Опыт 1-3 года,,Удалённая работа,,2026-09-13T11:44:57+03:00,https://hh.ru/vacancy/137130033,2728,False
hh.ru,136876097,Офис-менеджер,Прочие профессии,Приморский край,"Владивосток, Русская улица, 17с2",ООО Вегус-Трэйд,70000.0,95000.0,RUR,82500.0,False,Без опыта,,,,2026-09-13T11:44:57+03:00,https://hh.ru/vacancy/136876097,1760,False
hh.ru,135166537,Помощник менеджера по логистике (мультимодальные перевозки),Транспорт и логистика,Приморский край,Владивосток,SCS Group ltd.,70000.0,0.0,RUR,35000.0,False,Без опыта,,,,2026-09-13T11:44:57+03:00,https://hh.ru/vacancy/135166537,1919,False
hh.ru,137009742,Ассистент команды Travel & Lifestyle,Прочие профессии,Приморский край,Владивосток,ООО Альтус Кэпитал,0.0,0.0,,,False,Без опыта,,Удалённая работа,,2026-09-13T11:44:57+03:00,https://hh.ru/vacancy/137009742,359,False
hh.ru,136967535,Оператор ПК,Прочие профессии,Приморский край,Владивосток,ООО Винтер,65000.0,75000.0,RUR,70000.0,False,Без опыта,,Удалённая работа,,2026-09-13T11:44:57+03:00,https://hh.ru/vacancy/136967535,1680,False
hh.ru,136381165,Менеджер по логистике,Транспорт и логистика,Приморский край,"Владивосток, Некрасовская улица, 36Б",ООО ШИП СЕРВИС,80000.0,120000.0,RUR,100000.0,False,Без опыта,,,,2026-09-13T11:44:57+03:00,https://hh.ru/vacancy/136381165,1387,False
hh.ru,136771251,Полевой инспектор по выявлению нарушений,Прочие профессии,Приморский край,Владивосток,ИП Каменева Светлана Сергеевна,200000.0,0.0,RUR,100000.0,False,Без опыта,,,,2026-09-13T11:44:57+03:00,https://hh.ru/vacancy/136771251,1852,False
hh.ru,135895947,Специалист по договорам ДМС,Прочие профессии,Приморский край,Владивосток,Ventra,80000.0,80000.0,RUR,80000.0,True,Опыт 1-3 года,,Удалённая работа,,2026-09-13T11:44:57+03:00,https://hh.ru/vacancy/135895947,2373,False
hh.ru,137207619,Junior+/Middle Frontend Developer - React,Информационные технологии,Приморский край,Соловей-Ключ (Приморский край),Панфилова Вероника Олеговна,,,,,False,Опыт 1-3 года,,Удалённая работа,,2026-09-13T11:44:57+03:00,https://hh.ru/vacancy/137207619,21,False
hh.ru,137265282,Специалист отдела кадров,Прочие профессии,Приморский край,"Владивосток, улица Давыдова, 18",АО СК Военстрой,120000.0,120000.0,RUR,120000.0,False,Опыт 1-3 года,,,,2026-09-13T11:44:57+03:00,https://hh.ru/vacancy/137265282,2337,False
hh.ru,134151797,Менеджер по продажам,Продажи и клиентский сервис,Приморский край,"Владивосток, улица Калинина, 8",Золотое Время Дальний Восток,84000.0,0.0,RUR,42000.0,False,Без опыта,,,,2026-09-13T11:44:57+03:00,https://hh.ru/vacancy/134151797,1416,False
hh.ru,137233608,Графический дизайнер,"Маркетинг, медиа и дизайн",Приморский край,"Владивосток, Снеговая улица, 34Ж",ES Transit,,,,,False,Опыт 1-3 года,,Удалённая работа,,2026-09-13T11:44:57+03:00,https://hh.ru/vacancy/137233608,894,False
hh.ru,137090895,Начальник Управления обеспечения административно-хозяйственной деятельности,Управление,Приморский край,"Большой Камень, улица Аллея Труда, 19В",Судостроительный комплекс Звезда,224000.0,224000.0,RUR,224000.0,False,Опыт более 6 лет,,,,2026-09-13T11:44:57+03:00,https://hh.ru/vacancy/137090895,1584,False
hh.ru,134886549,Support Manager / Менеджер поддержки (Games),Прочие профессии,Приморский край,Владивосток,Skycoach,100000.0,150000.0,RUR,125000.0,False,Опыт 1-3 года,,Удалённая работа,,2026-09-13T11:44:57+03:00,https://hh.ru/vacancy/134886549,47,False
hh.ru,136778058,Начальник отдела обеспечения персоналом (Отдел кадров),Управление,Приморский край,"Владивосток, Светланская улица, 72",ОАО Дальневосточный центр судостроения и судоремонта,228000.0,228000.0,RUR,228000.0,False,Опыт 3-6 лет,,,,2026-09-13T11:44:57+03:00,https://hh.ru/vacancy/136778058,1570,False
hh.ru,137134508,Специалист со знанием иностранного языка,Прочие профессии,Приморский край,"Владивосток, проспект Острякова, 2",ФГБОУ ВО ТГМУ Минздрава России,30000.0,30000.0,RUR,30000.0,False,Опыт 1-3 года,,,,2026-09-13T11:44:57+03:00,https://hh.ru/vacancy/137134508,2504,False
hh.ru,136282801,Администратор клиники,Продажи и клиентский сервис,Приморский край,"Владивосток, улица Гамарника, 3б",ООО Асклепий,50000.0,90000.0,RUR,70000.0,False,Без опыта,,,,2026-09-13T11:44:57+03:00,https://hh.ru/vacancy/136282801,235,False
hh.ru,137130066,Директор по информационным технологиям (CIO),Инженерия и производство,Приморский край,"Владивосток, Некрасовская улица, 36Б",ООО Морской Траст,,,,,False,Опыт более 6 лет,,,,2026-09-13T11:44:57+03:00,https://hh.ru/vacancy/137130066,966,False
hh.ru,137250133,Контент-модель,"Маркетинг, медиа и дизайн",Приморский край,Владивосток,Андреева Анастасия,40000.0,0.0,RUR,20000.0,False,Без опыта,,,,2026-09-13T11:44:57+03:00,https://hh.ru/vacancy/137250133,1195,False
hh.ru,137084010,Графический дизайнер,"Маркетинг, медиа и дизайн",Приморский край,"Владивосток, Днепровская улица, 106Б",Белый Кролик (ИП Оникиенко Роман Евгеньевич),80000.0,100000.0,RUR,90000.0,False,Опыт 1-3 года,,,,2026-09-13T11:44:57+03:00,https://hh.ru/vacancy/137084010,898,False
hh.ru,137180821,Графический дизайнер во Владивостоке,"Маркетинг, медиа и дизайн",Приморский край,"Владивосток, улица Муравьёва-Амурского, 3",ООО ПЛАТИНА,60000.0,70000.0,RUR,65000.0,False,Опыт 1-3 года,,,,2026-09-13T11:44:57+03:00,https://hh.ru/vacancy/137180821,908,False
hh.ru,137265203,Главный юрисконсульт,Прочие профессии,Приморский край,Владивосток,ФСК,,,,,False,Опыт 3-6 лет,,,,2026-09-13T11:44:57+03:00,https://hh.ru/vacancy/137265203,882,False
hh.ru,136353689,Заместитель руководителя проекта,Прочие профессии,Приморский край,"Владивосток, Аксаковская улица, 3",ООО Торгово-Промышленная Компания Дафэн,270000.0,270000.0,RUR,270000.0,False,Опыт более 6 лет,,,,2026-09-13T11:44:57+03:00,https://hh.ru/vacancy/136353689,1051,False
hh.ru,137129037,Общественный представитель,Прочие профессии,Приморский край,Владивосток,ИП Каменева Светлана Сергеевна,150000.0,0.0,RUR,75000.0,False,Без опыта,,,,2026-09-13T11:44:57+03:00,https://hh.ru/vacancy/137129037,1612,False
hh.ru,137149039,Менеджер по дистрибуции,Прочие профессии,Приморский край,Владивосток,"ООО Кей Ти Эн Джи Глобал Рус, Продажи",240000.0,240000.0,RUR,240000.0,True,Опыт 3-6 лет,,,,2026-09-13T11:44:57+03:00,https://hh.ru/vacancy/137149039,1361,False
hh.ru,137180404,Юрист,"Финансы, бухгалтерия и право",Приморский край,"Владивосток, проспект 100-летия Владивостока, 127",ООО Восток 1,140000.0,150000.0,RUR,145000.0,False,Опыт 3-6 лет,,,,2026-09-13T11:44:57+03:00,https://hh.ru/vacancy/137180404,2723,False
hh.ru,136269366,Менеджер по оформлению железнодорожных документов,Прочие профессии,Приморский край,"Артём, 2-я Рабочая улица, 142Г",ООО Юнион Логистик,80000.0,0.0,RUR,40000.0,False,Без опыта,,,,2026-09-13T11:44:57+03:00,https://hh.ru/vacancy/136269366,1398,False
hh.ru,136332379,Охранник,Охрана и безопасность,Приморский край,"43.3420046,131.9987372, Новый - Де-Фриз - Седанка - Патрокл пер., Приморский край",Анисимова Анна,6500.0,7200.0,RUR,6850.0,False,Без опыта,,,,2026-09-13T11:44:57+03:00,https://hh.ru/vacancy/136332379,1793,False
hh.ru,137012521,Семейный водитель,Транспорт и логистика,Приморский край,Владивосток,Панченко Елена Юрьевна,120000.0,140000.0,RUR,130000.0,False,Опыт 3-6 лет,,,,2026-09-13T11:44:57+03:00,https://hh.ru/vacancy/137012521,2201,False
hh.ru,137008834,Комплектовщик (оператор склада),Транспорт и логистика,Псковская область,Великие Луки,Мясницкий ряд,204800.0,235000.0,RUR,219900.0,False,Без опыта,,,,2026-09-13T11:44:57+03:00,https://hh.ru/vacancy/137008834,1169,False
hh.ru,135667993,Курьер собранных и упакованных заказов,Транспорт и логистика,Псковская область,Псков,Яндекс.Еда,190000.0,0.0,RUR,95000.0,True,Без опыта,,,,2026-09-13T11:44:57+03:00,https://hh.ru/vacancy/135667993,1236,False
hh.ru,135667808,Курьер в сервис Яндекс Еда (заказы до 3 кг),Транспорт и логистика,Псковская область,Псков,Яндекс.Еда,190000.0,0.0,RUR,95000.0,True,Без опыта,,,,2026-09-13T11:44:57+03:00,https://hh.ru/vacancy/135667808,1227,False
hh.ru,137064805,Специалист по обработке информации,Прочие профессии,Псковская область,Псков,Кашеварова Анастасия Михайловна,59000.0,78000.0,RUR,68500.0,True,Опыт 1-3 года,,Удалённая работа,,2026-09-13T11:44:57+03:00,https://hh.ru/vacancy/137064805,2422,False
hh.ru,136858539,Декларант ВЭД НЕ СОВМЕЩЕНИЕ,Прочие профессии,Псковская область,Псков,ООО ЛюксГрупп,90000.0,90000.0,RUR,90000.0,False,Опыт 1-3 года,,Удалённая работа,,2026-09-13T11:44:57+03:00,https://hh.ru/vacancy/136858539,917,False
hh.ru,137236122,Оператор на телефоне,Прочие профессии,Псковская область,"Псков, улица Новосёлов, 11А",ООО ТЕЛЕСЕТИ,60000.0,60000.0,RUR,60000.0,False,Опыт 1-3 года,,,,2026-09-13T11:44:57+03:00,https://hh.ru/vacancy/137236122,1676,False
hh.ru,136867890,Специалист на чат/почту,Прочие профессии,Псковская область,Псков,Eqvanta,51000.0,51000.0,RUR,51000.0,True,Опыт 1-3 года,,Удалённая работа,,2026-09-13T11:44:57+03:00,https://hh.ru/vacancy/136867890,2324,False
hh.ru,137069923,Бухгалтер на участок банк-клиент,Продажи и клиентский сервис,Псковская область,"Псков, Народная улица, 21",ООО Жилобмен,63000.0,63000.0,RUR,63000.0,True,Опыт 1-3 года,,,,2026-09-13T11:44:57+03:00,https://hh.ru/vacancy/137069923,517,False
hh.ru,136356573,Помощник пивовара,Прочие профессии,Псковская область,"Псков, улица Яна Райниса, 53",ООО Пивоварня Купца Лапина,70000.0,80000.0,RUR,75000.0,True,Без опыта,,,,2026-09-13T11:44:57+03:00,https://hh.ru/vacancy/136356573,1924,False
hh.ru,136291694,Специалист отдела закупок,Прочие профессии,Псковская область,"Псков, улица Гоголя, 2",ООО ИВА,80000.0,80000.0,RUR,80000.0,True,Опыт 1-3 года,,Удалённая работа,,2026-09-13T11:44:57+03:00,https://hh.ru/vacancy/136291694,2333,False
hh.ru,136448952,Директолог / Контекстолог удаленно,Прочие профессии,Псковская область,Псков,ВАП,,,,,False,Опыт 1-3 года,,Удалённая работа,,2026-09-13T11:44:57+03:00,https://hh.ru/vacancy/136448952,959,False
hh.ru,137251830,Специалист по взаимодействию с учебными заведениями,Прочие профессии,Псковская область,"Псков, Советская улица, 47А",ПАО Россети Северо-Запад,62000.0,68000.0,RUR,65000.0,True,Опыт 1-3 года,,,,2026-09-13T11:44:57+03:00,https://hh.ru/vacancy/137251830,2365,False
hh.ru,136322932,Администратор в ветеринарный центр,Медицина и фармацевтика,Псковская область,"Псков, район Завеличье, улица Максима Горького, 49А","ООО Котонай, Сеть ветеринарных клиник",55000.0,70000.0,RUR,62500.0,False,Без опыта,,,,2026-09-13T11:44:57+03:00,https://hh.ru/vacancy/136322932,163,False
hh.ru,137076103,Главный бухгалтер,"Финансы, бухгалтерия и право",Псковская область,"деревня Борисовичи, улица Сержанта Коровина, 1",Детская деревня - SOS Псков,102000.0,102000.0,RUR,102000.0,True,Опыт 3-6 лет,,,,2026-09-13T11:44:57+03:00,https://hh.ru/vacancy/137076103,849,False
hh.ru,136579232,Помощник бухгалтера,"Финансы, бухгалтерия и право",Псковская область,"Псков, Октябрьский проспект, 36",ИП Зайцева Наталья Валерьевна,110000.0,130000.0,RUR,120000.0,False,Опыт 3-6 лет,,Удалённая работа,,2026-09-13T11:44:57+03:00,https://hh.ru/vacancy/136579232,1884,False
hh.ru,136858710,Администратор клиники,Продажи и клиентский сервис,Псковская область,"Псков, Красноармейская улица, 2А",ООО Фаон,45000.0,97000.0,RUR,71000.0,True,Опыт 1-3 года,,,,2026-09-13T11:44:57+03:00,https://hh.ru/vacancy/136858710,238,False
hh.ru,137213006,Оператор линии (Экструдер),Прочие профессии,Псковская область,"Псков, Индустриальная улица, 9/1",ООО Псковский Завод Компьютерного и Мобильного Кабеля,70000.0,100000.0,RUR,85000.0,True,Без опыта,,,,2026-09-13T11:44:57+03:00,https://hh.ru/vacancy/137213006,1670,False
hh.ru,137205311,Оператор 1С,Прочие профессии,Псковская область,"Псков, Советская улица, 49",ООО ГК ОВЕН-ЭНЕРГО,45000.0,0.0,RUR,22500.0,True,Без опыта,,,,2026-09-13T11:44:57+03:00,https://hh.ru/vacancy/137205311,1626,False
hh.ru,137004816,Бухгалтер кассир,Продажи и клиентский сервис,Псковская область,"Псков, улица Ижорского Батальона, 40А",ООО Завод Оконная мануфактура,70000.0,70000.0,RUR,70000.0,True,Опыт 1-3 года,,,,2026-09-13T11:44:57+03:00,https://hh.ru/vacancy/137004816,475,False
hh.ru,137203127,Контролер ОТК,Охрана и безопасность,Псковская область,"Псков, Советская улица, 93А",ООО Элтехмаш,65000.0,70000.0,RUR,67500.0,False,Опыт 1-3 года,,,,2026-09-13T11:44:57+03:00,https://hh.ru/vacancy/137203127,1201,False
hh.ru,137175540,Инженер ПТО,Инженерия и производство,Псковская область,"Псков, улица Льва Толстого, 1",ООО СМУ-60,95000.0,95000.0,RUR,95000.0,False,Опыт 3-6 лет,,,,2026-09-13T11:44:57+03:00,https://hh.ru/vacancy/137175540,1084,False
hh.ru,137221874,Руководитель строительного проекта,Строительство и недвижимость,Псковская область,Псков,ООО Технология Строительства,270000.0,270000.0,RUR,270000.0,False,Опыт более 6 лет,,,,2026-09-13T11:44:57+03:00,https://hh.ru/vacancy/137221874,2150,False
hh.ru,137138504,Рабочий на маркировку товара,Прочие профессии,Псковская область,"Псков, Зональное шоссе, 46",ООО Элком Терминал,55000.0,0.0,RUR,27500.0,False,Без опыта,,,,2026-09-13T11:44:57+03:00,https://hh.ru/vacancy/137138504,2043,False
hh.ru,137214235,Администратор,Продажи и клиентский сервис,Псковская область,Великие Луки,Семейная стоматология,30000.0,0.0,RUR,15000.0,False,Без опыта,,,,2026-09-13T11:44:57+03:00,https://hh.ru/vacancy/137214235,135,False
hh.ru,137240337,Электрик,Инженерия и производство,Псковская область,"Псков, улица Леона Поземского, 123В",PERCo,68936.0,68936.0,RUR,68936.0,True,Опыт 1-3 года,,,,2026-09-13T11:44:57+03:00,https://hh.ru/vacancy/137240337,2691,False
hh.ru,137214047,Администратор салона маникюра МИНДАЛЬ,Продажи и клиентский сервис,Псковская область,"Псков, улица Некрасова, 42",ИП Щесняк Григорий Николаевич,35000.0,40000.0,RUR,37500.0,False,Опыт 1-3 года,,,,2026-09-13T11:44:57+03:00,https://hh.ru/vacancy/137214047,311,False
hh.ru,137248937,Специалист по обработке заявок на экспедирование,Прочие профессии,Псковская область,"Псков, улица Леона Поземского, 110Д",Байкал-Сервис,48000.0,0.0,RUR,24000.0,False,Без опыта,,,,2026-09-13T11:44:57+03:00,https://hh.ru/vacancy/137248937,2420,False
hh.ru,137103418,Юрисконсульт,Прочие профессии,Псковская область,"Псков, улица Леона Поземского, 110Д","Baltic Logistics, Группа компаний",,,,,False,Опыт 1-3 года,,,,2026-09-13T11:44:57+03:00,https://hh.ru/vacancy/137103418,2706,False
hh.ru,137036897,Технический директор,Управление,Псковская область,"Псков, район Завеличье, улица Максима Горького, 1",АО Специальное конструкторское бюро вычислительной техники,130000.0,130000.0,RUR,130000.0,True,Опыт 3-6 лет,,,,2026-09-13T11:44:57+03:00,https://hh.ru/vacancy/137036897,2579,False
hh.ru,136422749,Упаковщица/упаковщик,Прочие профессии,Псковская область,"Великие Луки, Октябрьский проспект, 117",ООО ПТК Концепт,250.0,0.0,RUR,125.0,False,Без опыта,,,,2026-09-13T11:44:57+03:00,https://hh.ru/vacancy/136422749,2622,False
hh.ru,137216742,Уборщица/уборщик,Рабочий и обслуживающий персонал,Псковская область,"Псков, улица Гоголя, 14",АНО Фонд гарантий и развития предпринимательства Псковской области (Микрокредитная компания),17500.0,0.0,RUR,8750.0,True,Без опыта,,,,2026-09-13T11:44:57+03:00,https://hh.ru/vacancy/137216742,2600,False
hh.ru,137144305,Оператор ПК/Оператор базы данных,Прочие профессии,Псковская область,"Псков, Леона Поземского, 92",ООО Псковмясопром,40000.0,0.0,RUR,20000.0,True,Без опыта,,,,2026-09-13T11:44:57+03:00,https://hh.ru/vacancy/137144305,1688,False
hh.ru,137240516,Региональный представитель/Торговый представитель,Прочие профессии,Псковская область,Псков,Альфа-Медика,117000.0,117000.0,RUR,117000.0,True,Опыт 1-3 года,,,,2026-09-13T11:44:57+03:00,https://hh.ru/vacancy/137240516,2090,False
hh.ru,137090127,Сторож на строительную базу,Строительство и недвижимость,Псковская область,Псков,ООО ДорСтройСервис,1500.0,0.0,RUR,750.0,False,Без опыта,,,,2026-09-13T11:44:57+03:00,https://hh.ru/vacancy/137090127,2550,False
hh.ru,137242089,Креатор,Прочие профессии,Ростовская область,"Ростов-на-Дону, р-н Ленинский",Гос,100000.0,0.0,RUR,50000.0,True,Без опыта,,,,2026-09-13T11:44:57+03:00,https://hh.ru/vacancy/137242089,1218,False
hh.ru,137073072,Бухгалтер,"Финансы, бухгалтерия и право",Ростовская область,Ростов-на-Дону,UP business,40000.0,40000.0,RUR,40000.0,False,Опыт 3-6 лет,,Удалённая работа,,2026-09-13T11:44:57+03:00,https://hh.ru/vacancy/137073072,408,False
hh.ru,137158627,Бухгалтер на первичную документацию,"Финансы, бухгалтерия и право",Ростовская область,"Ростов-на-Дону, р-н Советский",ООО Флур хаус,50000.0,0.0,RUR,25000.0,True,Без опыта,,Удалённая работа,,2026-09-13T11:44:57+03:00,https://hh.ru/vacancy/137158627,505,False
hh.ru,137113874,Специалист по работе с клиентами,Продажи и клиентский сервис,Ростовская область,"Ростов-на-Дону, р-н Ленинский",ООО ЭкоЦентр,90000.0,90000.0,RUR,90000.0,True,Опыт 1-3 года,,,,2026-09-13T11:44:57+03:00,https://hh.ru/vacancy/137113874,2450,False
hh.ru,137064259,Секретарь руководителя,Прочие профессии,Ростовская область,"Ростов-на-Дону, р-н Кировский",Газпром межрегионгаз,60000.0,0.0,RUR,30000.0,False,Без опыта,,,,2026-09-13T11:44:57+03:00,https://hh.ru/vacancy/137064259,2189,False
hh.ru,136962399,Помощник бухгалтера,"Финансы, бухгалтерия и право",Ростовская область,"Ростов-на-Дону, р-н Октябрьский",ООО МС,65000.0,65000.0,RUR,65000.0,True,Опыт 1-3 года,,,,2026-09-13T11:44:57+03:00,https://hh.ru/vacancy/136962399,1891,False
hh.ru,136963707,Администратор зуботехнической лаборатории,Продажи и клиентский сервис,Ростовская область,"Ростов-на-Дону, р-н Ленинский",Зуботехническая лаборатория А-дент,55000.0,65000.0,RUR,60000.0,True,Без опыта,,,,2026-09-13T11:44:57+03:00,https://hh.ru/vacancy/136963707,228,False
hh.ru,136694599,Контент-менеджер,"Маркетинг, медиа и дизайн",Ростовская область,"Ростов-на-Дону 39.72281, 47.225946, р-н Кировский",LASHROOM,50000.0,60000.0,RUR,55000.0,False,Опыт 1-3 года,,,,2026-09-13T11:44:57+03:00,https://hh.ru/vacancy/136694599,1189,False
hh.ru,136486516,Специалист отдела по работе с гражданами,Прочие профессии,Ростовская область,"Ростов-на-Дону, р-н Кировский",ГБУ РО Агентство жилищных программ,45000.0,0.0,RUR,22500.0,True,Без опыта,,,,2026-09-13T11:44:57+03:00,https://hh.ru/vacancy/136486516,2350,False
hh.ru,137090804,Директор по безопасности,Охрана и безопасность,Ростовская область,"Ростов-на-Дону, р-н Кировский",ООО Айси Логистик,,,,,False,Опыт 3-6 лет,,,,2026-09-13T11:44:57+03:00,https://hh.ru/vacancy/137090804,964,False
hh.ru,136786107,Водитель легкового автомобиля в организацию,Транспорт и логистика,Ростовская область,"Ростов-на-Дону, р-н Ленинский",ГБПОУ РО РСК,,,,,False,Опыт 1-3 года,,,,2026-09-13T11:44:57+03:00,https://hh.ru/vacancy/136786107,759,False
hh.ru,136689257,Графический дизайнер,"Маркетинг, медиа и дизайн",Ростовская область,"Ростов-на-Дону, р-н Первомайский",СК Строй+,0.0,0.0,,,False,Без опыта,,Удалённая работа,,2026-09-13T11:44:57+03:00,https://hh.ru/vacancy/136689257,904,False
hh.ru,126411160,Администратор в медицинскую клинику,Медицина и фармацевтика,Ростовская область,"Ростов-на-Дону, р-н Кировский",Клиника Евродон,60000.0,0.0,RUR,30000.0,False,Без опыта,,,,2026-09-13T11:44:57+03:00,https://hh.ru/vacancy/126411160,183,False
hh.ru,137006258,Менеджер по сопровождению клиентов / Сервис-менеджер,Продажи и клиентский сервис,Ростовская область,Ростов-на-Дону,Руки В Дело,80000.0,120000.0,RUR,100000.0,True,Опыт 1-3 года,,Удалённая работа,,2026-09-13T11:44:57+03:00,https://hh.ru/vacancy/137006258,1492,False
hh.ru,136320809,Модель (съёмки для маркетплейсов),"Маркетинг, медиа и дизайн",Ростовская область,"Ростов-на-Дону, р-н Кировский",Imimodels,2000.0,0.0,RUR,1000.0,False,Без опыта,,,,2026-09-13T11:44:57+03:00,https://hh.ru/vacancy/136320809,1534,False
hh.ru,136253962,Главный инженер ДГТУ,Инженерия и производство,Ростовская область,"Ростов-на-Дону, р-н Октябрьский",Донской государственный технический университет,150000.0,150000.0,RUR,150000.0,True,Опыт более 6 лет,,,,2026-09-13T11:44:57+03:00,https://hh.ru/vacancy/136253962,862,False
hh.ru,136771603,Специалист по тендерам,Прочие профессии,Ростовская область,"Ростов-на-Дону, р-н Октябрьский",ООО Модульконструкт,150000.0,200000.0,RUR,175000.0,False,Опыт 3-6 лет,,,,2026-09-13T11:44:57+03:00,https://hh.ru/vacancy/136771603,2481,False
hh.ru,136861091,Оператор 1С (р-н Военвед),Прочие профессии,Ростовская область,"Ростов-на-Дону, р-н Октябрьский",ООО КОНСТРУКТОР,65000.0,65000.0,RUR,65000.0,False,Опыт 1-3 года,,,,2026-09-13T11:44:57+03:00,https://hh.ru/vacancy/136861091,1633,False
hh.ru,136315723,Офис-менеджер,Прочие профессии,Ростовская область,"Ростов-на-Дону, р-н Советский",ООО ТК Релайн,60000.0,0.0,RUR,30000.0,False,Без опыта,,,,2026-09-13T11:44:57+03:00,https://hh.ru/vacancy/136315723,1771,False
hh.ru,137248238,Front-end Vue разработчик / Front-end Vue developer,Информационные технологии,Ростовская область,"Ростов-на-Дону, р-н Пролетарский",DDoS-Guard,,,,,False,Опыт 3-6 лет,,,,2026-09-13T11:44:57+03:00,https://hh.ru/vacancy/137248238,7,False
hh.ru,137232300,Водитель автомобиля,Транспорт и логистика,Ростовская область,"Ростов-на-Дону, р-н Кировский",АО Всероссийский научно-исследовательский институт Градиент,90000.0,90000.0,RUR,90000.0,True,Опыт 3-6 лет,,,,2026-09-13T11:44:57+03:00,https://hh.ru/vacancy/137232300,668,False
hh.ru,137162513,Главный бухгалтер,"Финансы, бухгалтерия и право",Ростовская область,"Ростов-на-Дону, р-н Первомайский",АО Алмаз,285000.0,285000.0,RUR,285000.0,True,Опыт более 6 лет,,,,2026-09-13T11:44:57+03:00,https://hh.ru/vacancy/137162513,847,False
hh.ru,137235233,"Специалист по работе с документами (Лермонтовская улица, 71/104, Октябрьский район)",Прочие профессии,Ростовская область,"Ростов-на-Дону, р-н Октябрьский",ООО Инфолоджистикс,,,,,False,Опыт 1-3 года,,,,2026-09-13T11:44:57+03:00,https://hh.ru/vacancy/137235233,2447,False
hh.ru,137213204,Водитель-экспедитор,Транспорт и логистика,Ростовская область,"Ростов-на-Дону, р-н Октябрьский",ООО Завод высотных конструкций,100000.0,130000.0,RUR,115000.0,False,Опыт 1-3 года,,,,2026-09-13T11:44:57+03:00,https://hh.ru/vacancy/137213204,802,False
hh.ru,135904422,Ведущий бухгалтер удаленно,"Финансы, бухгалтерия и право",Ростовская область,Ростов-на-Дону,ООО Тест,80000.0,80000.0,RUR,80000.0,False,Опыт более 6 лет,,Удалённая работа,,2026-09-13T11:44:57+03:00,https://hh.ru/vacancy/135904422,561,False
hh.ru,137118298,Персональный водитель (Miniven) / Личный помощник-водитель генерального директора,Транспорт и логистика,Ростовская область,"Ростов-на-Дону, р-н Ленинский",ООО ИСКРА,80000.0,80000.0,RUR,80000.0,False,Опыт 1-3 года,,,,2026-09-13T11:44:57+03:00,https://hh.ru/vacancy/137118298,1827,False
hh.ru,137206597,Водитель семейный,Транспорт и логистика,Ростовская область,"Ростов-на-Дону, р-н Железнодорожный",ООО Энергосоюз-Дон,70000.0,70000.0,RUR,70000.0,False,Опыт 1-3 года,,,,2026-09-13T11:44:57+03:00,https://hh.ru/vacancy/137206597,789,False
hh.ru,137060086,Администратор салона красоты,Продажи и клиентский сервис,Ростовская область,"Ростов-на-Дону 39.72281, 47.225946, р-н Кировский",LASHROOM,48000.0,65000.0,RUR,56500.0,False,Без опыта,,,,2026-09-13T11:44:57+03:00,https://hh.ru/vacancy/137060086,302,False
hh.ru,137173792,Продавец-консультант（Китайская компания）,Продажи и клиентский сервис,Ростовская область,"Ростов-на-Дону, р-н Кировский",Shuoxin Machinery,40000.0,90000.0,RUR,65000.0,False,Без опыта,,,,2026-09-13T11:44:57+03:00,https://hh.ru/vacancy/137173792,2013,False
hh.ru,137206032,Начальник Юридической службы,Управление,Ростовская область,Санкт-Петербург,АО ПТМ,,,,,False,Опыт более 6 лет,,,,2026-09-13T11:44:57+03:00,https://hh.ru/vacancy/137206032,1589,False
hh.ru,137235197,Личный водитель,Транспорт и логистика,Ростовская область,Луганск,ООО Денже Групп,120000.0,120000.0,RUR,120000.0,True,Опыт более 6 лет,,,,2026-09-13T11:44:57+03:00,https://hh.ru/vacancy/137235197,1253,False
hh.ru,134872342,Администратор в клинику,Продажи и клиентский сервис,Ростовская область,"Ростов-на-Дону, р-н Октябрьский",Клиника Евродон,65000.0,0.0,RUR,32500.0,False,Без опыта,,,,2026-09-13T11:44:57+03:00,https://hh.ru/vacancy/134872342,171,False
hh.ru,136883033,Специалист по страхованию,Прочие профессии,Ростовская область,"Ростов-на-Дону, р-н Октябрьский",АО Зетта Страхование,80000.0,120000.0,RUR,100000.0,True,Без опыта,,,,2026-09-13T11:44:57+03:00,https://hh.ru/vacancy/136883033,2480,False
hh.ru,137244803,Переводчик с английского языка,Прочие профессии,Ростовская область,"Ростов-на-Дону, р-н Октябрьский",ООО Дискавери,40000.0,50000.0,RUR,45000.0,False,Опыт 1-3 года,,,,2026-09-13T11:44:57+03:00,https://hh.ru/vacancy/137244803,1820,False
hh.ru,137256008,Тентовик,Прочие профессии,Рязанская область,"Рязань, р-н Железнодорожный",ООО Меткомплекс,90000.0,0.0,RUR,45000.0,False,Без опыта,,,,2026-09-13T11:44:57+03:00,https://hh.ru/vacancy/137256008,2566,False
hh.ru,137017940,Менеджер по продажам удаленно,Продажи и клиентский сервис,Рязанская область,"Рязань, р-н Советский",ООО Мастер-ключ,80000.0,140000.0,RUR,110000.0,False,Опыт 1-3 года,,Удалённая работа,,2026-09-13T11:44:57+03:00,https://hh.ru/vacancy/137017940,1449,False
hh.ru,136655704,Администратор,Продажи и клиентский сервис,Рязанская область,"Рязань, р-н Советский",ApartAprel,40777.0,70777.0,RUR,55777.0,False,Без опыта,,Удалённая работа,,2026-09-13T11:44:57+03:00,https://hh.ru/vacancy/136655704,57,False
hh.ru,136950940,Бухгалтер,"Финансы, бухгалтерия и право",Рязанская область,Рязань,Группа клиник Медсервис,90000.0,90000.0,RUR,90000.0,False,Опыт 3-6 лет,,,,2026-09-13T11:44:57+03:00,https://hh.ru/vacancy/136950940,415,False
hh.ru,136635386,Упаковщик \ менеджер склада,Прочие профессии,Рязанская область,"Рязань, р-н Октябрьский",ООО Мпформ,60000.0,80000.0,RUR,70000.0,False,Без опыта,,,,2026-09-13T11:44:57+03:00,https://hh.ru/vacancy/136635386,2616,False
hh.ru,136327823,Администратор боулинга,Продажи и клиентский сервис,Рязанская область,"Рязань, р-н Советский",ООО Страйк,70000.0,0.0,RUR,35000.0,False,Без опыта,,,,2026-09-13T11:44:57+03:00,https://hh.ru/vacancy/136327823,155,False
hh.ru,137168490,Водитель категории В,Транспорт и логистика,Рязанская область,"Рязань, р-н Октябрьский",3D LOGISTIC,100000.0,100000.0,RUR,100000.0,True,Опыт 1-3 года,,,,2026-09-13T11:44:57+03:00,https://hh.ru/vacancy/137168490,716,False
hh.ru,137244762,HR-операционист,Прочие профессии,Рязанская область,"Рязань, р-н Советский",ООО Лавка Радости,60000.0,60000.0,RUR,60000.0,True,Опыт 1-3 года,,Удалённая работа,,2026-09-13T11:44:57+03:00,https://hh.ru/vacancy/137244762,14,False
hh.ru,137061462,Офис-менеджер,Прочие профессии,Рязанская область,"Рязань, р-н Советский",Бар Маркет,60000.0,70000.0,RUR,65000.0,False,Без опыта,,,,2026-09-13T11:44:57+03:00,https://hh.ru/vacancy/137061462,1750,False
hh.ru,137195911,"Территориальный менеджер по продажам (Омск, Новосибирск)",Продажи и клиентский сервис,Рязанская область,"Рязань, р-н Советский",Absolute Petfood,130000.0,130000.0,RUR,130000.0,False,Опыт 1-3 года,,,,2026-09-13T11:44:57+03:00,https://hh.ru/vacancy/137195911,2569,False
hh.ru,136619374,Персональный семейный водитель,Транспорт и логистика,Рязанская область,"Рязань, р-н Московский",ООО НПП ПожПромТех,120000.0,120000.0,RUR,120000.0,False,Опыт более 6 лет,,,,2026-09-13T11:44:57+03:00,https://hh.ru/vacancy/136619374,1834,False
hh.ru,137148900,Водитель погрузчика кат. В (еженедельная оплата),Транспорт и логистика,Рязанская область,"Рязань, р-н Советский",ООО Юнилоджик,180000.0,180000.0,RUR,180000.0,False,Опыт 1-3 года,,,,2026-09-13T11:44:57+03:00,https://hh.ru/vacancy/137148900,780,False
hh.ru,137063557,Водитель автомобиля,Транспорт и логистика,Рязанская область,"Рязань, р-н Железнодорожный",Криоген,120000.0,120000.0,RUR,120000.0,True,Опыт 3-6 лет,,,,2026-09-13T11:44:57+03:00,https://hh.ru/vacancy/137063557,672,False
hh.ru,137222222,Администратор,Продажи и клиентский сервис,Рязанская область,"Рязань, р-н Железнодорожный",NinjaLounge,60000.0,0.0,RUR,30000.0,False,Без опыта,,,,2026-09-13T11:44:57+03:00,https://hh.ru/vacancy/137222222,66,False
hh.ru,137254970,Подработка в выходные дни,Прочие профессии,Рязанская область,"Рыбное, Берёзовая улица, 13",Рельеф-Центр. Логистика,0.0,0.0,,,False,Без опыта,,,,2026-09-13T11:44:57+03:00,https://hh.ru/vacancy/137254970,1846,False
hh.ru,137176885,Помощник бухгалтера,"Финансы, бухгалтерия и право",Рязанская область,"Рязань, р-н Московский",ООО Деревенька,50000.0,50000.0,RUR,50000.0,False,Опыт 1-3 года,,,,2026-09-13T11:44:57+03:00,https://hh.ru/vacancy/137176885,1887,True
hh.ru,137178400,Рабочий на завод в Рязань,Прочие профессии,Рязанская область,"Рязань, р-н Советский",ООО Резидент,100000.0,135000.0,RUR,117500.0,False,Без опыта,,,,2026-09-13T11:44:57+03:00,https://hh.ru/vacancy/137178400,2041,True
hh.ru,137176885,Помощник бухгалтера,"Финансы, бухгалтерия и право",Рязанская область,"Рязань, р-н Московский",ООО Деревенька,50000.0,50000.0,RUR,50000.0,False,Опыт 1-3 года,,,,2026-09-13T11:44:57+03:00,https://hh.ru/vacancy/137176885,1887,True
hh.ru,137178400,Рабочий на завод в Рязань,Прочие профессии,Рязанская область,"Рязань, р-н Советский",ООО Резидент,100000.0,135000.0,RUR,117500.0,False,Без опыта,,,,2026-09-13T11:44:57+03:00,https://hh.ru/vacancy/137178400,2041,True
hh.ru,137259274,Помощник бухгалтера,"Финансы, бухгалтерия и право",Рязанская область,"Рязань, р-н Советский",ООО МедЛайн Рязань,40000.0,0.0,RUR,20000.0,True,Без опыта,,,,2026-09-13T11:44:57+03:00,https://hh.ru/vacancy/137259274,1889,False
hh.ru,136480188,Администратор,Продажи и клиентский сервис,Рязанская область,"Рязань, р-н Октябрьский",Ветеринарная клиника Доктор Вет,50000.0,0.0,RUR,25000.0,False,Без опыта,,,,2026-09-13T11:44:57+03:00,https://hh.ru/vacancy/136480188,72,False
hh.ru,137179378,Менеджер учебного отдела,Прочие профессии,Рязанская область,"Рязань, р-н Железнодорожный",ООО Московский университет профессиональной переподготовки и повышения квалификации,30000.0,45000.0,RUR,37500.0,False,Без опыта,,,,2026-09-13T11:44:57+03:00,https://hh.ru/vacancy/137179378,1508,False
hh.ru,136731410,Юрист,"Финансы, бухгалтерия и право",Рязанская область,"Рязань, р-н Советский",Сазонова Дарья Вадимовна,60000.0,70000.0,RUR,65000.0,False,Опыт 1-3 года,,Удалённая работа,,2026-09-13T11:44:57+03:00,https://hh.ru/vacancy/136731410,2729,False
hh.ru,134977270,Специалист по противодействию БПЛА,Прочие профессии,Рязанская область,"Рязань, р-н Железнодорожный",ООО Объединенные кондитеры,100000.0,0.0,RUR,50000.0,False,Без опыта,,,,2026-09-13T11:44:57+03:00,https://hh.ru/vacancy/134977270,2442,False
hh.ru,137123634,Обжарщик кофе на кофейную фабрику,Прочие профессии,Рязанская область,"Рязань, р-н Октябрьский",ООО Бравос Кофе,80000.0,110000.0,RUR,95000.0,False,Опыт 1-3 года,,,,2026-09-13T11:44:57+03:00,https://hh.ru/vacancy/137123634,1610,False
hh.ru,137272406,Заведующий гаражом,Прочие профессии,Рязанская область,"Рязань, р-н Октябрьский",ФГБОУ ВО Рязанский Государственный Радиотехнический Университет Имени В.Ф. Уткина,70000.0,70000.0,RUR,70000.0,False,Опыт 3-6 лет,,,,2026-09-13T11:44:57+03:00,https://hh.ru/vacancy/137272406,1011,False
hh.ru,136341484,Бухгалтер на первичную документацию,"Финансы, бухгалтерия и право",Рязанская область,"Рязань, р-н Железнодорожный",Кольцова Наталья Александровна,60900.0,60900.0,RUR,60900.0,False,Опыт 1-3 года,,Удалённая работа,,2026-09-13T11:44:57+03:00,https://hh.ru/vacancy/136341484,485,False
hh.ru,136292858,Референт,Прочие профессии,Рязанская область,"Рязань, р-н Советский",ГБУ РО ГКБ №8,45000.0,0.0,RUR,22500.0,True,Без опыта,,,,2026-09-13T11:44:57+03:00,https://hh.ru/vacancy/136292858,2105,False
hh.ru,137227359,Оформитель онлайн-обращений,Прочие профессии,Рязанская область,Рязань,ООО Панорама,40000.0,60000.0,RUR,50000.0,False,Без опыта,,Удалённая работа,,2026-09-13T11:44:57+03:00,https://hh.ru/vacancy/137227359,1792,False
hh.ru,137195752,Ведущий специалист,Прочие профессии,Рязанская область,"Рязань, р-н Советский",Нек. орг. Фонд капитального ремонта многоквартирных домов Рязанской области,50940.0,0.0,RUR,25470.0,True,Без опыта,,,,2026-09-13T11:44:57+03:00,https://hh.ru/vacancy/137195752,578,False
hh.ru,136903837,Системный аналитик,Прочие профессии,Рязанская область,Москва,ООО Синьор Софт,,,,,False,Опыт 3-6 лет,,Удалённая работа,,2026-09-13T11:44:57+03:00,https://hh.ru/vacancy/136903837,2224,False
hh.ru,136339080,Бармен-бариста в кофейню Кофе-Холл,Продажи и клиентский сервис,Рязанская область,"Рязань, р-н Железнодорожный","ИНВЕСТ, ООО ФПК",60000.0,60000.0,RUR,60000.0,False,Опыт 1-3 года,,,,2026-09-13T11:44:57+03:00,https://hh.ru/vacancy/136339080,381,False
hh.ru,137221692,Ведущий менеджер по работе с персоналом,Прочие профессии,Рязанская область,"Рязань, р-н Советский",ООО Активо Консалтинг,100000.0,100000.0,RUR,100000.0,False,Опыт 3-6 лет,,,,2026-09-13T11:44:57+03:00,https://hh.ru/vacancy/137221692,570,False
hh.ru,136893339,Бухгалтер,"Финансы, бухгалтерия и право",Рязанская область,Рязанский муниципальный округ,ООО Аг-Тех,70000.0,70000.0,RUR,70000.0,False,Опыт 1-3 года,,,,2026-09-13T11:44:57+03:00,https://hh.ru/vacancy/136893339,425,False
hh.ru,137196770,Python backend разработчик,Информационные технологии,Республика Саха (Якутия),Якутск,ИП Волгин Дмитрий Олегович,,,,,False,Опыт 1-3 года,,Удалённая работа,,2026-09-13T11:44:57+03:00,https://hh.ru/vacancy/137196770,32,False
hh.ru,137131798,Водитель категории В,Транспорт и логистика,Республика Саха (Якутия),"Якутск, Вилюйский тракт, 4-й километр, 2/1",ООО Туймаада-нефть,80000.0,80000.0,RUR,80000.0,False,Опыт 3-6 лет,,,,2026-09-13T11:44:57+03:00,https://hh.ru/vacancy/137131798,726,False
hh.ru,137230436,Геолог,Прочие профессии,Республика Саха (Якутия),посёлок городского типа Усть-Нера,ООО Восток,400000.0,400000.0,RUR,400000.0,False,Опыт 1-3 года,,,,2026-09-13T11:44:57+03:00,https://hh.ru/vacancy/137230436,840,False
hh.ru,137135471,Специалист по защите государственной тайны,Прочие профессии,Республика Саха (Якутия),"Якутск, Октябрьская улица, 10/1",АО Арктиктелеком,75000.0,75000.0,RUR,75000.0,False,Опыт 1-3 года,,,,2026-09-13T11:44:57+03:00,https://hh.ru/vacancy/137135471,2388,False
hh.ru,136985789,Главный специалист Департамента стратегического планирования и проектного управления,Прочие профессии,Республика Саха (Якутия),"Якутск, улица Чернышевского, 14",Министерство по развитию Арктики и делам народов Севера Республики Саха (Якутия),80000.0,100000.0,RUR,90000.0,True,Опыт 1-3 года,,,,2026-09-13T11:44:57+03:00,https://hh.ru/vacancy/136985789,871,False
hh.ru,137092633,Инженер 1-й категории отдела сопровождения АСУТП и СДТУ,Инженерия и производство,Республика Саха (Якутия),"Якутск, улица Федора Попова, 14",ПАО Якутскэнерго,115000.0,125000.0,RUR,120000.0,True,Опыт 1-3 года,,,,2026-09-13T11:44:57+03:00,https://hh.ru/vacancy/137092633,1059,False
hh.ru,136287431,Водитель,Транспорт и логистика,Республика Саха (Якутия),Якутск,ИП Фадеева Елена Александровна,120000.0,130000.0,RUR,125000.0,False,Опыт 1-3 года,,,,2026-09-13T11:44:57+03:00,https://hh.ru/vacancy/136287431,638,False
hh.ru,137181245,Водитель,Транспорт и логистика,Республика Саха (Якутия),"Якутск, улица Лермонтова, 37",МКУ Централизованная Бухгалтерия Городского Округа Город Якутск,,,,,False,Опыт 3-6 лет,,,,2026-09-13T11:44:57+03:00,https://hh.ru/vacancy/137181245,645,False
hh.ru,136336038,Специалист по количественным исследованиям,Прочие профессии,Республика Саха (Якутия),"Якутск, 203-й микрорайон, 28",Drivee,,,,,False,Опыт 1-3 года,,,,2026-09-13T11:44:57+03:00,https://hh.ru/vacancy/136336038,2407,False
hh.ru,137152823,Специалист по информационной безопасности,Охрана и безопасность,Республика Саха (Якутия),городской округ Жатай,ЧОУ ОК Точка будущего Якутия,,,,,False,Опыт 1-3 года,,,,2026-09-13T11:44:57+03:00,https://hh.ru/vacancy/137152823,2391,False
hh.ru,136615127,Санитарка/санитар,Рабочий и обслуживающий персонал,Республика Саха (Якутия),"Якутск, улица Чиряева, 10",Dоктор Dубинина Эстетика здоровой улыбки,60000.0,0.0,RUR,30000.0,False,Без опыта,,,,2026-09-13T11:44:57+03:00,https://hh.ru/vacancy/136615127,2153,False
hh.ru,136925773,Фасовщик в аптеку,Прочие профессии,Республика Саха (Якутия),"Якутск, проспект Михаила Николаева, 7/4",Аптека Миницен,51800.0,0.0,RUR,25900.0,False,Без опыта,,,,2026-09-13T11:44:57+03:00,https://hh.ru/vacancy/136925773,2650,False
hh.ru,137207776,Менеджер ИТ-проектов с ИИ,Прочие профессии,Республика Саха (Якутия),"Якутск, проспект Ленина, 1",Государственное бюджетное учреждение Республики Саха (Якутия) Республиканский центр инфокоммуникационных технологий,,,,,False,Опыт 1-3 года,,,,2026-09-13T11:44:57+03:00,https://hh.ru/vacancy/137207776,1330,False
hh.ru,136333310,Продавец (можно на неполный рабочий день),Продажи и клиентский сервис,Республика Саха (Якутия),"Якутск, улица Кальвица, 14/5",ИП Маттерн Анна Викторовна,45000.0,0.0,RUR,22500.0,False,Без опыта,,,,2026-09-13T11:44:57+03:00,https://hh.ru/vacancy/136333310,2020,False
hh.ru,137042828,Куратор вахтовиков в г. Якутск,Прочие профессии,Республика Саха (Якутия),"Якутск, Вилюйский тракт, 7-й километр, 2А",ООО ЧАЗ Содействие,80000.0,120000.0,RUR,100000.0,False,Опыт 1-3 года,,,,2026-09-13T11:44:57+03:00,https://hh.ru/vacancy/137042828,1219,False
hh.ru,136429960,"Монтажник МК и СП (п. Тополиное Якутия) — высокий доход, жильё, питание, проезд",Строительство и недвижимость,Республика Саха (Якутия),село Тополиное,ООО Проснаб,200000.0,200000.0,RUR,200000.0,False,Опыт 1-3 года,,,,2026-09-13T11:44:57+03:00,https://hh.ru/vacancy/136429960,1545,False
hh.ru,137032789,Водитель автомобиля категории В (персональный),Транспорт и логистика,Республика Саха (Якутия),"Якутск, улица К.Д. Уткина, 20",АО Теплоэнергия,60000.0,0.0,RUR,30000.0,False,Без опыта,,,,2026-09-13T11:44:57+03:00,https://hh.ru/vacancy/137032789,684,True
hh.ru,137032789,Водитель автомобиля категории В (персональный),Транспорт и логистика,Республика Саха (Якутия),"Якутск, улица К.Д. Уткина, 20",АО Теплоэнергия,60000.0,0.0,RUR,30000.0,False,Без опыта,,,,2026-09-13T11:44:57+03:00,https://hh.ru/vacancy/137032789,684,True
hh.ru,137101923,Начальник обособленного подразделения,Управление,Республика Саха (Якутия),Якутск,ООО Маламут Транс,150000.0,150000.0,RUR,150000.0,False,Опыт 3-6 лет,,,,2026-09-13T11:44:57+03:00,https://hh.ru/vacancy/137101923,1560,False
hh.ru,136489905,Полицейский патрульно-постовой службы,Охрана и безопасность,Республика Саха (Якутия),"Якутск, Якутская улица, 2",МУ МВД РФ Якутское,70000.0,120000.0,RUR,95000.0,False,Без опыта,,,,2026-09-13T11:44:57+03:00,https://hh.ru/vacancy/136489905,1856,False
hh.ru,137130286,Ведущий документовед,Прочие профессии,Республика Саха (Якутия),Якутск,Государственное казенное учреждение Республики Саха (Якутия) Агентство субсидий,58000.0,58000.0,RUR,58000.0,False,Опыт 1-3 года,,,,2026-09-13T11:44:57+03:00,https://hh.ru/vacancy/137130286,562,False
hh.ru,137253417,Оператор 1С,Прочие профессии,Республика Саха (Якутия),Якутск,ООО ЭнергоСК,100000.0,100000.0,RUR,100000.0,False,Опыт 1-3 года,,,,2026-09-13T11:44:57+03:00,https://hh.ru/vacancy/137253417,1630,False
hh.ru,137191194,Детейлер,Прочие профессии,Республика Саха (Якутия),"Якутск, шоссе Отдыха, 2/4",Tokyo detailing,80000.0,0.0,RUR,40000.0,False,Без опыта,,,,2026-09-13T11:44:57+03:00,https://hh.ru/vacancy/137191194,944,False
hh.ru,136871568,Системный администратор,Информационные технологии,Республика Саха (Якутия),"Якутск, улица Жорницкого, 9/3",ООО Техноавиа-Саха,138000.0,138000.0,RUR,138000.0,True,Опыт более 6 лет,,,,2026-09-13T11:44:57+03:00,https://hh.ru/vacancy/136871568,2216,False
hh.ru,137245847,Менеджер по снабжению и комплектации,Прочие профессии,Республика Саха (Якутия),посёлок городского типа Серебряный Бор,ООО СК Северная Гавань,170000.0,170000.0,RUR,170000.0,False,Опыт 3-6 лет,,,,2026-09-13T11:44:57+03:00,https://hh.ru/vacancy/137245847,1489,False
hh.ru,137233378,Сварщик ручной дуговой сварки (РД),Инженерия и производство,Республика Саха (Якутия),Республика Саха (Якутия),Группа компаний «100 тонн»,200000.0,300000.0,RUR,250000.0,False,Опыт 1-3 года,,,,2026-09-13T11:44:57+03:00,https://hh.ru/vacancy/137233378,2172,False
hh.ru,137181870,Заместитель директора филиала - главный инженер,Инженерия и производство,Республика Саха (Якутия),"Якутск, улица Курашова, 28/1",АО УК ГидроОГК,,,,,False,Опыт 3-6 лет,,,,2026-09-13T11:44:57+03:00,https://hh.ru/vacancy/137181870,1036,False
hh.ru,137177294,Мерчандайзер,Прочие профессии,Республика Саха (Якутия),"Якутск, Северная улица, 6",ИП Иванова Алина Кимирсеновна,3500.0,3500.0,RUR,3500.0,False,Опыт 1-3 года,,,,2026-09-13T11:44:57+03:00,https://hh.ru/vacancy/137177294,1513,False
hh.ru,137107022,Заместитель начальника участка,Управление,Республика Саха (Якутия),"Нерюнгри, территория База Альянс, с7",ООО Управляющая компания Неотранс,180000.0,180000.0,RUR,180000.0,False,Опыт 3-6 лет,,,,2026-09-13T11:44:57+03:00,https://hh.ru/vacancy/137107022,1047,False
hh.ru,136745392,Геолог участковый,Прочие профессии,Республика Саха (Якутия),Республика Саха (Якутия),UDS GOLD,250000.0,0.0,RUR,125000.0,False,Без опыта,,,,2026-09-13T11:44:57+03:00,https://hh.ru/vacancy/136745392,842,False
hh.ru,137241252,Водитель вахтового автобуса,Транспорт и логистика,Республика Саха (Якутия),Алданский район,ООО Сервис Плюс,300000.0,300000.0,RUR,300000.0,False,Опыт 1-3 года,,,,2026-09-13T11:44:57+03:00,https://hh.ru/vacancy/137241252,698,False
hh.ru,137091008,Звукооператор/звукорежиссер,Прочие профессии,Республика Саха (Якутия),"Нерюнгри, Южно-Якутская улица, 27/2",МБУК КЭЦ НР,100000.0,120000.0,RUR,110000.0,True,Без опыта,,,,2026-09-13T11:44:57+03:00,https://hh.ru/vacancy/137091008,1054,False
hh.ru,136971782,Проходчик (ГРОЗ),Прочие профессии,Республика Саха (Якутия),Нерюнгри,ИМПЕРИЯ КАДРОВ,530000.0,600000.0,RUR,565000.0,False,Опыт 1-3 года,,,,2026-09-13T11:44:57+03:00,https://hh.ru/vacancy/136971782,2030,False
hh.ru,137094309,Экономист отдела экономики генерации,"Финансы, бухгалтерия и право",Республика Саха (Якутия),"Якутск, улица Федора Попова, 14",ПАО Якутскэнерго,100000.0,110000.0,RUR,105000.0,False,Опыт 3-6 лет,,,,2026-09-13T11:44:57+03:00,https://hh.ru/vacancy/137094309,2685,False
hh.ru,136711451,Советник отдела контроля,Прочие профессии,Сахалинская область,Южно-Сахалинск,Правительство Сахалинской области,,,,,False,Опыт 1-3 года,,,,2026-09-13T11:44:57+03:00,https://hh.ru/vacancy/136711451,2239,False
hh.ru,137227859,"Заместитель министра, директор департамента",Управление,Сахалинская область,Южно-Сахалинск,Правительство Сахалинской области,,,,,False,Опыт 3-6 лет,,,,2026-09-13T11:44:57+03:00,https://hh.ru/vacancy/137227859,1037,False
hh.ru,136819955,Персональный водитель руководителя,Транспорт и логистика,Сахалинская область,"Южно-Сахалинск, улица Карла Маркса, 20",Ассоциация Сахалинстрой,80000.0,100000.0,RUR,90000.0,True,Опыт более 6 лет,,,,2026-09-13T11:44:57+03:00,https://hh.ru/vacancy/136819955,1830,False
hh.ru,137153676,Менеджер отдела поддержки (чаты),Прочие профессии,Сахалинская область,Южно-Сахалинск,IRuler,30000.0,30000.0,RUR,30000.0,False,Опыт 1-3 года,,Удалённая работа,,2026-09-13T11:44:57+03:00,https://hh.ru/vacancy/137153676,1350,False
hh.ru,137185534,Бухгалтер,"Финансы, бухгалтерия и право",Сахалинская область,"Южно-Сахалинск, Курильская улица, 38",ООО Фемко-Менеджмент,160000.0,160000.0,RUR,160000.0,True,Опыт 3-6 лет,,,,2026-09-13T11:44:57+03:00,https://hh.ru/vacancy/137185534,463,False
hh.ru,137047166,Водитель в банк (доставка документов),Транспорт и логистика,Сахалинская область,Южно-Сахалинск,ООО Блеск,200000.0,0.0,RUR,100000.0,False,Без опыта,,,,2026-09-13T11:44:57+03:00,https://hh.ru/vacancy/137047166,696,False
hh.ru,136232724,Продавец-кассир,Продажи и клиентский сервис,Сахалинская область,Южно-Сахалинск,ООО Торговый Дом Мерси,65000.0,85000.0,RUR,75000.0,False,Опыт 1-3 года,,,,2026-09-13T11:44:57+03:00,https://hh.ru/vacancy/136232724,1983,False
hh.ru,137227708,Старший инженер по бурению,Инженерия и производство,Сахалинская область,"Южно-Сахалинск, улица Чехова, 78",Сахалинская Энергия,,,,,False,Опыт 3-6 лет,,,,2026-09-13T11:44:57+03:00,https://hh.ru/vacancy/137227708,2531,False
hh.ru,137034840,Советник департамента,Прочие профессии,Сахалинская область,Южно-Сахалинск,Правительство Сахалинской области,,,,,False,Опыт 1-3 года,,,,2026-09-13T11:44:57+03:00,https://hh.ru/vacancy/137034840,2238,False
hh.ru,136921091,Начальник отдела,Управление,Сахалинская область,Южно-Сахалинск,Правительство Сахалинской области,,,,,False,Опыт 1-3 года,,,,2026-09-13T11:44:57+03:00,https://hh.ru/vacancy/136921091,1561,False
hh.ru,137181114,Разнорабочий,Рабочий и обслуживающий персонал,Сахалинская область,"Южно-Сахалинск, улица имени Владимира Жириновского",ООО Персональное Решение,5000.0,0.0,RUR,2500.0,False,Без опыта,,,,2026-09-13T11:44:57+03:00,https://hh.ru/vacancy/137181114,2059,False
hh.ru,137225030,Администратор,Продажи и клиентский сервис,Сахалинская область,"Южно-Сахалинск, проспект Мира, 239/2",ИП Нам Алексей Бенсекович,60000.0,90000.0,RUR,75000.0,False,Опыт 1-3 года,,,,2026-09-13T11:44:57+03:00,https://hh.ru/vacancy/137225030,94,False
hh.ru,136765544,Фасовщик готовой еды,Прочие профессии,Сахалинская область,"Южно-Сахалинск, Колодезная улица, 8",Сказка,90000.0,0.0,RUR,45000.0,False,Без опыта,,,,2026-09-13T11:44:57+03:00,https://hh.ru/vacancy/136765544,2652,False
hh.ru,136621642,Диспетчер,Транспорт и логистика,Сахалинская область,"Южно-Сахалинск, Воздушная улица, 11А",ООО Экошельф,90000.0,0.0,RUR,45000.0,False,Без опыта,,,,2026-09-13T11:44:57+03:00,https://hh.ru/vacancy/136621642,989,False
hh.ru,137181617,Сборщик интернет-заказов в аптеку,Прочие профессии,Сахалинская область,"Южно-Сахалинск, улица Ленина, 287",Аптека Миницен,44790.0,0.0,RUR,22395.0,False,Без опыта,,,,2026-09-13T11:44:57+03:00,https://hh.ru/vacancy/137181617,2157,False
hh.ru,136379470,Референт департамента межрегиональных связей,Прочие профессии,Сахалинская область,Южно-Сахалинск,Правительство Сахалинской области,,,,,False,Опыт 3-6 лет,,,,2026-09-13T11:44:57+03:00,https://hh.ru/vacancy/136379470,2106,False
hh.ru,136381222,Администратор на ресепшен,Продажи и клиентский сервис,Сахалинская область,"Южно-Сахалинск, Больничная улица, 106",ИП И Наталья Жеуновна,90000.0,0.0,RUR,45000.0,False,Без опыта,,,,2026-09-13T11:44:57+03:00,https://hh.ru/vacancy/136381222,270,False
hh.ru,137226460,Администратор студии,Продажи и клиентский сервис,Сахалинская область,"Южно-Сахалинск, улица Алексея Максимовича Горького, 68",Искусство тела,75000.0,130000.0,RUR,102500.0,False,Опыт 1-3 года,,,,2026-09-13T11:44:57+03:00,https://hh.ru/vacancy/137226460,326,False
hh.ru,137225454,Инспектор,Прочие профессии,Сахалинская область,"Южно-Сахалинск, проспект Мира, 56",Центр лицензионно-разрешительной работы Управления Росгвардии по Сахалинской области,70000.0,100000.0,RUR,85000.0,False,Без опыта,,,,2026-09-13T11:44:57+03:00,https://hh.ru/vacancy/137225454,1094,False
hh.ru,136712135,Велокурьер,Транспорт и логистика,Сахалинская область,"Южно-Сахалинск, улица М.А. Пуркаева, 69",SakhPost,2500.0,0.0,RUR,1250.0,False,Без опыта,,,,2026-09-13T11:44:57+03:00,https://hh.ru/vacancy/136712135,620,False
hh.ru,137130515,Администратор,Продажи и клиентский сервис,Сахалинская область,"Южно-Сахалинск, Комсомольская улица, 293",ИП Кон Станислав,50000.0,75000.0,RUR,62500.0,False,Без опыта,,,,2026-09-13T11:44:57+03:00,https://hh.ru/vacancy/137130515,89,False
hh.ru,137208970,Помощник генерального директора,Управление,Сахалинская область,"Южно-Сахалинск, улица Ленина, 441А/1",ООО УК Газопромышленный Холдинг,,,,,False,Опыт более 6 лет,,,,2026-09-13T11:44:57+03:00,https://hh.ru/vacancy/137208970,1900,False
hh.ru,137029389,Администратор учебного центра,Продажи и клиентский сервис,Сахалинская область,"Южно-Сахалинск, улица имени Космонавта Поповича, 65Б",Oxford Team Center,40000.0,45000.0,RUR,42500.0,False,Без опыта,,,,2026-09-13T11:44:57+03:00,https://hh.ru/vacancy/137029389,330,False
hh.ru,136526691,Водитель категории В,Транспорт и логистика,Сахалинская область,"Южно-Сахалинск, Крайняя улица, 50",ООО Океан,90000.0,90000.0,RUR,90000.0,False,Опыт 1-3 года,,,,2026-09-13T11:44:57+03:00,https://hh.ru/vacancy/136526691,725,False
hh.ru,137180695,Водитель,Транспорт и логистика,Сахалинская область,"Южно-Сахалинск, Соловьиная улица, 21",ИП Пак Ен Хак,90000.0,95000.0,RUR,92500.0,False,Без опыта,,,,2026-09-13T11:44:57+03:00,https://hh.ru/vacancy/137180695,636,False
hh.ru,137026481,Администратор,Продажи и клиентский сервис,Сахалинская область,Южно-Сахалинск,ИП Каменева Светлана Сергеевна,110000.0,0.0,RUR,55000.0,False,Без опыта,,,,2026-09-13T11:44:57+03:00,https://hh.ru/vacancy/137026481,85,False
hh.ru,137140695,Руководитель проекта,Транспорт и логистика,Сахалинская область,Южно-Сахалинск,ООО Сахалин Шале,150000.0,150000.0,RUR,150000.0,False,Опыт 3-6 лет,,,,2026-09-13T11:44:57+03:00,https://hh.ru/vacancy/137140695,2139,False
hh.ru,136342748,Ведущий советник отдела тарифного регулирования и экономической деятельности,Прочие профессии,Сахалинская область,"Южно-Сахалинск, улица Карла Маркса, 23",Администрация города Южно-Сахалинска,122000.0,135000.0,RUR,128500.0,False,Опыт 1-3 года,,,,2026-09-13T11:44:57+03:00,https://hh.ru/vacancy/136342748,574,False
hh.ru,137032233,Водитель автомобиля,Транспорт и логистика,Сахалинская область,"Южно-Сахалинск, Шлакоблочная улица, 24А",ООО Пасифик Рим Констракторс,120000.0,120000.0,RUR,120000.0,False,Опыт 3-6 лет,,,,2026-09-13T11:44:57+03:00,https://hh.ru/vacancy/137032233,677,False
hh.ru,137232703,Гардеробщик,Прочие профессии,Сахалинская область,"Южно-Сахалинск, 2-я Центральная улица, 1Б",World Class,59000.0,0.0,RUR,29500.0,False,Без опыта,,,,2026-09-13T11:44:57+03:00,https://hh.ru/vacancy/137232703,830,False
hh.ru,137230312,Ведущий экономист,"Финансы, бухгалтерия и право",Сахалинская область,"Южно-Сахалинск, проспект Победы, 62А",МКУ УДХиБ,116000.0,154000.0,RUR,135000.0,False,Опыт более 6 лет,,,,2026-09-13T11:44:57+03:00,https://hh.ru/vacancy/137230312,613,False
hh.ru,137130546,Специалист по снабжению и хозяйственному обеспечению,Прочие профессии,Сахалинская область,"Южно-Сахалинск, проспект Победы, 63Б",Wake Up Coffee,145000.0,145000.0,RUR,145000.0,False,Опыт 3-6 лет,,,,2026-09-13T11:44:57+03:00,https://hh.ru/vacancy/137130546,2472,False
hh.ru,137185713,Водитель-Экспедитор,Транспорт и логистика,Сахалинская область,"Южно-Сахалинск, проспект Мира, 1Ес2",ООО Мориц,100000.0,100000.0,RUR,100000.0,False,Опыт 3-6 лет,,,,2026-09-13T11:44:57+03:00,https://hh.ru/vacancy/137185713,803,False
hh.ru,136329818,Водитель категории B,Транспорт и логистика,Сахалинская область,Южно-Сахалинск,ИП Балтинский Борис Валентинович,80000.0,80000.0,RUR,80000.0,False,Опыт 1-3 года,,,,2026-09-13T11:44:57+03:00,https://hh.ru/vacancy/136329818,709,False
hh.ru,137264604,Бухгалтер по первичной документации (удаленно),"Финансы, бухгалтерия и право",Самарская область,Самара,ООО Рада,50000.0,55000.0,RUR,52500.0,False,Опыт 3-6 лет,,Удалённая работа,,2026-09-13T11:44:57+03:00,https://hh.ru/vacancy/137264604,529,False
hh.ru,136833374,Делопроизводитель,Транспорт и логистика,Самарская область,"Самара, р-н Железнодорожный",ГБУЗ СО Самарская городская поликлиника № 13,40000.0,0.0,RUR,20000.0,False,Без опыта,,,,2026-09-13T11:44:57+03:00,https://hh.ru/vacancy/136833374,919,False
hh.ru,136728688,Специалист 2 категории договорной группы,Прочие профессии,Самарская область,Самара,ПАО Самараэнерго,70000.0,71000.0,RUR,70500.0,False,Опыт 1-3 года,,,,2026-09-13T11:44:57+03:00,https://hh.ru/vacancy/136728688,2279,False
hh.ru,137095603,Менеджер по продажам (переписка),Продажи и клиентский сервис,Самарская область,Самара,Alexbooks,60000.0,90000.0,RUR,75000.0,False,Опыт 1-3 года,,Удалённая работа,,2026-09-13T11:44:57+03:00,https://hh.ru/vacancy/137095603,1442,False
hh.ru,137008198,Водитель категории В,Транспорт и логистика,Самарская область,"Елабужский район, особая экономическая зона Алабуга, улица Ш-2, 4/1",Алабуга. Логистика и закупки,258750.0,258750.0,RUR,258750.0,True,Опыт 1-3 года,,,,2026-09-13T11:44:57+03:00,https://hh.ru/vacancy/137008198,719,False
hh.ru,136891882,Укладчик-упаковщик,Прочие профессии,Самарская область,"Тольятти, р-н Автозаводский",ООО Ресурс Комплект,55000.0,60000.0,RUR,57500.0,False,Без опыта,,,,2026-09-13T11:44:57+03:00,https://hh.ru/vacancy/136891882,2605,False
hh.ru,136659998,Администратор тайского СПА,Продажи и клиентский сервис,Самарская область,"Тольятти, р-н Автозаводский",Termal Spa,52500.0,70000.0,RUR,61250.0,False,Опыт 1-3 года,,,,2026-09-13T11:44:57+03:00,https://hh.ru/vacancy/136659998,327,False
hh.ru,136804823,Специалист по информационным сервисам,Прочие профессии,Самарская область,"Тольятти, р-н Центральный",ИП Булыгина Дарья Вадимовна,50000.0,70000.0,RUR,60000.0,True,Опыт 1-3 года,,Удалённая работа,,2026-09-13T11:44:57+03:00,https://hh.ru/vacancy/136804823,2392,False
hh.ru,136841624,Бизнес-ассистент на развитие проекта в сфере fashion,Прочие профессии,Самарская область,Самара,HRassistant (ИП Кузнецова Ирина Андреевна),50000.0,120000.0,RUR,85000.0,False,Без опыта,,Удалённая работа,,2026-09-13T11:44:57+03:00,https://hh.ru/vacancy/136841624,396,False
hh.ru,136383343,Подсобный рабочий,Прочие профессии,Самарская область,"Тольятти, р-н Автозаводский",ООО Волжская фабрика упаковки,75000.0,120000.0,RUR,97500.0,False,Без опыта,,,,2026-09-13T11:44:57+03:00,https://hh.ru/vacancy/136383343,1849,False
hh.ru,137188070,Помощник руководителя/делопроизводитель,Транспорт и логистика,Самарская область,"Самара, р-н Октябрьский",ООО ССК Монолит,90000.0,90000.0,RUR,90000.0,False,Опыт 1-3 года,,,,2026-09-13T11:44:57+03:00,https://hh.ru/vacancy/137188070,1945,False
hh.ru,136793370,Менеджер,Прочие профессии,Самарская область,"Тольятти, р-н Центральный",Нек. орг. Центр повышения квалификации Деловое образование,50000.0,50000.0,RUR,50000.0,True,Опыт 1-3 года,,,,2026-09-13T11:44:57+03:00,https://hh.ru/vacancy/136793370,1312,False
hh.ru,136857893,Специалист письменной поддержки в Яндекс. Логистика,Транспорт и логистика,Самарская область,Самара,Яндекс Команда для бизнеса,45000.0,0.0,RUR,22500.0,False,Без опыта,,Удалённая работа,,2026-09-13T11:44:57+03:00,https://hh.ru/vacancy/136857893,2359,False
hh.ru,136596700,Комплектовщик,Транспорт и логистика,Самарская область,"Тольятти, р-н Автозаводский",Алексеева Валентина Владимировна,55000.0,0.0,RUR,27500.0,True,Без опыта,,,,2026-09-13T11:44:57+03:00,https://hh.ru/vacancy/136596700,1151,False
hh.ru,136422137,Специалист по работе с клиентами (почта),Продажи и клиентский сервис,Самарская область,Самара,ООО Финансовый Контур,100000.0,0.0,RUR,50000.0,False,Без опыта,,Удалённая работа,,2026-09-13T11:44:57+03:00,https://hh.ru/vacancy/136422137,2453,False
hh.ru,136676248,Сотрудник в теплицы / Овощевод,Прочие профессии,Самарская область,"Тольятти, р-н Автозаводский",АО Концерн Энерготехнологии,80000.0,0.0,RUR,40000.0,False,Без опыта,,,,2026-09-13T11:44:57+03:00,https://hh.ru/vacancy/136676248,2246,False
hh.ru,136617248,Менеджер по закупкам,Прочие профессии,Самарская область,"Самара, р-н Кировский",Кузнецова Ольга,60000.0,65000.0,RUR,62500.0,False,Без опыта,,,,2026-09-13T11:44:57+03:00,https://hh.ru/vacancy/136617248,1367,False
hh.ru,136922791,Рабочий на завод (работник в формовочный участок/ученик),Прочие профессии,Самарская область,"Тольятти, р-н Комсомольский",ООО Завод КПД,130000.0,0.0,RUR,65000.0,True,Без опыта,,,,2026-09-13T11:44:57+03:00,https://hh.ru/vacancy/136922791,2042,False
hh.ru,136805808,Фасовщица/фасовщик на новогодние подарки,Прочие профессии,Самарская область,Самара,Выбор,50000.0,0.0,RUR,25000.0,True,Без опыта,,,,2026-09-13T11:44:57+03:00,https://hh.ru/vacancy/136805808,2660,False
hh.ru,137139725,Главный бухгалтер,"Финансы, бухгалтерия и право",Самарская область,Самара,ООО Волга,200000.0,200000.0,RUR,200000.0,False,Опыт 3-6 лет,,,,2026-09-13T11:44:57+03:00,https://hh.ru/vacancy/137139725,852,False
hh.ru,136423565,Сотрудник в типографию,Прочие профессии,Самарская область,Самара,ООО Формат,45000.0,50000.0,RUR,47500.0,False,Без опыта,,,,2026-09-13T11:44:57+03:00,https://hh.ru/vacancy/136423565,2247,False
hh.ru,137110395,Начальник автотранспортного отдела,Управление,Самарская область,Самара,АО Самарагорэнергосбыт,93745.0,121317.0,RUR,107531.0,True,Опыт 1-3 года,,,,2026-09-13T11:44:57+03:00,https://hh.ru/vacancy/137110395,1555,False
hh.ru,136699962,Рабочий на производство,Инженерия и производство,Самарская область,"Тольятти, р-н Автозаводский",Адвирос,65000.0,91000.0,RUR,78000.0,True,Опыт 1-3 года,,,,2026-09-13T11:44:57+03:00,https://hh.ru/vacancy/136699962,2044,False
hh.ru,137205163,Специалист по работе с клиентами (горячая линия),Продажи и клиентский сервис,Самарская область,Самара,Добрый. Продажи,88500.0,88500.0,RUR,88500.0,True,Опыт 1-3 года,,,,2026-09-13T11:44:57+03:00,https://hh.ru/vacancy/137205163,2452,False
hh.ru,136722882,Администратор салона красоты,Продажи и клиентский сервис,Самарская область,"Самара, р-н Ленинский",Студия косметологии Татьяны Юркиной,50000.0,0.0,RUR,25000.0,False,Без опыта,,,,2026-09-13T11:44:57+03:00,https://hh.ru/vacancy/136722882,309,False
hh.ru,137049001,Менеджер по логистике,Транспорт и логистика,Самарская область,"Самара, р-н Промышленный",ITECO,80000.0,0.0,RUR,40000.0,True,Без опыта,,,,2026-09-13T11:44:57+03:00,https://hh.ru/vacancy/137049001,1384,False
hh.ru,137121773,Администратор,Продажи и клиентский сервис,Самарская область,Самара,ООО Белал,70000.0,0.0,RUR,35000.0,False,Без опыта,,,,2026-09-13T11:44:57+03:00,https://hh.ru/vacancy/137121773,107,False
hh.ru,137189410,Государственный налоговый инспектор,"Финансы, бухгалтерия и право",Самарская область,Самара,Управление Федеральной налоговой службы по Самарской области,60000.0,70000.0,RUR,65000.0,True,Без опыта,,,,2026-09-13T11:44:57+03:00,https://hh.ru/vacancy/137189410,893,False
hh.ru,137036607,Секретарь министра,Прочие профессии,Самарская область,Самара,ГБУ СО РАЭТ,50000.0,50000.0,RUR,50000.0,False,Опыт 1-3 года,,,,2026-09-13T11:44:57+03:00,https://hh.ru/vacancy/137036607,2180,False
hh.ru,136692449,Распределитель работ (Оператор склада),Прочие профессии,Самарская область,"Самара, р-н Советский",ЭЛЕКТРОЩИТ САМАРА,64200.0,64200.0,RUR,64200.0,True,Опыт 1-3 года,,,,2026-09-13T11:44:57+03:00,https://hh.ru/vacancy/136692449,2074,False
hh.ru,137019580,Заместитель управляющего,Прочие профессии,Самарская область,"посёлок Придорожный, улица Татищева, 2",ИП Сергеев Александр Юрьевич,85000.0,85000.0,RUR,85000.0,False,Опыт 1-3 года,,,,2026-09-13T11:44:57+03:00,https://hh.ru/vacancy/137019580,1053,False
hh.ru,137223640,Администратор офиса,Продажи и клиентский сервис,Самарская область,Самара,Алексей Морозов,58200.0,64700.0,RUR,61450.0,False,Без опыта,,,,2026-09-13T11:44:57+03:00,https://hh.ru/vacancy/137223640,286,False
hh.ru,137115080,Бухгалтер на первичную документацию,"Финансы, бухгалтерия и право",Самарская область,Самара,Peremena,65000.0,75000.0,RUR,70000.0,False,Опыт 1-3 года,,,,2026-09-13T11:44:57+03:00,https://hh.ru/vacancy/137115080,478,False
hh.ru,136323855,Специалист чат‑поддержки,Прочие профессии,Самарская область,Самара,Aurapay,65000.0,65000.0,RUR,65000.0,False,Опыт 1-3 года,,Удалённая работа,,2026-09-13T11:44:57+03:00,https://hh.ru/vacancy/136323855,2516,False
hh.ru,136356104,Администратор по сопровождению пациентов ДМС,Продажи и клиентский сервис,Саратовская область,"Саратов, р-н Ленинский",АО Клиника Доктора Парамонова,45000.0,50000.0,RUR,47500.0,False,Без опыта,,,,2026-09-13T11:44:57+03:00,https://hh.ru/vacancy/136356104,291,False
hh.ru,136927652,Специалист чат-поддержки,Прочие профессии,Саратовская область,Саратов,Ozon Банк,90000.0,0.0,RUR,45000.0,True,Без опыта,,Удалённая работа,,2026-09-13T11:44:57+03:00,https://hh.ru/vacancy/136927652,2520,False
hh.ru,136943411,Помощник руководителя,Прочие профессии,Саратовская область,"Саратов, р-н Кировский",ООО Вектор,50000.0,0.0,RUR,25000.0,True,Без опыта,,,,2026-09-13T11:44:57+03:00,https://hh.ru/vacancy/136943411,1939,False
hh.ru,136620268,Специалист по обработке заявок,Прочие профессии,Саратовская область,Саратов,Росгосстрах,34600.0,0.0,RUR,17300.0,True,Без опыта,,Удалённая работа,,2026-09-13T11:44:57+03:00,https://hh.ru/vacancy/136620268,2419,False
hh.ru,136448230,Специалист (делопроизводитель),Транспорт и логистика,Саратовская область,"Саратов, р-н Заводской",ООО РГ-Управление сервисами,63000.0,0.0,RUR,31500.0,False,Без опыта,,,,2026-09-13T11:44:57+03:00,https://hh.ru/vacancy/136448230,2306,False
hh.ru,135902613,Оператор удалённой поддержки роботов-доставщиков,Прочие профессии,Саратовская область,Саратов,Яндекс Команда для бизнеса,20500.0,23500.0,RUR,22000.0,True,Без опыта,,Удалённая работа,,2026-09-13T11:44:57+03:00,https://hh.ru/vacancy/135902613,1727,False
hh.ru,137161395,Специалист технической поддержки,Прочие профессии,Саратовская область,Саратов,ICL Soft,0.0,0.0,,,False,Без опыта,,Удалённая работа,,2026-09-13T11:44:57+03:00,https://hh.ru/vacancy/137161395,2507,False
hh.ru,137249654,Начальник административно-хозяйственного отдела,Управление,Саратовская область,"Саратов, р-н Волжский",АО Облкоммунэнерго,100000.0,100000.0,RUR,100000.0,True,Опыт 3-6 лет,,,,2026-09-13T11:44:57+03:00,https://hh.ru/vacancy/137249654,1556,False
hh.ru,135465053,Координатор по работе с клиентскими обращениями,Продажи и клиентский сервис,Саратовская область,Саратов,Компания «Мария». Вакансии в офисе,60000.0,60000.0,RUR,60000.0,False,Опыт 1-3 года,,Удалённая работа,,2026-09-13T11:44:57+03:00,https://hh.ru/vacancy/135465053,1206,False
hh.ru,136326767,"Графический дизайнер маркетплейсов (инфографика, карточки товаров)","Маркетинг, медиа и дизайн",Саратовская область,"село Клещевка, Вольская улица, 1",Много Мебели,60000.0,70000.0,RUR,65000.0,False,Опыт 1-3 года,,Удалённая работа,,2026-09-13T11:44:57+03:00,https://hh.ru/vacancy/136326767,909,False
hh.ru,135442755,Администратор в стоматологию,Медицина и фармацевтика,Саратовская область,"Саратов, р-н Кировский",ООО Ортодонтические Системы,60000.0,60000.0,RUR,60000.0,True,Опыт 3-6 лет,,,,2026-09-13T11:44:57+03:00,https://hh.ru/vacancy/135442755,200,False
hh.ru,137139976,Заместитель директора по ремонту и технической эксплуатации,Управление,Саратовская область,"Саратов, р-н Волжский",Ресторанный оператор Мне нравится,100000.0,100000.0,RUR,100000.0,False,Опыт 3-6 лет,,,,2026-09-13T11:44:57+03:00,https://hh.ru/vacancy/137139976,1032,False
hh.ru,136557897,Специалист,Прочие профессии,Саратовская область,"Саратов, р-н Фрунзенский",Гос. корп. ГКУ Кадровый Центр Саратовской Области,0.0,0.0,,,False,Без опыта,,,,2026-09-13T11:44:57+03:00,https://hh.ru/vacancy/136557897,2271,False
hh.ru,136998107,Водитель,Транспорт и логистика,Саратовская область,"Саратов, р-н Волжский",ООО Перспектива,65000.0,65000.0,RUR,65000.0,False,Опыт 3-6 лет,,,,2026-09-13T11:44:57+03:00,https://hh.ru/vacancy/136998107,657,False
hh.ru,135424345,Бухгалтер- операционист,"Финансы, бухгалтерия и право",Саратовская область,"Саратов, р-н Ленинский",ЛМТ-групп,,,,,False,Опыт 1-3 года,,Удалённая работа,,2026-09-13T11:44:57+03:00,https://hh.ru/vacancy/135424345,527,False
hh.ru,137245243,Администратор,Продажи и клиентский сервис,Саратовская область,"Балаково, проспект Героев, 36А",ИП Шингальс Никита Александрович,35000.0,50000.0,RUR,42500.0,False,Без опыта,,,,2026-09-13T11:44:57+03:00,https://hh.ru/vacancy/137245243,97,False
hh.ru,136697293,Копирайтер-Редактор,"Маркетинг, медиа и дизайн",Саратовская область,Саратов,DELTA,40000.0,50000.0,RUR,45000.0,False,Опыт 1-3 года,,Удалённая работа,,2026-09-13T11:44:57+03:00,https://hh.ru/vacancy/136697293,1213,False
hh.ru,137244198,Специалист группы подбора и оценки персонала,Прочие профессии,Саратовская область,"муниципальное образование город Саратов, аэропорт Гагарин",Международный аэропорт Гагарин (Саратов).,65000.0,65000.0,RUR,65000.0,True,Опыт 1-3 года,,,,2026-09-13T11:44:57+03:00,https://hh.ru/vacancy/137244198,2303,False
hh.ru,136818520,Помощник руководителя,Прочие профессии,Саратовская область,"Саратов, р-н Заводской",ИП Слободская Анастасия Александровна,80000.0,200000.0,RUR,140000.0,False,Без опыта,,,,2026-09-13T11:44:57+03:00,https://hh.ru/vacancy/136818520,1937,False
hh.ru,136389389,Водитель автомобиля (Энгельс),Транспорт и логистика,Саратовская область,Энгельс,Публично-правовая компания Военно-строительная компания,72500.0,72500.0,RUR,72500.0,False,Опыт 1-3 года,,,,2026-09-13T11:44:57+03:00,https://hh.ru/vacancy/136389389,690,False
hh.ru,137158850,Оператор 1C,Прочие профессии,Саратовская область,"Саратов, р-н Кировский",ООО Геркулес 21,55000.0,55000.0,RUR,55000.0,False,Опыт 1-3 года,,,,2026-09-13T11:44:57+03:00,https://hh.ru/vacancy/137158850,1619,False
hh.ru,137239981,Директор филиала,Управление,Саратовская область,"Саратов, р-н Волжский",ООО ТЕХНОСЕРВИС,140000.0,155000.0,RUR,147500.0,False,Опыт 3-6 лет,,,,2026-09-13T11:44:57+03:00,https://hh.ru/vacancy/137239981,977,False
hh.ru,136548294,Начальник завода,Управление,Саратовская область,"Энгельс, Тракторная улица, 1",АО 1470 управление материально-технического обеспечения,200000.0,200000.0,RUR,200000.0,False,Опыт более 6 лет,,,,2026-09-13T11:44:57+03:00,https://hh.ru/vacancy/136548294,1558,False
hh.ru,137112066,Администратор,Продажи и клиентский сервис,Саратовская область,"Саратов, р-н Октябрьский",Vozduh64,2400.0,3500.0,RUR,2950.0,False,Без опыта,,,,2026-09-13T11:44:57+03:00,https://hh.ru/vacancy/137112066,68,False
hh.ru,137256340,Ведущий юрисконсульт,Прочие профессии,Саратовская область,"Саратов, р-н Ленинский",АО НПП Алмаз,68000.0,68000.0,RUR,68000.0,False,Опыт 3-6 лет,,,,2026-09-13T11:44:57+03:00,https://hh.ru/vacancy/137256340,617,False
hh.ru,137152084,Геймер / Игрок по GTA V / GTA VI,Прочие профессии,Саратовская область,"Баклуши (Саратовская область, Аркадакский район)",ООО Артуа,50000.0,60000.0,RUR,55000.0,False,Без опыта,,Удалённая работа,,2026-09-13T11:44:57+03:00,https://hh.ru/vacancy/137152084,835,False
hh.ru,137123706,Водитель категории B,Транспорт и логистика,Саратовская область,"Саратов, р-н Кировский",Панорама Поволжья,61000.0,61000.0,RUR,61000.0,False,Опыт 1-3 года,,,,2026-09-13T11:44:57+03:00,https://hh.ru/vacancy/137123706,712,False
hh.ru,137236567,Коммерческий директор,Управление,Саратовская область,Саратов,ООО Перспектива,250000.0,500000.0,RUR,375000.0,False,Опыт более 6 лет,,,,2026-09-13T11:44:57+03:00,https://hh.ru/vacancy/137236567,1146,False
hh.ru,136451797,Администратор,Продажи и клиентский сервис,Саратовская область,"Саратов, р-н Волжский",Маркетинговое агентство В ТЕМПЕ,50000.0,150000.0,RUR,100000.0,False,Опыт 1-3 года,,Удалённая работа,,2026-09-13T11:44:57+03:00,https://hh.ru/vacancy/136451797,101,False
hh.ru,136413130,Оператор клиентского сервиса,Продажи и клиентский сервис,Саратовская область,Саратов,"Компания «СПОРТМАСТЕР», Начало карьеры",50000.0,55000.0,RUR,52500.0,True,Без опыта,,Удалённая работа,,2026-09-13T11:44:57+03:00,https://hh.ru/vacancy/136413130,1657,False
hh.ru,137249341,Руководитель проекта со знанием английского языка,Транспорт и логистика,Саратовская область,Саратов,BlackStone Solutions,1500.0,1500.0,USD,,False,Опыт 1-3 года,,Удалённая работа,,2026-09-13T11:44:57+03:00,https://hh.ru/vacancy/137249341,2142,False
hh.ru,137102438,Бухгалтер оператор,"Финансы, бухгалтерия и право",Саратовская область,"Саратов, р-н Ленинский",ООО Ратио,50000.0,50000.0,RUR,50000.0,False,Опыт 1-3 года,,,,2026-09-13T11:44:57+03:00,https://hh.ru/vacancy/137102438,525,False
hh.ru,136833289,Оператор заказов / Специалист по обработке заказов,Прочие профессии,Саратовская область,Саратов,TopLunch,20000.0,20000.0,RUR,20000.0,False,Опыт 1-3 года,,Удалённая работа,,2026-09-13T11:44:57+03:00,https://hh.ru/vacancy/136833289,1655,False
hh.ru,136009780,Менеджер – оператор 1С:УТ,Прочие профессии,Саратовская область,"Саратов, р-н Октябрьский",ООО МЕДИНГОФ,70000.0,70000.0,RUR,70000.0,False,Опыт 1-3 года,,,,2026-09-13T11:44:57+03:00,https://hh.ru/vacancy/136009780,1346,False
hh.ru,137270655,Чертежник,Прочие профессии,Республика Северная Осетия-Алания,"Владикавказ, улица Мичурина, 36",ООО ИСК-15,30000.0,0.0,RUR,15000.0,False,Без опыта,,,,2026-09-13T11:44:57+03:00,https://hh.ru/vacancy/137270655,2677,False
hh.ru,137269630,Делопроизводитель,Транспорт и логистика,Республика Северная Осетия-Алания,"Владикавказ, улица Мичурина, 36",ООО ИСК-15,90000.0,90000.0,RUR,90000.0,True,Опыт 1-3 года,,,,2026-09-13T11:44:57+03:00,https://hh.ru/vacancy/137269630,927,False
hh.ru,135668054,Курьер собранных и упакованных заказов,Транспорт и логистика,Республика Северная Осетия-Алания,Владикавказ,Яндекс.Еда,190000.0,0.0,RUR,95000.0,True,Без опыта,,,,2026-09-13T11:44:57+03:00,https://hh.ru/vacancy/135668054,1239,False
hh.ru,135667866,Курьер в сервис Яндекс Еда (заказы до 3 кг),Транспорт и логистика,Республика Северная Осетия-Алания,Владикавказ,Яндекс.Еда,190000.0,0.0,RUR,95000.0,True,Без опыта,,,,2026-09-13T11:44:57+03:00,https://hh.ru/vacancy/135667866,1231,False
hh.ru,136407009,Оператор в бухгалтерию,"Финансы, бухгалтерия и право",Республика Северная Осетия-Алания,"Владикавказ, Грозненская улица, 1",ООО Главторг,40000.0,60000.0,RUR,50000.0,False,Без опыта,,,,2026-09-13T11:44:57+03:00,https://hh.ru/vacancy/136407009,1648,False
hh.ru,137258572,Менеджер сайта,Прочие профессии,Республика Северная Осетия-Алания,"Владикавказ, улица Маркуса, 8",Оболочка,30000.0,30000.0,RUR,30000.0,False,Опыт 1-3 года,,Удалённая работа,,2026-09-13T11:44:57+03:00,https://hh.ru/vacancy/137258572,1505,False
hh.ru,136833925,Администратор медицинской клиники,Медицина и фармацевтика,Республика Северная Осетия-Алания,"Владикавказ, улица Гастелло, 65",ООО Клиника Вашего Здоровья,0.0,0.0,,,False,Без опыта,,,,2026-09-13T11:44:57+03:00,https://hh.ru/vacancy/136833925,260,False
hh.ru,137127875,Project manager / ассистент,Управление,Республика Северная Осетия-Алания,Виноградное (Северная Осетия),Чилер Лейла,150000.0,150000.0,RUR,150000.0,False,Опыт 1-3 года,,Удалённая работа,,2026-09-13T11:44:57+03:00,https://hh.ru/vacancy/137127875,29,False
hh.ru,136705917,Администратор в посуточную аренду,Продажи и клиентский сервис,Республика Северная Осетия-Алания,Москва,ИП Клочко Ирина Евгеньевна,25000.0,0.0,RUR,12500.0,True,Без опыта,,Удалённая работа,,2026-09-13T11:44:57+03:00,https://hh.ru/vacancy/136705917,190,False
hh.ru,137259083,Начальник планово-экономического управления Управляющей компании,Управление,Республика Северная Осетия-Алания,"Владикавказ, проспект Мира, 13",ООО УК Алания Групп,150000.0,150000.0,RUR,150000.0,False,Опыт 3-6 лет,,,,2026-09-13T11:44:57+03:00,https://hh.ru/vacancy/137259083,1573,False
hh.ru,137244836,Бухгалтер по расчету заработной платы,"Финансы, бухгалтерия и право",Республика Северная Осетия-Алания,"Владикавказ, Владикавказская улица, 69Г",ГБОУ Гимназия Диалог,40639.0,40639.0,RUR,40639.0,True,Опыт 1-3 года,,,,2026-09-13T11:44:57+03:00,https://hh.ru/vacancy/137244836,534,False
hh.ru,137150103,Водитель на Газель,Транспорт и логистика,Республика Северная Осетия-Алания,"Владикавказ, Черменское шоссе",ТЦ MODULE,50000.0,50000.0,RUR,50000.0,False,Опыт 3-6 лет,,,,2026-09-13T11:44:57+03:00,https://hh.ru/vacancy/137150103,765,False
hh.ru,137207485,Юрист по договорной работе/помощник адвоката,"Финансы, бухгалтерия и право",Республика Северная Осетия-Алания,"Владикавказ, Ардонская улица, 273",ООО Гроссконсалт,40000.0,50000.0,RUR,45000.0,False,Опыт 1-3 года,,,,2026-09-13T11:44:57+03:00,https://hh.ru/vacancy/137207485,2736,False
hh.ru,137199503,Администратор,Продажи и клиентский сервис,Республика Северная Осетия-Алания,"Владикавказ, Первомайская улица, 34А",Клиника Аллы Битаровой,2500.0,2500.0,RUR,2500.0,False,Опыт 1-3 года,,,,2026-09-13T11:44:57+03:00,https://hh.ru/vacancy/137199503,98,True
hh.ru,137241955,Администратор,Продажи и клиентский сервис,Республика Северная Осетия-Алания,"Владикавказ, улица Коцоева, 23/3",ООО Хорека Групп,41500.0,60200.0,RUR,50850.0,True,Опыт 1-3 года,,,,2026-09-13T11:44:57+03:00,https://hh.ru/vacancy/137241955,130,True
hh.ru,137099945,Бухгалтер на первичную документацию,"Финансы, бухгалтерия и право",Республика Северная Осетия-Алания,"Владикавказ, улица Неизвестного Солдата, 23А",ООО Рус-ОйлЭкс,,,,,False,Опыт 1-3 года,,,,2026-09-13T11:44:57+03:00,https://hh.ru/vacancy/137099945,498,True
hh.ru,136276645,Сборщик сендвичей,Прочие профессии,Республика Северная Осетия-Алания,"Владикавказ, проспект Доватора, 67",Foodman,4000.0,5500.0,RUR,4750.0,False,Без опыта,,,,2026-09-13T11:44:57+03:00,https://hh.ru/vacancy/136276645,2164,True
hh.ru,137064813,Продавец-консультант,Продажи и клиентский сервис,Республика Северная Осетия-Алания,"Владикавказ, Московское шоссе, 3К",ИП Битаров Аслан Робертович,2300.0,5000.0,RUR,3650.0,False,Без опыта,,,,2026-09-13T11:44:57+03:00,https://hh.ru/vacancy/137064813,1995,False
hh.ru,137199503,Администратор,Продажи и клиентский сервис,Республика Северная Осетия-Алания,"Владикавказ, Первомайская улица, 34А",Клиника Аллы Битаровой,2500.0,2500.0,RUR,2500.0,False,Опыт 1-3 года,,,,2026-09-13T11:44:57+03:00,https://hh.ru/vacancy/137199503,98,True
hh.ru,137241955,Администратор,Продажи и клиентский сервис,Республика Северная Осетия-Алания,"Владикавказ, улица Коцоева, 23/3",ООО Хорека Групп,41500.0,60200.0,RUR,50850.0,True,Опыт 1-3 года,,,,2026-09-13T11:44:57+03:00,https://hh.ru/vacancy/137241955,130,True
hh.ru,137099945,Бухгалтер на первичную документацию,"Финансы, бухгалтерия и право",Республика Северная Осетия-Алания,"Владикавказ, улица Неизвестного Солдата, 23А",ООО Рус-ОйлЭкс,,,,,False,Опыт 1-3 года,,,,2026-09-13T11:44:57+03:00,https://hh.ru/vacancy/137099945,498,True
hh.ru,136276645,Сборщик сендвичей,Прочие профессии,Республика Северная Осетия-Алания,"Владикавказ, проспект Доватора, 67",Foodman,4000.0,5500.0,RUR,4750.0,False,Без опыта,,,,2026-09-13T11:44:57+03:00,https://hh.ru/vacancy/136276645,2164,True
hh.ru,136901230,Специалист IT,Прочие профессии,Республика Северная Осетия-Алания,"Владикавказ, проспект Доватора, 16",ООО Семейная медицина,,,,,False,Опыт 1-3 года,,,,2026-09-13T11:44:57+03:00,https://hh.ru/vacancy/136901230,2283,False
hh.ru,137220821,Кассир в оптовый склад,Продажи и клиентский сервис,Республика Северная Осетия-Алания,"Владикавказ, Владикавказская улица, 44",ИП Кабалоев Олег Магометович,60000.0,62000.0,RUR,61000.0,False,Без опыта,,,,2026-09-13T11:44:57+03:00,https://hh.ru/vacancy/137220821,1128,False
hh.ru,137116348,Менеджер по закупкам и снабжению ГСМ,Прочие профессии,Республика Северная Осетия-Алания,"Владикавказ, улица Максима Горького, 5",ООО Сити Ойл,80000.0,100000.0,RUR,90000.0,False,Опыт 3-6 лет,,,,2026-09-13T11:44:57+03:00,https://hh.ru/vacancy/137116348,1373,False
hh.ru,137123588,Юрист,"Финансы, бухгалтерия и право",Республика Северная Осетия-Алания,"Владикавказ, улица Максима Горького, 5",ООО Сити Ойл,80000.0,80000.0,RUR,80000.0,False,Опыт 3-6 лет,,,,2026-09-13T11:44:57+03:00,https://hh.ru/vacancy/137123588,2726,False
hh.ru,136043593,Администратор-оператор,Продажи и клиентский сервис,Республика Северная Осетия-Алания,Владикавказ,Онлайн Академия Гульнары Чекоевой,40000.0,50000.0,RUR,45000.0,False,Без опыта,,,,2026-09-13T11:44:57+03:00,https://hh.ru/vacancy/136043593,281,False
hh.ru,136779159,Документовед,Прочие профессии,Республика Северная Осетия-Алания,"Владикавказ, улица Колка Кесаева, 19",ООО ПроЛогистикс,40000.0,50000.0,RUR,45000.0,True,Опыт 1-3 года,,,,2026-09-13T11:44:57+03:00,https://hh.ru/vacancy/136779159,1004,False
hh.ru,137148889,Менеджер по работе с клиентами,Продажи и клиентский сервис,Республика Северная Осетия-Алания,"Владикавказ, проспект Коста, 261",ООО Бери Рули,75000.0,0.0,RUR,37500.0,False,Без опыта,,,,2026-09-13T11:44:57+03:00,https://hh.ru/vacancy/137148889,1462,False
hh.ru,137105207,Бухгалтер,"Финансы, бухгалтерия и право",Республика Северная Осетия-Алания,"Владикавказ, Владикавказская улица, 35",Siria,50000.0,50000.0,RUR,50000.0,False,Опыт 1-3 года,,,,2026-09-13T11:44:57+03:00,https://hh.ru/vacancy/137105207,407,False
hh.ru,136738505,Водитель-экспедитор,Транспорт и логистика,Республика Северная Осетия-Алания,"Владикавказ, улица Тельмана, 72",ИП Кусова Светлана Османовна,70000.0,80000.0,RUR,75000.0,False,Опыт 1-3 года,,,,2026-09-13T11:44:57+03:00,https://hh.ru/vacancy/136738505,796,False
hh.ru,137238687,Начальник участка экипировки,Управление,Республика Северная Осетия-Алания,"Владикавказ, Железнодорожный переулок",ООО Риквэст-Сервис,108500.0,108500.0,RUR,108500.0,False,Опыт 1-3 года,,,,2026-09-13T11:44:57+03:00,https://hh.ru/vacancy/137238687,1586,False
hh.ru,136720035,Бариста,Продажи и клиентский сервис,Республика Северная Осетия-Алания,"Владикавказ, улица Никитина, 18",ИП Бериев Александр Русланович,2000.0,3500.0,RUR,2750.0,False,Без опыта,,,,2026-09-13T11:44:57+03:00,https://hh.ru/vacancy/136720035,375,False
hh.ru,137062623,Торговый представитель в Осетию,Прочие профессии,Республика Северная Осетия-Алания,Республика Северная Осетия — Алания,ООО Ай Ди Си Групп,60000.0,120000.0,RUR,90000.0,False,Опыт 1-3 года,,,,2026-09-13T11:44:57+03:00,https://hh.ru/vacancy/137062623,2591,False
hh.ru,137254770,Специалист по ЭДО и ЭПД,Прочие профессии,Смоленская область,"Смоленск, р-н Ленинский",ООО Простые решения,65000.0,0.0,RUR,32500.0,True,Без опыта,,Удалённая работа,,2026-09-13T11:44:57+03:00,https://hh.ru/vacancy/137254770,2490,False
hh.ru,136943600,Ассистент главного редактора / Корректор,"Маркетинг, медиа и дизайн",Смоленская область,Москва,ООО Лаборатория Радмило Лукича,40000.0,40000.0,RUR,40000.0,False,Опыт 1-3 года,,Удалённая работа,,2026-09-13T11:44:57+03:00,https://hh.ru/vacancy/136943600,357,False
hh.ru,136690567,Маркировщик,Прочие профессии,Смоленская область,"Смоленск, р-н Ленинский",Комильфо,3000.0,0.0,RUR,1500.0,False,Без опыта,,,,2026-09-13T11:44:57+03:00,https://hh.ru/vacancy/136690567,1274,False
hh.ru,137195400,Бухгалтер ГСМ,"Финансы, бухгалтерия и право",Смоленская область,"Смоленск, р-н Промышленный",АО УПП,70000.0,70000.0,RUR,70000.0,False,Опыт 3-6 лет,,,,2026-09-13T11:44:57+03:00,https://hh.ru/vacancy/137195400,471,False
hh.ru,137143197,Юрист по договорной и претензионно-судебной работе,"Финансы, бухгалтерия и право",Смоленская область,"Смоленск, р-н Заднепровский","АО Научно-исследовательский институт современных телекоммуникационных технологий (НИИ СТТ, АО)",100000.0,100000.0,RUR,100000.0,False,Опыт 3-6 лет,,,,2026-09-13T11:44:57+03:00,https://hh.ru/vacancy/137143197,2735,False
hh.ru,137266292,"Помощник главного бухгалтера - (гостиничный бизнес, ресторанный бизнес, маркетинг)","Финансы, бухгалтерия и право",Смоленская область,"Смоленск, р-н Промышленный",ЮНИТИ Девелопмент,80000.0,80000.0,RUR,80000.0,False,Опыт 3-6 лет,,,,2026-09-13T11:44:57+03:00,https://hh.ru/vacancy/137266292,1904,False
hh.ru,137204985,Главный бухгалтер,"Финансы, бухгалтерия и право",Смоленская область,"Смоленск, р-н Ленинский",ООО Калининградская транспортная компания,100000.0,100000.0,RUR,100000.0,False,Опыт более 6 лет,,,,2026-09-13T11:44:57+03:00,https://hh.ru/vacancy/137204985,854,False
hh.ru,136899353,Художник в студию GameDev,Прочие профессии,Смоленская область,"Смоленск, р-н Промышленный",ООО Кибертаг,50000.0,0.0,RUR,25000.0,False,Без опыта,,,,2026-09-13T11:44:57+03:00,https://hh.ru/vacancy/136899353,2673,False
hh.ru,137162492,Инженер / технический специалист,Инженерия и производство,Смоленская область,"Смоленск, р-н Промышленный",ООО Парад-Русь,100000.0,250000.0,RUR,175000.0,False,Опыт 1-3 года,,,,2026-09-13T11:44:57+03:00,https://hh.ru/vacancy/137162492,1091,False
hh.ru,136531034,Фасовщик/упаковщик/маркировщик на производство,Инженерия и производство,Смоленская область,"Смоленск, р-н Ленинский",ООО Апатит,50000.0,70000.0,RUR,60000.0,False,Без опыта,,,,2026-09-13T11:44:57+03:00,https://hh.ru/vacancy/136531034,2656,False
hh.ru,137191342,Системный администратор,Информационные технологии,Смоленская область,"Смоленск, р-н Ленинский",ООО СНИЦ РЭС Завант,80000.0,80000.0,RUR,80000.0,False,Опыт 1-3 года,,,,2026-09-13T11:44:57+03:00,https://hh.ru/vacancy/137191342,2214,False
hh.ru,137267208,Главный бухгалтер,"Финансы, бухгалтерия и право",Смоленская область,"Смоленск, р-н Ленинский",Lucky Master,50000.0,50000.0,RUR,50000.0,False,Опыт 1-3 года,,,,2026-09-13T11:44:57+03:00,https://hh.ru/vacancy/137267208,846,False
hh.ru,137167101,Бухгалтер на первичную документацию,"Финансы, бухгалтерия и право",Смоленская область,"Смоленск, р-н Промышленный",ИП Поминова Юлия Германовна,50000.0,0.0,RUR,25000.0,False,Без опыта,,,,2026-09-13T11:44:57+03:00,https://hh.ru/vacancy/137167101,483,False
hh.ru,136248543,Ассистент отдела продаж,Продажи и клиентский сервис,Смоленская область,"Смоленск, р-н Ленинский",ООО Простые решения,65000.0,65000.0,RUR,65000.0,False,Опыт 1-3 года,,,,2026-09-13T11:44:57+03:00,https://hh.ru/vacancy/136248543,365,False
hh.ru,137058639,Водитель автомобиля,Транспорт и логистика,Смоленская область,"Смоленск, р-н Промышленный",ЗАО Диффузион Инструмент,90000.0,90000.0,RUR,90000.0,False,Опыт 3-6 лет,,,,2026-09-13T11:44:57+03:00,https://hh.ru/vacancy/137058639,670,True
hh.ru,137036644,Аналитик данных/ экономист-аналитик,Информационные технологии,Смоленская область,Смоленск,ООО Маркетспейс,110000.0,110000.0,RUR,110000.0,False,Опыт 1-3 года,,Удалённая работа,,2026-09-13T11:44:57+03:00,https://hh.ru/vacancy/137036644,345,True
hh.ru,137128309,Руководитель отдела,Транспорт и логистика,Смоленская область,"Смоленск, р-н Промышленный",ООО Производственное объединение Энергоресурс,130000.0,150000.0,RUR,140000.0,False,Опыт 1-3 года,,,,2026-09-13T11:44:57+03:00,https://hh.ru/vacancy/137128309,2124,True
hh.ru,137058639,Водитель автомобиля,Транспорт и логистика,Смоленская область,"Смоленск, р-н Промышленный",ЗАО Диффузион Инструмент,90000.0,90000.0,RUR,90000.0,False,Опыт 3-6 лет,,,,2026-09-13T11:44:57+03:00,https://hh.ru/vacancy/137058639,670,True
hh.ru,137036644,Аналитик данных/ экономист-аналитик,Информационные технологии,Смоленская область,Смоленск,ООО Маркетспейс,110000.0,110000.0,RUR,110000.0,False,Опыт 1-3 года,,Удалённая работа,,2026-09-13T11:44:57+03:00,https://hh.ru/vacancy/137036644,345,True
hh.ru,137128309,Руководитель отдела,Транспорт и логистика,Смоленская область,"Смоленск, р-н Промышленный",ООО Производственное объединение Энергоресурс,130000.0,150000.0,RUR,140000.0,False,Опыт 1-3 года,,,,2026-09-13T11:44:57+03:00,https://hh.ru/vacancy/137128309,2124,True
hh.ru,137153346,Бухгалтер,"Финансы, бухгалтерия и право",Смоленская область,"Смоленск, р-н Промышленный",ООО ЭРСТВАК,,,,,False,Опыт 1-3 года,,,,2026-09-13T11:44:57+03:00,https://hh.ru/vacancy/137153346,466,False
hh.ru,137251199,Бухгалтер на первичную документацию,"Финансы, бухгалтерия и право",Смоленская область,"Смоленск, р-н Промышленный",ООО Вектор с,40000.0,55000.0,RUR,47500.0,False,Опыт 3-6 лет,,,,2026-09-13T11:44:57+03:00,https://hh.ru/vacancy/137251199,491,False
hh.ru,136624726,Менеджер по работе с клиентами,Продажи и клиентский сервис,Смоленская область,Смоленск,ФРЕНДС ХОЛЛ ХАРИЗМА,70000.0,120000.0,RUR,95000.0,False,Опыт 1-3 года,,Удалённая работа,,2026-09-13T11:44:57+03:00,https://hh.ru/vacancy/136624726,1471,False
hh.ru,137044502,Юрист,"Финансы, бухгалтерия и право",Смоленская область,"Смоленск, р-н Ленинский",Болконский,70000.0,120000.0,RUR,95000.0,True,Опыт 1-3 года,,,,2026-09-13T11:44:57+03:00,https://hh.ru/vacancy/137044502,2718,False
hh.ru,137052846,Бухгалтер на первичную документацию,"Финансы, бухгалтерия и право",Смоленская область,"Смоленск, р-н Промышленный",ООО Торговый Дом Мир Текстиля,60000.0,60000.0,RUR,60000.0,False,Опыт 1-3 года,,,,2026-09-13T11:44:57+03:00,https://hh.ru/vacancy/137052846,502,False
hh.ru,125517791,Оператор формовочной линии,Прочие профессии,Смоленская область,"Гагарин, улица Танкистов, 44","«Останкинский мясоперерабатывающий холдинг», Центральный офис",122000.0,0.0,RUR,61000.0,True,Без опыта,,,,2026-09-13T11:44:57+03:00,https://hh.ru/vacancy/125517791,1729,False
hh.ru,136391116,Офис-менеджер,Прочие профессии,Смоленская область,"Смоленск, р-н Промышленный",АО Смолстром-Сервис,70000.0,90000.0,RUR,80000.0,False,Опыт 1-3 года,,,,2026-09-13T11:44:57+03:00,https://hh.ru/vacancy/136391116,1749,False
hh.ru,137060114,Бухгалтер по расчету заработной платы,"Финансы, бухгалтерия и право",Смоленская область,"Смоленск, р-н Промышленный",ООО Клининг 911,80000.0,80000.0,RUR,80000.0,False,Опыт 1-3 года,,,,2026-09-13T11:44:57+03:00,https://hh.ru/vacancy/137060114,539,False
hh.ru,136505462,Личный помощник,Прочие профессии,Смоленская область,"муниципальное образование Смоленск, р-н Заднепровский",ИП Степаненкова Наталья Андреевна,40000.0,50000.0,RUR,45000.0,False,Опыт 1-3 года,,,,2026-09-13T11:44:57+03:00,https://hh.ru/vacancy/136505462,1262,False
hh.ru,137273188,Ночной сторож,Прочие профессии,Смоленская область,"Смоленск, р-н Промышленный",ООО Дункан,0.0,0.0,,,False,Без опыта,,,,2026-09-13T11:44:57+03:00,https://hh.ru/vacancy/137273188,1606,False
hh.ru,137252926,Помощник руководителя,Прочие профессии,Смоленская область,"Смоленск, р-н Промышленный",Государственная инспекция труда в Смоленской области,45000.0,65000.0,RUR,55000.0,True,Опыт 1-3 года,,,,2026-09-13T11:44:57+03:00,https://hh.ru/vacancy/137252926,1935,False
hh.ru,137101660,Инженер-энергетик,Инженерия и производство,Смоленская область,деревня Магалинщина,ООО Радиоинж,,,,,False,Опыт 3-6 лет,,,,2026-09-13T11:44:57+03:00,https://hh.ru/vacancy/137101660,1093,False
hh.ru,136995369,Водитель (перегон техники),Транспорт и логистика,Смоленская область,Смоленск,ООО ТСК,,,,,False,Опыт 1-3 года,,,,2026-09-13T11:44:57+03:00,https://hh.ru/vacancy/136995369,772,False
hh.ru,137174576,Менеджер по закупкам и электронному документообороту,Прочие профессии,Смоленская область,"Смоленск, р-н Промышленный",ООО Политрейд,70000.0,70000.0,RUR,70000.0,True,Опыт 3-6 лет,,,,2026-09-13T11:44:57+03:00,https://hh.ru/vacancy/137174576,1375,False
hh.ru,136528636,Администратор рабочих чатов и процессов,Продажи и клиентский сервис,Санкт-Петербург,Санкт-Петербург,ИП Свидлова Ирина Сергеевна,75000.0,90000.0,RUR,82500.0,True,Без опыта,,Удалённая работа,,2026-09-13T11:44:57+03:00,https://hh.ru/vacancy/136528636,292,False
hh.ru,136811661,Личный помощник руководителя,Прочие профессии,Санкт-Петербург,Санкт-Петербург,ООО Ленагро,100000.0,0.0,RUR,50000.0,True,Без опыта,,,,2026-09-13T11:44:57+03:00,https://hh.ru/vacancy/136811661,1263,False
hh.ru,137008105,Уборщик офисных помещений,Рабочий и обслуживающий персонал,Санкт-Петербург,Санкт-Петербург,Петербург-Электро,35000.0,0.0,RUR,17500.0,False,Без опыта,,,,2026-09-13T11:44:57+03:00,https://hh.ru/vacancy/137008105,2597,False
hh.ru,136742792,Администратор медицинской лаборатории,Медицина и фармацевтика,Санкт-Петербург,Санкт-Петербург,Центр лабораторной медицинской диагностики ЛМД,70000.0,0.0,RUR,35000.0,False,Без опыта,,,,2026-09-13T11:44:57+03:00,https://hh.ru/vacancy/136742792,263,False
hh.ru,136299359,"Менеджер по продажам (B2B, IT)",Продажи и клиентский сервис,Санкт-Петербург,Санкт-Петербург,ООО ИндигоСофт,120000.0,0.0,RUR,60000.0,True,Без опыта,,,,2026-09-13T11:44:57+03:00,https://hh.ru/vacancy/136299359,1424,False
hh.ru,136330655,Сборщица/сборщик деревянных панно,Прочие профессии,Санкт-Петербург,"Санкт-Петербург, р-н Центральный",Сибирский Можжевельник,77000.0,130000.0,RUR,103500.0,False,Без опыта,,,,2026-09-13T11:44:57+03:00,https://hh.ru/vacancy/136330655,2168,False
hh.ru,136484887,Ученик - Водителя трамвая,Прочие профессии,Санкт-Петербург,Санкт-Петербург,"Горэлектротранс, СПб ГУП",170000.0,0.0,RUR,85000.0,True,Без опыта,,,,2026-09-13T11:44:57+03:00,https://hh.ru/vacancy/136484887,2641,False
hh.ru,137018924,Оператор входящих чатов/не продажи (Санкт-Петербург),Продажи и клиентский сервис,Санкт-Петербург,Санкт-Петербург,Компания Прагматика,52000.0,0.0,RUR,26000.0,True,Без опыта,,Удалённая работа,,2026-09-13T11:44:57+03:00,https://hh.ru/vacancy/137018924,1653,False
hh.ru,136910324,Специалист по подготовке к уничтожению архивов судебных дел арбитражного суда,Прочие профессии,Санкт-Петербург,"Санкт-Петербург, р-н Центральный",ООО Секрет успеха,30000.0,100000.0,RUR,65000.0,False,Без опыта,,,,2026-09-13T11:44:57+03:00,https://hh.ru/vacancy/136910324,2435,False
hh.ru,136806413,Специалист,Прочие профессии,Санкт-Петербург,Санкт-Петербург,Федеральное государственное бюджетное Образовательное учреждение Высшего Образования Санкт-Петербургский Горный Университет Императрицы Екатерины II,100000.0,100000.0,RUR,100000.0,True,Опыт 1-3 года,,,,2026-09-13T11:44:57+03:00,https://hh.ru/vacancy/136806413,2275,False
hh.ru,136855266,Оператор 1C,Прочие профессии,Санкт-Петербург,"Санкт-Петербург, р-н Калининский",ООО Криальп,100000.0,100000.0,RUR,100000.0,False,Опыт 1-3 года,,,,2026-09-13T11:44:57+03:00,https://hh.ru/vacancy/136855266,1620,False
hh.ru,136565324,ГИС - специалист,Прочие профессии,Санкт-Петербург,Санкт-Петербург,2ГИС.Картография и контактный центр,62000.0,85000.0,RUR,73500.0,False,Без опыта,,,,2026-09-13T11:44:57+03:00,https://hh.ru/vacancy/136565324,844,False
hh.ru,135857269,Мастер рукоделия / Мастер по изготовлению украшений,Рабочий и обслуживающий персонал,Санкт-Петербург,Санкт-Петербург,Moon Soul,40000.0,80000.0,RUR,60000.0,False,Без опыта,,,,2026-09-13T11:44:57+03:00,https://hh.ru/vacancy/135857269,1284,False
hh.ru,136912042,Заместитель директора,Управление,Санкт-Петербург,Санкт-Петербург,ООО Транс Вэй Сервис,160000.0,250000.0,RUR,205000.0,False,Опыт 3-6 лет,,,,2026-09-13T11:44:57+03:00,https://hh.ru/vacancy/136912042,1028,False
hh.ru,137011354,Администратор в стоматологию,Медицина и фармацевтика,Санкт-Петербург,Санкт-Петербург,ООО Пломбир,80000.0,85000.0,RUR,82500.0,False,Без опыта,,,,2026-09-13T11:44:57+03:00,https://hh.ru/vacancy/137011354,201,False
hh.ru,135721622,Оператор call-центра/диспетчер,Транспорт и логистика,Санкт-Петербург,"Санкт-Петербург, р-н Московский",ООО Ленремонт,70000.0,0.0,RUR,35000.0,False,Без опыта,,Удалённая работа,,2026-09-13T11:44:57+03:00,https://hh.ru/vacancy/135721622,1644,False
hh.ru,136653775,Инспектор пункта миграционного контроля,Прочие профессии,Санкт-Петербург,Санкт-Петербург,УТ МВД России по СЗФО,68000.0,0.0,RUR,34000.0,True,Без опыта,,,,2026-09-13T11:44:57+03:00,https://hh.ru/vacancy/136653775,1102,False
hh.ru,136806391,Ведущий специалист,Прочие профессии,Санкт-Петербург,Санкт-Петербург,Федеральное государственное бюджетное Образовательное учреждение Высшего Образования Санкт-Петербургский Горный Университет Императрицы Екатерины II,110000.0,110000.0,RUR,110000.0,True,Опыт 3-6 лет,,,,2026-09-13T11:44:57+03:00,https://hh.ru/vacancy/136806391,582,False
hh.ru,136964698,Дизайнер,"Маркетинг, медиа и дизайн",Санкт-Петербург,Санкт-Петербург,Этажи Северо-Запад,90000.0,0.0,RUR,45000.0,False,Без опыта,,,,2026-09-13T11:44:57+03:00,https://hh.ru/vacancy/136964698,950,False
hh.ru,137066435,Табельщик,Прочие профессии,Санкт-Петербург,Санкт-Петербург,СПб ГБУЗ ДГБ Св. Ольги,94000.0,94000.0,RUR,94000.0,True,Опыт 1-3 года,,,,2026-09-13T11:44:57+03:00,https://hh.ru/vacancy/137066435,2560,False
hh.ru,136809039,Администратор в Психологический Центр,Продажи и клиентский сервис,Санкт-Петербург,Санкт-Петербург,ООО Мансарда,25000.0,0.0,RUR,12500.0,False,Без опыта,,,,2026-09-13T11:44:57+03:00,https://hh.ru/vacancy/136809039,191,False
hh.ru,136852532,Конструктор/чертежник,Инженерия и производство,Санкт-Петербург,Санкт-Петербург,ИП Анисков Иван Алексеевич,105000.0,0.0,RUR,52500.0,True,Без опыта,,,,2026-09-13T11:44:57+03:00,https://hh.ru/vacancy/136852532,1177,False
hh.ru,136968273,Помощник по оформлению накладных,Прочие профессии,Санкт-Петербург,Санкт-Петербург,ООО РТК,25000.0,30000.0,RUR,27500.0,False,Без опыта,,Удалённая работа,,2026-09-13T11:44:57+03:00,https://hh.ru/vacancy/136968273,1927,False
hh.ru,136411144,"Администратор фонда ""Антон тут рядом""",Продажи и клиентский сервис,Санкт-Петербург,Санкт-Петербург,Нек. орг. Центр Антон тут рядом,63000.0,0.0,RUR,31500.0,True,Без опыта,,,,2026-09-13T11:44:57+03:00,https://hh.ru/vacancy/136411144,333,False
hh.ru,136875767,Заместитель директора по общим вопросам,Управление,Санкт-Петербург,Санкт-Петербург,ГБУ ДЮЦ Московского района Санкт-Петербурга ЦФКСиЗ,95000.0,95000.0,RUR,95000.0,True,Опыт 3-6 лет,,,,2026-09-13T11:44:57+03:00,https://hh.ru/vacancy/136875767,1031,False
hh.ru,136990856,Помощник бухгалтера,"Финансы, бухгалтерия и право",Санкт-Петербург,Санкт-Петербург,ЗАО БКК Коломенский,80000.0,80000.0,RUR,80000.0,True,Опыт 1-3 года,,,,2026-09-13T11:44:57+03:00,https://hh.ru/vacancy/136990856,1881,False
hh.ru,136827010,Бухгалтер на первичную документацию,"Финансы, бухгалтерия и право",Санкт-Петербург,Санкт-Петербург,ООО РЕЗЕРВ,125000.0,135000.0,RUR,130000.0,False,Опыт 3-6 лет,,,,2026-09-13T11:44:57+03:00,https://hh.ru/vacancy/136827010,497,False
hh.ru,136785260,Специалист по работе с абонентами (договоры),Прочие профессии,Санкт-Петербург,Санкт-Петербург,Водоканал ГУП СПб,110000.0,113000.0,RUR,111500.0,True,Опыт 1-3 года,,,,2026-09-13T11:44:57+03:00,https://hh.ru/vacancy/136785260,2444,False
hh.ru,136689451,Администратор стоматологии,Медицина и фармацевтика,Санкт-Петербург,Санкт-Петербург,ООО Фабрика,100000.0,100000.0,RUR,100000.0,False,Опыт 1-3 года,,,,2026-09-13T11:44:57+03:00,https://hh.ru/vacancy/136689451,321,False
hh.ru,136527782,Главный государственный таможенный инспектор центра электронного декларирования,Прочие профессии,Санкт-Петербург,Санкт-Петербург,Северо-Западная Электронная Таможня,60000.0,100000.0,RUR,80000.0,False,Без опыта,,,,2026-09-13T11:44:57+03:00,https://hh.ru/vacancy/136527782,857,False
hh.ru,136804483,Ведущий специалист по договорной работе,Прочие профессии,Санкт-Петербург,"Санкт-Петербург, р-н Калининский",АО ВАД,180000.0,180000.0,RUR,180000.0,False,Опыт 3-6 лет,,,,2026-09-13T11:44:57+03:00,https://hh.ru/vacancy/136804483,595,False
hh.ru,136531404,Администратор образовательного центра,Продажи и клиентский сервис,Санкт-Петербург,Санкт-Петербург,ПРОСТО,60000.0,70000.0,RUR,65000.0,False,Опыт 1-3 года,,,,2026-09-13T11:44:57+03:00,https://hh.ru/vacancy/136531404,278,False
hh.ru,136909584,Фасовщик,Прочие профессии,Санкт-Петербург,Санкт-Петербург,ИП Веселов Кирилл Юрьевич,90000.0,120000.0,RUR,105000.0,False,Без опыта,,,,2026-09-13T11:44:57+03:00,https://hh.ru/vacancy/136909584,2648,False
hh.ru,136889428,Сборщик полиграфической продукции,Прочие профессии,Санкт-Петербург,Санкт-Петербург,ООО Практика,75000.0,90000.0,RUR,82500.0,False,Без опыта,,,,2026-09-13T11:44:57+03:00,https://hh.ru/vacancy/136889428,2161,False
hh.ru,137114066,Кассир,Продажи и клиентский сервис,Ставропольский край,Буденновск,Додо Пицца Россия,0.0,0.0,,,False,Без опыта,,,,2026-09-13T11:44:57+03:00,https://hh.ru/vacancy/137114066,1122,False
hh.ru,137176833,Бухгалтер на первичную документацию,"Финансы, бухгалтерия и право",Ставропольский край,Ставрополь,ООО Финоптимум,62000.0,62000.0,RUR,62000.0,False,Опыт 3-6 лет,,Удалённая работа,,2026-09-13T11:44:57+03:00,https://hh.ru/vacancy/137176833,504,False
hh.ru,137137042,Администратор,Продажи и клиентский сервис,Ставропольский край,"Ставрополь, р-н Промышленный",Архипенко Василий Петрович,50000.0,55000.0,RUR,52500.0,True,Без опыта,,,,2026-09-13T11:44:57+03:00,https://hh.ru/vacancy/137137042,69,False
hh.ru,136573942,Администратор детского центра,Продажи и клиентский сервис,Ставропольский край,"Ставрополь, р-н Промышленный",Кадровый Мост,60000.0,80000.0,RUR,70000.0,False,Опыт 1-3 года,,,,2026-09-13T11:44:57+03:00,https://hh.ru/vacancy/136573942,220,False
hh.ru,136530610,Администратор в стоматологическую клинику,Медицина и фармацевтика,Ставропольский край,"Ставрополь, р-н Промышленный",Стоматологическая клиника имени профессора Александрова,70000.0,100000.0,RUR,85000.0,True,Опыт 3-6 лет,,,,2026-09-13T11:44:57+03:00,https://hh.ru/vacancy/136530610,198,False
hh.ru,136350399,Менеджер по операционно-сервисным процессам,Прочие профессии,Ставропольский край,"Ставрополь, р-н Промышленный",Альфа-Банк,68000.0,0.0,RUR,34000.0,False,Без опыта,,,,2026-09-13T11:44:57+03:00,https://hh.ru/vacancy/136350399,1394,False
hh.ru,136389782,Главный специалист отдела делопроизводства,Инженерия и производство,Ставропольский край,"Ставрополь, р-н Ленинский",Управление Ставропольского края - государственная жилищная инспекция,40000.0,50000.0,RUR,45000.0,False,Без опыта,,,,2026-09-13T11:44:57+03:00,https://hh.ru/vacancy/136389782,874,False
hh.ru,136908777,Оператор ввода данных (видеомониторинг),Прочие профессии,Ставропольский край,Ессентуки,ООО Сервизория,30000.0,0.0,RUR,15000.0,False,Без опыта,,Удалённая работа,,2026-09-13T11:44:57+03:00,https://hh.ru/vacancy/136908777,1651,False
hh.ru,137198055,Frontend-разработчик – Vue.js,Информационные технологии,Ставропольский край,"Ставрополь, р-н Промышленный",ООО Статус-Агро,80000.0,80000.0,RUR,80000.0,True,Опыт 1-3 года,,,,2026-09-13T11:44:57+03:00,https://hh.ru/vacancy/137198055,9,False
hh.ru,137248092,Юрисконсульт,Прочие профессии,Ставропольский край,"Ессентуки, улица Семашко, 6-8",ООО Санаторий Источник,73000.0,73000.0,RUR,73000.0,False,Опыт 3-6 лет,,,,2026-09-13T11:44:57+03:00,https://hh.ru/vacancy/137248092,2712,False
hh.ru,135427261,Администратор - менеджер в школу танцев,Продажи и клиентский сервис,Ставропольский край,"Ставрополь, р-н Промышленный",TI HR,60000.0,60000.0,RUR,60000.0,False,Опыт 1-3 года,,,,2026-09-13T11:44:57+03:00,https://hh.ru/vacancy/135427261,265,False
hh.ru,137249412,Помощник руководителя / начинающий специалист в офис,Прочие профессии,Ставропольский край,"Ставрополь, р-н Промышленный",ООО Консул,50000.0,80000.0,RUR,65000.0,False,Без опыта,,,,2026-09-13T11:44:57+03:00,https://hh.ru/vacancy/137249412,1948,False
hh.ru,137115780,Продавец-консультант в Т2 (Кочубеевское ),Продажи и клиентский сервис,Ставропольский край,"село Кочубеевское, Братская улица, 98",Цифроград Ставрополь,50000.0,60000.0,RUR,55000.0,True,Без опыта,,,,2026-09-13T11:44:57+03:00,https://hh.ru/vacancy/137115780,2011,False
hh.ru,136439700,Администратор,Продажи и клиентский сервис,Ставропольский край,"Михайловск, улица Ишкова, 92",ООО Виталиния-М,40000.0,0.0,RUR,20000.0,False,Без опыта,,,,2026-09-13T11:44:57+03:00,https://hh.ru/vacancy/136439700,111,False
hh.ru,137156424,Бухгалтер на первичную документацию,"Финансы, бухгалтерия и право",Ставропольский край,"Ставрополь, р-н Промышленный",ООО Актив,65000.0,65000.0,RUR,65000.0,False,Опыт 3-6 лет,,,,2026-09-13T11:44:57+03:00,https://hh.ru/vacancy/137156424,487,False
hh.ru,136573591,Медицинская сестра/медицинский брат,Медицина и фармацевтика,Ставропольский край,"Ставрополь, р-н Промышленный",Кадровый Мост,70000.0,0.0,RUR,35000.0,False,Без опыта,,,,2026-09-13T11:44:57+03:00,https://hh.ru/vacancy/136573591,1297,False
hh.ru,136338886,Полицейский Управления МВД,Охрана и безопасность,Ставропольский край,"Ставрополь, р-н Промышленный",Управление МВД России пог. Ставрополю,40000.0,75000.0,RUR,57500.0,False,Без опыта,,,,2026-09-13T11:44:57+03:00,https://hh.ru/vacancy/136338886,1857,False
hh.ru,136991033,Семейный водитель,Транспорт и логистика,Ставропольский край,"Ставрополь, р-н Октябрьский",ООО ОШН ГРУПП,70000.0,70000.0,RUR,70000.0,False,Опыт 1-3 года,,,,2026-09-13T11:44:57+03:00,https://hh.ru/vacancy/136991033,2200,False
hh.ru,137045827,Начальник договорного отдела и службы размещения,Управление,Ставропольский край,"Кисловодск, Прудная улица, 107",ФГБУ Санаторий Заря,100000.0,100000.0,RUR,100000.0,False,Опыт 3-6 лет,,,,2026-09-13T11:44:57+03:00,https://hh.ru/vacancy/137045827,1557,False
hh.ru,137224354,Офис-менеджер,Прочие профессии,Ставропольский край,"Ставрополь, р-н Промышленный",ООО ЕЦМ,40000.0,50000.0,RUR,45000.0,False,Опыт 1-3 года,,,,2026-09-13T11:44:57+03:00,https://hh.ru/vacancy/137224354,1764,False
hh.ru,136809472,Мастер по поиску продающих людей (менеджер по подбору персонала),Рабочий и обслуживающий персонал,Ставропольский край,"Пятигорск, проспект Калинина, 78",ООО Магазин новостроек,60000.0,60000.0,RUR,60000.0,False,Опыт 1-3 года,,Удалённая работа,,2026-09-13T11:44:57+03:00,https://hh.ru/vacancy/136809472,1281,False
hh.ru,137059535,Руководитель отдела продаж,Транспорт и логистика,Ставропольский край,"Ессентуки, улица Пушкина, 16",ООО Санаторий Русь,200000.0,200000.0,RUR,200000.0,True,Опыт 1-3 года,,,,2026-09-13T11:44:57+03:00,https://hh.ru/vacancy/137059535,2133,False
hh.ru,136652337,Помощник руководителя,Прочие профессии,Ставропольский край,"Пятигорск, улица Ермолова, 4",ИП Габриелян Наринэ Борисовна,70000.0,110000.0,RUR,90000.0,False,Без опыта,,,,2026-09-13T11:44:57+03:00,https://hh.ru/vacancy/136652337,1936,False
hh.ru,136977123,Специалист архива,Прочие профессии,Ставропольский край,"посёлок Иноземцево, Дарницкий переулок, 2","ПАО Федеральная сетевая компания – Россети, Молодые специалисты",86000.0,86000.0,RUR,86000.0,True,Опыт 1-3 года,,,,2026-09-13T11:44:57+03:00,https://hh.ru/vacancy/136977123,2287,False
hh.ru,137090855,Кладовщик,Транспорт и логистика,Ставропольский край,"Ставрополь, р-н Октябрьский",ООО Возовоз,70000.0,75000.0,RUR,72500.0,False,Без опыта,,,,2026-09-13T11:44:57+03:00,https://hh.ru/vacancy/137090855,1133,False
hh.ru,137209632,Водитель-экспедитор (город),Транспорт и логистика,Ставропольский край,"Ставрополь, р-н Октябрьский",FORMICA,75000.0,75000.0,RUR,75000.0,True,Опыт 1-3 года,,,,2026-09-13T11:44:57+03:00,https://hh.ru/vacancy/137209632,809,False
hh.ru,136928591,Директор дивизиона «Юг»,Управление,Ставропольский край,Ставрополь,ООО Мустанг Технологии Кормления,500000.0,500000.0,RUR,500000.0,False,Опыт более 6 лет,,,,2026-09-13T11:44:57+03:00,https://hh.ru/vacancy/136928591,961,False
hh.ru,136975876,Помощник первого заместителя генерального директора,Управление,Ставропольский край,"Ессентуки, Большевистская улица, 57А",ПАО Единый Гарантирующий Поставщик,186000.0,186000.0,RUR,186000.0,True,Опыт 3-6 лет,,,,2026-09-13T11:44:57+03:00,https://hh.ru/vacancy/136975876,1923,True
hh.ru,125502126,Оператор чат-поддержки Яндекс (из дома),Прочие профессии,Ставропольский край,Ставрополь,Яндекс Команда для бизнеса,37000.0,0.0,RUR,18500.0,True,Без опыта,,Удалённая работа,,2026-09-13T11:44:57+03:00,https://hh.ru/vacancy/125502126,1731,False
hh.ru,137264163,Специалист по кадрам,Прочие профессии,Ставропольский край,Невинномысск,ООО Электростатус,65000.0,65000.0,RUR,65000.0,False,Опыт 1-3 года,,,,2026-09-13T11:44:57+03:00,https://hh.ru/vacancy/137264163,2395,False
hh.ru,136701924,Системный администратор,Информационные технологии,Ставропольский край,"Ставрополь, р-н Промышленный",ПАО Сигнал,65500.0,75500.0,RUR,70500.0,True,Без опыта,,,,2026-09-13T11:44:57+03:00,https://hh.ru/vacancy/136701924,2218,False
hh.ru,136975877,Помощник первого заместителя генерального директора,Управление,Ставропольский край,"Ессентуки, Большевистская улица, 57А",ПАО Единый Гарантирующий Поставщик,186000.0,186000.0,RUR,186000.0,True,Опыт 3-6 лет,,,,2026-09-13T11:44:57+03:00,https://hh.ru/vacancy/136975877,1923,True
hh.ru,136931905,Менеджер по продажам туров,Продажи и клиентский сервис,Ставропольский край,Ставрополь,ООО Время Путешествий,100000.0,100000.0,RUR,100000.0,True,Опыт 1-3 года,,Удалённая работа,,2026-09-13T11:44:57+03:00,https://hh.ru/vacancy/136931905,1446,False
hh.ru,137050342,Торговый представитель на автомобиле компании,Прочие профессии,Ставропольский край,"Пятигорск, улица Ермолова, 24",СКФООПТ,100000.0,180000.0,RUR,140000.0,False,Опыт 1-3 года,,,,2026-09-13T11:44:57+03:00,https://hh.ru/vacancy/137050342,2593,False
hh.ru,136868211,Администратор в гончарную мастерскую,Продажи и клиентский сервис,Свердловская область,Екатеринбург,Школа керамики Гончарка,55000.0,65000.0,RUR,60000.0,False,Без опыта,,,,2026-09-13T11:44:57+03:00,https://hh.ru/vacancy/136868211,164,False
hh.ru,136961835,"Водитель на служебный автомобиль ""Ларгус""",Транспорт и логистика,Свердловская область,Екатеринбург,ООО Энтер Кемикалс,80000.0,80000.0,RUR,80000.0,False,Опыт 1-3 года,,,,2026-09-13T11:44:57+03:00,https://hh.ru/vacancy/136961835,769,False
hh.ru,136974878,Специалист по документации,Прочие профессии,Свердловская область,Екатеринбург,ИП Перова Ирина Андреевна,25000.0,40000.0,RUR,32500.0,False,Без опыта,,,,2026-09-13T11:44:57+03:00,https://hh.ru/vacancy/136974878,2374,False
hh.ru,136856107,Администратор - Менеджер клиники MED4YOU,Продажи и клиентский сервис,Свердловская область,"Нижний Тагил, проспект Ленина, 21",ООО Здоровый город,48000.0,58000.0,RUR,53000.0,False,Без опыта,,,,2026-09-13T11:44:57+03:00,https://hh.ru/vacancy/136856107,266,False
hh.ru,136789365,Бухгалтер,"Финансы, бухгалтерия и право",Свердловская область,"Екатеринбург, р-н Верх-Исетский",ООО СЗ Спецстрой,90000.0,90000.0,RUR,90000.0,False,Опыт 3-6 лет,,,,2026-09-13T11:44:57+03:00,https://hh.ru/vacancy/136789365,453,False
hh.ru,137215010,Личный водитель,Транспорт и логистика,Свердловская область,Екатеринбург,ООО РМБ,110000.0,160000.0,RUR,135000.0,False,Опыт 3-6 лет,,,,2026-09-13T11:44:57+03:00,https://hh.ru/vacancy/137215010,1254,False
hh.ru,137098293,Офисный водитель,Транспорт и логистика,Свердловская область,Екатеринбург,ООО НПП Стройтэк,,,,,False,Опыт 3-6 лет,,,,2026-09-13T11:44:57+03:00,https://hh.ru/vacancy/137098293,1784,False
hh.ru,136760779,Администратор в VR клуб,Продажи и клиентский сервис,Свердловская область,"Екатеринбург, р-н Академический",VR STAR,51180.0,71250.0,RUR,61215.0,False,Без опыта,,,,2026-09-13T11:44:57+03:00,https://hh.ru/vacancy/136760779,156,False
hh.ru,136795281,Инженер ОМТС (производственная компания),Инженерия и производство,Свердловская область,"Екатеринбург, р-н Октябрьский",Бугакова Ольга Николаевна,100000.0,100000.0,RUR,100000.0,False,Опыт 1-3 года,,,,2026-09-13T11:44:57+03:00,https://hh.ru/vacancy/136795281,1066,False
hh.ru,137137884,Графический дизайнер,"Маркетинг, медиа и дизайн",Свердловская область,"Екатеринбург, р-н Академический",ООО НАГ,80000.0,80000.0,RUR,80000.0,False,Опыт 1-3 года,,,,2026-09-13T11:44:57+03:00,https://hh.ru/vacancy/137137884,903,False
hh.ru,136796620,Менеджер по продлению и возврату клиентов,Продажи и клиентский сервис,Свердловская область,Екатеринбург,Satom.ru (ИП Томащик Галина Васильевна),100000.0,100000.0,RUR,100000.0,False,Опыт 1-3 года,,Удалённая работа,,2026-09-13T11:44:57+03:00,https://hh.ru/vacancy/136796620,1452,False
hh.ru,136572981,Менеджер свадебных проектов,Прочие профессии,Свердловская область,Екатеринбург,Cherepkova Event,20000.0,70000.0,RUR,45000.0,False,Опыт 1-3 года,,Удалённая работа,,2026-09-13T11:44:57+03:00,https://hh.ru/vacancy/136572981,1506,False
hh.ru,137139924,Бухгалтер на первичную документацию,"Финансы, бухгалтерия и право",Свердловская область,"Екатеринбург, р-н Ленинский",ООО ВторМетУрал,80000.0,90000.0,RUR,85000.0,False,Опыт 3-6 лет,,,,2026-09-13T11:44:57+03:00,https://hh.ru/vacancy/137139924,492,False
hh.ru,136893782,Персональный водитель,Транспорт и логистика,Свердловская область,Сысерть,ООО ТД РУНАТКО,100000.0,100000.0,RUR,100000.0,True,Опыт более 6 лет,,,,2026-09-13T11:44:57+03:00,https://hh.ru/vacancy/136893782,1826,False
hh.ru,136654480,Художник-иллюстратор,Прочие профессии,Свердловская область,Екатеринбург,ИП Юхтин Павел Викторович,1000.0,5000.0,RUR,3000.0,False,Опыт 1-3 года,,Удалённая работа,,2026-09-13T11:44:57+03:00,https://hh.ru/vacancy/136654480,2674,False
hh.ru,137137027,Личный водитель руководителя,Транспорт и логистика,Свердловская область,Екатеринбург,БИЗНЕС-ПАРК ДЕЛОВОЙ КВАРТАЛ,,,,,False,Опыт более 6 лет,,,,2026-09-13T11:44:57+03:00,https://hh.ru/vacancy/137137027,1258,False
hh.ru,137104549,Начальник отдела операционной деятельности,Управление,Свердловская область,Екатеринбург,АО Русская медная компания,,,,,False,Опыт 3-6 лет,,,,2026-09-13T11:44:57+03:00,https://hh.ru/vacancy/137104549,1571,False
hh.ru,137241271,Product Designer / Design Engineer,Прочие профессии,Свердловская область,Екатеринбург,Goulash.Tech,,,,,False,Опыт 3-6 лет,,Удалённая работа,,2026-09-13T11:44:57+03:00,https://hh.ru/vacancy/137241271,25,False
hh.ru,137087811,Помощник руководителя / Офис-менеджер,Прочие профессии,Свердловская область,Екатеринбург,ООО ТД РУНАТКО,100000.0,100000.0,RUR,100000.0,False,Опыт 1-3 года,,,,2026-09-13T11:44:57+03:00,https://hh.ru/vacancy/137087811,1949,False
hh.ru,136627894,Сортировщик на мини-склад,Прочие профессии,Свердловская область,Екатеринбург,ИП Пикулина Юлия Александровна,160000.0,0.0,RUR,80000.0,True,Без опыта,,,,2026-09-13T11:44:57+03:00,https://hh.ru/vacancy/136627894,2243,False
hh.ru,136566680,Администратор,Продажи и клиентский сервис,Свердловская область,Екатеринбург,ИП Васильев Семен Евгеньевич,54000.0,90000.0,RUR,72000.0,False,Без опыта,,,,2026-09-13T11:44:57+03:00,https://hh.ru/vacancy/136566680,80,False
hh.ru,136770506,Специалист по приему граждан и обращений,Прочие профессии,Свердловская область,"Екатеринбург, р-н Железнодорожный",TEN девелопмент,65000.0,65000.0,RUR,65000.0,False,Опыт 1-3 года,,,,2026-09-13T11:44:57+03:00,https://hh.ru/vacancy/136770506,2439,False
hh.ru,136720939,Администратор медицинского центра,Медицина и фармацевтика,Свердловская область,Екатеринбург,ООО Центр Реабилитации и Профилактики Эволайф,60000.0,0.0,RUR,30000.0,False,Без опыта,,,,2026-09-13T11:44:57+03:00,https://hh.ru/vacancy/136720939,256,False
hh.ru,136273041,Администратор в компьютерный клуб COLIZEUM,Продажи и клиентский сервис,Свердловская область,"Екатеринбург, р-н Академический","COLIZEUM, компьютерный клуб",40000.0,50000.0,RUR,45000.0,False,Без опыта,,,,2026-09-13T11:44:57+03:00,https://hh.ru/vacancy/136273041,179,False
hh.ru,136795084,"Администратор в спа-салон ""Дивница""",Продажи и клиентский сервис,Свердловская область,Екатеринбург,Дивница (ИП Соснова Светлана Александровна),60000.0,85000.0,RUR,72500.0,False,Опыт 1-3 года,,,,2026-09-13T11:44:57+03:00,https://hh.ru/vacancy/136795084,197,False
hh.ru,136973132,Инженер по ручному тестированию QA,Информационные технологии,Свердловская область,Екатеринбург,ООО Аврора,170000.0,170000.0,RUR,170000.0,False,Опыт 3-6 лет,,Удалённая работа,,2026-09-13T11:44:57+03:00,https://hh.ru/vacancy/136973132,1072,False
hh.ru,136983835,Ведущий инженер по техническому сопровождению клубов,Инженерия и производство,Свердловская область,Екатеринбург,DDX Fitness,150000.0,150000.0,RUR,150000.0,True,Опыт 1-3 года,,,,2026-09-13T11:44:57+03:00,https://hh.ru/vacancy/136983835,566,False
hh.ru,136852308,Менеджер онлайн-заботы и поддержки в чате,Прочие профессии,Свердловская область,Екатеринбург,ООО РЕКУРТ ГРУПП,54600.0,0.0,RUR,27300.0,False,Без опыта,,Удалённая работа,,2026-09-13T11:44:57+03:00,https://hh.ru/vacancy/136852308,1345,False
hh.ru,137177479,Графический дизайнер (Недвижимость),Строительство и недвижимость,Свердловская область,"Екатеринбург, р-н Октябрьский",КРЫМ МОРЕ ГРАД,100000.0,100000.0,RUR,100000.0,False,Опыт 1-3 года,,,,2026-09-13T11:44:57+03:00,https://hh.ru/vacancy/137177479,910,False
hh.ru,136594472,Оператор ПК,Прочие профессии,Свердловская область,"Екатеринбург, р-н Верх-Исетский",ООО Дорожный консалтинг,50000.0,80000.0,RUR,65000.0,False,Без опыта,,,,2026-09-13T11:44:57+03:00,https://hh.ru/vacancy/136594472,1681,False
hh.ru,137255794,Юрист в группу компаний,"Финансы, бухгалтерия и право",Свердловская область,Екатеринбург,Группа компаний M1,130000.0,130000.0,RUR,130000.0,False,Опыт 3-6 лет,,,,2026-09-13T11:44:57+03:00,https://hh.ru/vacancy/137255794,2730,False
hh.ru,136506278,SMM-менеджер,"Маркетинг, медиа и дизайн",Свердловская область,Екатеринбург,Соболева Екатерина Юрьевна,20000.0,0.0,RUR,10000.0,False,Без опыта,,Удалённая работа,,2026-09-13T11:44:57+03:00,https://hh.ru/vacancy/136506278,45,False
hh.ru,137100344,Офис-менеджер,Прочие профессии,Свердловская область,"Екатеринбург, р-н Академический",ИП Васильев Семен Евгеньевич,54000.0,0.0,RUR,27000.0,False,Без опыта,,,,2026-09-13T11:44:57+03:00,https://hh.ru/vacancy/137100344,1754,False
hh.ru,137016016,Директор филиала,Управление,Свердловская область,Екатеринбург,ООО Дсв-Групп,150000.0,350000.0,RUR,250000.0,True,Опыт 1-3 года,,,,2026-09-13T11:44:57+03:00,https://hh.ru/vacancy/137016016,976,False
hh.ru,137001857,Сопровождающий водитель,Транспорт и логистика,Республика Татарстан,"Елабужский район, Особая экономическая зона Алабуга",Алабуга. Логистика и закупки,258750.0,0.0,RUR,129375.0,True,Без опыта,,,,2026-09-13T11:44:57+03:00,https://hh.ru/vacancy/137001857,2241,False
hh.ru,136792632,Специалист по оформлению анкет репетиторов,Прочие профессии,Республика Татарстан,Казань,ООО Матрица,15000.0,30000.0,RUR,22500.0,False,Без опыта,,Удалённая работа,,2026-09-13T11:44:57+03:00,https://hh.ru/vacancy/136792632,2425,False
hh.ru,137007039,Водитель-экспедитор категории В,Транспорт и логистика,Республика Татарстан,"Елабужский район, Особая экономическая зона Алабуга",Алабуга. Логистика и закупки,258750.0,258750.0,RUR,258750.0,True,Опыт 1-3 года,,,,2026-09-13T11:44:57+03:00,https://hh.ru/vacancy/137007039,812,False
hh.ru,136985202,Офис-менеджер/делопроизводитель,Транспорт и логистика,Республика Татарстан,"Нижнекамск, территория Промзона",ООО Спецхиммонтаж,75000.0,75000.0,RUR,75000.0,False,Опыт 3-6 лет,,,,2026-09-13T11:44:57+03:00,https://hh.ru/vacancy/136985202,1779,False
hh.ru,136351166,Администратор в Клинику,Продажи и клиентский сервис,Республика Татарстан,Казань,ООО Артель,60000.0,60000.0,RUR,60000.0,False,Опыт 1-3 года,,,,2026-09-13T11:44:57+03:00,https://hh.ru/vacancy/136351166,172,False
hh.ru,134717115,Ведущий специалист в отдел приема документов,Прочие профессии,Республика Татарстан,"Казань, р-н Советский",ГАУ Управление Государственной Экспертизы и Ценообразования Республики Татарстан по Строительству и Архитектуре,85000.0,85000.0,RUR,85000.0,False,Опыт 1-3 года,,,,2026-09-13T11:44:57+03:00,https://hh.ru/vacancy/134717115,584,False
hh.ru,137001461,Ведущий специалист,Прочие профессии,Республика Татарстан,"Елабужский район, особая экономическая зона Алабуга",Алабуга. Эксплуатация объектов,375000.0,0.0,RUR,187500.0,True,Без опыта,,,,2026-09-13T11:44:57+03:00,https://hh.ru/vacancy/137001461,577,False
hh.ru,137001219,Библиотекарь,Прочие профессии,Республика Татарстан,"Казань, р-н Вахитовский",ГАПОУ Казанский колледж технологии и дизайна,51000.0,52000.0,RUR,51500.0,True,Без опыта,,,,2026-09-13T11:44:57+03:00,https://hh.ru/vacancy/137001219,385,False
hh.ru,135633884,Стрелок мобильной огневой группы по защите от БПЛА (ТАИФ-СБ Нижнекамск),Прочие профессии,Республика Татарстан,Нижнекамск,АО Таиф,160000.0,0.0,RUR,80000.0,False,Без опыта,,,,2026-09-13T11:44:57+03:00,https://hh.ru/vacancy/135633884,2553,False
hh.ru,136980207,Специалист на чат/почту,Прочие профессии,Республика Татарстан,Казань,Eqvanta,51000.0,51000.0,RUR,51000.0,True,Опыт 1-3 года,,Удалённая работа,,2026-09-13T11:44:57+03:00,https://hh.ru/vacancy/136980207,2325,False
hh.ru,137199399,Менеджер по ВЭД (на 2 часа в день),Прочие профессии,Республика Татарстан,Казань,ООО Рэд,50000.0,50000.0,RUR,50000.0,False,Опыт 1-3 года,,Удалённая работа,,2026-09-13T11:44:57+03:00,https://hh.ru/vacancy/137199399,1359,False
hh.ru,136067697,Менеджер по продажам (удаленно),Продажи и клиентский сервис,Республика Татарстан,Казань,ИП Биктимеров Ленар Наилевич,100000.0,200000.0,RUR,150000.0,True,Без опыта,,Удалённая работа,,2026-09-13T11:44:57+03:00,https://hh.ru/vacancy/136067697,1448,False
hh.ru,137041746,Администратор в автошколу,Продажи и клиентский сервис,Республика Татарстан,"Набережные Челны, проспект Вахитова, 2",МИТТУ,50000.0,70000.0,RUR,60000.0,True,Опыт 1-3 года,,,,2026-09-13T11:44:57+03:00,https://hh.ru/vacancy/137041746,158,False
hh.ru,136823042,"Менеджер по продажам ювелирных изделий (входящие заявки, соцсети)",Продажи и клиентский сервис,Республика Татарстан,Казань,Ювелирный салон Унция,150000.0,150000.0,RUR,150000.0,False,Опыт 1-3 года,,Удалённая работа,,2026-09-13T11:44:57+03:00,https://hh.ru/vacancy/136823042,1450,False
hh.ru,136416099,Контролер билетов,Охрана и безопасность,Республика Татарстан,Казань,Казанский академический русский Большой драматический театр им.В.И.Качалова,40000.0,50000.0,RUR,45000.0,True,Без опыта,,,,2026-09-13T11:44:57+03:00,https://hh.ru/vacancy/136416099,1197,False
hh.ru,136704813,Помощник бухгалтера,"Финансы, бухгалтерия и право",Республика Татарстан,Казань,Горбатов Алексей,57000.0,69000.0,RUR,63000.0,False,Без опыта,,,,2026-09-13T11:44:57+03:00,https://hh.ru/vacancy/136704813,1880,False
hh.ru,136959303,Менеджер по сопровождению (документарному) клиентов,Продажи и клиентский сервис,Республика Татарстан,"Казань, р-н Ново-Савиновский",ОМС,80000.0,80000.0,RUR,80000.0,False,Опыт 1-3 года,,,,2026-09-13T11:44:57+03:00,https://hh.ru/vacancy/136959303,1490,False
hh.ru,136251560,Инженер-проектировщик (стажер),Инженерия и производство,Республика Татарстан,"Казань, р-н Советский",ИП Мухаметов Рустем Маратович,100000.0,0.0,RUR,50000.0,False,Без опыта,,,,2026-09-13T11:44:57+03:00,https://hh.ru/vacancy/136251560,1081,False
hh.ru,137047215,Помощник в магазин одежды,Прочие профессии,Республика Татарстан,"Набережные Челны, проспект Чулман, 27",Cappuccino,80000.0,0.0,RUR,40000.0,False,Без опыта,,,,2026-09-13T11:44:57+03:00,https://hh.ru/vacancy/137047215,1897,False
hh.ru,136966963,Рилсмейкер,Прочие профессии,Республика Татарстан,Казань,ИП Окулов Михаил Дмитриевич,30000.0,30000.0,RUR,30000.0,False,Опыт 1-3 года,,Удалённая работа,,2026-09-13T11:44:57+03:00,https://hh.ru/vacancy/136966963,2107,False
hh.ru,136404707,Специалист по документообороту,Прочие профессии,Республика Татарстан,"Казань, р-н Советский",ООО ДИА логистик,75000.0,80000.0,RUR,77500.0,False,Опыт 1-3 года,,,,2026-09-13T11:44:57+03:00,https://hh.ru/vacancy/136404707,2380,False
hh.ru,135795132,Администратор в стоматологию,Медицина и фармацевтика,Республика Татарстан,Казань,Все свои,60000.0,65000.0,RUR,62500.0,False,Без опыта,,,,2026-09-13T11:44:57+03:00,https://hh.ru/vacancy/135795132,199,False
hh.ru,136989579,Оператор call-центра в стоматологию,Медицина и фармацевтика,Республика Татарстан,Казань,ООО Стоматология Флагман,70000.0,90000.0,RUR,80000.0,False,Опыт 1-3 года,,Удалённая работа,,2026-09-13T11:44:57+03:00,https://hh.ru/vacancy/136989579,1643,False
hh.ru,137120144,Администратор глэмпинга,Продажи и клиентский сервис,Республика Татарстан,"садоводческое некоммерческое товарищество Медик, р-н Советский",ООО Синергия Реалити,70000.0,110000.0,RUR,90000.0,True,Опыт 1-3 года,,,,2026-09-13T11:44:57+03:00,https://hh.ru/vacancy/137120144,217,False
hh.ru,137184654,Графический дизайнер в маркетинговое агентство,"Маркетинг, медиа и дизайн",Республика Татарстан,Казань,ИП MD Marketing,100000.0,110000.0,RUR,105000.0,False,Опыт 3-6 лет,,Удалённая работа,,2026-09-13T11:44:57+03:00,https://hh.ru/vacancy/137184654,906,False
hh.ru,136853155,Упаковщик готовой продукции,Прочие профессии,Республика Татарстан,Казань,ООО Казанские Деликатесы,70000.0,0.0,RUR,35000.0,False,Без опыта,,,,2026-09-13T11:44:57+03:00,https://hh.ru/vacancy/136853155,2615,False
hh.ru,137068105,Менеджер по документообороту,Прочие профессии,Республика Татарстан,Казань,ООО БарсЛайн,71000.0,71000.0,RUR,71000.0,False,Опыт 1-3 года,,,,2026-09-13T11:44:57+03:00,https://hh.ru/vacancy/137068105,1364,False
hh.ru,137245415,Делопроизводитель,Транспорт и логистика,Республика Татарстан,"Казань, р-н Приволжский",ООО Кат Логистик,50000.0,70000.0,RUR,60000.0,True,Опыт 1-3 года,,Удалённая работа,,2026-09-13T11:44:57+03:00,https://hh.ru/vacancy/137245415,928,False
hh.ru,136545148,Менеджер по работе с клиентами в чатах,Продажи и клиентский сервис,Республика Татарстан,Москва,ООО МЕДИА ПАНДА,24000.0,60000.0,RUR,42000.0,False,Без опыта,,Удалённая работа,,2026-09-13T11:44:57+03:00,https://hh.ru/vacancy/136545148,1474,False
hh.ru,136842112,Администратор,Продажи и клиентский сервис,Республика Татарстан,"Казань, р-н Ново-Савиновский",Доценко Валерия,60000.0,0.0,RUR,30000.0,False,Без опыта,,,,2026-09-13T11:44:57+03:00,https://hh.ru/vacancy/136842112,77,False
hh.ru,136665961,Обработчик изделий из пластмасс,Прочие профессии,Республика Татарстан,Казань,АО Завод-Элекон,50000.0,90000.0,RUR,70000.0,True,Без опыта,,,,2026-09-13T11:44:57+03:00,https://hh.ru/vacancy/136665961,1611,False
hh.ru,137269512,Водитель категории В,Транспорт и логистика,Республика Татарстан,"Елабужский район, особая экономическая зона Алабуга",Алабуга. Эксплуатация объектов,150000.0,0.0,RUR,75000.0,True,Без опыта,,,,2026-09-13T11:44:57+03:00,https://hh.ru/vacancy/137269512,721,False
hh.ru,136387676,Менеджер по продажам в чате,Продажи и клиентский сервис,Республика Татарстан,Казань,HR-tema,70000.0,120000.0,RUR,95000.0,True,Опыт 1-3 года,,Удалённая работа,,2026-09-13T11:44:57+03:00,https://hh.ru/vacancy/136387676,1436,False
hh.ru,136735799,Сотрудник на казначейские платежи (44/275 ФЗ),Прочие профессии,Республика Татарстан,Казань,Kaznahelp,80000.0,110000.0,RUR,95000.0,False,Опыт 1-3 года,,Удалённая работа,,2026-09-13T11:44:57+03:00,https://hh.ru/vacancy/136735799,2253,False
hh.ru,137210956,Изолировщик,Прочие профессии,Тамбовская область,Тамбов,ООО Металлургстрой,270000.0,270000.0,RUR,270000.0,True,Опыт 1-3 года,,,,2026-09-13T11:44:57+03:00,https://hh.ru/vacancy/137210956,1057,False
hh.ru,136777023,Офис-менеджер,Прочие профессии,Тамбовская область,"Тамбов, Пролетарская улица, 172",ООО ГТС,50000.0,0.0,RUR,25000.0,False,Без опыта,,,,2026-09-13T11:44:57+03:00,https://hh.ru/vacancy/136777023,1761,False
hh.ru,136945965,Оператор склада (Тамбов),Прочие профессии,Тамбовская область,"Тамбов, Астраханская улица, 39В",Ozon Производство,17000.0,0.0,RUR,8500.0,True,Без опыта,,,,2026-09-13T11:44:57+03:00,https://hh.ru/vacancy/136945965,1717,False
hh.ru,137232122,Региональный менеджер,Прочие профессии,Тамбовская область,Тамбов,ООО Намерение,150000.0,230000.0,RUR,190000.0,False,Опыт 1-3 года,,,,2026-09-13T11:44:57+03:00,https://hh.ru/vacancy/137232122,2078,False
hh.ru,136466596,Администратор,Продажи и клиентский сервис,Тамбовская область,"Тамбов, бульвар Энтузиастов, 2И",Студия эстетики Миндаль,30000.0,50000.0,RUR,40000.0,False,Без опыта,,,,2026-09-13T11:44:57+03:00,https://hh.ru/vacancy/136466596,139,False
hh.ru,136804710,Кассир билетный на железнодорожном транспорте,Продажи и клиентский сервис,Тамбовская область,"Тамбов, Привокзальная площадь, 1",Федеральная пассажирская компания (АО ФПК),46000.0,55000.0,RUR,50500.0,False,Без опыта,,,,2026-09-13T11:44:57+03:00,https://hh.ru/vacancy/136804710,1126,False
hh.ru,136369792,Фасовщица / фасовщик косметической продукции,Прочие профессии,Тамбовская область,"Тамбов, улица Монтажников, 1",НПО Аделейд,50000.0,0.0,RUR,25000.0,False,Без опыта,,,,2026-09-13T11:44:57+03:00,https://hh.ru/vacancy/136369792,2659,False
hh.ru,137065145,Исполнительный директор (CEO),Управление,Тамбовская область,"Тамбов, проезд Монтажников, 10",АО Тамбовмаш,,,,,False,Опыт более 6 лет,,,,2026-09-13T11:44:57+03:00,https://hh.ru/vacancy/137065145,1109,False
hh.ru,136790860,Интернет маркетолог / Специалист по рекламе яндекс директ,"Маркетинг, медиа и дизайн",Тамбовская область,Тамбов,Spirit digital,70000.0,0.0,RUR,35000.0,False,Без опыта,,Удалённая работа,,2026-09-13T11:44:57+03:00,https://hh.ru/vacancy/136790860,1107,False
hh.ru,137057155,Ассистент руководителя / Проджект менеджер,Прочие профессии,Тамбовская область,Тамбов,ИП Ибятов Дмитрий Ренатович,50000.0,50000.0,RUR,50000.0,False,Опыт 1-3 года,,Удалённая работа,,2026-09-13T11:44:57+03:00,https://hh.ru/vacancy/137057155,372,False
hh.ru,137241408,Специалист отдела кадров,Прочие профессии,Тамбовская область,"Тамбов, Моршанское шоссе, 19А",АО Лемниската,86207.0,86207.0,RUR,86207.0,True,Опыт 3-6 лет,,,,2026-09-13T11:44:57+03:00,https://hh.ru/vacancy/137241408,2336,False
hh.ru,137270849,Заведующий хозяйством в отель Асеев,Прочие профессии,Тамбовская область,"Тамбов, улица Гоголя, 1",We Family Group,60000.0,60000.0,RUR,60000.0,False,Опыт 1-3 года,,,,2026-09-13T11:44:57+03:00,https://hh.ru/vacancy/137270849,1015,False
hh.ru,136328575,Консультант отдела социальной работы,Прочие профессии,Тамбовская область,"Тамбов, Советская улица, 182",Комитет Социальной Политики Администрации Города Тамбова Тамбовской Области,33800.0,64800.0,RUR,49300.0,False,Опыт 1-3 года,,,,2026-09-13T11:44:57+03:00,https://hh.ru/vacancy/136328575,1184,False
hh.ru,136681662,Сборщик оплаченных заказов в Самокат,Прочие профессии,Тамбовская область,Тамбов,ВАРДА,3500.0,0.0,RUR,1750.0,False,Без опыта,,,,2026-09-13T11:44:57+03:00,https://hh.ru/vacancy/136681662,2159,False
hh.ru,137254813,Юрист,"Финансы, бухгалтерия и право",Тамбовская область,"Тамбов, Урожайная улица, 1А",ООО Радиоприбор,60000.0,60000.0,RUR,60000.0,False,Опыт 3-6 лет,,,,2026-09-13T11:44:57+03:00,https://hh.ru/vacancy/137254813,2725,True
hh.ru,137166064,Управляющий магазином,Управление,Тамбовская область,"Тамбов, Советская улица, 51",Наследник Выжанова,90000.0,90000.0,RUR,90000.0,False,Опыт 3-6 лет,,,,2026-09-13T11:44:57+03:00,https://hh.ru/vacancy/137166064,2630,True
hh.ru,137177111,Няня,Прочие профессии,Тамбовская область,"Тамбов, Интернациональная улица, 69Ак1",Голубенко Дарья Сергеевна,350.0,400.0,RUR,375.0,False,Опыт 1-3 года,,,,2026-09-13T11:44:57+03:00,https://hh.ru/vacancy/137177111,1608,True
hh.ru,137254813,Юрист,"Финансы, бухгалтерия и право",Тамбовская область,"Тамбов, Урожайная улица, 1А",ООО Радиоприбор,60000.0,60000.0,RUR,60000.0,False,Опыт 3-6 лет,,,,2026-09-13T11:44:57+03:00,https://hh.ru/vacancy/137254813,2725,True
hh.ru,137166064,Управляющий магазином,Управление,Тамбовская область,"Тамбов, Советская улица, 51",Наследник Выжанова,90000.0,90000.0,RUR,90000.0,False,Опыт 3-6 лет,,,,2026-09-13T11:44:57+03:00,https://hh.ru/vacancy/137166064,2630,True
hh.ru,137177111,Няня,Прочие профессии,Тамбовская область,"Тамбов, Интернациональная улица, 69Ак1",Голубенко Дарья Сергеевна,350.0,400.0,RUR,375.0,False,Опыт 1-3 года,,,,2026-09-13T11:44:57+03:00,https://hh.ru/vacancy/137177111,1608,True
hh.ru,136900914,Дизайнер упаковки,"Маркетинг, медиа и дизайн",Тамбовская область,"Котовск, Лесхозная улица, 16",ООО МКИ,60000.0,60000.0,RUR,60000.0,False,Опыт 1-3 года,,Удалённая работа,,2026-09-13T11:44:57+03:00,https://hh.ru/vacancy/136900914,958,False
hh.ru,137136689,Управляющий отделением агропромышленного комплекса,Управление,Тамбовская область,Тамбов,,230000.0,230000.0,RUR,230000.0,True,Опыт 3-6 лет,,,,2026-09-13T11:44:57+03:00,https://hh.ru/vacancy/137136689,2633,False
hh.ru,137230945,Директор по закупке и логистике,Транспорт и логистика,Тамбовская область,"городской округ Тамбов, Промышленная улица, 46",ООО Пет Фуд Перспектива,,,,,False,Опыт 3-6 лет,,,,2026-09-13T11:44:57+03:00,https://hh.ru/vacancy/137230945,965,False
hh.ru,137247442,Бухгалтер,"Финансы, бухгалтерия и право",Тамбовская область,"городской округ Тамбов, Бокинский Промышленный узел, Промышленная улица, 84",АгроСоюз,,,,,False,Опыт 1-3 года,,,,2026-09-13T11:44:57+03:00,https://hh.ru/vacancy/137247442,410,False
hh.ru,137069152,Бухгалтер,"Финансы, бухгалтерия и право",Тамбовская область,"Тамбов, Советская улица, 22",ООО Медпоставка,,,,,False,Опыт 1-3 года,,,,2026-09-13T11:44:57+03:00,https://hh.ru/vacancy/137069152,438,False
hh.ru,137097419,ИТ-специалист,Прочие профессии,Тамбовская область,"Тамбов, Урожайная улица, 2К",ООО Сервис-Софт,75000.0,75000.0,RUR,75000.0,True,Опыт 1-3 года,,,,2026-09-13T11:44:57+03:00,https://hh.ru/vacancy/137097419,1111,False
hh.ru,137200573,Начальник отдела маркетинга и внешних связей,"Маркетинг, медиа и дизайн",Тамбовская область,"Тамбов, Набережная улица, 22",ТОГАУК Музейный комплекс Усадьба Асеевых,54000.0,60000.0,RUR,57000.0,False,Опыт 1-3 года,,,,2026-09-13T11:44:57+03:00,https://hh.ru/vacancy/137200573,1567,False
hh.ru,136374930,Веб- дизайнер сайта на Tilda (проект),"Маркетинг, медиа и дизайн",Тамбовская область,"Котовск, проспект Труда",AK-system,30000.0,30000.0,RUR,30000.0,True,Опыт 1-3 года,,Удалённая работа,,2026-09-13T11:44:57+03:00,https://hh.ru/vacancy/136374930,551,False
hh.ru,137212321,Офицер фельдсвязи (сотрудник ОВД прикомандированный к ГФС России),Прочие профессии,Тамбовская область,Тамбов,Отдел Государственной фельдъегерской службы Российской Федерации в г. Тамбове,55000.0,70000.0,RUR,62500.0,False,Без опыта,,,,2026-09-13T11:44:57+03:00,https://hh.ru/vacancy/137212321,1786,False
hh.ru,137207257,Помощник бухгалтера,"Финансы, бухгалтерия и право",Тамбовская область,"Тамбов, бульвар Строителей, 3Г",ООО Навикон,35000.0,45000.0,RUR,40000.0,False,Без опыта,,,,2026-09-13T11:44:57+03:00,https://hh.ru/vacancy/137207257,1892,False
hh.ru,137156229,Корпоративный секретарь,Прочие профессии,Тамбовская область,"Тамбов, улица Монтажников, 1",АО ПИГМЕНТ,,,,,False,Опыт 3-6 лет,,,,2026-09-13T11:44:57+03:00,https://hh.ru/vacancy/137156229,1214,False
hh.ru,137071095,Специалист,Прочие профессии,Тамбовская область,"Тамбов, Мичуринская улица, 149",Муниципальное казенное учреждение Центр сопровождения образовательной деятельности,35000.0,35000.0,RUR,35000.0,True,Опыт 1-3 года,,,,2026-09-13T11:44:57+03:00,https://hh.ru/vacancy/137071095,2274,False
hh.ru,136969239,Администратор,Продажи и клиентский сервис,Тамбовская область,"Тамбов, Советская улица, 84",Саградян Яна,4100.0,4100.0,RUR,4100.0,False,Опыт 1-3 года,,,,2026-09-13T11:44:57+03:00,https://hh.ru/vacancy/136969239,134,False
hh.ru,137259282,Бизнес-аналитик,Прочие профессии,Тамбовская область,"Тамбов, улица Чичканова",Додо Пицца (ООО Магия вкуса),,,,,False,Опыт 1-3 года,,,,2026-09-13T11:44:57+03:00,https://hh.ru/vacancy/137259282,388,False
hh.ru,136933576,Менеджер клиентского сервиса Мартен,Продажи и клиентский сервис,Томская область,"Томск, р-н Ленинский",Фитнес клуб Marten,80000.0,120000.0,RUR,100000.0,False,Опыт 1-3 года,,,,2026-09-13T11:44:57+03:00,https://hh.ru/vacancy/136933576,1332,False
hh.ru,136720993,Администратор автошколы,Продажи и клиентский сервис,Томская область,"Томск, р-н Ленинский",АНО ДПО Автошкола Томич,50000.0,0.0,RUR,25000.0,False,Без опыта,,,,2026-09-13T11:44:57+03:00,https://hh.ru/vacancy/136720993,148,False
hh.ru,137038003,Помощник дизайнера интерьера / Дизайнер интерьера,"Маркетинг, медиа и дизайн",Томская область,Томск,ООО Безумно,50000.0,100000.0,RUR,75000.0,False,Опыт 1-3 года,,Удалённая работа,,2026-09-13T11:44:57+03:00,https://hh.ru/vacancy/137038003,1907,False
hh.ru,136950584,Оператор склада (Томск),Прочие профессии,Томская область,"Томск, р-н Октябрьский",Ozon Производство,17000.0,0.0,RUR,8500.0,True,Без опыта,,,,2026-09-13T11:44:57+03:00,https://hh.ru/vacancy/136950584,1718,False
hh.ru,136839356,Менеджер по сопровождению клиентов СДЭК,Продажи и клиентский сервис,Томская область,"Томск, р-н Ленинский",ИП Ри Сергей Ендюевич,60000.0,90000.0,RUR,75000.0,True,Опыт 1-3 года,,Удалённая работа,,2026-09-13T11:44:57+03:00,https://hh.ru/vacancy/136839356,1491,False
hh.ru,136581123,Мастер линии розлива,Рабочий и обслуживающий персонал,Томская область,"Томск, р-н Кировский",ОАО Томское пиво,75000.0,85000.0,RUR,80000.0,False,Опыт 1-3 года,,,,2026-09-13T11:44:57+03:00,https://hh.ru/vacancy/136581123,1279,False
hh.ru,136913372,Администратор,Продажи и клиентский сервис,Томская область,"Томск, р-н Ленинский",ООО ДиаТомПлюс,40000.0,50000.0,RUR,45000.0,True,Без опыта,,,,2026-09-13T11:44:57+03:00,https://hh.ru/vacancy/136913372,115,False
hh.ru,137272211,Гардеробщик,Прочие профессии,Томская область,"Томск, р-н Ленинский",ООО Капитал,0.0,0.0,,,False,Без опыта,,,,2026-09-13T11:44:57+03:00,https://hh.ru/vacancy/137272211,832,False
hh.ru,137269132,Уборщица/Уборщик,Рабочий и обслуживающий персонал,Томская область,"Томск, р-н Советский",Оздоровительный центр На Плеханова,5000.0,0.0,RUR,2500.0,False,Без опыта,,,,2026-09-13T11:44:57+03:00,https://hh.ru/vacancy/137269132,2601,False
hh.ru,137053222,Менеджер по развитию и организации учебного процесса,Прочие профессии,Томская область,"Томск, р-н Октябрьский","ООО ОЙЛТИМ, Компания",,,,,False,Опыт 1-3 года,,,,2026-09-13T11:44:57+03:00,https://hh.ru/vacancy/137053222,1482,False
hh.ru,136305804,Делопроизводитель,Транспорт и логистика,Томская область,"Томск, р-н Советский",Томский Филиал ООО Абф Логистик,63000.0,63000.0,RUR,63000.0,False,Опыт 1-3 года,,,,2026-09-13T11:44:57+03:00,https://hh.ru/vacancy/136305804,936,False
hh.ru,137203037,Руководитель проекта Регионального центра компетенций Томской области,Транспорт и логистика,Томская область,"Томск, р-н Кировский",Союз Торгово-Промышленная Палата Томской Области,100000.0,100000.0,RUR,100000.0,False,Опыт 1-3 года,,,,2026-09-13T11:44:57+03:00,https://hh.ru/vacancy/137203037,2141,False
hh.ru,137230395,Инспектор в отдел миграционного учета,Прочие профессии,Томская область,"Томск, р-н Кировский",СибГМУ,45000.0,0.0,RUR,22500.0,False,Без опыта,,,,2026-09-13T11:44:57+03:00,https://hh.ru/vacancy/137230395,1095,False
hh.ru,136297331,Администратор,Продажи и клиентский сервис,Томская область,"Томск, р-н Советский",ООО Мед-арт,40000.0,55000.0,RUR,47500.0,False,Без опыта,,,,2026-09-13T11:44:57+03:00,https://hh.ru/vacancy/136297331,117,False
hh.ru,137196814,Администратор,Продажи и клиентский сервис,Томская область,"Томск, р-н Ленинский",ИП Безлепкин Александр Иванович,2300.0,0.0,RUR,1150.0,False,Без опыта,,,,2026-09-13T11:44:57+03:00,https://hh.ru/vacancy/137196814,79,False
hh.ru,136379902,Бармен в Коктейльный бар,Прочие профессии,Томская область,"Томск, р-н Кировский",ООО Бар Старс,50000.0,75000.0,RUR,62500.0,False,Без опыта,,,,2026-09-13T11:44:57+03:00,https://hh.ru/vacancy/136379902,382,False
hh.ru,137195514,Бухгалтер,"Финансы, бухгалтерия и право",Томская область,"Томск, р-н Кировский",ООО ПКФ Бетта,70000.0,70000.0,RUR,70000.0,False,Опыт 3-6 лет,,,,2026-09-13T11:44:57+03:00,https://hh.ru/vacancy/137195514,445,False
hh.ru,136662435,Специалист по работе с Честным знаком без опыта с обучением,Прочие профессии,Томская область,"Томск, р-н Кировский",ООО Наука Техника Медицина,65000.0,65000.0,RUR,65000.0,False,Опыт 1-3 года,,,,2026-09-13T11:44:57+03:00,https://hh.ru/vacancy/136662435,2464,False
hh.ru,136462141,Помощник/ассистент руководителя,Прочие профессии,Томская область,Томск,ИП Буханцов Максим Валериевич,50000.0,0.0,RUR,25000.0,False,Без опыта,,Удалённая работа,,2026-09-13T11:44:57+03:00,https://hh.ru/vacancy/136462141,1866,False
hh.ru,137230511,Бухгалтер,"Финансы, бухгалтерия и право",Томская область,"Северск, Транспортная улица, 75с12",ООО УАТ,85700.0,85700.0,RUR,85700.0,True,Опыт 3-6 лет,,,,2026-09-13T11:44:57+03:00,https://hh.ru/vacancy/137230511,460,False
hh.ru,137241114,Офис-менеджер,Прочие профессии,Томская область,"Томск, р-н Октябрьский",ООО Пресс-Т,50000.0,0.0,RUR,25000.0,False,Без опыта,,,,2026-09-13T11:44:57+03:00,https://hh.ru/vacancy/137241114,1766,False
hh.ru,137202836,Мойщик посуды (мытье лабораторной посуды),Прочие профессии,Томская область,"Томск, р-н Кировский",СибГМУ,30000.0,0.0,RUR,15000.0,False,Без опыта,,,,2026-09-13T11:44:57+03:00,https://hh.ru/vacancy/137202836,1540,False
hh.ru,136989733,Администратор детской онлайн-школы английского языка (удаленно:суббота и воскресенье).,Продажи и клиентский сервис,Томская область,Томск,Kates Kids онлайн школа английского языка,18000.0,20000.0,RUR,19000.0,False,Опыт 1-3 года,,Удалённая работа,,2026-09-13T11:44:57+03:00,https://hh.ru/vacancy/136989733,224,False
hh.ru,137199233,Инженер-тестировщик (QA WebUI),Информационные технологии,Томская область,"Томск, р-н Кировский",АО ИнфоТеКС,,,,,False,Опыт 1-3 года,,,,2026-09-13T11:44:57+03:00,https://hh.ru/vacancy/137199233,1090,False
hh.ru,137236121,Водитель категории B,Транспорт и логистика,Томская область,"Томск, р-н Ленинский",Мясокомбинат «Томский»,55000.0,55000.0,RUR,55000.0,True,Опыт 1-3 года,,,,2026-09-13T11:44:57+03:00,https://hh.ru/vacancy/137236121,710,False
hh.ru,137185020,Диспетчер,Транспорт и логистика,Томская область,"Томск, р-н Кировский",АО Научно-производственная фирма Микран,,,,,False,Опыт 1-3 года,,,,2026-09-13T11:44:57+03:00,https://hh.ru/vacancy/137185020,980,False
hh.ru,136514864,Официант,Продажи и клиентский сервис,Томская область,"Томск, р-н Советский",Кофейня ProCofe,25000.0,55000.0,RUR,40000.0,False,Без опыта,,,,2026-09-13T11:44:57+03:00,https://hh.ru/vacancy/136514864,1788,False
hh.ru,137138587,Водитель,Транспорт и логистика,Томская область,"Томск, р-н Октябрьский",ЗСФ ФГБОУВО РГУП им. В.М. Лебедева,40000.0,45000.0,RUR,42500.0,True,Опыт 1-3 года,,,,2026-09-13T11:44:57+03:00,https://hh.ru/vacancy/137138587,629,False
hh.ru,137190407,Комплектовщик,Транспорт и логистика,Томская область,"Томск, р-н Ленинский",Т.Б.М.,91000.0,0.0,RUR,45500.0,True,Без опыта,,,,2026-09-13T11:44:57+03:00,https://hh.ru/vacancy/137190407,1153,False
hh.ru,137228574,Бухгалтер,"Финансы, бухгалтерия и право",Томская область,"Томск, р-н Советский",ООО ЦСС,60000.0,60000.0,RUR,60000.0,False,Опыт 1-3 года,,,,2026-09-13T11:44:57+03:00,https://hh.ru/vacancy/137228574,464,False
hh.ru,136708076,Полицейский,Охрана и безопасность,Томская область,"Томск, р-н Октябрьский",ОР ОКПО УМВД России по Томской области,45000.0,0.0,RUR,22500.0,False,Без опыта,,,,2026-09-13T11:44:57+03:00,https://hh.ru/vacancy/136708076,1855,False
hh.ru,137230187,Контент-менеджер,"Маркетинг, медиа и дизайн",Томская область,"Томск, р-н Кировский",ООО ТОИНБИ,60000.0,60000.0,RUR,60000.0,True,Опыт 1-3 года,,,,2026-09-13T11:44:57+03:00,https://hh.ru/vacancy/137230187,1191,False
hh.ru,137201728,Водитель категории С,Транспорт и логистика,Томская область,"село Зоркальцево, Северный тракт, 1","Монетка, Торговая сеть",95000.0,110000.0,RUR,102500.0,False,Опыт 1-3 года,,,,2026-09-13T11:44:57+03:00,https://hh.ru/vacancy/137201728,738,False
hh.ru,137226599,Специалист по кадровому делопроизводству,Инженерия и производство,Томская область,"Северск, Предзаводская улица, 14",ООО Деревенское молочко,65000.0,65000.0,RUR,65000.0,False,Опыт 3-6 лет,,,,2026-09-13T11:44:57+03:00,https://hh.ru/vacancy/137226599,2402,False
hh.ru,136761536,Специалист по обработке заказов,Прочие профессии,Тульская область,"Тула, р-н Центральный",Егорычев Егор Дмитриевич,70000.0,90000.0,RUR,80000.0,True,Опыт 1-3 года,,Удалённая работа,,2026-09-13T11:44:57+03:00,https://hh.ru/vacancy/136761536,2417,False
hh.ru,137087318,Продавец в магазин для взрослых,Продажи и клиентский сервис,Тульская область,"Тула, р-н Центральный",ООО Технокомфорт,100000.0,0.0,RUR,50000.0,False,Без опыта,,,,2026-09-13T11:44:57+03:00,https://hh.ru/vacancy/137087318,1979,False
hh.ru,136597717,Упаковщик,Прочие профессии,Тульская область,Тула,АО Тульский патронный завод,58000.0,65000.0,RUR,61500.0,True,Без опыта,,,,2026-09-13T11:44:57+03:00,https://hh.ru/vacancy/136597717,2610,False
hh.ru,136655704,Администратор,Продажи и клиентский сервис,Тульская область,"Рязань, р-н Советский",ApartAprel,40777.0,70777.0,RUR,55777.0,False,Без опыта,,Удалённая работа,,2026-09-13T11:44:57+03:00,https://hh.ru/vacancy/136655704,58,False
hh.ru,136603614,Стажер отдела поддержки клиентов (общение в чатах),Продажи и клиентский сервис,Тульская область,Москва,100UP,60000.0,97000.0,RUR,78500.0,False,Опыт 1-3 года,,Удалённая работа,,2026-09-13T11:44:57+03:00,https://hh.ru/vacancy/136603614,2526,False
hh.ru,136653641,Комплектовщик,Транспорт и логистика,Тульская область,"Тула, р-н Центральный",АО Тульский молочный комбинат,90000.0,0.0,RUR,45000.0,False,Без опыта,,,,2026-09-13T11:44:57+03:00,https://hh.ru/vacancy/136653641,1152,False
hh.ru,137247216,Заместитель директора по экономике и финансам,"Финансы, бухгалтерия и право",Тульская область,"Тула, р-н Советский",ООО Видис Групп,,,,,False,Опыт 3-6 лет,,,,2026-09-13T11:44:57+03:00,https://hh.ru/vacancy/137247216,1033,False
hh.ru,137103553,Офис-менеджер,Прочие профессии,Тульская область,"Тула, р-н Центральный",ООО Профкран,67000.0,85000.0,RUR,76000.0,False,Без опыта,,,,2026-09-13T11:44:57+03:00,https://hh.ru/vacancy/137103553,1767,False
hh.ru,136630446,Помощник логиста,Транспорт и логистика,Тульская область,"Тула, р-н Центральный",ООО ГлавБух71,60000.0,0.0,RUR,30000.0,False,Без опыта,,,,2026-09-13T11:44:57+03:00,https://hh.ru/vacancy/136630446,1913,False
hh.ru,137141575,Специалист по обновлению данных,Прочие профессии,Тульская область,"Тула, р-н Советский",ООО Спорт Маркет,30000.0,60000.0,RUR,45000.0,False,Без опыта,,Удалённая работа,,2026-09-13T11:44:57+03:00,https://hh.ru/vacancy/137141575,2415,False
hh.ru,136519489,Администратор,Продажи и клиентский сервис,Тульская область,"Тула, р-н Советский",Тульские апартаменты (ИП Баранов Владислав Евгеньевич),50000.0,70000.0,RUR,60000.0,False,Без опыта,,,,2026-09-13T11:44:57+03:00,https://hh.ru/vacancy/136519489,140,False
hh.ru,136766540,Секретарь/помощник руководителя,Прочие профессии,Тульская область,"Тула, р-н Центральный",ООО ТОЗ-Пластик,90000.0,90000.0,RUR,90000.0,True,Опыт 1-3 года,,,,2026-09-13T11:44:57+03:00,https://hh.ru/vacancy/136766540,2187,False
hh.ru,137256121,Технический директор (CTO),Управление,Тульская область,"Тула, р-н Центральный",ИП Кузнецова Ольга Сергеевна,400000.0,400000.0,RUR,400000.0,True,Опыт 3-6 лет,,,,2026-09-13T11:44:57+03:00,https://hh.ru/vacancy/137256121,2580,False
hh.ru,136928413,Изготовитель творожных продуктов,Прочие профессии,Тульская область,"Тула, р-н Центральный",АО Тульский молочный комбинат,80000.0,0.0,RUR,40000.0,False,Без опыта,,,,2026-09-13T11:44:57+03:00,https://hh.ru/vacancy/136928413,1056,False
hh.ru,136823075,Специалист отдела снабжения,Прочие профессии,Тульская область,"Тула, р-н Пролетарский",ООО Тульские машины,55000.0,55000.0,RUR,55000.0,False,Опыт 1-3 года,,Удалённая работа,,2026-09-13T11:44:57+03:00,https://hh.ru/vacancy/136823075,2355,False
hh.ru,137204816,Бухгалтер на первичную документацию,"Финансы, бухгалтерия и право",Тульская область,"Тула, р-н Центральный",ООО Тульская Сталь,70000.0,70000.0,RUR,70000.0,True,Опыт 1-3 года,,,,2026-09-13T11:44:57+03:00,https://hh.ru/vacancy/137204816,503,False
hh.ru,137018420,Управляющий,Управление,Тульская область,"Тула, р-н Центральный",ООО Мир,120000.0,160000.0,RUR,140000.0,False,Опыт 1-3 года,,,,2026-09-13T11:44:57+03:00,https://hh.ru/vacancy/137018420,2625,False
hh.ru,136635955,Проджект-менеджер / Project & Operations Manager,Прочие профессии,Тульская область,Тула,Meetology,80000.0,80000.0,RUR,80000.0,True,Опыт 1-3 года,,Удалённая работа,,2026-09-13T11:44:57+03:00,https://hh.ru/vacancy/136635955,2025,False
hh.ru,136251502,Руководитель (Сахалин),Транспорт и логистика,Тульская область,Южно-Сахалинск,Сахалин - Остров Возможностей,230000.0,460000.0,RUR,345000.0,False,Опыт 3-6 лет,,,,2026-09-13T11:44:57+03:00,https://hh.ru/vacancy/136251502,2145,False
hh.ru,137058383,Вязальщик жгутов,Прочие профессии,Тульская область,"Тула, р-н Центральный",ООО Резидент,100000.0,135000.0,RUR,117500.0,False,Без опыта,,,,2026-09-13T11:44:57+03:00,https://hh.ru/vacancy/137058383,829,False
hh.ru,137095675,Специалист,Прочие профессии,Тульская область,"Тула, р-н Центральный",ГПОУ ТО ТГМК им. Н.Демидова,250000.0,450000.0,RUR,350000.0,False,Без опыта,,,,2026-09-13T11:44:57+03:00,https://hh.ru/vacancy/137095675,2272,False
hh.ru,137010534,Менеджер по рекламе и продвижению,"Маркетинг, медиа и дизайн",Тульская область,"Тула, р-н Центральный",ИП Леонова Елена Николаевна,75000.0,92000.0,RUR,83500.0,True,Опыт 1-3 года,,Удалённая работа,,2026-09-13T11:44:57+03:00,https://hh.ru/vacancy/137010534,1487,False
hh.ru,137138680,Middle/Аккаунт менеджер,Прочие профессии,Тульская область,Тула,Скобеев и Партнеры,90000.0,90000.0,RUR,90000.0,True,Опыт 3-6 лет,,Удалённая работа,,2026-09-13T11:44:57+03:00,https://hh.ru/vacancy/137138680,23,False
hh.ru,137036297,Руководитель отдела продаж/продающий менеджер/оборонно-промышленный комплекс,Транспорт и логистика,Тульская область,"Тула, р-н Пролетарский",Милитех,200000.0,200000.0,RUR,200000.0,True,Опыт 3-6 лет,,,,2026-09-13T11:44:57+03:00,https://hh.ru/vacancy/137036297,2135,False
hh.ru,137240859,Главный бухгалтер/заместитель главного бухгалтер,"Финансы, бухгалтерия и право",Тульская область,"Тула, р-н Центральный",ИП Жукова Екатерина Сергеевна,100000.0,100000.0,RUR,100000.0,False,Опыт 3-6 лет,,,,2026-09-13T11:44:57+03:00,https://hh.ru/vacancy/137240859,856,False
hh.ru,136704459,"AI-разработчик, вайб-кодер",Информационные технологии,Тульская область,"Омск, р-н Центральный",ИП Подыганова Анастасия Юрьевна,80000.0,100000.0,RUR,90000.0,False,Опыт 1-3 года,,Удалённая работа,,2026-09-13T11:44:57+03:00,https://hh.ru/vacancy/136704459,1,False
hh.ru,136797430,Контролер энергосбыта,Охрана и безопасность,Тульская область,"Новомосковск, улица Калинина, 15",ООО Гарантирующий Поставщик и Специализированный Застройщик Новомосковская Энергосбытовая Компания,70000.0,87000.0,RUR,78500.0,True,Без опыта,,,,2026-09-13T11:44:57+03:00,https://hh.ru/vacancy/136797430,1203,False
hh.ru,137057126,Оператор линии,Прочие профессии,Тульская область,"Алексин, улица Луначарского, 2А",ООО МонолитРесурс,110000.0,200000.0,RUR,155000.0,True,Без опыта,,,,2026-09-13T11:44:57+03:00,https://hh.ru/vacancy/137057126,1666,False
hh.ru,136564478,Администратор в медицинский центр,Медицина и фармацевтика,Тульская область,"Тула, р-н Советский",ООО АЛЬФСКРИН,62000.0,65000.0,RUR,63500.0,True,Без опыта,,,,2026-09-13T11:44:57+03:00,https://hh.ru/vacancy/136564478,181,False
hh.ru,137053256,Продавец-консультант,Продажи и клиентский сервис,Тульская область,"Тула, р-н Советский",ИП Ибряева Инесса Валериевна,90000.0,90000.0,RUR,90000.0,True,Опыт 1-3 года,,,,2026-09-13T11:44:57+03:00,https://hh.ru/vacancy/137053256,1997,False
hh.ru,136500634,Junior Event Manager / Координатор музейных проектов,Прочие профессии,Тульская область,"Тула, р-н Советский",ООО Октава,0.0,0.0,,,False,Без опыта,,,,2026-09-13T11:44:57+03:00,https://hh.ru/vacancy/136500634,19,False
hh.ru,137102701,Руководитель отдела продаж,Транспорт и логистика,Тульская область,Тула,,,,,,False,Опыт 1-3 года,,,,2026-09-13T11:44:57+03:00,https://hh.ru/vacancy/137102701,2130,False
hh.ru,135902612,Оператор удалённой поддержки роботов-доставщиков,Прочие профессии,Тульская область,Тула,Яндекс Команда для бизнеса,20500.0,23500.0,RUR,22000.0,True,Без опыта,,Удалённая работа,,2026-09-13T11:44:57+03:00,https://hh.ru/vacancy/135902612,1728,False
hh.ru,136955449,Бухгалтер,"Финансы, бухгалтерия и право",Тульская область,"Тула, р-н Советский",Группа клиник Медсервис,90000.0,110000.0,RUR,100000.0,False,Опыт 1-3 года,,,,2026-09-13T11:44:57+03:00,https://hh.ru/vacancy/136955449,416,False
hh.ru,137055875,Продавец-кассир АЗС,Продажи и клиентский сервис,Тверская область,Тверь,ООО Сеть АЗС «Газпромнефть» / ООО «Газпромнефть-Центр»,0.0,0.0,,,False,Без опыта,,,,2026-09-13T11:44:57+03:00,https://hh.ru/vacancy/137055875,1988,False
hh.ru,136360966,Администратор,Продажи и клиентский сервис,Тверская область,"Тверь, р-н Центральный",Больница Пирогова,50000.0,70000.0,RUR,60000.0,True,Без опыта,,,,2026-09-13T11:44:57+03:00,https://hh.ru/vacancy/136360966,71,False
hh.ru,137174872,Менеджер по работе в социальных сетях,Прочие профессии,Тверская область,Тверь,СВОИ ЛЮДИ,40000.0,100000.0,RUR,70000.0,False,Без опыта,,Удалённая работа,,2026-09-13T11:44:57+03:00,https://hh.ru/vacancy/137174872,1453,False
hh.ru,136272526,Администратор детского центра,Продажи и клиентский сервис,Тверская область,"Тверь, р-н Московский",Кругозор,30000.0,0.0,RUR,15000.0,False,Без опыта,,,,2026-09-13T11:44:57+03:00,https://hh.ru/vacancy/136272526,221,False
hh.ru,137207269,Охранник в загородный дом,Охрана и безопасность,Тверская область,Москва,Альфа Информ,150000.0,150000.0,RUR,150000.0,False,Опыт 1-3 года,,,,2026-09-13T11:44:57+03:00,https://hh.ru/vacancy/137207269,1806,False
hh.ru,137037345,Администратор,Продажи и клиентский сервис,Тверская область,"Тверь, р-н Центральный",ООО Апкейк,80000.0,80000.0,RUR,80000.0,False,Опыт 1-3 года,,,,2026-09-13T11:44:57+03:00,https://hh.ru/vacancy/137037345,106,False
hh.ru,137172534,Бухгалтер,"Финансы, бухгалтерия и право",Тверская область,Большое Вишенье (Тверская область),ИП Евсеев Павел Алексеевич,65000.0,65000.0,RUR,65000.0,False,Опыт более 6 лет,,Удалённая работа,,2026-09-13T11:44:57+03:00,https://hh.ru/vacancy/137172534,419,False
hh.ru,136373965,Специалист по ЭДО,Прочие профессии,Тверская область,"Тверь, р-н Пролетарский",ООО ТК Основание,40000.0,60000.0,RUR,50000.0,False,Без опыта,,Удалённая работа,,2026-09-13T11:44:57+03:00,https://hh.ru/vacancy/136373965,2489,False
hh.ru,137091095,Java-разработчик,Информационные технологии,Тверская область,"Тверь, р-н Центральный",ПРАЙМ ГРУП,,,,,False,Опыт 1-3 года,,Удалённая работа,,2026-09-13T11:44:57+03:00,https://hh.ru/vacancy/137091095,17,False
hh.ru,137070987,QA Manual,Информационные технологии,Тверская область,"Тверь, р-н Московский",ООО Ред Софт,,,,,False,Опыт 1-3 года,,,,2026-09-13T11:44:57+03:00,https://hh.ru/vacancy/137070987,35,False
hh.ru,137210777,Офис-менеджер,Прочие профессии,Тверская область,"Тверь, р-н Заволжский",ООО МАЯК,50000.0,0.0,RUR,25000.0,False,Без опыта,,,,2026-09-13T11:44:57+03:00,https://hh.ru/vacancy/137210777,1765,False
hh.ru,136818492,Оператор 1C,Прочие профессии,Тверская область,Тверь,ООО Фирма Сантехкомплект,20000.0,50000.0,RUR,35000.0,False,Без опыта,,Удалённая работа,,2026-09-13T11:44:57+03:00,https://hh.ru/vacancy/136818492,1621,False
hh.ru,137069819,Бухгалтер,"Финансы, бухгалтерия и право",Тверская область,"Тверь, р-н Центральный",ООО БОНИТЕТ,85000.0,85000.0,RUR,85000.0,False,Опыт 3-6 лет,,,,2026-09-13T11:44:57+03:00,https://hh.ru/vacancy/137069819,430,False
hh.ru,136775550,Контент-менеджер карточек товаров,"Маркетинг, медиа и дизайн",Тверская область,Ржев,ИП Сурков Роман Андреевич,53000.0,65000.0,RUR,59000.0,False,Без опыта,,Удалённая работа,,2026-09-13T11:44:57+03:00,https://hh.ru/vacancy/136775550,1194,False
hh.ru,137249663,Оператор 1С,Прочие профессии,Тверская область,"Тверь, р-н Центральный",Варламов Игорь,62000.0,62000.0,RUR,62000.0,False,Опыт 1-3 года,,,,2026-09-13T11:44:57+03:00,https://hh.ru/vacancy/137249663,1622,False
hh.ru,137142571,Тестировщик Middle +,Информационные технологии,Тверская область,"Тверь, р-н Центральный",iSimpleLab,,,,,False,Опыт 3-6 лет,,Удалённая работа,,2026-09-13T11:44:57+03:00,https://hh.ru/vacancy/137142571,2572,False
hh.ru,137096796,Разнорабочий на склад,Рабочий и обслуживающий персонал,Тверская область,"Калининский муниципальный округ, проспект Технологий, 2",Персональное решение (ИП Бриль Антон Анатольевич),52500.0,0.0,RUR,26250.0,False,Без опыта,,,,2026-09-13T11:44:57+03:00,https://hh.ru/vacancy/137096796,2066,False
hh.ru,137268126,Делопроизводитель,Транспорт и логистика,Тверская область,"Тверь, р-н Пролетарский",ООО Вертикаль,65000.0,80000.0,RUR,72500.0,True,Опыт 3-6 лет,,,,2026-09-13T11:44:57+03:00,https://hh.ru/vacancy/137268126,923,False
hh.ru,137066794,Сотрудник внутреннего контроля в Городской сад,Прочие профессии,Тверская область,"Тверь, р-н Центральный",ГК Новый город (Специализированный застройщик),80000.0,80000.0,RUR,80000.0,False,Опыт 1-3 года,,,,2026-09-13T11:44:57+03:00,https://hh.ru/vacancy/137066794,2248,False
hh.ru,137054298,Оператор по выписке документов,Прочие профессии,Тверская область,"Тверь, р-н Центральный",ООО БОНИТЕТ,50000.0,50000.0,RUR,50000.0,False,Опыт 1-3 года,,,,2026-09-13T11:44:57+03:00,https://hh.ru/vacancy/137054298,1690,False
hh.ru,137259237,Делопроизводитель в испытательную лабораторию,Транспорт и логистика,Тверская область,"Тверь, р-н Центральный",ООО Эвеланс+,0.0,0.0,,,False,Без опыта,,,,2026-09-13T11:44:57+03:00,https://hh.ru/vacancy/137259237,938,False
hh.ru,136291887,Помощник дизайнера,"Маркетинг, медиа и дизайн",Тверская область,Торжок,ИП Сайдулаева Седа Салвадиевна,40000.0,50000.0,RUR,45000.0,True,Без опыта,,Удалённая работа,,2026-09-13T11:44:57+03:00,https://hh.ru/vacancy/136291887,1906,False
hh.ru,137101958,Бухгалтер,"Финансы, бухгалтерия и право",Тверская область,"Тверь, р-н Заволжский",ООО Эксклюзив,80000.0,80000.0,RUR,80000.0,False,Опыт более 6 лет,,,,2026-09-13T11:44:57+03:00,https://hh.ru/vacancy/137101958,465,False
hh.ru,137234078,Оператор линии по производству сэндвич-панели,Инженерия и производство,Тверская область,"Ржев, Осташковское шоссе, 1",ООО Ржевкирпич,90000.0,0.0,RUR,45000.0,True,Без опыта,,,,2026-09-13T11:44:57+03:00,https://hh.ru/vacancy/137234078,1668,False
hh.ru,137176454,Системный аналитик,Прочие профессии,Тверская область,"Тверь, р-н Центральный",iSimpleLab,,,,,False,Опыт 3-6 лет,,Удалённая работа,,2026-09-13T11:44:57+03:00,https://hh.ru/vacancy/137176454,2223,False
hh.ru,137167395,Водитель на легковой автомобиль/водитель автобуса FORD,Транспорт и логистика,Тверская область,"Калининский муниципальный округ, М-10 Россия, 165-й километр, 1",Румос-Авто,70000.0,70000.0,RUR,70000.0,True,Опыт 3-6 лет,,,,2026-09-13T11:44:57+03:00,https://hh.ru/vacancy/137167395,767,False
hh.ru,136885529,"Оператор станка с ЧПУ (резка плёнки, бумаги, перфорация)",Инженерия и производство,Тверская область,"Тверь, р-н Московский",ООО ИСРАТЭК,90000.0,0.0,RUR,45000.0,False,Без опыта,,,,2026-09-13T11:44:57+03:00,https://hh.ru/vacancy/136885529,1723,False
hh.ru,137240312,Ведущий бухгалтер,"Финансы, бухгалтерия и право",Тверская область,"Тверь, р-н Заволжский",ФГБНУ ФНЦ ЛК,70000.0,70000.0,RUR,70000.0,True,Опыт 3-6 лет,,,,2026-09-13T11:44:57+03:00,https://hh.ru/vacancy/137240312,558,False
hh.ru,136377705,Помощник логиста,Транспорт и логистика,Тверская область,"Тверь, р-н Заволжский",Моисеенко Ольга Олеговна,60000.0,120000.0,RUR,90000.0,False,Без опыта,,,,2026-09-13T11:44:57+03:00,https://hh.ru/vacancy/136377705,1912,False
hh.ru,137076097,C#/.NET-разработчик,Информационные технологии,Тверская область,"Тверь, р-н Центральный",ООО Интеллектуальные системы,70000.0,150000.0,RUR,110000.0,False,Опыт 1-3 года,,,,2026-09-13T11:44:57+03:00,https://hh.ru/vacancy/137076097,4,False
hh.ru,137211374,Оператор 1С,Прочие профессии,Тверская область,"Конаково, Восточно-Промышленный район, 6",ООО Руглас Продакшн,80000.0,80000.0,RUR,80000.0,False,Опыт 1-3 года,,,,2026-09-13T11:44:57+03:00,https://hh.ru/vacancy/137211374,1628,False
hh.ru,137168802,Инженер-сметчик,Инженерия и производство,Тверская область,Тверь,Кадровый центр HR Group,180000.0,180000.0,RUR,180000.0,False,Опыт 3-6 лет,,Удалённая работа,,2026-09-13T11:44:57+03:00,https://hh.ru/vacancy/137168802,1088,False
hh.ru,137238590,Оператор на телефон (4 часа),Прочие профессии,Тверская область,"Тверь, р-н Центральный",ИП Базанов Сергей Евгеньевич,35000.0,65000.0,RUR,50000.0,False,Без опыта,,,,2026-09-13T11:44:57+03:00,https://hh.ru/vacancy/137238590,1675,False
hh.ru,136600240,Начинающий специалист / Ассистент менеджера по работе с клиентами (Тверь),Продажи и клиентский сервис,Тверская область,"Тверь, р-н Центральный",ITECO,65000.0,70000.0,RUR,67500.0,True,Без опыта,,,,2026-09-13T11:44:57+03:00,https://hh.ru/vacancy/136600240,1592,False
hh.ru,137261083,Водитель категории Е,Транспорт и логистика,Республика Тыва,Каа-Хем,ITECO,185000.0,250000.0,RUR,217500.0,True,Без опыта,,,,2026-09-13T11:44:57+03:00,https://hh.ru/vacancy/137261083,735,False
hh.ru,137129991,Главный специалист,Прочие профессии,Республика Тыва,"Кызыл, улица Дружбы, 156А",ООО Почтовые финансы,53200.0,53200.0,RUR,53200.0,False,Опыт 1-3 года,,,,2026-09-13T11:44:57+03:00,https://hh.ru/vacancy/137129991,870,False
hh.ru,136341706,"Водитель категории В (микроавтобус ""Соболь"")",Транспорт и логистика,Республика Тыва,"Кызыл, Колхозная улица, 2А",ООО Специализированный Застройщик Энергострой,70000.0,70000.0,RUR,70000.0,False,Опыт 1-3 года,,,,2026-09-13T11:44:57+03:00,https://hh.ru/vacancy/136341706,728,False
hh.ru,137191505,Торговый представитель,Прочие профессии,Республика Тыва,Кызыл,ООО Торговый Дом САЯНЫ,150000.0,150000.0,RUR,150000.0,False,Опыт 1-3 года,,,,2026-09-13T11:44:57+03:00,https://hh.ru/vacancy/137191505,2588,False
hh.ru,137102090,Продавец-консультант,Продажи и клиентский сервис,Республика Тыва,"Кызыл, улица Оюна Курседи, 54",ИП Байдала Лариса Сергеевна,72000.0,0.0,RUR,36000.0,True,Без опыта,,,,2026-09-13T11:44:57+03:00,https://hh.ru/vacancy/137102090,1994,False
hh.ru,137224991,Специалист по работе с персоналом,Прочие профессии,Республика Тыва,"Кызыл, Колхозная улица, 2А",ООО Специализированный Застройщик Энергострой,60000.0,60000.0,RUR,60000.0,False,Опыт 1-3 года,,,,2026-09-13T11:44:57+03:00,https://hh.ru/vacancy/137224991,2462,False
hh.ru,136988546,Бухгалтер по расчету заработной платы,"Финансы, бухгалтерия и право",Республика Тыва,"Кызыл, Горная улица, 104",ООО Аурум Ломбард,60000.0,60000.0,RUR,60000.0,True,Опыт 1-3 года,,,,2026-09-13T11:44:57+03:00,https://hh.ru/vacancy/136988546,537,False
hh.ru,136534888,Разнорабочий,Рабочий и обслуживающий персонал,Республика Тыва,"Кызыл, улица Героя России Владимира Жоги, 5к4",ИП Кошелев Андрей Константинович,80000.0,160000.0,RUR,120000.0,False,Без опыта,,,,2026-09-13T11:44:57+03:00,https://hh.ru/vacancy/136534888,2051,False
hh.ru,136973514,Помощник Бухгалтера-бухгалтер,"Финансы, бухгалтерия и право",Республика Тыва,"Кызыл, улица Энергетиков, 3/2",ИП Дубников Сергей Алексеевич,60000.0,80000.0,RUR,70000.0,False,Опыт 3-6 лет,,,,2026-09-13T11:44:57+03:00,https://hh.ru/vacancy/136973514,1896,False
hh.ru,137083011,Старший менеджер по работе с ключевыми клиентами малого бизнеса,Продажи и клиентский сервис,Республика Тыва,Кызыл,Сбер. Работа с клиентами,153200.0,153200.0,RUR,153200.0,True,Опыт 1-3 года,,,,2026-09-13T11:44:57+03:00,https://hh.ru/vacancy/137083011,2539,False
hh.ru,137145054,Руководитель группы,Транспорт и логистика,Республика Тыва,"Кызыл, улица Кочетова, 53","ПАО Банк ПСБ, Бизнес и инфраструктура",100000.0,100000.0,RUR,100000.0,False,Опыт 1-3 года,,,,2026-09-13T11:44:57+03:00,https://hh.ru/vacancy/137145054,2113,False
hh.ru,137047179,Водитель в банк (доставка документов),Транспорт и логистика,Республика Тыва,Кызыл,ООО Блеск,200000.0,0.0,RUR,100000.0,False,Без опыта,,,,2026-09-13T11:44:57+03:00,https://hh.ru/vacancy/137047179,695,False
hh.ru,137227674,Охранник (Север),Охрана и безопасность,Республика Тыва,Норильск,ООО ЧОО Управление по Охране Объектов Цветной Металлургии,138000.0,155000.0,RUR,146500.0,False,Без опыта,,,,2026-09-13T11:44:57+03:00,https://hh.ru/vacancy/137227674,1810,False
hh.ru,136712858,"Продавец-кассир 585 Золотой (Тувинских добровольцев, 26)",Продажи и клиентский сервис,Республика Тыва,"Кызыл, улица Тувинских Добровольцев, 26","585, Золотой",69000.0,0.0,RUR,34500.0,True,Без опыта,,,,2026-09-13T11:44:57+03:00,https://hh.ru/vacancy/136712858,1986,False
hh.ru,136513365,Управляющий автосервисом,Управление,Республика Тыва,"Кызыл, улица Энергетиков, 3/2",ИП Дубников Сергей Алексеевич,150000.0,250000.0,RUR,200000.0,False,Опыт 1-3 года,,,,2026-09-13T11:44:57+03:00,https://hh.ru/vacancy/136513365,2626,False
hh.ru,136988479,Юрист,"Финансы, бухгалтерия и право",Республика Тыва,"Кызыл, Горная улица, 104",ООО Аурум Ломбард,,,,,False,Опыт 1-3 года,,Удалённая работа,,2026-09-13T11:44:57+03:00,https://hh.ru/vacancy/136988479,2721,False
hh.ru,136353943,Старший кредитный специалист,"Финансы, бухгалтерия и право",Республика Тыва,"Кызыл, улица Тувинских Добровольцев, 19В",ООО Микрокредитная компания Легкие Деньги Сибирь,70000.0,0.0,RUR,35000.0,False,Без опыта,,,,2026-09-13T11:44:57+03:00,https://hh.ru/vacancy/136353943,2533,False
hh.ru,136539329,Специалист по охране окружающей среды (эколог),Прочие профессии,Республика Тыва,Каа-Хемский кожуун,ООО Тардан Голд,110000.0,130000.0,RUR,120000.0,False,Опыт 1-3 года,,,,2026-09-13T11:44:57+03:00,https://hh.ru/vacancy/136539329,2426,False
hh.ru,136439016,Машинист колесного экскаватора,Транспорт и логистика,Республика Тыва,Усть-Кут,ЗаРаботу,246000.0,246000.0,RUR,246000.0,False,Опыт 1-3 года,,,,2026-09-13T11:44:57+03:00,https://hh.ru/vacancy/136439016,1291,False
hh.ru,137174255,"Сборщик заказов (Кызыл, Ленина, 28)",Прочие профессии,Республика Тыва,"Кызыл, Ленина, 28",Пятёрочка. Команда магазинов,54600.0,81900.0,RUR,68250.0,True,Без опыта,,,,2026-09-13T11:44:57+03:00,https://hh.ru/vacancy/137174255,2156,False
hh.ru,136817438,Выездной Мобильный банкир (без поиска клиентов),Продажи и клиентский сервис,Республика Тыва,Чадан,Альфа-Банк. ИТ-специалисты,45000.0,0.0,RUR,22500.0,True,Без опыта,,,,2026-09-13T11:44:57+03:00,https://hh.ru/vacancy/136817438,824,False
hh.ru,136975198,Оператор-кассир сети АЗС G2,Продажи и клиентский сервис,Республика Тыва,"Кызыл, улица Чульдума, 90",ИП Товарищтай Доржу Игоревич,50000.0,60000.0,RUR,55000.0,False,Без опыта,,,,2026-09-13T11:44:57+03:00,https://hh.ru/vacancy/136975198,1656,False
hh.ru,136539458,Лаборант пробирного анализа,Образование и наука,Республика Тыва,Каа-Хемский кожуун,ООО Тардан Голд,140000.0,145000.0,RUR,142500.0,False,Опыт 1-3 года,,,,2026-09-13T11:44:57+03:00,https://hh.ru/vacancy/136539458,1244,False
hh.ru,137178094,Грузчик,Рабочий и обслуживающий персонал,Республика Тыва,Кызыл,Российские Студенческие Отряды,75000.0,90000.0,RUR,82500.0,True,Без опыта,,,,2026-09-13T11:44:57+03:00,https://hh.ru/vacancy/137178094,914,False
hh.ru,137227341,Менеджер по продажам,Продажи и клиентский сервис,Республика Тыва,"Кызыл, улица Калинина, 134",ИП Скотченко Василий Геннадьевич,100000.0,100000.0,RUR,100000.0,False,Опыт 1-3 года,,,,2026-09-13T11:44:57+03:00,https://hh.ru/vacancy/137227341,1418,False
hh.ru,136540452,Электромонтер по эксплуатации распределительных сетей 4 разряда,Инженерия и производство,Республика Тыва,"Кызыл, Колхозная улица, 2Б",АО Россети Сибирь Тываэнерго,0.0,0.0,,,False,Без опыта,,,,2026-09-13T11:44:57+03:00,https://hh.ru/vacancy/136540452,2703,False
hh.ru,136428091,Бухгалтер расчетной группы,"Финансы, бухгалтерия и право",Республика Тыва,"Кызыл, Колхозная улица, 2А",ООО Специализированный Застройщик Энергострой,80000.0,80000.0,RUR,80000.0,False,Опыт 1-3 года,,,,2026-09-13T11:44:57+03:00,https://hh.ru/vacancy/136428091,547,False
hh.ru,137199753,Фармацевт-менеджер,Медицина и фармацевтика,Республика Тыва,"Кызыл, Красноармейская улица, 127",ООО Стрела,,,,,False,Опыт 1-3 года,,,,2026-09-13T11:44:57+03:00,https://hh.ru/vacancy/137199753,2646,False
hh.ru,136527594,"Специалист по выкладке товара (ул. Московская, 30/2, детское питание)",Прочие профессии,Республика Тыва,"Кызыл, Московская улица, 30/2",ANCOR,400.0,0.0,RUR,200.0,False,Без опыта,,,,2026-09-13T11:44:57+03:00,https://hh.ru/vacancy/136527594,2366,False
hh.ru,137181661,Специалист группы поддержки продаж,Продажи и клиентский сервис,Республика Тыва,"Кызыл, улица Дружбы, 156А","«Почта России», Офис",44700.0,44700.0,RUR,44700.0,False,Опыт 1-3 года,,,,2026-09-13T11:44:57+03:00,https://hh.ru/vacancy/137181661,2304,False
hh.ru,136782706,"Продавец (Кызыл, Кочетова, 94)",Продажи и клиентский сервис,Республика Тыва,"Кызыл, Кочетова, 94",Пятёрочка. Команда магазинов,54570.0,70940.0,RUR,62755.0,True,Без опыта,,,,2026-09-13T11:44:57+03:00,https://hh.ru/vacancy/136782706,2017,False
hh.ru,137144351,Торговый представитель,Прочие профессии,Республика Тыва,Кызыл,ТД Сладкоежка,100000.0,0.0,RUR,50000.0,False,Без опыта,,,,2026-09-13T11:44:57+03:00,https://hh.ru/vacancy/137144351,2589,False
hh.ru,136867524,Охранник,Охрана и безопасность,Республика Тыва,"Кызыл, улица Калинина, 25",ИП Данзынай Эртине Эрес-Оолович,30000.0,0.0,RUR,15000.0,False,Без опыта,,,,2026-09-13T11:44:57+03:00,https://hh.ru/vacancy/136867524,1794,False
hh.ru,137164498,Горничная,Прочие профессии,Республика Тыва,Кызыл,Российские Студенческие Отряды,70000.0,90000.0,RUR,80000.0,True,Без опыта,,,,2026-09-13T11:44:57+03:00,https://hh.ru/vacancy/137164498,885,False
hh.ru,136540627,Машинист экскаватора 5 разряда,Транспорт и логистика,Республика Тыва,"село Сарыг-Сеп, улица Мира, 6",АО Россети Сибирь Тываэнерго,0.0,0.0,,,False,Без опыта,,,,2026-09-13T11:44:57+03:00,https://hh.ru/vacancy/136540627,1294,False
hh.ru,136616591,Старший операционист,Прочие профессии,Республика Тыва,"село Суг-Аксы, Алдан-Маадырская улица, 65","АО Россельхозбанк, Филиалы и отделения",0.0,0.0,,,False,Без опыта,,,,2026-09-13T11:44:57+03:00,https://hh.ru/vacancy/136616591,2541,False
hh.ru,137218417,"Автокурьер X5 Доставка (Кызыл, Бай-Хаакская, 6/3)",Транспорт и логистика,Республика Тыва,"Кызыл, Бай-Хаакская, 6/3",Пятёрочка. Диджитал,5700.0,0.0,RUR,2850.0,False,Без опыта,,,,2026-09-13T11:44:57+03:00,https://hh.ru/vacancy/137218417,49,False
hh.ru,135909143,Ведущий клиентский менеджер,Продажи и клиентский сервис,Республика Тыва,"село Тээли, Комсомольская улица, 19","АО Россельхозбанк, Филиалы и отделения",,,,,False,Опыт 1-3 года,,,,2026-09-13T11:44:57+03:00,https://hh.ru/vacancy/135909143,569,False
hh.ru,137254989,Администратор,Продажи и клиентский сервис,Тюменская область,"Тюмень, р-н Центральный",ИП Ефремов Сергей Алексеевич,55000.0,0.0,RUR,27500.0,False,Без опыта,,,,2026-09-13T11:44:57+03:00,https://hh.ru/vacancy/137254989,82,False
hh.ru,136816156,Менеджер по проверке текстовых работ,Прочие профессии,Тюменская область,"Тюмень, р-н Ленинский",ООО Ворк5,35000.0,50000.0,RUR,42500.0,False,Без опыта,,Удалённая работа,,2026-09-13T11:44:57+03:00,https://hh.ru/vacancy/136816156,1413,False
hh.ru,137042687,Ведущий специалист ( по пропускам ),Прочие профессии,Тюменская область,"Тюмень, р-н Ленинский",АО ПГО Тюменьгеология,75000.0,75000.0,RUR,75000.0,False,Опыт 1-3 года,,,,2026-09-13T11:44:57+03:00,https://hh.ru/vacancy/137042687,604,False
hh.ru,136989466,Офис-менеджер,Прочие профессии,Тюменская область,"Тюмень, р-н Центральный",ООО Росдорзнак-навигация,50000.0,70000.0,RUR,60000.0,False,Без опыта,,,,2026-09-13T11:44:57+03:00,https://hh.ru/vacancy/136989466,1768,False
hh.ru,136853990,Менеджер по продажам ритуальных товаров,Продажи и клиентский сервис,Тюменская область,"Тюмень, р-н Восточный",ООО Двор камня,60000.0,200000.0,RUR,130000.0,False,Опыт 1-3 года,,,,2026-09-13T11:44:57+03:00,https://hh.ru/vacancy/136853990,1444,False
hh.ru,136888444,Водитель категории В,Транспорт и логистика,Тюменская область,"Тюмень, р-н Ленинский",ООО Эльбрус Дриллинг,,,,,False,Опыт 1-3 года,,,,2026-09-13T11:44:57+03:00,https://hh.ru/vacancy/136888444,727,False
hh.ru,136461236,Директолог (Тюмень),Прочие профессии,Тюменская область,"Тюмень, р-н Центральный",ПСК Дом,,,,,False,Опыт 1-3 года,,Удалённая работа,,2026-09-13T11:44:57+03:00,https://hh.ru/vacancy/136461236,960,False
hh.ru,136344084,Администратор GamerPro компьютерный клуб,Продажи и клиентский сервис,Тюменская область,"Тюмень, р-н Ленинский",ИП Алиев Зульфали Сабирович,45000.0,60000.0,RUR,52500.0,False,Без опыта,,,,2026-09-13T11:44:57+03:00,https://hh.ru/vacancy/136344084,147,False
hh.ru,137130507,Администратор на ресепшен,Продажи и клиентский сервис,Тюменская область,"Тюмень, р-н Калининский",ООО Аврора,60000.0,60000.0,RUR,60000.0,False,Опыт 1-3 года,,,,2026-09-13T11:44:57+03:00,https://hh.ru/vacancy/137130507,271,False
hh.ru,136897972,Администратор в автошколу,Продажи и клиентский сервис,Тюменская область,"Тюмень, р-н Ленинский",Easy Drive,60000.0,70000.0,RUR,65000.0,False,Без опыта,,,,2026-09-13T11:44:57+03:00,https://hh.ru/vacancy/136897972,157,False
hh.ru,137192392,Специалист по подписанию актов приема-передачи на выдаче ключей,Прочие профессии,Тюменская область,"Тюмень, р-н Центральный",Люди | Девелоперская компания,60000.0,0.0,RUR,30000.0,False,Без опыта,,,,2026-09-13T11:44:57+03:00,https://hh.ru/vacancy/137192392,2436,False
hh.ru,136878609,Бухгалтер на первичную документацию,"Финансы, бухгалтерия и право",Тюменская область,"Тюмень, р-н Центральный",ООО Международный институт дополнительного образования,70000.0,70000.0,RUR,70000.0,True,Опыт 1-3 года,,,,2026-09-13T11:44:57+03:00,https://hh.ru/vacancy/136878609,495,False
hh.ru,137032196,Дизайнер-планировщик,"Маркетинг, медиа и дизайн",Тюменская область,Тюмень,ПСК Дом,,,,,False,Опыт 1-3 года,,Удалённая работа,,2026-09-13T11:44:57+03:00,https://hh.ru/vacancy/137032196,956,False
hh.ru,137158501,Контент-менеджер/верстальщик,"Маркетинг, медиа и дизайн",Тюменская область,"Тюмень, р-н Калининский",АНО ДПО Национальная Академия Медицинского Образования Им. Н.А. Бородина,40000.0,45000.0,RUR,42500.0,False,Опыт 1-3 года,,Удалённая работа,,2026-09-13T11:44:57+03:00,https://hh.ru/vacancy/137158501,1193,False
hh.ru,136248518,Кондитер на производство,Инженерия и производство,Тюменская область,"Тюмень, р-н Калининский",ООО Кондитерская фабрика КВАРТЕТ,50000.0,0.0,RUR,25000.0,False,Без опыта,,,,2026-09-13T11:44:57+03:00,https://hh.ru/vacancy/136248518,1176,False
hh.ru,137227780,Специалист по сопровождению социальных программ и организации обучения,Прочие профессии,Тюменская область,"Тюмень, р-н Калининский",ООО РН-Проектирование Добыча,,,,,False,Опыт 1-3 года,,,,2026-09-13T11:44:57+03:00,https://hh.ru/vacancy/137227780,2478,False
hh.ru,137241694,Офис-менеджер,Прочие профессии,Тюменская область,"Тюмень, р-н Калининский",ООО Дженерал Констракшн,70000.0,70000.0,RUR,70000.0,False,Опыт 1-3 года,,,,2026-09-13T11:44:57+03:00,https://hh.ru/vacancy/137241694,1762,False
hh.ru,137040369,Бухгалтер,"Финансы, бухгалтерия и право",Тюменская область,"Тюмень, р-н Ленинский",ООО Сила Севера,80000.0,80000.0,RUR,80000.0,False,Опыт 3-6 лет,,,,2026-09-13T11:44:57+03:00,https://hh.ru/vacancy/137040369,454,False
hh.ru,136936678,Администратор на рецепцию фитнес-клуба,Продажи и клиентский сервис,Тюменская область,"Тюмень, р-н Центральный",ООО Фитнес клуб Даудель Спорт,41000.0,50000.0,RUR,45500.0,False,Без опыта,,,,2026-09-13T11:44:57+03:00,https://hh.ru/vacancy/136936678,275,False
hh.ru,137077488,Бухгалтер,"Финансы, бухгалтерия и право",Тюменская область,Тюмень,ООО ПЛАТИНА,60000.0,90000.0,RUR,75000.0,True,Опыт 1-3 года,,Удалённая работа,,2026-09-13T11:44:57+03:00,https://hh.ru/vacancy/137077488,446,False
hh.ru,136358355,Тьютор,Прочие профессии,Тюменская область,"Тюмень, р-н Ленинский",МБОУ НШ-ДС № 82 города Тюмени,67000.0,67000.0,RUR,67000.0,True,Опыт 1-3 года,,,,2026-09-13T11:44:57+03:00,https://hh.ru/vacancy/136358355,2595,False
hh.ru,137065547,Делопроизводитель,Транспорт и логистика,Тюменская область,"Тюмень, р-н Ленинский",ФБУ Тюменский ЦСМ,70000.0,70000.0,RUR,70000.0,False,Опыт 3-6 лет,,,,2026-09-13T11:44:57+03:00,https://hh.ru/vacancy/137065547,937,False
hh.ru,137022996,Администратор,Продажи и клиентский сервис,Тюменская область,"Тюмень, р-н Центральный",ИП Каменева Светлана Сергеевна,110000.0,0.0,RUR,55000.0,False,Без опыта,,,,2026-09-13T11:44:57+03:00,https://hh.ru/vacancy/137022996,86,False
hh.ru,136914732,Секретарь руководителя,Прочие профессии,Тюменская область,"Тюмень, р-н Ленинский",ФБУ Тюменский ЦСМ,65000.0,0.0,RUR,32500.0,False,Без опыта,,,,2026-09-13T11:44:57+03:00,https://hh.ru/vacancy/136914732,2192,False
hh.ru,136167776,Администратор-ведущий / актер,Продажи и клиентский сервис,Тюменская область,"Тюмень, р-н Центральный",Прятки в темноте,60000.0,100000.0,RUR,80000.0,False,Без опыта,,,,2026-09-13T11:44:57+03:00,https://hh.ru/vacancy/136167776,211,False
hh.ru,137107194,Банкетный менеджер,"Финансы, бухгалтерия и право",Тюменская область,"Тюмень, Восточный округ",Opera Wellness Hotel,60000.0,0.0,RUR,30000.0,False,Без опыта,,,,2026-09-13T11:44:57+03:00,https://hh.ru/vacancy/137107194,374,False
hh.ru,137106921,Специалист в учебно-методический отдел (г. Тюмень),Прочие профессии,Тюменская область,"Тюмень, р-н Центральный",Нек. орг. ЧПОУ ЦИО Нефтегаз,48000.0,48000.0,RUR,48000.0,False,Опыт 1-3 года,,,,2026-09-13T11:44:57+03:00,https://hh.ru/vacancy/137106921,2295,False
hh.ru,137204419,Водитель,Транспорт и логистика,Тюменская область,"Тюмень, р-н Калининский",ФГКУ ДПО Тюменский Институт Повышения Квалификации Сотрудников Министерства Внутренних Дел РФ,60000.0,120000.0,RUR,90000.0,False,Опыт 3-6 лет,,,,2026-09-13T11:44:57+03:00,https://hh.ru/vacancy/137204419,665,False
hh.ru,137135359,Консьерж на этаж,Прочие профессии,Тюменская область,"Тюмень, р-н Центральный",Сергеев Петр Николаевич,43500.0,53940.0,RUR,48720.0,False,Без опыта,,,,2026-09-13T11:44:57+03:00,https://hh.ru/vacancy/137135359,1187,False
hh.ru,137193481,Ведущий специалист отдела обеспечения персоналом,Прочие профессии,Тюменская область,"Тюмень, р-н Калининский",АО Тюменнефтегаз,83222.0,104030.0,RUR,93626.0,True,Опыт 3-6 лет,,,,2026-09-13T11:44:57+03:00,https://hh.ru/vacancy/137193481,591,False
hh.ru,136974536,Администратор,Продажи и клиентский сервис,Тюменская область,Тюмень,Coleman Group,51856.0,51856.0,RUR,51856.0,False,Опыт 1-3 года,,Удалённая работа,,2026-09-13T11:44:57+03:00,https://hh.ru/vacancy/136974536,60,False
hh.ru,137083833,Бухгалтер по реализации,"Финансы, бухгалтерия и право",Тюменская область,"Тюмень, р-н Центральный",ООО СЛР,60000.0,80000.0,RUR,70000.0,True,Опыт 1-3 года,,,,2026-09-13T11:44:57+03:00,https://hh.ru/vacancy/137083833,543,False
hh.ru,137189733,Водитель,Транспорт и логистика,Тюменская область,"Тюменский муниципальный округ, Салаирский тракт, 35-й километр",ООО Скважина,5000.0,5000.0,RUR,5000.0,False,Опыт 1-3 года,,,,2026-09-13T11:44:57+03:00,https://hh.ru/vacancy/137189733,662,False
hh.ru,137216357,Юрист по документальному сопровождению,"Финансы, бухгалтерия и право",Тюменская область,"Тюмень, р-н Центральный",Правовой Информационный Центр,70000.0,70000.0,RUR,70000.0,False,Опыт 1-3 года,,Удалённая работа,,2026-09-13T11:44:57+03:00,https://hh.ru/vacancy/137216357,2737,False
hh.ru,137009374,Комплектовщик (оператор склада),Транспорт и логистика,Удмуртская Республика,Ижевск,Мясницкий ряд,204800.0,235000.0,RUR,219900.0,False,Без опыта,,,,2026-09-13T11:44:57+03:00,https://hh.ru/vacancy/137009374,1173,False
hh.ru,137008196,Водитель категории В,Транспорт и логистика,Удмуртская Республика,"Елабужский район, особая экономическая зона Алабуга, улица Ш-2, 4/1",Алабуга. Логистика и закупки,258750.0,258750.0,RUR,258750.0,True,Опыт 1-3 года,,,,2026-09-13T11:44:57+03:00,https://hh.ru/vacancy/137008196,720,False
hh.ru,136975371,Делопроизводитель,Транспорт и логистика,Удмуртская Республика,"Ижевск, р-н Индустриальный",ООО ТК Атлант,60000.0,0.0,RUR,30000.0,True,Без опыта,,,,2026-09-13T11:44:57+03:00,https://hh.ru/vacancy/136975371,931,False
hh.ru,136969163,Ассистент по заявкам в CRM,Прочие профессии,Удмуртская Республика,Ижевск,ИП Бочкарева Дарья Сергеевна,60000.0,80000.0,RUR,70000.0,False,Без опыта,,Удалённая работа,,2026-09-13T11:44:57+03:00,https://hh.ru/vacancy/136969163,367,False
hh.ru,137001858,Сопровождающий водитель,Транспорт и логистика,Удмуртская Республика,"Елабужский район, Особая экономическая зона Алабуга",Алабуга. Логистика и закупки,258750.0,0.0,RUR,129375.0,True,Без опыта,,,,2026-09-13T11:44:57+03:00,https://hh.ru/vacancy/137001858,2242,False
hh.ru,136764409,Рабочий на фабрику косметики,Прочие профессии,Удмуртская Республика,"Ижевск, р-н Устиновский",ООО Мануфактура,50000.0,70000.0,RUR,60000.0,False,Без опыта,,,,2026-09-13T11:44:57+03:00,https://hh.ru/vacancy/136764409,2048,False
hh.ru,137085297,Слесарь-сборщик летательных аппаратов,Инженерия и производство,Удмуртская Республика,"Ижевск, р-н Первомайский",ООО Ижевский Авиационный Завод,65000.0,0.0,RUR,32500.0,False,Без опыта,,,,2026-09-13T11:44:57+03:00,https://hh.ru/vacancy/137085297,2236,False
hh.ru,136772888,Офис-менеджер по работе с документами,Прочие профессии,Удмуртская Республика,"Ижевск, р-н Устиновский",ЗаРаботу,50000.0,55000.0,RUR,52500.0,False,Без опыта,,,,2026-09-13T11:44:57+03:00,https://hh.ru/vacancy/136772888,1780,False
hh.ru,136385916,Менеджер по работе с оптовыми клиентами,Продажи и клиентский сервис,Удмуртская Республика,"Ижевск, р-н Ленинский",Тэйсти Кофе,95000.0,95000.0,RUR,95000.0,False,Опыт 1-3 года,,,,2026-09-13T11:44:57+03:00,https://hh.ru/vacancy/136385916,1478,False
hh.ru,136556704,Менеджер по закупкам,Прочие профессии,Удмуртская Республика,"Ижевск, р-н Ленинский",Тэйсти Кофе,95000.0,95000.0,RUR,95000.0,False,Опыт 1-3 года,,,,2026-09-13T11:44:57+03:00,https://hh.ru/vacancy/136556704,1369,False
hh.ru,136991011,Дизайнер-верстальщик,"Маркетинг, медиа и дизайн",Удмуртская Республика,"Ижевск, р-н Индустриальный",ООО Графика,40000.0,70000.0,RUR,55000.0,True,Опыт 1-3 года,,Удалённая работа,,2026-09-13T11:44:57+03:00,https://hh.ru/vacancy/136991011,952,False
hh.ru,136676657,Охранник,Охрана и безопасность,Удмуртская Республика,"Ижевск, р-н Первомайский",Калашников. Вакансии с обучением,80000.0,0.0,RUR,40000.0,False,Без опыта,,,,2026-09-13T11:44:57+03:00,https://hh.ru/vacancy/136676657,1795,False
hh.ru,136982697,Помощник главного бухгалтера,"Финансы, бухгалтерия и право",Удмуртская Республика,"Ижевск, р-н Индустриальный",ООО Центр Профессиональной Стоматологии АПЕКС,73000.0,73000.0,RUR,73000.0,False,Опыт 1-3 года,,,,2026-09-13T11:44:57+03:00,https://hh.ru/vacancy/136982697,1903,False
hh.ru,137250991,Помощник менеджера Wildberries / Ассистент менеджера по маркетплейсам,"Маркетинг, медиа и дизайн",Удмуртская Республика,Ижевск,ИП Кочарян Давид Алфредович,20000.0,0.0,RUR,10000.0,False,Без опыта,,Удалённая работа,,2026-09-13T11:44:57+03:00,https://hh.ru/vacancy/137250991,1915,False
hh.ru,137078145,Администратор по работе с клиентами,Продажи и клиентский сервис,Удмуртская Республика,Ижевск,Леднева Валерия Андреевна,45000.0,65000.0,RUR,55000.0,False,Без опыта,,Удалённая работа,,2026-09-13T11:44:57+03:00,https://hh.ru/vacancy/137078145,288,False
hh.ru,136963252,Менеджер Wildberries по клиентскому сервису и обратной связи,Продажи и клиентский сервис,Удмуртская Республика,Ижевск,ИП Кочарян Давид Алфредович,50000.0,80000.0,RUR,65000.0,False,Опыт 1-3 года,,Удалённая работа,,2026-09-13T11:44:57+03:00,https://hh.ru/vacancy/136963252,1318,False
hh.ru,136593423,Оператор call-центра (ул. Советская 41),Продажи и клиентский сервис,Удмуртская Республика,"Ижевск, р-н Индустриальный",ООО Центр Профессиональной Стоматологии АПЕКС,60000.0,60000.0,RUR,60000.0,False,Опыт 1-3 года,,,,2026-09-13T11:44:57+03:00,https://hh.ru/vacancy/136593423,1646,False
hh.ru,137257581,Бухгалтер на первичную документацию,"Финансы, бухгалтерия и право",Удмуртская Республика,"Ижевск, р-н Индустриальный",СТО Пудов!,90000.0,90000.0,RUR,90000.0,False,Опыт 3-6 лет,,,,2026-09-13T11:44:57+03:00,https://hh.ru/vacancy/137257581,510,False
hh.ru,137184580,Бухгалтер на первичную документацию,"Финансы, бухгалтерия и право",Удмуртская Республика,"Ижевск, р-н Октябрьский",ООО СК Восход,80000.0,90000.0,RUR,85000.0,True,Опыт 1-3 года,,,,2026-09-13T11:44:57+03:00,https://hh.ru/vacancy/137184580,499,False
hh.ru,136690500,Помощник бухгалтера,"Финансы, бухгалтерия и право",Удмуртская Республика,Ижевск,ООО Центр Профессиональной Бухгалтерии Приоритет,,,,,False,Опыт 1-3 года,,Удалённая работа,,2026-09-13T11:44:57+03:00,https://hh.ru/vacancy/136690500,1895,False
hh.ru,136897950,Начальник Технической службы,Управление,Удмуртская Республика,"Ижевск, р-н Октябрьский",ЛУКОЙЛ,120000.0,140000.0,RUR,130000.0,False,Опыт 3-6 лет,,,,2026-09-13T11:44:57+03:00,https://hh.ru/vacancy/136897950,1582,False
hh.ru,136306714,Менеджер маркетплейсов OZON / WB,"Маркетинг, медиа и дизайн",Удмуртская Республика,Екатеринбург,ИП Арсланов Денис Салаватович,60000.0,150000.0,RUR,105000.0,False,Без опыта,,Удалённая работа,,2026-09-13T11:44:57+03:00,https://hh.ru/vacancy/136306714,1338,False
hh.ru,134703832,Менеджер в интернет-магазин,Продажи и клиентский сервис,Удмуртская Республика,"Ижевск, р-н Ленинский",Тэйсти Кофе,95000.0,95000.0,RUR,95000.0,False,Опыт 1-3 года,,,,2026-09-13T11:44:57+03:00,https://hh.ru/vacancy/134703832,1323,False
hh.ru,137243990,Менеджер на первичную документацию,Прочие профессии,Удмуртская Республика,"Ижевск, р-н Устиновский",ООО Галактика 18,60000.0,65000.0,RUR,62500.0,False,Опыт 1-3 года,,,,2026-09-13T11:44:57+03:00,https://hh.ru/vacancy/137243990,1341,False
hh.ru,137232318,Водитель экспедитор,Транспорт и логистика,Удмуртская Республика,"Ижевск, р-н Первомайский",ООО Морозко,85000.0,90000.0,RUR,87500.0,False,Опыт 3-6 лет,,,,2026-09-13T11:44:57+03:00,https://hh.ru/vacancy/137232318,804,False
hh.ru,137058771,Униформист,Прочие профессии,Удмуртская Республика,"Ижевск, р-н Первомайский",АУК УР Государственный цирк Удмуртии,42000.0,50000.0,RUR,46000.0,False,Без опыта,,,,2026-09-13T11:44:57+03:00,https://hh.ru/vacancy/137058771,2609,False
hh.ru,137155277,Ведущий инженер лаборатории качества,Инженерия и производство,Удмуртская Республика,"Ижевск, р-н Индустриальный",АО ИЭМЗ КУПОЛ,80000.0,80000.0,RUR,80000.0,False,Опыт 3-6 лет,,,,2026-09-13T11:44:57+03:00,https://hh.ru/vacancy/137155277,564,False
hh.ru,137193377,Проектный менеджер (Project Manager) в digital-агентство,Управление,Удмуртская Республика,Ижевск,Диджитал агентство Win-Win,90000.0,90000.0,RUR,90000.0,True,Опыт 1-3 года,,Удалённая работа,,2026-09-13T11:44:57+03:00,https://hh.ru/vacancy/137193377,2027,False
hh.ru,137184871,Юрист,"Финансы, бухгалтерия и право",Удмуртская Республика,"Ижевск, р-н Устиновский",ООО Арпринт,,,,,False,Опыт более 6 лет,,,,2026-09-13T11:44:57+03:00,https://hh.ru/vacancy/137184871,2720,False
hh.ru,136876965,Фасовщик в аптеку.,Прочие профессии,Удмуртская Республика,"Ижевск, р-н Октябрьский",Фармаимпекс,14000.0,28000.0,RUR,21000.0,False,Без опыта,,,,2026-09-13T11:44:57+03:00,https://hh.ru/vacancy/136876965,2651,False
hh.ru,137136446,Администратор,Продажи и клиентский сервис,Удмуртская Республика,"Ижевск, р-н Устиновский",ООО Формула,55000.0,0.0,RUR,27500.0,False,Без опыта,,,,2026-09-13T11:44:57+03:00,https://hh.ru/vacancy/137136446,128,False
hh.ru,136300311,Менеджер по работе с клиентами,Продажи и клиентский сервис,Удмуртская Республика,"Ижевск, р-н Устиновский",ООО Бизнес-Юрист Урал (Франчайзи Компании ООО ЮК Бизнес-Юрист),100000.0,0.0,RUR,50000.0,False,Без опыта,,,,2026-09-13T11:44:57+03:00,https://hh.ru/vacancy/136300311,1463,False
hh.ru,136637126,Водитель,Транспорт и логистика,Удмуртская Республика,"Ижевск, р-н Октябрьский",ИП Наумов Вячеслав Вадимович,100000.0,100000.0,RUR,100000.0,False,Опыт 1-3 года,,,,2026-09-13T11:44:57+03:00,https://hh.ru/vacancy/136637126,635,False
hh.ru,136795835,Менеджер по работе с клиентами в чатах,Продажи и клиентский сервис,Удмуртская Республика,Ижевск,ИП Мазунина Дарья Львовна,45000.0,60000.0,RUR,52500.0,False,Без опыта,,Удалённая работа,,2026-09-13T11:44:57+03:00,https://hh.ru/vacancy/136795835,1473,False
hh.ru,137008739,Комплектовщик (оператор склада),Транспорт и логистика,Ульяновская область,Ульяновск,Мясницкий ряд,204800.0,235000.0,RUR,219900.0,False,Без опыта,,,,2026-09-13T11:44:57+03:00,https://hh.ru/vacancy/137008739,1174,False
hh.ru,136726986,Менеджер по переписке,Прочие профессии,Ульяновская область,Ульяновск,ИП Вавилова Евгения Александровна,60000.0,0.0,RUR,30000.0,True,Без опыта,,Удалённая работа,,2026-09-13T11:44:57+03:00,https://hh.ru/vacancy/136726986,1401,False
hh.ru,136658537,Секретарь/офис-менеджер (центр),Прочие профессии,Ульяновская область,"Ульяновск, р-н Ленинский","Диалог, Центр Кадровых Технологий",75000.0,0.0,RUR,37500.0,True,Без опыта,,,,2026-09-13T11:44:57+03:00,https://hh.ru/vacancy/136658537,2183,False
hh.ru,136833988,Проектный менеджер,Прочие профессии,Ульяновская область,Ульяновск,iGraph,200000.0,200000.0,RUR,200000.0,False,Опыт 3-6 лет,,Удалённая работа,,2026-09-13T11:44:57+03:00,https://hh.ru/vacancy/136833988,2026,False
hh.ru,136776769,Секретарь-делопроизводитель,Транспорт и логистика,Ульяновская область,"Ульяновск, р-н Ленинский",ПАО Ростелеком,42700.0,0.0,RUR,21350.0,True,Без опыта,,,,2026-09-13T11:44:57+03:00,https://hh.ru/vacancy/136776769,2178,False
hh.ru,136631256,Оператор производственной линии (участок принтера),Инженерия и производство,Ульяновская область,"Ульяновск, 11-й Инженерный проезд, 33",Арнест Упаковочные Решения Наро-Фоминск,,,,,False,Опыт 1-3 года,,,,2026-09-13T11:44:57+03:00,https://hh.ru/vacancy/136631256,1703,False
hh.ru,137252236,Аналитик данных,Информационные технологии,Ульяновская область,"Ульяновск, р-н Засвияжский",ООО Эво,70000.0,70000.0,RUR,70000.0,False,Опыт 1-3 года,,Удалённая работа,,2026-09-13T11:44:57+03:00,https://hh.ru/vacancy/137252236,343,False
hh.ru,137056845,Аккаунт-менеджер / менеджер по работе с клиентами,Продажи и клиентский сервис,Ульяновская область,Ульяновск,ООО Ризон,75000.0,75000.0,RUR,75000.0,True,Опыт 1-3 года,,Удалённая работа,,2026-09-13T11:44:57+03:00,https://hh.ru/vacancy/137056845,339,False
hh.ru,136630937,Администратор в стоматологию (центр),Медицина и фармацевтика,Ульяновская область,"Ульяновск, р-н Ленинский",Зубы Без Боли,70000.0,90000.0,RUR,80000.0,False,Опыт 1-3 года,,,,2026-09-13T11:44:57+03:00,https://hh.ru/vacancy/136630937,202,False
hh.ru,136566886,Диспетчер,Транспорт и логистика,Ульяновская область,"Ульяновск, р-н Засвияжский",ООО СК СпецСтройТранс,60000.0,0.0,RUR,30000.0,False,Без опыта,,,,2026-09-13T11:44:57+03:00,https://hh.ru/vacancy/136566886,986,False
hh.ru,136767191,Мастер по проверке счётчиков,Рабочий и обслуживающий персонал,Ульяновская область,"Ульяновск, р-н Ленинский",ООО Стандарт,100000.0,0.0,RUR,50000.0,False,Без опыта,,,,2026-09-13T11:44:57+03:00,https://hh.ru/vacancy/136767191,1282,False
hh.ru,136972679,Корректор,Прочие профессии,Ульяновская область,"Ульяновск, р-н Засвияжский",ООО Консультант Плюс-Сервис,30000.0,50000.0,RUR,40000.0,False,Без опыта,,Удалённая работа,,2026-09-13T11:44:57+03:00,https://hh.ru/vacancy/136972679,1215,False
hh.ru,137115922,Бухгалтер,"Финансы, бухгалтерия и право",Ульяновская область,"Ульяновск, р-н Ленинский",ООО СЗ Ильвитстрой,70000.0,70000.0,RUR,70000.0,False,Опыт 3-6 лет,,,,2026-09-13T11:44:57+03:00,https://hh.ru/vacancy/137115922,452,False
hh.ru,137186228,Водитель,Транспорт и логистика,Ульяновская область,"Ульяновск, р-н Засвияжский",ООО ПОИСК,62000.0,65000.0,RUR,63500.0,True,Опыт 1-3 года,,,,2026-09-13T11:44:57+03:00,https://hh.ru/vacancy/137186228,659,False
hh.ru,134004404,Операционный координатор расписания и CRM,Прочие профессии,Ульяновская область,"Ульяновск, р-н Ленинский",Студия йоги Inside,50000.0,50000.0,RUR,50000.0,False,Опыт 3-6 лет,,Удалённая работа,,2026-09-13T11:44:57+03:00,https://hh.ru/vacancy/134004404,1742,False
hh.ru,136652849,Скаут в модельное агентство Terminal mode,Прочие профессии,Ульяновская область,"Ульяновск, р-н Заволжский",Terminal-Models,500.0,15000.0,RUR,7750.0,False,Без опыта,,Удалённая работа,,2026-09-13T11:44:57+03:00,https://hh.ru/vacancy/136652849,2226,False
hh.ru,136649083,Специалист call-центра,Прочие профессии,Ульяновская область,"Ульяновск, р-н Ленинский",Клиника Нева (ООО Азбука здоровья),56000.0,0.0,RUR,28000.0,True,Без опыта,,,,2026-09-13T11:44:57+03:00,https://hh.ru/vacancy/136649083,2282,False
hh.ru,136429458,Медицинский регистратор,Медицина и фармацевтика,Ульяновская область,"Ульяновск, р-н Засвияжский",ГУЗ Городская поликлиника № 4,28000.0,30000.0,RUR,29000.0,False,Опыт 1-3 года,,,,2026-09-13T11:44:57+03:00,https://hh.ru/vacancy/136429458,1301,False
hh.ru,137151980,Охранник,Охрана и безопасность,Ульяновская область,"Ульяновск, р-н Железнодорожный",ООО ЧОП РН-Охрана-Самара,4700.0,0.0,RUR,2350.0,False,Без опыта,,,,2026-09-13T11:44:57+03:00,https://hh.ru/vacancy/137151980,1802,False
hh.ru,137151560,Персональный водитель руководителя,Транспорт и логистика,Ульяновская область,"Ульяновск, р-н Ленинский",ООО Риц Айди,55200.0,55200.0,RUR,55200.0,True,Опыт 1-3 года,,,,2026-09-13T11:44:57+03:00,https://hh.ru/vacancy/137151560,1832,False
hh.ru,136692196,Помощник руководителя,Прочие профессии,Ульяновская область,"городской округ Ульяновск, р-н Ленинский",ООО Агентство Кадровых Решений,70000.0,70000.0,RUR,70000.0,True,Опыт 1-3 года,,,,2026-09-13T11:44:57+03:00,https://hh.ru/vacancy/136692196,1938,False
hh.ru,137107967,Project manager,Управление,Ульяновская область,"Ульяновск, р-н Ленинский",ITECH,,,,,False,Опыт 3-6 лет,,Удалённая работа,,2026-09-13T11:44:57+03:00,https://hh.ru/vacancy/137107967,28,False
hh.ru,137206212,Системный администратор,Информационные технологии,Ульяновская область,"Ульяновск, р-н Ленинский",SMBtech,,,,,False,Опыт 1-3 года,,,,2026-09-13T11:44:57+03:00,https://hh.ru/vacancy/137206212,2207,False
hh.ru,137006220,"Бухгалтер на первичную документацию, платежи и зарплату","Финансы, бухгалтерия и право",Ульяновская область,Ульяновск,ООО БК Интеллект,10000.0,10000.0,RUR,10000.0,False,Опыт 3-6 лет,,Удалённая работа,,2026-09-13T11:44:57+03:00,https://hh.ru/vacancy/137006220,513,False
hh.ru,137236883,Менеджер по операционной работе и работе с договорами,Прочие профессии,Ульяновская область,"Ульяновск, р-н Засвияжский",Grand Line,70000.0,70000.0,RUR,70000.0,False,Опыт 1-3 года,,,,2026-09-13T11:44:57+03:00,https://hh.ru/vacancy/137236883,1395,False
hh.ru,137227881,Водитель,Транспорт и логистика,Ульяновская область,"Ульяновск, р-н Заволжский",Greta,70000.0,70000.0,RUR,70000.0,False,Опыт 3-6 лет,,,,2026-09-13T11:44:57+03:00,https://hh.ru/vacancy/137227881,623,False
hh.ru,137215420,Специалист по кадрам,Прочие профессии,Ульяновская область,"Ульяновск, р-н Ленинский",ПРОДУКТЫ ЕРМОЛИНО,60900.0,60900.0,RUR,60900.0,False,Опыт 1-3 года,,,,2026-09-13T11:44:57+03:00,https://hh.ru/vacancy/137215420,2396,False
hh.ru,137086299,Бухгалтер на первичную документацию,"Финансы, бухгалтерия и право",Ульяновская область,"Ульяновск, р-н Ленинский",ООО Большая игра,50000.0,50000.0,RUR,50000.0,False,Опыт 1-3 года,,,,2026-09-13T11:44:57+03:00,https://hh.ru/vacancy/137086299,489,False
hh.ru,137192005,Региональный представитель (Т Мотор в ЮФО),Прочие профессии,Ульяновская область,"Ульяновск, р-н Ленинский",ООО Т мотор,150000.0,150000.0,RUR,150000.0,False,Опыт 1-3 года,,,,2026-09-13T11:44:57+03:00,https://hh.ru/vacancy/137192005,2088,False
hh.ru,136263652,Администратор,Продажи и клиентский сервис,Ульяновская область,"Ульяновск, р-н Засвияжский",Детский клуб Академики,30000.0,45000.0,RUR,37500.0,True,Опыт 1-3 года,,,,2026-09-13T11:44:57+03:00,https://hh.ru/vacancy/136263652,76,False
hh.ru,137166177,Бухгалтер,"Финансы, бухгалтерия и право",Ульяновская область,"Димитровград, проспект Автостроителей, 78/10",ООО Полесье ДГ,65200.0,65200.0,RUR,65200.0,True,Опыт 1-3 года,,,,2026-09-13T11:44:57+03:00,https://hh.ru/vacancy/137166177,447,False
hh.ru,137142365,Бухгалтер-калькулятор,"Финансы, бухгалтерия и право",Ульяновская область,"Ульяновск, р-н Железнодорожный",ООО АЛТ,15000.0,15000.0,RUR,15000.0,False,Опыт 1-3 года,,,,2026-09-13T11:44:57+03:00,https://hh.ru/vacancy/137142365,473,False
hh.ru,137086152,Менеджер маркетплейсов,"Маркетинг, медиа и дизайн",Ульяновская область,Ульяновск,ИП Мифтахутдинов Наиль Амильевич,40000.0,40000.0,RUR,40000.0,True,Опыт 1-3 года,,Удалённая работа,,2026-09-13T11:44:57+03:00,https://hh.ru/vacancy/137086152,1336,False
hh.ru,136989076,Руководитель филиала в г. Ульяновск,Транспорт и логистика,Ульяновская область,"Ульяновск, р-н Ленинский",ООО Крафтовые Лимонады,300000.0,300000.0,RUR,300000.0,True,Опыт 1-3 года,,,,2026-09-13T11:44:57+03:00,https://hh.ru/vacancy/136989076,2152,False
hh.ru,137159384,Специалист поддержки клиентов на ЧАТ,Продажи и клиентский сервис,Волгоградская область,"Волгоград, р-н Ворошиловский",Дельта системы безопасности,40000.0,0.0,RUR,20000.0,False,Без опыта,,,,2026-09-13T11:44:57+03:00,https://hh.ru/vacancy/137159384,2496,False
hh.ru,136314616,Специалист отдела сертификации и экспертизы,Прочие профессии,Волгоградская область,"Волжский, проспект имени Ленина, 5",Волжская ТПП,35000.0,55000.0,RUR,45000.0,True,Без опыта,,,,2026-09-13T11:44:57+03:00,https://hh.ru/vacancy/136314616,2354,False
hh.ru,136909231,Редактор,"Маркетинг, медиа и дизайн",Волгоградская область,Волгоград,Голос Района,15000.0,0.0,RUR,7500.0,False,Без опыта,,Удалённая работа,,2026-09-13T11:44:57+03:00,https://hh.ru/vacancy/136909231,2096,False
hh.ru,136941381,Администратор в клинику (Ворошиловский район),Продажи и клиентский сервис,Волгоградская область,"Волгоград, р-н Ворошиловский",ООО Клиника Панацея,50000.0,0.0,RUR,25000.0,False,Без опыта,,,,2026-09-13T11:44:57+03:00,https://hh.ru/vacancy/136941381,173,False
hh.ru,136807412,"Региональный менеджер ЮФО (ДНР, ЛНР, Запорожье, Астрахань, Волгоград, Ставрополь, СКФО)",Прочие профессии,Волгоградская область,Волгоград,Группа компаний ТАЛИНА,,,,,False,Опыт 1-3 года,,,,2026-09-13T11:44:57+03:00,https://hh.ru/vacancy/136807412,2085,False
hh.ru,136706323,Модератор контента в Дзен,"Маркетинг, медиа и дизайн",Волгоградская область,Волгоград,"VK, Медиастратегия и развитие сервисов",,,,,False,Опыт 1-3 года,,Удалённая работа,,2026-09-13T11:44:57+03:00,https://hh.ru/vacancy/136706323,1536,False
hh.ru,136843443,Чертежник,Прочие профессии,Волгоградская область,"Волгоград, р-н Ворошиловский",ООО ИК Эксперт,69000.0,69000.0,RUR,69000.0,True,Опыт 1-3 года,,Удалённая работа,,2026-09-13T11:44:57+03:00,https://hh.ru/vacancy/136843443,2676,False
hh.ru,136927802,Специалист чат-поддержки,Прочие профессии,Волгоградская область,Волгоград,Ozon Банк,90000.0,0.0,RUR,45000.0,True,Без опыта,,Удалённая работа,,2026-09-13T11:44:57+03:00,https://hh.ru/vacancy/136927802,2517,False
hh.ru,136466852,Персональный водитель,Транспорт и логистика,Волгоградская область,"Волгоград, р-н Ворошиловский",Клиника Ткачева в Волгограде,70000.0,90000.0,RUR,80000.0,False,Опыт более 6 лет,,,,2026-09-13T11:44:57+03:00,https://hh.ru/vacancy/136466852,1824,False
hh.ru,136502480,Младший специалист по верификации в VK,Прочие профессии,Волгоградская область,Волгоград,VK,,,,,False,Опыт 1-3 года,,Удалённая работа,,2026-09-13T11:44:57+03:00,https://hh.ru/vacancy/136502480,1525,False
hh.ru,137000040,Специалист операционного мониторинга онлайн бизнеса,Прочие профессии,Волгоградская область,Волгоград,"Лента, федеральная розничная сеть, Работа в офисе",60000.0,60000.0,RUR,60000.0,True,Опыт 1-3 года,,Удалённая работа,,2026-09-13T11:44:57+03:00,https://hh.ru/vacancy/137000040,2330,False
hh.ru,136983652,Ведущий инженер по техническому сопровождению клубов,Инженерия и производство,Волгоградская область,Волгоград,DDX Fitness,150000.0,150000.0,RUR,150000.0,True,Опыт 1-3 года,,,,2026-09-13T11:44:57+03:00,https://hh.ru/vacancy/136983652,565,False
hh.ru,136983100,Специалист онлайн-поддержки клиентов Ozon,Продажи и клиентский сервис,Волгоградская область,Палласовка,Ozon Офис и Коммерция,27100.0,70000.0,RUR,48550.0,True,Без опыта,,Удалённая работа,,2026-09-13T11:44:57+03:00,https://hh.ru/vacancy/136983100,2327,False
hh.ru,137079241,Менеджер по работе с клиентами,Продажи и клиентский сервис,Волгоградская область,Волгоград,Cheesecake,25000.0,60000.0,RUR,42500.0,True,Без опыта,,Удалённая работа,,2026-09-13T11:44:57+03:00,https://hh.ru/vacancy/137079241,1459,False
hh.ru,137030400,Администратор,Продажи и клиентский сервис,Волгоградская область,"Волгоград, р-н Дзержинский",Петрова Мария,60000.0,80000.0,RUR,70000.0,False,Без опыта,,,,2026-09-13T11:44:57+03:00,https://hh.ru/vacancy/137030400,133,False
hh.ru,136704986,Администратор компьютерного клуба,Продажи и клиентский сервис,Волгоградская область,"Волгоград, р-н Краснооктябрьский",КиберПрайд,52000.0,64000.0,RUR,58000.0,False,Без опыта,,,,2026-09-13T11:44:57+03:00,https://hh.ru/vacancy/136704986,243,False
hh.ru,137200118,Региональный менеджер,Прочие профессии,Волгоградская область,Волгоград,Alta Personnel,300000.0,300000.0,RUR,300000.0,True,Опыт 3-6 лет,,,,2026-09-13T11:44:57+03:00,https://hh.ru/vacancy/137200118,2077,False
hh.ru,137255771,QA engineer/тестировщик ПО,Информационные технологии,Волгоградская область,"Волгоград, р-н Ворошиловский",Аксиоматика,80000.0,80000.0,RUR,80000.0,False,Опыт 1-3 года,,,,2026-09-13T11:44:57+03:00,https://hh.ru/vacancy/137255771,34,False
hh.ru,137236233,Документовед,Прочие профессии,Волгоградская область,"Волгоград, р-н Советский",ООО ЛУИС+,60700.0,60700.0,RUR,60700.0,False,Опыт 1-3 года,,,,2026-09-13T11:44:57+03:00,https://hh.ru/vacancy/137236233,1003,False
hh.ru,137256570,Специалист в Юридический отдел,Прочие профессии,Волгоградская область,"Волгоград, р-н Советский",ОАО «Волгограднефтемаш»,57000.0,0.0,RUR,28500.0,True,Без опыта,,,,2026-09-13T11:44:57+03:00,https://hh.ru/vacancy/137256570,2296,False
hh.ru,137238736,Оператор ПК/Оператор базы данных,Прочие профессии,Волгоградская область,"Волгоград, р-н Центральный",ООО ОБЪЕКТиВ,55000.0,55000.0,RUR,55000.0,False,Опыт 1-3 года,,Удалённая работа,,2026-09-13T11:44:57+03:00,https://hh.ru/vacancy/137238736,1686,False
hh.ru,137090596,Менеджер по логистике (Волгоград),Транспорт и логистика,Волгоградская область,"Волгоград, р-н Дзержинский",ITECO,90000.0,0.0,RUR,45000.0,True,Без опыта,,,,2026-09-13T11:44:57+03:00,https://hh.ru/vacancy/137090596,1389,False
hh.ru,136856022,Агент поддержки платёжных сервисов в VK,Прочие профессии,Волгоградская область,Волгоград,VK,0.0,0.0,,,False,Без опыта,,Удалённая работа,,2026-09-13T11:44:57+03:00,https://hh.ru/vacancy/136856022,54,False
hh.ru,137096345,Водитель руководителя,Транспорт и логистика,Волгоградская область,"Волгоград, р-н Дзержинский",ООО Зиракс,90000.0,90000.0,RUR,90000.0,False,Опыт 3-6 лет,,,,2026-09-13T11:44:57+03:00,https://hh.ru/vacancy/137096345,783,False
hh.ru,137238737,Бухгалтер,"Финансы, бухгалтерия и право",Волгоградская область,"Волгоград, р-н Центральный",ООО ОБЪЕКТиВ,70000.0,70000.0,RUR,70000.0,False,Опыт 3-6 лет,,Удалённая работа,,2026-09-13T11:44:57+03:00,https://hh.ru/vacancy/137238737,444,False
hh.ru,137071729,Vue.js Frontend Разработчик,Информационные технологии,Волгоградская область,"Волгоград, р-н Краснооктябрьский",101 Отель,70000.0,70000.0,RUR,70000.0,True,Опыт 1-3 года,,,,2026-09-13T11:44:57+03:00,https://hh.ru/vacancy/137071729,48,False
hh.ru,137240305,Начальник отдела,Управление,Волгоградская область,"Волгоград, р-н Центральный",Территориальный орган федеральной службы государственной статистики по Волгоградской области,70000.0,70000.0,RUR,70000.0,False,Опыт более 6 лет,,,,2026-09-13T11:44:57+03:00,https://hh.ru/vacancy/137240305,1562,False
hh.ru,136656310,Личный водитель,Транспорт и логистика,Волгоградская область,Волгоград,ООО Сибмайн К,90000.0,0.0,RUR,45000.0,False,Без опыта,,,,2026-09-13T11:44:57+03:00,https://hh.ru/vacancy/136656310,1255,False
hh.ru,137270925,Специалист по дистанционному контролю учебного процесса,Прочие профессии,Волгоградская область,Волгоград,ООО Маг Аеро Тренинг,50000.0,0.0,RUR,25000.0,False,Без опыта,,Удалённая работа,,2026-09-13T11:44:57+03:00,https://hh.ru/vacancy/137270925,2372,False
hh.ru,137087337,Директор филиала,Управление,Волгоградская область,"Волгоград, р-н Центральный",МСМ ГРУПП,170000.0,240000.0,RUR,205000.0,False,Опыт 3-6 лет,,,,2026-09-13T11:44:57+03:00,https://hh.ru/vacancy/137087337,975,False
hh.ru,136564307,Специалист по работе с медицинской документацией,Медицина и фармацевтика,Волгоградская область,"Волгоград, р-н Центральный",Медицинский Диагностический центр,30000.0,0.0,RUR,15000.0,True,Без опыта,,,,2026-09-13T11:44:57+03:00,https://hh.ru/vacancy/136564307,2454,False
hh.ru,137101590,Производитель работ,Транспорт и логистика,Волгоградская область,"городской округ Волгоград, р-н Красноармейский",ООО ВСС,243000.0,243000.0,RUR,243000.0,True,Опыт 3-6 лет,,,,2026-09-13T11:44:57+03:00,https://hh.ru/vacancy/137101590,2028,False
hh.ru,125501948,Специалист чат-поддержки Яндекс (удаленно),Прочие профессии,Волгоградская область,Волгоград,Яндекс Команда для бизнеса,37000.0,0.0,RUR,18500.0,True,Без опыта,,Удалённая работа,,2026-09-13T11:44:57+03:00,https://hh.ru/vacancy/125501948,2522,False
hh.ru,136858287,Специалист по Честному знаку,Прочие профессии,Волгоградская область,Волгоград,ООО Торгсервис 50,100000.0,120000.0,RUR,110000.0,False,Опыт 1-3 года,,Удалённая работа,,2026-09-13T11:44:57+03:00,https://hh.ru/vacancy/136858287,2488,False
hh.ru,137009624,Комплектовщик (оператор склада),Транспорт и логистика,Владимирская область,Александров,Мясницкий ряд,204800.0,235000.0,RUR,219900.0,False,Без опыта,,,,2026-09-13T11:44:57+03:00,https://hh.ru/vacancy/137009624,1162,False
hh.ru,137017326,Помощник HR менеджера,Прочие профессии,Владимирская область,"Москва, р-н Тверской",ИП Линкин Павел Сергеевич,50000.0,68000.0,RUR,59000.0,False,Без опыта,,Удалённая работа,,2026-09-13T11:44:57+03:00,https://hh.ru/vacancy/137017326,1859,False
hh.ru,136027183,Менеджер по продажам туров (внутренний туризм),Продажи и клиентский сервис,Владимирская область,Владимир,ООО ТИБИАЙ ГРУПП,60000.0,90000.0,RUR,75000.0,True,Опыт 1-3 года,,Удалённая работа,,2026-09-13T11:44:57+03:00,https://hh.ru/vacancy/136027183,1447,False
hh.ru,136560753,"Менеджер в пункт выдачи заказов(пр.Ленина,16)",Прочие профессии,Владимирская область,"Владимир, р-н Ленинский",Lamoda,50000.0,78827.0,RUR,64413.5,True,Без опыта,,,,2026-09-13T11:44:57+03:00,https://hh.ru/vacancy/136560753,1327,False
hh.ru,137041464,Менеджер клиентского сервиса,Продажи и клиентский сервис,Владимирская область,"Владимир, р-н Октябрьский","Подружка, сеть магазинов",65000.0,65000.0,RUR,65000.0,True,Опыт 1-3 года,,Удалённая работа,,2026-09-13T11:44:57+03:00,https://hh.ru/vacancy/137041464,1331,False
hh.ru,137068989,Архитектор-проектировщик,Строительство и недвижимость,Владимирская область,"Владимир, р-н Октябрьский",ООО ВАШ ПРОЕКТ,,,,,False,Опыт 1-3 года,,Удалённая работа,,2026-09-13T11:44:57+03:00,https://hh.ru/vacancy/137068989,351,False
hh.ru,137025401,Редактор сообществ ВКонтакте,"Маркетинг, медиа и дизайн",Владимирская область,Москва,VK,,,,,False,Опыт 1-3 года,,Удалённая работа,,2026-09-13T11:44:57+03:00,https://hh.ru/vacancy/137025401,2101,False
hh.ru,137243127,Юрист,"Финансы, бухгалтерия и право",Владимирская область,"Владимир, р-н Октябрьский",ООО ЮТА-АГ,105000.0,176400.0,RUR,140700.0,True,Опыт 1-3 года,,,,2026-09-13T11:44:57+03:00,https://hh.ru/vacancy/137243127,2727,False
hh.ru,137026005,SMM-менеджер,"Маркетинг, медиа и дизайн",Владимирская область,Владимир,ИП Першукова Юлия Владимировна,25000.0,0.0,RUR,12500.0,True,Без опыта,,Удалённая работа,,2026-09-13T11:44:57+03:00,https://hh.ru/vacancy/137026005,41,False
hh.ru,136451303,Мастер-консультант,Рабочий и обслуживающий персонал,Владимирская область,"Владимир, р-н Фрунзенский",ООО Техцентр Гранд Восток,90000.0,130000.0,RUR,110000.0,True,Без опыта,,,,2026-09-13T11:44:57+03:00,https://hh.ru/vacancy/136451303,1278,False
hh.ru,137098045,Юрисконсульт,Прочие профессии,Владимирская область,"Владимир, р-н Октябрьский",ООО ВладСК,70000.0,90000.0,RUR,80000.0,False,Опыт 1-3 года,,,,2026-09-13T11:44:57+03:00,https://hh.ru/vacancy/137098045,2709,False
hh.ru,137158815,Водитель-экспедитор категории B на Газель,Транспорт и логистика,Владимирская область,"Владимир, р-н Октябрьский",Завьялов Андрей,100000.0,180000.0,RUR,140000.0,False,Опыт 1-3 года,,,,2026-09-13T11:44:57+03:00,https://hh.ru/vacancy/137158815,811,False
hh.ru,137249277,Водитель,Транспорт и логистика,Владимирская область,"Владимир, р-н Октябрьский",Мир Потолков 33,60000.0,60000.0,RUR,60000.0,False,Опыт 3-6 лет,,,,2026-09-13T11:44:57+03:00,https://hh.ru/vacancy/137249277,644,False
hh.ru,137214704,Сторож (вахтер),Прочие профессии,Владимирская область,"Владимир, р-н Октябрьский",ООО Энергоресурс,3000.0,0.0,RUR,1500.0,False,Без опыта,,,,2026-09-13T11:44:57+03:00,https://hh.ru/vacancy/137214704,2548,False
hh.ru,136395174,Младший специалист по тестированию (Junior QA),Информационные технологии,Владимирская область,"Владимир, р-н Октябрьский",ООО Организация качества,40000.0,0.0,RUR,20000.0,True,Без опыта,,Удалённая работа,,2026-09-13T11:44:57+03:00,https://hh.ru/vacancy/136395174,1528,False
hh.ru,137107345,Главный специалист,Прочие профессии,Владимирская область,"Муром, площадь 1100-летия Мурома, 1",Администрация округа Муром,35000.0,40000.0,RUR,37500.0,True,Без опыта,,,,2026-09-13T11:44:57+03:00,https://hh.ru/vacancy/137107345,869,False
hh.ru,136882131,Junior FrontEnd Developer (Junior фронтенд разработчик),Информационные технологии,Владимирская область,Юрьев-Польский,Киншина Алина,0.0,0.0,,,False,Без опыта,,Удалённая работа,,2026-09-13T11:44:57+03:00,https://hh.ru/vacancy/136882131,20,False
hh.ru,137156801,Оператор по выписке накладных,Прочие профессии,Владимирская область,муниципальное образование Воршинское 56.04697195287591 40.05509387641163,ООО Гарнец,60000.0,60000.0,RUR,60000.0,False,Опыт 1-3 года,,,,2026-09-13T11:44:57+03:00,https://hh.ru/vacancy/137156801,1691,False
hh.ru,136983142,Дизайнер карточек для маркетплейсов,"Маркетинг, медиа и дизайн",Владимирская область,"Владимир, р-н Ленинский",ООО Профлекс Плюс,60000.0,200000.0,RUR,130000.0,False,Опыт 1-3 года,,,,2026-09-13T11:44:57+03:00,https://hh.ru/vacancy/136983142,953,False
hh.ru,137195733,Ведущий бизнес-аналитик,Прочие профессии,Владимирская область,"Владимир, р-н Октябрьский",ДИВАН.РУ,,,,,False,Опыт 1-3 года,,,,2026-09-13T11:44:57+03:00,https://hh.ru/vacancy/137195733,552,False
hh.ru,137137596,Рабочий в цех,Прочие профессии,Владимирская область,Александров,COTTECO,70000.0,90000.0,RUR,80000.0,False,Без опыта,,,,2026-09-13T11:44:57+03:00,https://hh.ru/vacancy/137137596,2039,False
hh.ru,137137023,Сотрудник склада,Прочие профессии,Владимирская область,"Владимир, р-н Октябрьский",ООО Смартбокс,83000.0,0.0,RUR,41500.0,False,Без опыта,,,,2026-09-13T11:44:57+03:00,https://hh.ru/vacancy/137137023,2265,False
hh.ru,137071588,Заместитель начальника режимно-секретного отдела,Управление,Владимирская область,"Владимир, р-н Октябрьский",ОАО Владимирский завод Электроприбор,80000.0,80000.0,RUR,80000.0,True,Опыт 3-6 лет,,,,2026-09-13T11:44:57+03:00,https://hh.ru/vacancy/137071588,1043,False
hh.ru,137023957,Специалист по мониторингу информационного поля,Прочие профессии,Владимирская область,Владимир,Artox Media Digital Group (AMDG),,,,,False,Опыт 1-3 года,,Удалённая работа,,2026-09-13T11:44:57+03:00,https://hh.ru/vacancy/137023957,2414,False
hh.ru,137076872,Системный администратор,Информационные технологии,Владимирская область,"Владимир, р-н Ленинский",Инрэко ЛАН,,,,,False,Опыт 1-3 года,,,,2026-09-13T11:44:57+03:00,https://hh.ru/vacancy/137076872,2210,False
hh.ru,137174419,Тендерный специалист,Прочие профессии,Владимирская область,Владимир,ООО Дельфин,40000.0,40000.0,RUR,40000.0,False,Опыт 1-3 года,,Удалённая работа,,2026-09-13T11:44:57+03:00,https://hh.ru/vacancy/137174419,2564,False
hh.ru,136904704,Менеджер по логистике,Транспорт и логистика,Владимирская область,Владимир,ООО СмартТрак,80000.0,150000.0,RUR,115000.0,False,Опыт 1-3 года,,Удалённая работа,,2026-09-13T11:44:57+03:00,https://hh.ru/vacancy/136904704,1385,False
hh.ru,137111260,Менеджер по продажам на производство по обжарке кофе,Инженерия и производство,Владимирская область,"Владимир, р-н Ленинский",Colors Coffee,100000.0,300000.0,RUR,200000.0,False,Опыт 1-3 года,,Удалённая работа,,2026-09-13T11:44:57+03:00,https://hh.ru/vacancy/137111260,1438,False
hh.ru,136577772,Актер,Прочие профессии,Владимирская область,"Владимир, р-н Ленинский",The Quest,500.0,0.0,RUR,250.0,False,Без опыта,,,,2026-09-13T11:44:57+03:00,https://hh.ru/vacancy/136577772,340,False
hh.ru,136925716,Ассистент HR,Прочие профессии,Владимирская область,Покров,ИП Озорнин Сергей Вячеславович,57000.0,80000.0,RUR,68500.0,False,Без опыта,,Удалённая работа,,2026-09-13T11:44:57+03:00,https://hh.ru/vacancy/136925716,354,False
hh.ru,137033530,Электромеханик,Инженерия и производство,Владимирская область,"Киржач, микрорайон Красный Октябрь, Первомайская улица, 1",Русклимат,100000.0,100000.0,RUR,100000.0,False,Опыт 1-3 года,,,,2026-09-13T11:44:57+03:00,https://hh.ru/vacancy/137033530,2697,False
hh.ru,137273032,Менеджер по работе с маркетплейсами/Wildberries,"Маркетинг, медиа и дизайн",Владимирская область,Владимир,ИП Вишневая Мария Евгеньевна,80000.0,150000.0,RUR,115000.0,False,Опыт 1-3 года,,Удалённая работа,,2026-09-13T11:44:57+03:00,https://hh.ru/vacancy/137273032,1477,False
hh.ru,136721510,Билетный Кассир,Продажи и клиентский сервис,Владимирская область,"Владимир, р-н Октябрьский",Государственный Владимиро-Суздальский музей-заповедник,50000.0,50000.0,RUR,50000.0,True,Опыт 1-3 года,,,,2026-09-13T11:44:57+03:00,https://hh.ru/vacancy/136721510,402,False
hh.ru,137060747,Вязальщик жгутов,Прочие профессии,Владимирская область,"Владимир, р-н Октябрьский",ООО Резидент,100000.0,135000.0,RUR,117500.0,False,Без опыта,,,,2026-09-13T11:44:57+03:00,https://hh.ru/vacancy/137060747,826,False
hh.ru,137009354,Комплектовщик (оператор склада),Транспорт и логистика,Вологодская область,Череповец,Мясницкий ряд,204800.0,235000.0,RUR,219900.0,False,Без опыта,,,,2026-09-13T11:44:57+03:00,https://hh.ru/vacancy/137009354,1163,False
hh.ru,136348569,Документовед,Прочие профессии,Вологодская область,"Череповец, улица Жукова, 2",МБУ МФЦ в г. Череповце,45000.0,55000.0,RUR,50000.0,True,Без опыта,,,,2026-09-13T11:44:57+03:00,https://hh.ru/vacancy/136348569,1002,False
hh.ru,136552916,Специалист отдела залогового обеспечения,Прочие профессии,Вологодская область,"Вологда, Пушкинская улица, 52",АО МИК,100000.0,100000.0,RUR,100000.0,False,Опыт 1-3 года,,,,2026-09-13T11:44:57+03:00,https://hh.ru/vacancy/136552916,2334,False
hh.ru,136402174,Менеджер по продажам,Продажи и клиентский сервис,Вологодская область,"Вологда, Советский проспект, 53",ВО ССППД РИТУАЛ,65000.0,90000.0,RUR,77500.0,False,Без опыта,,,,2026-09-13T11:44:57+03:00,https://hh.ru/vacancy/136402174,1415,False
hh.ru,136249048,Главный архивист,Прочие профессии,Вологодская область,"Вологда, улица Мальцева, 17",КАУ ВО Государственный архив Вологодской области,35000.0,40000.0,RUR,37500.0,True,Без опыта,,,,2026-09-13T11:44:57+03:00,https://hh.ru/vacancy/136249048,845,False
hh.ru,136893586,Дизайнер упаковки,"Маркетинг, медиа и дизайн",Вологодская область,"Вологда, Школьный переулок, 1",ООО Базальт Агро,70000.0,70000.0,RUR,70000.0,False,Опыт 1-3 года,,Удалённая работа,,2026-09-13T11:44:57+03:00,https://hh.ru/vacancy/136893586,957,False
hh.ru,137257630,Юрист-Консультант,"Финансы, бухгалтерия и право",Вологодская область,"Вологда, Пречистенская набережная, 34",ООО Холбит,90000.0,90000.0,RUR,90000.0,False,Опыт 3-6 лет,,,,2026-09-13T11:44:57+03:00,https://hh.ru/vacancy/137257630,2732,False
hh.ru,137062582,Специалист по пересчету ТМЦ,Прочие профессии,Вологодская область,"Череповец, Северное шоссе, 36",ФосАгро. Производство,54700.0,0.0,RUR,27350.0,False,Без опыта,,,,2026-09-13T11:44:57+03:00,https://hh.ru/vacancy/137062582,2430,False
hh.ru,136408293,Администратор гостиницы,Продажи и клиентский сервис,Вологодская область,"Вологда, Залинейная улица, 22",ООО Дворик Плюс,5000.0,8000.0,RUR,6500.0,False,Без опыта,,,,2026-09-13T11:44:57+03:00,https://hh.ru/vacancy/136408293,218,False
hh.ru,137196590,Ведущий специалист учебного центра,Прочие профессии,Вологодская область,"Череповец, улица Партизана Окинина, 5",БПОУ ВО Череповецкий химико-технологический колледж,50000.0,50000.0,RUR,50000.0,False,Опыт 1-3 года,,,,2026-09-13T11:44:57+03:00,https://hh.ru/vacancy/137196590,609,False
hh.ru,125500601,Менеджер письменной поддержки Яндекс Go,Прочие профессии,Вологодская область,Вологда,Яндекс Команда для бизнеса,37000.0,0.0,RUR,18500.0,True,Без опыта,,Удалённая работа,,2026-09-13T11:44:57+03:00,https://hh.ru/vacancy/125500601,1351,False
hh.ru,137109982,"Frontend-разработчик (Nuxt 3 / Vue 3, e-commerce) / Middle",Информационные технологии,Вологодская область,Вологда,Садовый маркетплейс Garsinka,200000.0,250000.0,RUR,225000.0,False,Опыт 3-6 лет,,Удалённая работа,,2026-09-13T11:44:57+03:00,https://hh.ru/vacancy/137109982,8,False
hh.ru,136264542,Администратор,Продажи и клиентский сервис,Вологодская область,"Вологда, улица Мальцева, 60",ООО МРТ-Диагностика,65000.0,90000.0,RUR,77500.0,False,Без опыта,,,,2026-09-13T11:44:57+03:00,https://hh.ru/vacancy/136264542,121,False
hh.ru,137043770,Оператор по проверке данных (фотоаудитор),"Финансы, бухгалтерия и право",Вологодская область,"Череповец, проспект Победы, 58Г",ГРАН,50000.0,0.0,RUR,25000.0,True,Без опыта,,Удалённая работа,,2026-09-13T11:44:57+03:00,https://hh.ru/vacancy/137043770,1694,False
hh.ru,136986582,Ведущий программист (frontend-разработчик),Информационные технологии,Вологодская область,"Вологда, Козлёнская улица, 119А",ООО БЮРО,100000.0,150000.0,RUR,125000.0,False,Опыт 1-3 года,,,,2026-09-13T11:44:57+03:00,https://hh.ru/vacancy/136986582,571,False
hh.ru,137236177,"Специалист по маркировке ""Честный знак""",Прочие профессии,Вологодская область,"Вологда, улица Герцена, 63",ООО Лифан северо-запад,65000.0,65000.0,RUR,65000.0,False,Опыт 1-3 года,,,,2026-09-13T11:44:57+03:00,https://hh.ru/vacancy/137236177,2411,False
hh.ru,137153328,Тестировщик - QA Engineer Junior+ / Middle,Информационные технологии,Вологодская область,"Череповец, Советский проспект, 35",BIV,,,,,False,Опыт 1-3 года,,,,2026-09-13T11:44:57+03:00,https://hh.ru/vacancy/137153328,2574,False
hh.ru,136376321,Продавец-консультант (Секс-шоп 18+),Продажи и клиентский сервис,Вологодская область,"Череповец, улица Металлургов, 7",Я тебя люблю 18+,40000.0,0.0,RUR,20000.0,False,Без опыта,,,,2026-09-13T11:44:57+03:00,https://hh.ru/vacancy/136376321,2014,False
hh.ru,137179845,Ведущий бухгалтер / бухгалтер в единственном лице,"Финансы, бухгалтерия и право",Вологодская область,"Вологда, улица Южакова, 3",ООО Топ Студия,80000.0,90000.0,RUR,85000.0,True,Опыт 3-6 лет,,,,2026-09-13T11:44:57+03:00,https://hh.ru/vacancy/137179845,559,False
hh.ru,137049439,Диспетчер,Транспорт и логистика,Вологодская область,"Вологда, Советский проспект, 53",ВО ССППД РИТУАЛ,55000.0,0.0,RUR,27500.0,False,Без опыта,,,,2026-09-13T11:44:57+03:00,https://hh.ru/vacancy/137049439,981,False
hh.ru,137236105,"Заместитель директора БО ""Сосновка""",Управление,Вологодская область,"деревня Круглое, территория базы отдыха Сосновка",ФосАгро. Прочее,,,,,False,Опыт 1-3 года,,,,2026-09-13T11:44:57+03:00,https://hh.ru/vacancy/137236105,1029,False
hh.ru,136998738,Администратор медицинского центра (Ветеранов 3),Медицина и фармацевтика,Вологодская область,"Череповец, улица Ветеранов, 3",ООО Медицинский центр Вита,50000.0,0.0,RUR,25000.0,False,Без опыта,,,,2026-09-13T11:44:57+03:00,https://hh.ru/vacancy/136998738,258,False
hh.ru,137190797,Бухгалтер,"Финансы, бухгалтерия и право",Вологодская область,"Череповец, Комсомольская улица, 28",ООО РусРегионСтрой,60000.0,60000.0,RUR,60000.0,False,Опыт 1-3 года,,,,2026-09-13T11:44:57+03:00,https://hh.ru/vacancy/137190797,450,False
hh.ru,137252432,Ведущий специалист отдела сопровождения олимпиадного движения,Прочие профессии,Вологодская область,"Вологда, Козлёнская улица, 57",АОУ ВО ДПО Вологодский Институт Развития Образования,39000.0,0.0,RUR,19500.0,False,Без опыта,,,,2026-09-13T11:44:57+03:00,https://hh.ru/vacancy/137252432,593,False
hh.ru,136278063,Дизайнер - печатник (печатница),"Маркетинг, медиа и дизайн",Вологодская область,"Вологда, Говоровский проезд, 6",ООО ПФ Метиз Плюс,50000.0,70000.0,RUR,60000.0,True,Без опыта,,,,2026-09-13T11:44:57+03:00,https://hh.ru/vacancy/136278063,955,False
hh.ru,136948852,Оператор склада (Череповец),Прочие профессии,Вологодская область,"Череповец, Кирилловское шоссе, 2",Ozon Производство,17000.0,0.0,RUR,8500.0,True,Без опыта,,,,2026-09-13T11:44:57+03:00,https://hh.ru/vacancy/136948852,1720,False
hh.ru,137061738,Специалист,Прочие профессии,Вологодская область,"Вологда, улица Лермонтова, 19А",ГКУ ВО Областное казначейство,50000.0,58000.0,RUR,54000.0,False,Опыт 1-3 года,,,,2026-09-13T11:44:57+03:00,https://hh.ru/vacancy/137061738,2270,False
hh.ru,136443405,Администратор в автошколу,Продажи и клиентский сервис,Вологодская область,"Вологда, Северная улица, 16А",ООО Феликс плюс,40000.0,0.0,RUR,20000.0,False,Без опыта,,,,2026-09-13T11:44:57+03:00,https://hh.ru/vacancy/136443405,159,False
hh.ru,137126242,Специалист отдела кадров,Прочие профессии,Вологодская область,"Череповец, Северное шоссе, 40В",ООО ЗАВОД НАРТИС,,,,,False,Опыт 3-6 лет,,,,2026-09-13T11:44:57+03:00,https://hh.ru/vacancy/137126242,2339,False
hh.ru,137232061,Бухгалтер на первичную документацию,"Финансы, бухгалтерия и право",Вологодская область,"Вологда, улица Чернышевского, 135",ООО Авалон,65000.0,65000.0,RUR,65000.0,False,Опыт 1-3 года,,,,2026-09-13T11:44:57+03:00,https://hh.ru/vacancy/137232061,486,False
hh.ru,137066275,Секретарь учебной части,Прочие профессии,Вологодская область,"Вологда, Медуницинская улица, 21",БПОУ ВО Вологодский Технический Колледж,35000.0,40000.0,RUR,37500.0,False,Опыт 1-3 года,,,,2026-09-13T11:44:57+03:00,https://hh.ru/vacancy/137066275,2194,False
hh.ru,136296393,Администратор отеля (на ресепшен),Продажи и клиентский сервис,Вологодская область,"Вологда, Костромская улица, 14",ООО Отель Николаевский,45000.0,60000.0,RUR,52500.0,False,Без опыта,,,,2026-09-13T11:44:57+03:00,https://hh.ru/vacancy/136296393,285,False
hh.ru,136820837,Менеджер по работе с перевозчиками (Череповец),Прочие профессии,Вологодская область,"Череповец, проспект Луначарского, 45",ITECO,68000.0,0.0,RUR,34000.0,True,Без опыта,,,,2026-09-13T11:44:57+03:00,https://hh.ru/vacancy/136820837,1479,False
hh.ru,137134783,Специалист по персоналу,Прочие профессии,Вологодская область,"Череповец, улица Милютина, 6",БУЗ ВО Череповецкая городская Поликлиника № 1,50000.0,50000.0,RUR,50000.0,True,Опыт 1-3 года,,,,2026-09-13T11:44:57+03:00,https://hh.ru/vacancy/137134783,2432,False
hh.ru,137016974,Универсальный Бухгалтер,"Финансы, бухгалтерия и право",Воронежская область,Россия,ИП Профатило Дмитрий Владимирович,90000.0,120000.0,RUR,105000.0,False,Опыт 3-6 лет,,Удалённая работа,,2026-09-13T11:44:57+03:00,https://hh.ru/vacancy/137016974,2608,False
hh.ru,136341709,Медицинский регистратор,Медицина и фармацевтика,Воронежская область,"Воронеж, р-н Коминтерновский",БУЗ ВО ВОПАБ,65000.0,70000.0,RUR,67500.0,False,Без опыта,,,,2026-09-13T11:44:57+03:00,https://hh.ru/vacancy/136341709,1300,False
hh.ru,137104366,Специалист по обработке первичной документации,Прочие профессии,Воронежская область,"Воронеж, р-н Центральный",ООО Talent Pool,63900.0,63900.0,RUR,63900.0,False,Опыт 1-3 года,,,,2026-09-13T11:44:57+03:00,https://hh.ru/vacancy/137104366,2423,False
hh.ru,136993981,Оператор станков с программным управлением (ученик),Прочие профессии,Воронежская область,"Воронеж, р-н Советский",ОАО Корпорация НПО РИФ,90000.0,0.0,RUR,45000.0,True,Без опыта,,,,2026-09-13T11:44:57+03:00,https://hh.ru/vacancy/136993981,1725,False
hh.ru,136629996,Оператор чата поддержки,Прочие профессии,Воронежская область,Воронеж,ТОКИО-CITY,56000.0,56000.0,RUR,56000.0,True,Опыт 1-3 года,,Удалённая работа,,2026-09-13T11:44:57+03:00,https://hh.ru/vacancy/136629996,1733,False
hh.ru,136714590,Менеджер по работе с базами данных,Прочие профессии,Воронежская область,"Воронеж, р-н Ленинский",ЭФКО,85000.0,0.0,RUR,42500.0,True,Без опыта,,,,2026-09-13T11:44:57+03:00,https://hh.ru/vacancy/136714590,1454,False
hh.ru,137088936,Делопроизводитель,Транспорт и логистика,Воронежская область,"Воронеж, р-н Левобережный",ООО Воронежская эколого-промышленная компания,50000.0,50000.0,RUR,50000.0,False,Опыт 1-3 года,,,,2026-09-13T11:44:57+03:00,https://hh.ru/vacancy/137088936,924,False
hh.ru,136585548,Сервис-менеджер DDX Воронеж Небо,Прочие профессии,Воронежская область,"Воронеж, р-н Советский",DDX Fitness,55000.0,60000.0,RUR,57500.0,False,Без опыта,,,,2026-09-13T11:44:57+03:00,https://hh.ru/vacancy/136585548,2204,False
hh.ru,136701303,Региональный менеджер по работе со складами (Черноземье),Прочие профессии,Воронежская область,Воронеж,ОАО Хлебпром,90480.0,90480.0,RUR,90480.0,False,Опыт 1-3 года,,Удалённая работа,,2026-09-13T11:44:57+03:00,https://hh.ru/vacancy/136701303,2081,False
hh.ru,136319942,Контролер ЖКХ,Охрана и безопасность,Воронежская область,"Воронеж, р-н Ленинский",ООО РЕГИОНГАЗСЕРВИС,65000.0,90000.0,RUR,77500.0,False,Без опыта,,,,2026-09-13T11:44:57+03:00,https://hh.ru/vacancy/136319942,1198,False
hh.ru,136894126,Начальник отдела МТО,Управление,Воронежская область,"Воронеж, р-н Ленинский",НК Роснефть - АО Воронежнефтепродукт,100000.0,100000.0,RUR,100000.0,True,Опыт 3-6 лет,,,,2026-09-13T11:44:57+03:00,https://hh.ru/vacancy/136894126,1568,False
hh.ru,137220445,Кадровый делопроизводитель / Специалист по кадровому учёту,Транспорт и логистика,Воронежская область,"Воронеж, р-н Ленинский",ООО КАДиС,70000.0,70000.0,RUR,70000.0,False,Опыт 3-6 лет,,Удалённая работа,,2026-09-13T11:44:57+03:00,https://hh.ru/vacancy/137220445,1112,False
hh.ru,135633512,Персональный водитель,Транспорт и логистика,Воронежская область,Воронеж,ООО Регионэстейт,85000.0,85000.0,RUR,85000.0,False,Опыт 3-6 лет,,,,2026-09-13T11:44:57+03:00,https://hh.ru/vacancy/135633512,1825,False
hh.ru,136451887,Менеджер по работе с клиентами,Продажи и клиентский сервис,Воронежская область,"Воронеж, р-н Советский",ООО Землянскмолоко,90000.0,90000.0,RUR,90000.0,False,Опыт 1-3 года,,,,2026-09-13T11:44:57+03:00,https://hh.ru/vacancy/136451887,1465,False
hh.ru,136640824,Менеджер по логистике,Транспорт и логистика,Воронежская область,"Воронеж, р-н Коминтерновский",ITECO,80000.0,0.0,RUR,40000.0,True,Без опыта,,,,2026-09-13T11:44:57+03:00,https://hh.ru/vacancy/136640824,1381,False
hh.ru,137174294,Региональный менеджер по продажам,Продажи и клиентский сервис,Воронежская область,Воронеж,AceCase,180000.0,180000.0,RUR,180000.0,True,Опыт 3-6 лет,,,,2026-09-13T11:44:57+03:00,https://hh.ru/vacancy/137174294,2079,False
hh.ru,137208332,Региональный представитель - менеджер,Прочие профессии,Воронежская область,"Воронеж, р-н Ленинский",ООО НПФ Мегамикс,200000.0,200000.0,RUR,200000.0,True,Опыт 1-3 года,,,,2026-09-13T11:44:57+03:00,https://hh.ru/vacancy/137208332,2086,False
hh.ru,136690092,Администратор / Управляющий салоном красоты,Продажи и клиентский сервис,Воронежская область,"Воронеж, р-н Центральный",Гладкое Тело,70000.0,120000.0,RUR,95000.0,True,Без опыта,,,,2026-09-13T11:44:57+03:00,https://hh.ru/vacancy/136690092,329,False
hh.ru,136467924,Менеджер чата (удаленно),Прочие профессии,Воронежская область,Воронеж,Автошкола Лидер Воронеж,60000.0,0.0,RUR,30000.0,False,Без опыта,,Удалённая работа,,2026-09-13T11:44:57+03:00,https://hh.ru/vacancy/136467924,1512,False
hh.ru,137084185,Семейный водитель,Транспорт и логистика,Воронежская область,село Новая Усмань,Косарева Марта Владимировна,100000.0,100000.0,RUR,100000.0,False,Опыт 3-6 лет,,,,2026-09-13T11:44:57+03:00,https://hh.ru/vacancy/137084185,2199,False
hh.ru,136750283,Менеджер чата (без поиска клиентов),Продажи и клиентский сервис,Воронежская область,"Краснодар, р-н Прикубанский",AURA,50000.0,70000.0,RUR,60000.0,False,Опыт 1-3 года,,Удалённая работа,,2026-09-13T11:44:57+03:00,https://hh.ru/vacancy/136750283,1511,False
hh.ru,137257860,Специалист онлайн-поддержки (чаты),Прочие профессии,Воронежская область,Воронеж,Купибилет,50000.0,50000.0,RUR,50000.0,False,Опыт 1-3 года,,Удалённая работа,,2026-09-13T11:44:57+03:00,https://hh.ru/vacancy/137257860,2328,False
hh.ru,137129196,Организатор сервиса передач в СИЗО,Прочие профессии,Воронежская область,"Воронеж, р-н Центральный",ИП Королькова Анита-Вирджиния Пламенова,70000.0,140000.0,RUR,105000.0,False,Без опыта,,,,2026-09-13T11:44:57+03:00,https://hh.ru/vacancy/137129196,1743,False
hh.ru,137213811,Водитель-рабочий в суд,Транспорт и логистика,Воронежская область,"Воронеж, р-н Центральный",Центральный районный суд города Воронежа,50000.0,53000.0,RUR,51500.0,False,Опыт 1-3 года,,,,2026-09-13T11:44:57+03:00,https://hh.ru/vacancy/137213811,782,False
hh.ru,137228446,Инженер-проектировщик,Инженерия и производство,Воронежская область,"Воронеж, р-н Ленинский",Нек. орг. АНО «СУДЕБНО-ЭКСПЕРТНЫЙ ЦЕНТР»,120000.0,120000.0,RUR,120000.0,False,Опыт 1-3 года,,Удалённая работа,,2026-09-13T11:44:57+03:00,https://hh.ru/vacancy/137228446,1079,False
hh.ru,137230195,Менеджер по кадровому делопроизводству (КДП),Инженерия и производство,Воронежская область,"Воронеж, р-н Коминтерновский",Эксперт Клининг г. Воронеж,65000.0,90000.0,RUR,77500.0,False,Опыт 1-3 года,,,,2026-09-13T11:44:57+03:00,https://hh.ru/vacancy/137230195,1378,False
hh.ru,136579777,Помощник отдела подбора/ассистент,Прочие профессии,Воронежская область,Воронеж,ЭРС Групп,40000.0,0.0,RUR,20000.0,False,Без опыта,,Удалённая работа,,2026-09-13T11:44:57+03:00,https://hh.ru/vacancy/136579777,1922,False
hh.ru,137209996,Android-разработчик,Информационные технологии,Воронежская область,"Воронеж, р-н Центральный",ООО Универсальные Решения,0.0,0.0,,,False,Без опыта,,,,2026-09-13T11:44:57+03:00,https://hh.ru/vacancy/137209996,2,False
hh.ru,137256572,Водитель-экспедитор,Транспорт и логистика,Воронежская область,"Воронеж, р-н Коминтерновский",ООО БауМастер,150000.0,150000.0,RUR,150000.0,True,Опыт 1-3 года,,,,2026-09-13T11:44:57+03:00,https://hh.ru/vacancy/137256572,799,False
hh.ru,137201430,Бухгалтер по банковским операциям,"Финансы, бухгалтерия и право",Воронежская область,Воронеж,ООО Специализированный застройщик ВЫБОР,80000.0,80000.0,RUR,80000.0,False,Опыт 3-6 лет,,,,2026-09-13T11:44:57+03:00,https://hh.ru/vacancy/137201430,528,False
hh.ru,137104177,Водитель,Транспорт и логистика,Воронежская область,Воронеж,ООО Амиталь,80000.0,80000.0,RUR,80000.0,False,Опыт 1-3 года,,,,2026-09-13T11:44:57+03:00,https://hh.ru/vacancy/137104177,647,False
hh.ru,137213438,Специалист отдела организации и обеспечения рабочих мест,Прочие профессии,Воронежская область,"Воронеж, р-н Центральный",ЭФКО,75000.0,0.0,RUR,37500.0,True,Без опыта,,,,2026-09-13T11:44:57+03:00,https://hh.ru/vacancy/137213438,2347,False
hh.ru,137155259,Специалист дистанционного замещения полевых продаж,Продажи и клиентский сервис,Воронежская область,"Воронеж, р-н Ленинский",ООО PepsiCo,76000.0,108680.0,RUR,92340.0,True,Опыт 1-3 года,,,,2026-09-13T11:44:57+03:00,https://hh.ru/vacancy/137155259,2307,False
hh.ru,136559924,Чертежник,Прочие профессии,Воронежская область,"Воронеж, р-н Центральный",Ремонт и дизайн интерьера GrandExpert,90000.0,90000.0,RUR,90000.0,False,Опыт 1-3 года,,,,2026-09-13T11:44:57+03:00,https://hh.ru/vacancy/136559924,2679,False
hh.ru,137113695,Водитель-курьер на личном автомобиле,Транспорт и логистика,Ямало-Ненецкий автономный округ,Надым,Додо Пицца Россия,0.0,0.0,,,False,Без опыта,,,,2026-09-13T11:44:57+03:00,https://hh.ru/vacancy/137113695,752,False
hh.ru,136560187,"Диспетчер (ЯНАО, г. Ноябрьск)",Транспорт и логистика,Ямало-Ненецкий автономный округ,Ноябрьск,ООО Северный Хаб,140000.0,140000.0,RUR,140000.0,False,Опыт 1-3 года,,,,2026-09-13T11:44:57+03:00,https://hh.ru/vacancy/136560187,1000,False
hh.ru,136867350,Копирайтер,"Маркетинг, медиа и дизайн",Ямало-Ненецкий автономный округ,Муравленко,ООО Институт охраны здоровья,60000.0,60000.0,RUR,60000.0,True,Опыт 1-3 года,,Удалённая работа,,2026-09-13T11:44:57+03:00,https://hh.ru/vacancy/136867350,1211,False
hh.ru,137120040,Специалист по расчетам,Прочие профессии,Ямало-Ненецкий автономный округ,"Новый Уренгой, улица 26-го съезда КПСС, 10",ООО Сити Сервис,98000.0,100000.0,RUR,99000.0,False,Опыт 1-3 года,,,,2026-09-13T11:44:57+03:00,https://hh.ru/vacancy/137120040,2469,False
hh.ru,136092146,Ассистент руководителя с функциями копирайтера / SMM-специалиста,"Маркетинг, медиа и дизайн",Ямало-Ненецкий автономный округ,Муравленко,ООО Институт охраны здоровья,70000.0,70000.0,RUR,70000.0,True,Опыт 1-3 года,,Удалённая работа,,2026-09-13T11:44:57+03:00,https://hh.ru/vacancy/136092146,373,False
hh.ru,137120042,Специалист по приему платежей,Прочие профессии,Ямало-Ненецкий автономный округ,"Новый Уренгой, улица 26-го съезда КПСС, 10",ООО Сити Сервис,86852.0,0.0,RUR,43426.0,False,Без опыта,,,,2026-09-13T11:44:57+03:00,https://hh.ru/vacancy/137120042,2440,False
hh.ru,137143818,Помощник руководителя,Прочие профессии,Ямало-Ненецкий автономный округ,"Новый Уренгой, Арктическая улица, 4",ООО ГСП-2,120000.0,120000.0,RUR,120000.0,False,Опыт 1-3 года,,,,2026-09-13T11:44:57+03:00,https://hh.ru/vacancy/137143818,1940,False
hh.ru,136623874,"Администратор общежития, г. Новый Уренгой",Продажи и клиентский сервис,Ямало-Ненецкий автономный округ,Новый Уренгой,ООО Арктик Катеринг Сервис,154000.0,154000.0,RUR,154000.0,False,Опыт 1-3 года,,,,2026-09-13T11:44:57+03:00,https://hh.ru/vacancy/136623874,280,False
hh.ru,137088026,Техник подразделения (делопроизводитель),Транспорт и логистика,Ямало-Ненецкий автономный округ,Ноябрьск,ТЭСС,65000.0,65000.0,RUR,65000.0,False,Опыт 1-3 года,,,,2026-09-13T11:44:57+03:00,https://hh.ru/vacancy/137088026,2577,False
hh.ru,137249369,Начальник смены,Управление,Ямало-Ненецкий автономный округ,"Ямало-Ненецкий автономный округ, вахтовый посёлок Бованенково",ПАО «Газпром нефть» Энергетика и автоматизация,,,,,False,Опыт 1-3 года,,,,2026-09-13T11:44:57+03:00,https://hh.ru/vacancy/137249369,1579,False
hh.ru,137229073,Специалист отдела кадров/Делопроизводитель,Транспорт и логистика,Ямало-Ненецкий автономный округ,"Новый Уренгой, Северное Кольцо, 2/5",ООО Нефтегазсервис-Групп,80000.0,80000.0,RUR,80000.0,False,Опыт 3-6 лет,,,,2026-09-13T11:44:57+03:00,https://hh.ru/vacancy/137229073,2341,False
hh.ru,137111082,Секретарь судебного заседания,Прочие профессии,Ямало-Ненецкий автономный округ,"Новый Уренгой, микрорайон Советский, 9/1А",Новоуренгойский городской суд Ямало-Ненецкого автономного округа,65000.0,85000.0,RUR,75000.0,False,Без опыта,,,,2026-09-13T11:44:57+03:00,https://hh.ru/vacancy/137111082,2193,False
hh.ru,136914205,Охранник,Охрана и безопасность,Ямало-Ненецкий автономный округ,Новый Уренгой,Лиморенко Александр Яковлевич,250000.0,0.0,RUR,125000.0,False,Без опыта,,,,2026-09-13T11:44:57+03:00,https://hh.ru/vacancy/136914205,1796,False
hh.ru,137250257,Ведущий специалист,Прочие профессии,Ямало-Ненецкий автономный округ,"Муравленко, Пионерская улица, 44А",Управление молодёжной политики Администрации города Муравленко,70000.0,70000.0,RUR,70000.0,False,Опыт 1-3 года,,,,2026-09-13T11:44:57+03:00,https://hh.ru/vacancy/137250257,580,True
hh.ru,136985764,"Водитель категории В (объект"" НК"" Роснефть"")",Транспорт и логистика,Ямало-Ненецкий автономный округ,"Тюмень, р-н Калининский",ООО ВЕСТА,150000.0,150000.0,RUR,150000.0,False,Опыт 1-3 года,,,,2026-09-13T11:44:57+03:00,https://hh.ru/vacancy/136985764,729,True
hh.ru,137094558,Электрогазосварщик,Инженерия и производство,Ямало-Ненецкий автономный округ,Новый Уренгой,ООО Компания СпецМонтажПроект,270000.0,330000.0,RUR,300000.0,False,Опыт 1-3 года,,,,2026-09-13T11:44:57+03:00,https://hh.ru/vacancy/137094558,2695,True
hh.ru,137113526,Помощник бурильщика ГНКТ,Прочие профессии,Ямало-Ненецкий автономный округ,"Новый Уренгой, улица имени В.Я. Петуха",Везерфорд,,,,,False,Опыт 1-3 года,,,,2026-09-13T11:44:57+03:00,https://hh.ru/vacancy/137113526,1879,True
hh.ru,137250257,Ведущий специалист,Прочие профессии,Ямало-Ненецкий автономный округ,"Муравленко, Пионерская улица, 44А",Управление молодёжной политики Администрации города Муравленко,70000.0,70000.0,RUR,70000.0,False,Опыт 1-3 года,,,,2026-09-13T11:44:57+03:00,https://hh.ru/vacancy/137250257,580,True
hh.ru,136985764,"Водитель категории В (объект"" НК"" Роснефть"")",Транспорт и логистика,Ямало-Ненецкий автономный округ,"Тюмень, р-н Калининский",ООО ВЕСТА,150000.0,150000.0,RUR,150000.0,False,Опыт 1-3 года,,,,2026-09-13T11:44:57+03:00,https://hh.ru/vacancy/136985764,729,True
hh.ru,137094558,Электрогазосварщик,Инженерия и производство,Ямало-Ненецкий автономный округ,Новый Уренгой,ООО Компания СпецМонтажПроект,270000.0,330000.0,RUR,300000.0,False,Опыт 1-3 года,,,,2026-09-13T11:44:57+03:00,https://hh.ru/vacancy/137094558,2695,True
hh.ru,137113526,Помощник бурильщика ГНКТ,Прочие профессии,Ямало-Ненецкий автономный округ,"Новый Уренгой, улица имени В.Я. Петуха",Везерфорд,,,,,False,Опыт 1-3 года,,,,2026-09-13T11:44:57+03:00,https://hh.ru/vacancy/137113526,1879,True
hh.ru,137210379,"Ведущий инженер в Отдел насосно-компрессорного и динамического оборудования (Сабетта, ЯНАО)",Инженерия и производство,Ямало-Ненецкий автономный округ,вахтовый посёлок Сабетта,ОАО Ямал СПГ,,,,,False,Опыт более 6 лет,,,,2026-09-13T11:44:57+03:00,https://hh.ru/vacancy/137210379,563,False
hh.ru,136492392,Оператор по добыче нефти и газа 4 разряда,Прочие профессии,Ямало-Ненецкий автономный округ,Новый Уренгой,ООО Газпром добыча Уренгой,,,,,False,Опыт 1-3 года,,,,2026-09-13T11:44:57+03:00,https://hh.ru/vacancy/136492392,1692,False
hh.ru,136971775,Водитель категория В,Транспорт и логистика,Ямало-Ненецкий автономный округ,"Новый Уренгой, улица Южная Магистраль, 1",ООО РосДорСтрой,120000.0,140000.0,RUR,130000.0,False,Опыт 1-3 года,,,,2026-09-13T11:44:57+03:00,https://hh.ru/vacancy/136971775,742,False
hh.ru,136973147,Специалист по работе с молодежью (Новый Уренгой),Прочие профессии,Ямало-Ненецкий автономный округ,Новый Уренгой,ООО Умскул,70000.0,140000.0,RUR,105000.0,False,Без опыта,,,,2026-09-13T11:44:57+03:00,https://hh.ru/vacancy/136973147,2457,False
hh.ru,136707604,Медицинская сестра/медицинский брат,Медицина и фармацевтика,Ямало-Ненецкий автономный округ,"Новый Уренгой, Мирный, 1к3А",ДЖЕЙКЕТ,120000.0,120000.0,RUR,120000.0,False,Опыт 3-6 лет,,,,2026-09-13T11:44:57+03:00,https://hh.ru/vacancy/136707604,1296,False
hh.ru,136989697,Специалист материально-технического снабжения,Прочие профессии,Ямало-Ненецкий автономный округ,Новый Уренгой,ООО Компания СпецМонтажПроект,240000.0,240000.0,RUR,240000.0,False,Опыт 1-3 года,,,,2026-09-13T11:44:57+03:00,https://hh.ru/vacancy/136989697,2322,False
hh.ru,137136385,Энергетик,Прочие профессии,Ямало-Ненецкий автономный округ,Новый Уренгой,"Интегра, Группа компаний",250000.0,250000.0,RUR,250000.0,True,Опыт 3-6 лет,,,,2026-09-13T11:44:57+03:00,https://hh.ru/vacancy/137136385,2705,False
hh.ru,137166459,Инженер-механик по системам очистки (водитель),Инженерия и производство,Ямало-Ненецкий автономный округ,Новый Уренгой,"Миррико, Группа Компаний",240000.0,240000.0,RUR,240000.0,False,Опыт 3-6 лет,,,,2026-09-13T11:44:57+03:00,https://hh.ru/vacancy/137166459,1065,False
hh.ru,137070666,"Специалист по кадрам (ЯНАО, мр. Ямбург)",Прочие профессии,Ямало-Ненецкий автономный округ,Новый Уренгой,ООО Северный Хаб,150000.0,150000.0,RUR,150000.0,False,Опыт 1-3 года,,,,2026-09-13T11:44:57+03:00,https://hh.ru/vacancy/137070666,2398,False
hh.ru,137244408,Инженер-сметчик,Инженерия и производство,Ямало-Ненецкий автономный округ,"Новый Уренгой, Привокзальная площадь, 3",ГКУ ДКСиИ ЯНАО,,,,,False,Опыт 3-6 лет,,,,2026-09-13T11:44:57+03:00,https://hh.ru/vacancy/137244408,1087,False
hh.ru,136724971,Взрывник (открытые горные работы),Прочие профессии,Ямало-Ненецкий автономный округ,Ямало-Ненецкий автономный округ,ООО СпецПрофАльянс,,,,,False,Опыт 3-6 лет,,,,2026-09-13T11:44:57+03:00,https://hh.ru/vacancy/136724971,622,False
hh.ru,137060863,Специалист по пропускам,Прочие профессии,Ямало-Ненецкий автономный округ,Новый Уренгой,ООО Лайер,,,,,False,Опыт 1-3 года,,,,2026-09-13T11:44:57+03:00,https://hh.ru/vacancy/137060863,2441,False
hh.ru,137101711,Диспетчер автомобильного транспорта,Транспорт и логистика,Ямало-Ненецкий автономный округ,"Новый Уренгой, микрорайон Строителей, 6к3",ООО ТрансСтройСибирь,170000.0,170000.0,RUR,170000.0,False,Опыт 3-6 лет,,,,2026-09-13T11:44:57+03:00,https://hh.ru/vacancy/137101711,991,False
hh.ru,136929709,Менеджер по работе с гостями в сеть апартаментов,Прочие профессии,Ярославская область,"Ярославль, р-н Кировский",Apart-comfort,50000.0,70000.0,RUR,60000.0,False,Опыт 1-3 года,,Удалённая работа,,2026-09-13T11:44:57+03:00,https://hh.ru/vacancy/136929709,1455,False
hh.ru,136995029,Менеджер по логистике (Ярославль),Транспорт и логистика,Ярославская область,"Ярославль, р-н Дзержинский",ITECO,80000.0,0.0,RUR,40000.0,True,Без опыта,,,,2026-09-13T11:44:57+03:00,https://hh.ru/vacancy/136995029,1391,False
hh.ru,136624978,Оператор ПК,Прочие профессии,Ярославская область,"Ярославль, р-н Ленинский","ООО «Трикотажная фабрика», г. Ярославль",50600.0,0.0,RUR,25300.0,True,Без опыта,,,,2026-09-13T11:44:57+03:00,https://hh.ru/vacancy/136624978,1683,False
hh.ru,137152083,Бухгалтер по первичной документации (Ярославль),"Финансы, бухгалтерия и право",Ярославская область,Ярославль,DDX Fitness,65000.0,65000.0,RUR,65000.0,True,Опыт 1-3 года,,Удалённая работа,,2026-09-13T11:44:57+03:00,https://hh.ru/vacancy/137152083,530,False
hh.ru,136654123,Комплектовщик канцтоваров,Транспорт и логистика,Ярославская область,"Ярославль, р-н Кировский",ИП Максим Лебедев,55000.0,75000.0,RUR,65000.0,False,Без опыта,,,,2026-09-13T11:44:57+03:00,https://hh.ru/vacancy/136654123,1157,False
hh.ru,136666750,Администратор,Продажи и клиентский сервис,Ярославская область,"Ярославль, р-н Ленинский",ГБУЗ ЯО Ярославская областная клиническая наркологическая больница,36000.0,0.0,RUR,18000.0,True,Без опыта,,,,2026-09-13T11:44:57+03:00,https://hh.ru/vacancy/136666750,74,False
hh.ru,134904216,Специалист отдела записи актов гражданского состояния,Прочие профессии,Ярославская область,"Ярославль, р-н Кировский",Правительство Ярославской области,55000.0,60000.0,RUR,57500.0,True,Опыт 1-3 года,,,,2026-09-13T11:44:57+03:00,https://hh.ru/vacancy/134904216,2335,False
hh.ru,136603862,Менеджер по продажам без поиска Из дома,Продажи и клиентский сервис,Ярославская область,Ярославль,Компания «ПОЗИТИВ»,80000.0,200000.0,RUR,140000.0,False,Опыт 1-3 года,,Удалённая работа,,2026-09-13T11:44:57+03:00,https://hh.ru/vacancy/136603862,1427,False
hh.ru,136874650,Упаковщик,Прочие профессии,Ярославская область,"Ярославль, р-н Ленинский","ООО «Трикотажная фабрика», г. Ярославль",51900.0,0.0,RUR,25950.0,True,Без опыта,,,,2026-09-13T11:44:57+03:00,https://hh.ru/vacancy/136874650,2612,False
hh.ru,137257862,Специалист онлайн-поддержки (чаты),Прочие профессии,Ярославская область,Ярославль,Купибилет,50000.0,50000.0,RUR,50000.0,False,Опыт 1-3 года,,Удалённая работа,,2026-09-13T11:44:57+03:00,https://hh.ru/vacancy/137257862,2329,False
hh.ru,136564029,Менеджер в пункт выдачи заказов,Прочие профессии,Ярославская область,"Рыбинск, Плеханова, 20",Lamoda,43000.0,56000.0,RUR,49500.0,True,Без опыта,,,,2026-09-13T11:44:57+03:00,https://hh.ru/vacancy/136564029,1326,False
hh.ru,137198476,Специалист отдела контроля качества/тренер,Прочие профессии,Ярославская область,Ярославль,ООО НТА,45000.0,50000.0,RUR,47500.0,False,Опыт 1-3 года,,Удалённая работа,,2026-09-13T11:44:57+03:00,https://hh.ru/vacancy/137198476,2344,False
hh.ru,136378537,Администратор детского центра (подработка),Продажи и клиентский сервис,Ярославская область,"Ярославль, р-н Дзержинский",Полиглотики (ИП Семенова Ирина Владимировна),15000.0,16000.0,RUR,15500.0,False,Без опыта,,,,2026-09-13T11:44:57+03:00,https://hh.ru/vacancy/136378537,223,False
hh.ru,136588077,Комплектовщик,Транспорт и логистика,Ярославская область,"Ярославль, р-н Фрунзенский",Т.Б.М.,101700.0,0.0,RUR,50850.0,True,Без опыта,,,,2026-09-13T11:44:57+03:00,https://hh.ru/vacancy/136588077,1154,False
hh.ru,137096975,Помощник руководителя,Прочие профессии,Ярославская область,"Ярославль, р-н Ленинский",Администрация ЯМР,50000.0,70000.0,RUR,60000.0,True,Опыт 1-3 года,,,,2026-09-13T11:44:57+03:00,https://hh.ru/vacancy/137096975,1934,False
hh.ru,137252342,Бухгалтер,"Финансы, бухгалтерия и право",Ярославская область,"Ярославль, р-н Ленинский",ООО БОЯРД,75000.0,95000.0,RUR,85000.0,False,Опыт 3-6 лет,,,,2026-09-13T11:44:57+03:00,https://hh.ru/vacancy/137252342,431,False
hh.ru,136889769,Менеджер по бронированию (посуточная аренда квартир),Прочие профессии,Ярославская область,"Ярославль, р-н Кировский",ООО ТЕХНОКРАТ,45000.0,60000.0,RUR,52500.0,False,Опыт 1-3 года,,Удалённая работа,,2026-09-13T11:44:57+03:00,https://hh.ru/vacancy/136889769,1356,False
hh.ru,137215305,Заместитель главного бухгалтера/бухгалтер по учету материалов,"Финансы, бухгалтерия и право",Ярославская область,"Ярославль, р-н Кировский",ООО Медицинский центр диагностики и профилактики,85000.0,85000.0,RUR,85000.0,True,Опыт 3-6 лет,,,,2026-09-13T11:44:57+03:00,https://hh.ru/vacancy/137215305,1022,False
hh.ru,136351238,Фандрайзер (помощь детям),Прочие профессии,Ярославская область,Ярославль,Благотворительный Фонд Жизнь Одна,80000.0,0.0,RUR,40000.0,False,Без опыта,,Удалённая работа,,2026-09-13T11:44:57+03:00,https://hh.ru/vacancy/136351238,2645,False
hh.ru,137071611,Backend-разработчик Java,Информационные технологии,Ярославская область,"Рыбинск, Центральный район, Центральный микрорайон, улица Бородулина, 6А",BIV,,,,,False,Опыт 1-3 года,,,,2026-09-13T11:44:57+03:00,https://hh.ru/vacancy/137071611,3,False
hh.ru,137122854,Дизайнер,"Маркетинг, медиа и дизайн",Ярославская область,"Ярославль, р-н Ленинский",Тензор,82000.0,118000.0,RUR,100000.0,True,Опыт 1-3 года,,Удалённая работа,,2026-09-13T11:44:57+03:00,https://hh.ru/vacancy/137122854,949,False
hh.ru,137197154,Водитель персональный,Транспорт и логистика,Ярославская область,"Ярославль, р-н Ленинский","ООО ЭКО, Завод строительных материалов",,,,,False,Опыт 3-6 лет,,,,2026-09-13T11:44:57+03:00,https://hh.ru/vacancy/137197154,774,False
hh.ru,136488922,Администратор,Продажи и клиентский сервис,Ярославская область,"Ярославль, р-н Ленинский",Клиника экспертной медицины ЛАМЭ,60000.0,80000.0,RUR,70000.0,False,Без опыта,,,,2026-09-13T11:44:57+03:00,https://hh.ru/vacancy/136488922,99,False
hh.ru,136643666,Администратор салона красоты,Продажи и клиентский сервис,Ярославская область,"Ярославль, р-н Кировский",ООО ЭкоСтудия Эталон,20000.0,40000.0,RUR,30000.0,False,Без опыта,,,,2026-09-13T11:44:57+03:00,https://hh.ru/vacancy/136643666,307,False
hh.ru,137079446,Коммуникационный / графический дизайнер,"Маркетинг, медиа и дизайн",Ярославская область,"Ярославль, р-н Кировский",Qbiri,70000.0,90000.0,RUR,80000.0,False,Опыт 3-6 лет,,Удалённая работа,,2026-09-13T11:44:57+03:00,https://hh.ru/vacancy/137079446,1149,False
hh.ru,137044561,Директор отеля,Управление,Ярославская область,"Ярославль, р-н Кировский",ИП Мухин Евгений Давыдович,,,,,False,Опыт 3-6 лет,,,,2026-09-13T11:44:57+03:00,https://hh.ru/vacancy/137044561,962,False
hh.ru,136424175,Администратор,Продажи и клиентский сервис,Ярославская область,"Ярославль, р-н Заволжский",ООО ВЕАСТОМА,60000.0,0.0,RUR,30000.0,False,Без опыта,,,,2026-09-13T11:44:57+03:00,https://hh.ru/vacancy/136424175,110,False
hh.ru,137111727,Бухгалтер,"Финансы, бухгалтерия и право",Ярославская область,"Ярославль, р-н Дзержинский",ООО Межотраслевой центр организации работ,100000.0,100000.0,RUR,100000.0,True,Опыт 3-6 лет,,,,2026-09-13T11:44:57+03:00,https://hh.ru/vacancy/137111727,439,False
hh.ru,136248458,Медицинский регистратор,Медицина и фармацевтика,Ярославская область,"Ярославль, р-н Кировский",ООО ВЕТТЕСТ,50000.0,0.0,RUR,25000.0,True,Без опыта,,,,2026-09-13T11:44:57+03:00,https://hh.ru/vacancy/136248458,1304,False
hh.ru,136373144,Администратор,Продажи и клиентский сервис,Ярославская область,"Ярославль, р-н Фрунзенский",ФГБУ ПОО ГУОР по хоккею,50000.0,0.0,RUR,25000.0,True,Без опыта,,,,2026-09-13T11:44:57+03:00,https://hh.ru/vacancy/136373144,142,False
hh.ru,136378576,Администратор детского центра,Продажи и клиентский сервис,Ярославская область,"Ярославль, р-н Кировский",Полиглотики (ИП Семенова Ирина Владимировна),30000.0,40000.0,RUR,35000.0,False,Без опыта,,,,2026-09-13T11:44:57+03:00,https://hh.ru/vacancy/136378576,222,False
hh.ru,136555668,Помощник бухгалтера,"Финансы, бухгалтерия и право",Ярославская область,"Ярославль, р-н Кировский",ИП Белкова Полина,45000.0,55000.0,RUR,50000.0,False,Без опыта,,,,2026-09-13T11:44:57+03:00,https://hh.ru/vacancy/136555668,1882,False
hh.ru,136849141,Администратор ресепшена в юридическую компанию,Продажи и клиентский сервис,Ярославская область,"Ярославль, р-н Ленинский",Юридические услуги Центр правовой поддержки населения,45000.0,60000.0,RUR,52500.0,True,Опыт 1-3 года,,,,2026-09-13T11:44:57+03:00,https://hh.ru/vacancy/136849141,298,False
hh.ru,136504122,Сборщик,Прочие профессии,Ярославская область,"Ростов Великий, Московская улица, 50",ЗАО ТРВ-АВИА,80000.0,90000.0,RUR,85000.0,False,Опыт 1-3 года,,,,2026-09-13T11:44:57+03:00,https://hh.ru/vacancy/136504122,2155,False
hh.ru,136849438,Упаковщик на склад,Прочие профессии,Еврейская автономная область,Биробиджан,Пятёрочка. Распределительные центры,100000.0,138000.0,RUR,119000.0,True,Без опыта,,,,2026-09-13T11:44:57+03:00,https://hh.ru/vacancy/136849438,2617,False
hh.ru,136845192,Складской работник,Прочие профессии,Еврейская автономная область,Биробиджан,Пятёрочка. Распределительные центры,100000.0,138000.0,RUR,119000.0,True,Без опыта,,,,2026-09-13T11:44:57+03:00,https://hh.ru/vacancy/136845192,2229,False
hh.ru,137238415,Водитель на личном автомобиле,Транспорт и логистика,Еврейская автономная область,Биробиджан,ООО Универсал,100000.0,120000.0,RUR,110000.0,False,Опыт 3-6 лет,,,,2026-09-13T11:44:57+03:00,https://hh.ru/vacancy/137238415,768,False
hh.ru,137037278,Торговый представитель / Мерчендайзер,Прочие профессии,Еврейская автономная область,Биробиджан,ООО КонсервДВ,80000.0,110000.0,RUR,95000.0,False,Опыт 1-3 года,,,,2026-09-13T11:44:57+03:00,https://hh.ru/vacancy/137037278,2592,False
hh.ru,137064812,Разнорабочий,Рабочий и обслуживающий персонал,Еврейская автономная область,Биробиджан,РТ,155000.0,0.0,RUR,77500.0,False,Без опыта,,,,2026-09-13T11:44:57+03:00,https://hh.ru/vacancy/137064812,2063,False
hh.ru,137029080,Водитель легкового автомобиля,Транспорт и логистика,Еврейская автономная область,"Свободный, Дорожный переулок",ООО Сервис-Интегратор,134500.0,134500.0,RUR,134500.0,False,Опыт 1-3 года,,,,2026-09-13T11:44:57+03:00,https://hh.ru/vacancy/137029080,755,False
hh.ru,137187184,Кассир в кассу пересчета,Продажи и клиентский сервис,Еврейская автономная область,Биробиджан,Сбер для экспертов,75000.0,75000.0,RUR,75000.0,True,Опыт 1-3 года,,,,2026-09-13T11:44:57+03:00,https://hh.ru/vacancy/137187184,1127,False
hh.ru,136635999,Регистратор/администратор,Продажи и клиентский сервис,Еврейская автономная область,"Биробиджан, проспект 60-летия СССР, 22А",Группа компаний ТАФИ,40000.0,0.0,RUR,20000.0,True,Без опыта,,,,2026-09-13T11:44:57+03:00,https://hh.ru/vacancy/136635999,2092,False
hh.ru,137230241,Управляющий многоквартирными домами,Управление,Еврейская автономная область,Биробиджан,Розенталь Групп,120000.0,0.0,RUR,60000.0,False,Без опыта,,,,2026-09-13T11:44:57+03:00,https://hh.ru/vacancy/137230241,2631,False
hh.ru,137085793,Инженер информационной безопасности,Инженерия и производство,Еврейская автономная область,"Биробиджан, проспект 60-летия СССР, 18",Гос. корп. Департамент Цифрового Развития и Связи Еврейской Автономной Области,41200.0,60900.0,RUR,51050.0,True,Без опыта,,,,2026-09-13T11:44:57+03:00,https://hh.ru/vacancy/137085793,1064,False
hh.ru,136993076,Электромонтажник в с.Екатеринославка (Амурская обл),Инженерия и производство,Еврейская автономная область,село Екатеринославка,РТ,155000.0,185000.0,RUR,170000.0,False,Опыт 1-3 года,,,,2026-09-13T11:44:57+03:00,https://hh.ru/vacancy/136993076,2700,False
hh.ru,136474470,Мастер СМР,Рабочий и обслуживающий персонал,Еврейская автономная область,Облученское городское поселение,ООО СПЕЦСТРОЙТРАНС,160000.0,0.0,RUR,80000.0,False,Без опыта,,,,2026-09-13T11:44:57+03:00,https://hh.ru/vacancy/136474470,1286,False
hh.ru,134159554,Водитель категория B,Транспорт и логистика,Еврейская автономная область,Свободный,ООО iFCM,240000.0,240000.0,RUR,240000.0,True,Опыт 1-3 года,,,,2026-09-13T11:44:57+03:00,https://hh.ru/vacancy/134159554,740,False
hh.ru,137164466,Горничная,Прочие профессии,Еврейская автономная область,Биробиджан,Российские Студенческие Отряды,70000.0,90000.0,RUR,80000.0,True,Без опыта,,,,2026-09-13T11:44:57+03:00,https://hh.ru/vacancy/137164466,883,False
hh.ru,136030394,Старший инженер строительного контроля,Инженерия и производство,Еврейская автономная область,село Ленинское,АО Бамтоннельстрой-Мост,300000.0,300000.0,RUR,300000.0,False,Опыт 3-6 лет,,,,2026-09-13T11:44:57+03:00,https://hh.ru/vacancy/136030394,2532,False
hh.ru,136332384,Мерчандайзер,Прочие профессии,Еврейская автономная область,Биробиджан,ООО С.В.,2500.0,0.0,RUR,1250.0,False,Без опыта,,,,2026-09-13T11:44:57+03:00,https://hh.ru/vacancy/136332384,1514,False
hh.ru,136916827,Фельдшер-лаборант/медицинский лабораторный техник,Медицина и фармацевтика,Еврейская автономная область,"Биробиджан, Осенняя улица, 13А",ООО ЛабОст,,,,,False,Опыт 1-3 года,,,,2026-09-13T11:44:57+03:00,https://hh.ru/vacancy/136916827,2661,False
hh.ru,137243331,Специалист 2 категории отдела капитального строительства и инвестиций,Строительство и недвижимость,Еврейская автономная область,"Биробиджан, посёлок Швейный, Черноморская улица, 6",Филиал АО Дальневосточная Распределительная Сетевая Компания г. Биробиджан,65000.0,0.0,RUR,32500.0,False,Без опыта,,,,2026-09-13T11:44:57+03:00,https://hh.ru/vacancy/137243331,2280,False
hh.ru,136162558,Электромонтер по ремонту и обслуживанию электрооборудования 5 разряда,Инженерия и производство,Еврейская автономная область,"Облучье, Деповская улица, 5",Рпт Групп,200000.0,200000.0,RUR,200000.0,False,Опыт 3-6 лет,,,,2026-09-13T11:44:57+03:00,https://hh.ru/vacancy/136162558,2702,False
hh.ru,137246731,Водитель-курьер в банк (доставка документов),Транспорт и логистика,Еврейская автономная область,Биробиджан,ИП Лесин Андрей Александрович,200000.0,0.0,RUR,100000.0,False,Без опыта,,,,2026-09-13T11:44:57+03:00,https://hh.ru/vacancy/137246731,744,False
hh.ru,136394721,Администратор-менеджер торгового зала,Продажи и клиентский сервис,Еврейская автономная область,Биробиджан,ИП Скибин Евгений Владимирович,120000.0,200000.0,RUR,160000.0,False,Без опыта,,,,2026-09-13T11:44:57+03:00,https://hh.ru/vacancy/136394721,267,False
hh.ru,136967619,Младший специалист по подбору персонала / Ассистент,Прочие профессии,Еврейская автономная область,Биробиджан,ИП Салюкова Юлия Владимировна,65000.0,85000.0,RUR,75000.0,False,Без опыта,,Удалённая работа,,2026-09-13T11:44:57+03:00,https://hh.ru/vacancy/136967619,1527,False
hh.ru,131580658,Начинающий специалист по подбору персонала (удаленно),Прочие профессии,Еврейская автономная область,Биробиджан,Ozon Производство,46000.0,0.0,RUR,23000.0,True,Без опыта,,,,2026-09-13T11:44:57+03:00,https://hh.ru/vacancy/131580658,1596,False
hh.ru,137248252,Дезинфектор (Дератизация и дезинсекция),Прочие профессии,Еврейская автономная область,"Биробиджан, Пионерская улица, 62",ООО Эколайф,15000.0,25000.0,RUR,20000.0,True,Без опыта,,,,2026-09-13T11:44:57+03:00,https://hh.ru/vacancy/137248252,916,False
hh.ru,136661017,Медицинская сестра/Медицинский брат,Медицина и фармацевтика,Еврейская автономная область,Биробиджан,ООО ЮНИЛАБ - Хабаровск,72000.0,72000.0,RUR,72000.0,False,Опыт 1-3 года,,,,2026-09-13T11:44:57+03:00,https://hh.ru/vacancy/136661017,1298,False
hh.ru,136523698,Заместитель начальника отдела культуры,Управление,Еврейская автономная область,"село Ленинское, улица Кагыкина, 3",Администрация Ленинского Муниципального района,45024.0,83035.0,RUR,64029.5,True,Без опыта,,,,2026-09-13T11:44:57+03:00,https://hh.ru/vacancy/136523698,1039,False
hh.ru,134290645,Монтер пути,Прочие профессии,Еврейская автономная область,Приамурский,ОАО Российские железные дороги,80000.0,0.0,RUR,40000.0,True,Без опыта,,,,2026-09-13T11:44:57+03:00,https://hh.ru/vacancy/134290645,1550,False
hh.ru,137241217,Сотрудник кассы самообслуживания СМ-Б,Прочие профессии,Еврейская автономная область,"Биробиджан, Советская улица, 58",ООО РБ-Групп,3080.0,0.0,RUR,1540.0,False,Без опыта,,,,2026-09-13T11:44:57+03:00,https://hh.ru/vacancy/137241217,2249,False
hh.ru,136756176,"Пекарь (Николаевка, Чапаева, 7/1)",Рабочий и обслуживающий персонал,Еврейская автономная область,"Николаевка, Чапаева, 7/1",Пятёрочка. Команда магазинов,56500.0,62200.0,RUR,59350.0,True,Без опыта,,,,2026-09-13T11:44:57+03:00,https://hh.ru/vacancy/136756176,1819,False
hh.ru,136269673,"Продавец (Ленинское, Ленинское, Ленина, 10)",Продажи и клиентский сервис,Еврейская автономная область,"Ленинское, Ленина, 10",Пятёрочка. Команда магазинов,45000.0,55000.0,RUR,50000.0,True,Без опыта,,,,2026-09-13T11:44:57+03:00,https://hh.ru/vacancy/136269673,2018,False
hh.ru,136747670,"Пекарь (Ленинское, Ленинское, Ленина, 10)",Рабочий и обслуживающий персонал,Еврейская автономная область,"Ленинское, Ленина, 10",Пятёрочка. Команда магазинов,47000.0,58000.0,RUR,52500.0,True,Без опыта,,,,2026-09-13T11:44:57+03:00,https://hh.ru/vacancy/136747670,1818,False
hh.ru,133537183,Специалист поддержки,Прочие профессии,Еврейская автономная область,Биробиджан,Компания maxim,25000.0,50000.0,RUR,37500.0,False,Без опыта,,Удалённая работа,,2026-09-13T11:44:57+03:00,https://hh.ru/vacancy/133537183,2495,False
hh.ru,136532708,Официант,Продажи и клиентский сервис,Еврейская автономная область,"Биробиджан, Советская улица, 59Б",Суши бар Тунец,56000.0,0.0,RUR,28000.0,False,Без опыта,,,,2026-09-13T11:44:57+03:00,https://hh.ru/vacancy/136532708,1790,False
hh.ru,136379635,Мойщик посуды,Прочие профессии,Еврейская автономная область,"Биробиджан, улица Шолом-Алейхема, 72",​Ресто-парк Лунариус,220.0,0.0,RUR,110.0,False,Без опыта,,,,2026-09-13T11:44:57+03:00,https://hh.ru/vacancy/136379635,1538,False
hh.ru,135170432,Машинист бульдозера от 7 разряда,Транспорт и логистика,Забайкальский край,Газимуро-Заводский муниципальный округ,ООО ТФМ-Спецтехника,281000.0,341000.0,RUR,311000.0,False,Опыт 1-3 года,,,,2026-09-13T11:44:57+03:00,https://hh.ru/vacancy/135170432,1289,False
hh.ru,136573571,Секретарь-делопроизводитель,Транспорт и логистика,Забайкальский край,"Чита, р-н Ингодинский",Филиал компании Россети Сибирь в Забайкальском крае,84000.0,84000.0,RUR,84000.0,False,Опыт 1-3 года,,,,2026-09-13T11:44:57+03:00,https://hh.ru/vacancy/136573571,2179,False
hh.ru,136816088,Диспетчер-логист,Транспорт и логистика,Забайкальский край,"Чита, р-н Центральный",ИП Астафьев Дмитрий Алексеевич,85000.0,90000.0,RUR,87500.0,False,Без опыта,,,,2026-09-13T11:44:57+03:00,https://hh.ru/vacancy/136816088,995,False
hh.ru,137048067,Специалист по сопровождению договоров,Прочие профессии,Забайкальский край,"Чита, р-н Центральный",ГеоПроМайнинг,140000.0,140000.0,RUR,140000.0,False,Опыт 3-6 лет,,,,2026-09-13T11:44:57+03:00,https://hh.ru/vacancy/137048067,2474,False
hh.ru,137198377,Оператор 1С,Прочие профессии,Забайкальский край,"Чита, р-н Центральный",ТП ЧитаАвтоСнаб,80000.0,80000.0,RUR,80000.0,False,Опыт 3-6 лет,,,,2026-09-13T11:44:57+03:00,https://hh.ru/vacancy/137198377,1631,False
hh.ru,137230258,Менеджер по персоналу,Прочие профессии,Забайкальский край,"Чита, р-н Центральный",Главное управление МЧС России по Забайкальскому краю,35000.0,45000.0,RUR,40000.0,False,Без опыта,,,,2026-09-13T11:44:57+03:00,https://hh.ru/vacancy/137230258,1402,False
hh.ru,137267572,Охранник,Охрана и безопасность,Забайкальский край,Москва,ООО Пэйскилл,250000.0,350000.0,RUR,300000.0,False,Без опыта,,,,2026-09-13T11:44:57+03:00,https://hh.ru/vacancy/137267572,1798,False
hh.ru,136300248,Оператор ПК/корректор анкет тайных покупателей,Прочие профессии,Забайкальский край,Сретенск,ООО Сервизория,10000.0,0.0,RUR,5000.0,True,Без опыта,,Удалённая работа,,2026-09-13T11:44:57+03:00,https://hh.ru/vacancy/136300248,1684,False
hh.ru,136671809,Продавец-консультант в магазин,Продажи и клиентский сервис,Забайкальский край,"Чита, р-н Ингодинский",Вегос-М,70000.0,0.0,RUR,35000.0,False,Без опыта,,,,2026-09-13T11:44:57+03:00,https://hh.ru/vacancy/136671809,2008,False
hh.ru,137017007,Водитель,Транспорт и логистика,Забайкальский край,"Чита, р-н Центральный",ИП Цыденов Аюр Цырендоржиевич,100000.0,100000.0,RUR,100000.0,False,Опыт 3-6 лет,,,,2026-09-13T11:44:57+03:00,https://hh.ru/vacancy/137017007,640,False
hh.ru,137187249,Главный инженер,Инженерия и производство,Забайкальский край,"Чита, р-н Центральный",АО Агентство территориального развития Забайкальского края,300000.0,300000.0,RUR,300000.0,False,Опыт 3-6 лет,,,,2026-09-13T11:44:57+03:00,https://hh.ru/vacancy/137187249,858,False
hh.ru,136474438,Администратор,Продажи и клиентский сервис,Забайкальский край,"Чита, р-н Центральный",ИП Крутикова Людмила Анатольевна,80000.0,0.0,RUR,40000.0,False,Без опыта,,,,2026-09-13T11:44:57+03:00,https://hh.ru/vacancy/136474438,91,False
hh.ru,136859351,Специалист службы безопасности,Охрана и безопасность,Забайкальский край,"Нерюнгринский район, вахтовый посёлок Эльгинский",АО Азот-Взрыв,250560.0,250560.0,RUR,250560.0,False,Опыт 1-3 года,,,,2026-09-13T11:44:57+03:00,https://hh.ru/vacancy/136859351,2500,False
hh.ru,136581655,Секретарь-делопроизводитель,Транспорт и логистика,Забайкальский край,"Чита, р-н Центральный","ООО Забайкальский краевой центр межевания земель, оценки и строительства",60000.0,0.0,RUR,30000.0,False,Без опыта,,,,2026-09-13T11:44:57+03:00,https://hh.ru/vacancy/136581655,2177,False
hh.ru,137087330,Специалист по кадрам,Прочие профессии,Забайкальский край,"Чита, р-н Центральный",ООО Забайкальская Угольная Компания,70000.0,70000.0,RUR,70000.0,False,Опыт 1-3 года,,,,2026-09-13T11:44:57+03:00,https://hh.ru/vacancy/137087330,2393,False
hh.ru,137069955,Охранник в офис,Охрана и безопасность,Забайкальский край,"Чита, р-н Железнодорожный",Агентство безопасности Контрольный Пост,4000.0,0.0,RUR,2000.0,True,Без опыта,,,,2026-09-13T11:44:57+03:00,https://hh.ru/vacancy/137069955,1807,False
hh.ru,137051332,Водитель,Транспорт и логистика,Забайкальский край,"Чита, р-н Ингодинский",ООО Забтранс 1,150000.0,150000.0,RUR,150000.0,False,Опыт 1-3 года,,,,2026-09-13T11:44:57+03:00,https://hh.ru/vacancy/137051332,651,False
hh.ru,136950696,Оператор склада (Чита),Прочие профессии,Забайкальский край,"Чита, р-н Центральный",Ozon Производство,17000.0,0.0,RUR,8500.0,True,Без опыта,,,,2026-09-13T11:44:57+03:00,https://hh.ru/vacancy/136950696,1721,False
hh.ru,137033811,Водитель автомобиля категории С,Транспорт и логистика,Забайкальский край,"Чита, р-н Железнодорожный",ООО Ресурсинвест,,,,,False,Опыт 1-3 года,,,,2026-09-13T11:44:57+03:00,https://hh.ru/vacancy/137033811,686,False
hh.ru,136294897,Кассир билетный на железнодорожном транспорте,Продажи и клиентский сервис,Забайкальский край,"Чита, р-н Центральный",АО Забайкальская пригородная пассажирская компания,62000.0,65000.0,RUR,63500.0,True,Без опыта,,,,2026-09-13T11:44:57+03:00,https://hh.ru/vacancy/136294897,1125,False
hh.ru,137132345,Водитель автомобиля легкового,Транспорт и логистика,Забайкальский край,вахтовый посёлок Эльгинского угольного разреза,ЭЛЬГА,211000.0,211000.0,RUR,211000.0,False,Опыт 1-3 года,,,,2026-09-13T11:44:57+03:00,https://hh.ru/vacancy/137132345,687,False
hh.ru,137200127,Начальник строительного участка,Строительство и недвижимость,Забайкальский край,"Чита, р-н Центральный",ООО Газстройсервис-Т,250000.0,350000.0,RUR,300000.0,False,Опыт более 6 лет,,,,2026-09-13T11:44:57+03:00,https://hh.ru/vacancy/137200127,1580,False
hh.ru,137241426,Механик по транспорту,Инженерия и производство,Забайкальский край,"Чита, р-н Черновский",ООО Промышленная компания Глобал,375000.0,400000.0,RUR,387500.0,False,Опыт более 6 лет,,,,2026-09-13T11:44:57+03:00,https://hh.ru/vacancy/137241426,1518,False
hh.ru,137257248,Бухгалтер,"Финансы, бухгалтерия и право",Забайкальский край,"Чита, р-н Ингодинский",ООО С-Сервис-Чита,80000.0,100000.0,RUR,90000.0,False,Опыт более 6 лет,,,,2026-09-13T11:44:57+03:00,https://hh.ru/vacancy/137257248,451,False
hh.ru,137099540,IT-инженер,Инженерия и производство,Забайкальский край,село Козлово,ГеоПроМайнинг,284000.0,284000.0,RUR,284000.0,False,Опыт 1-3 года,,,,2026-09-13T11:44:57+03:00,https://hh.ru/vacancy/137099540,15,False
hh.ru,137003870,Копирайтер,"Маркетинг, медиа и дизайн",Забайкальский край,"Чита, р-н Центральный",Pro marketing (Коротина Ксения Сергеевна),50000.0,0.0,RUR,25000.0,False,Без опыта,,,,2026-09-13T11:44:57+03:00,https://hh.ru/vacancy/137003870,1209,False
hh.ru,137221823,Партнер по работе с молодежью (Чита),Прочие профессии,Забайкальский край,"Чита, р-н Центральный",ООО Умскул,70000.0,140000.0,RUR,105000.0,False,Без опыта,,,,2026-09-13T11:44:57+03:00,https://hh.ru/vacancy/137221823,1814,False
hh.ru,137131055,Нумеровщик,Прочие профессии,Забайкальский край,"Чита, р-н Центральный",ООО Экспресс-Издательство,0.0,0.0,,,False,Без опыта,,,,2026-09-13T11:44:57+03:00,https://hh.ru/vacancy/137131055,1607,False
hh.ru,136981875,Администратор,Продажи и клиентский сервис,Забайкальский край,"Киров, р-н Первомайский",Levita (ИП Микерин Илья Андреевич),50000.0,70000.0,RUR,60000.0,False,Без опыта,,,,2026-09-13T11:44:57+03:00,https://hh.ru/vacancy/136981875,63,False
hh.ru,136443099,Кухонный работник,Прочие профессии,Забайкальский край,"Чита, р-н Центральный",ООО Шанхай Спецтехника,30000.0,30000.0,RUR,30000.0,False,Опыт 1-3 года,,,,2026-09-13T11:44:57+03:00,https://hh.ru/vacancy/136443099,1241,False
hh.ru,137190417,Водитель самосвала,Транспорт и логистика,Забайкальский край,Чита,ООО Механизированная Колонна-727,237000.0,245000.0,RUR,241000.0,False,Опыт 3-6 лет,,,,2026-09-13T11:44:57+03:00,https://hh.ru/vacancy/137190417,786,False
hh.ru,137164000,Лаборант химического анализа,Образование и наука,Забайкальский край,Билибино,ООО УК Золотые проекты,190000.0,190000.0,RUR,190000.0,False,Опыт 1-3 года,,,,2026-09-13T11:44:57+03:00,https://hh.ru/vacancy/137164000,1245,False
hh.ru,137081352,Водитель с категорией СЕ,Транспорт и логистика,Забайкальский край,Чита,ИП Горюнова Екатерина Юрьевна,100000.0,100000.0,RUR,100000.0,False,Опыт 3-6 лет,,,,2026-09-13T11:44:57+03:00,https://hh.ru/vacancy/137081352,785,False
hh.ru,137131896,Инженер ПТО (г. Чита),Инженерия и производство,Забайкальский край,"Чита, р-н Центральный",ООО Мангазея Майнинг,0.0,0.0,,,False,Без опыта,,,,2026-09-13T11:44:57+03:00,https://hh.ru/vacancy/137131896,1085,False
