Код_ISO_субъекта,Субъект_РФ,Место_в_регионе,Профессиональная_группа,Сложность_поиска_работы_в_группе_1_10,Индекс_при_других_настройках_min,Индекс_при_других_настройках_max,Лучшее_место_при_других_настройках,Худшее_место_при_других_настройках,Потребность_в_общем_числе_рабочих_мест_pct,Требуется_работников_человек,Списочная_численность_работников_человек,Требуется_на_10_тыс_рабочей_силы,Эквивалент_вакансий_с_учетом_оплаты,Оценочная_зарплата_группы_2025_руб,Оценочный_зарплатный_запас_группы_2025_руб,Средняя_зарплата_группы_по_РФ_2025_руб,Привлекательность_зарплаты_1_10,Вес_качества_оплаты_0_1,Медианная_зарплата_региона_2025_руб,Прожиточный_минимум_трудоспособных_2025_руб,Лог_отношение_доли_занятых_к_доле_вакансий,Kappa_метод_моментов,Оценка_межрегиональной_дисперсии,Робастный_z_доли_вакансий,Статус_наблюдения,Структурный_ноль_локального_рынка,Размер_группы_к_медианной_группе_региона,Сложность_трудоустройства_в_регионе_1_10,Скорректированная_доля_вакансий_pct,Доля_вакансий_с_учетом_оплаты_pct,Вес_региональных_данных_pct,Доля_группы_среди_занятых_pct,Доля_группы_среди_вакансий_pct
RU-AD,Республика Адыгея,1,Офисные и учётные служащие,9.3,9.16,9.43,1,1,2.54,104.53,4011.72,4.92,69.78562590683173,34497.585836446146,17874.585836446146,64878.0,2.45,0.6676133732596549,51673.0,16623.0,0.9591485813928287,101.86360214376505,0.0006524156213050596,-2.79,Устойчивая база,False,0.6470724862092325,6.78,2.65,1.77,97.6,7.08,2.64
RU-AD,Республика Адыгея,2,"Обслуживание, торговля и охрана",8.99,8.84,9.14,2,2,3.65,273.84,7234.1,12.88,167.70970518321857,31646.44900647259,15023.44900647259,59516.0,1.95,0.6124368433509297,51673.0,16623.0,0.6036315777675514,111.62161988428772,0.0006390395513437586,-1.22,Устойчивая база,False,1.1668279621923288,6.78,3.71,2.27,98.5,12.76,6.91
RU-AD,Республика Адыгея,3,Руководители,8.24,8.23,8.24,3,3,3.58,164.17,4427.79,7.72,164.17,94642.64162010311,78019.64162010311,177990.0,8.72,1.0,51673.0,16623.0,0.6319673452939637,146.16402115495765,0.0002852555978408675,-0.07,Устойчивая база,False,0.7141827155714701,6.78,3.61,3.61,96.9,7.81,4.14
RU-AD,Республика Адыгея,4,Неквалифицированные рабочие,7.06,6.83,7.28,4,4,6.6,529.88,7502.47,24.92,283.9014803609833,27685.59144465368,11062.59144465368,52067.0,1.43,0.5357844801860484,51673.0,16623.0,-0.011696157381490898,70.670421472643,0.0011936050185097405,-0.15,Устойчивая база,False,1.2101148424142714,6.78,6.62,3.55,99.1,13.23,13.37
RU-AD,Республика Адыгея,5,Специалисты высшей квалификации,6.18,6.03,6.32,5,5,5.42,896.43,15657.42,42.16,896.43,54767.13748855205,38144.13748855205,102998.0,5.75,1.0,51673.0,16623.0,0.20039126141548672,144.61887250545854,0.00038278707116992195,-0.1,Устойчивая база,False,2.5254717894125616,6.78,5.42,5.42,99.1,27.62,22.61
RU-AD,Республика Адыгея,6,Специалисты средней квалификации,5.09,4.97,5.2,6,6,6.88,491.06,6648.47,23.1,433.1660679776495,45580.96817213595,28957.968172135952,85722.0,4.45,0.8821041583058068,51673.0,16623.0,-0.052574097752619155,103.46780906003967,0.000599737808997421,0.32,Устойчивая база,False,1.0723684634988226,6.78,6.88,6.07,98.6,11.73,12.39
RU-AD,Республика Адыгея,7,"Операторы машин, сборщики и водители",2.74,2.5,3.0,7,7,10.13,698.53,6199.8,32.86,698.53,52067.54373887362,35444.54373887362,97921.0,5.36,1.0,51673.0,16623.0,-0.47169853880721613,119.67320227989055,0.0006663313462581509,0.72,Устойчивая база,False,1.0,6.78,10.11,10.11,98.3,10.94,17.62
RU-AD,Республика Адыгея,8,Сельское и лесное хозяйство,2.68,2.48,2.87,8,8,14.63,27.0,157.5,1.27,19.2677739017689,36874.95114170757,20251.95114170757,69349.0,2.98,0.7136212556210704,51673.0,16623.0,-0.6585501478741321,8.672962346589573,0.01170183158124693,0.56,"Малый локальный рынок, но спрос наблюдается — строка сохранена со сглаживанием",False,0.025404045291783604,6.78,13.44,9.59,26.5,0.28,0.68
RU-AD,Республика Адыгея,9,"Промышленность, строительство и транспорт",2.03,1.75,2.31,9,9,13.82,779.0,4857.15,36.64,779.0,52173.35803002706,35550.35803002706,98120.0,5.4,1.0,51673.0,16623.0,-0.8247117750750529,52.95679822120663,0.0017222836868633143,1.31,Устойчивая база,False,0.783436562469757,6.78,13.79,13.79,99.1,8.57,19.65
RU-AL,Республика Алтай,1,Неквалифицированные рабочие,8.43,8.37,8.5,1,1,5.81,280.68,4551.44,29.98,150.38398789862006,29675.49500406466,11313.495004064662,52067.0,1.46,0.5357844801860484,55387.0,18362.0,0.4526790016629518,70.670421472643,0.0011936050185097405,-0.43,Устойчивая база,False,1.8717419376064088,7.12,5.86,3.14,98.6,15.69,9.89
RU-AL,Республика Алтай,2,Сельское и лесное хозяйство,7.36,7.1,7.5,2,2,6.06,23.0,356.5,2.46,16.413288879284618,39525.34048508423,21163.340485084227,69349.0,3.16,0.7136212556210704,55387.0,18362.0,0.39855416461886634,8.672962346589573,0.01170183158124693,-0.85,Устойчивая база,False,0.14660766719031446,7.12,6.22,4.44,97.8,1.23,0.81
RU-AL,Республика Алтай,3,Специалисты высшей квалификации,6.53,6.23,6.83,3,3,5.76,640.5,10481.48,68.42,640.5,58703.5288076642,40341.5288076642,102998.0,6.19,1.0,55387.0,18362.0,0.46826467915034586,144.61887250545854,0.00038278707116992195,0.1,Устойчивая база,False,4.31042168724246,7.12,5.76,5.76,98.7,36.13,22.56
RU-AL,Республика Алтай,4,Руководители,4.01,3.52,4.52,4,4,9.25,247.79,2431.66,26.47,247.79,101445.08721019974,83083.08721019974,177990.0,8.95,1.0,55387.0,18362.0,-0.014818210970397384,146.16402115495765,0.0002852555978408675,2.65,Устойчивая база,False,1.0,7.12,9.0,9.0,94.8,8.38,8.73
RU-AL,Республика Алтай,5,Специалисты средней квалификации,3.53,3.19,3.87,5,7,10.54,427.97,3631.6,45.71,377.5141166301362,48857.10301608372,30495.103016083718,85722.0,4.62,0.8821041583058068,55387.0,18362.0,-0.18006693684196828,103.46780906003967,0.000599737808997421,1.53,Устойчивая база,False,1.4934653693361737,7.12,10.44,9.21,97.5,12.52,15.08
RU-AL,Республика Алтай,6,"Обслуживание, торговля и охрана",3.5,3.29,3.69,5,7,13.28,493.4,3222.53,52.7,302.17633850934874,33921.039442677946,15559.039442677946,59516.0,2.04,0.6124368433509297,55387.0,18362.0,-0.4394754972881317,111.62161988428772,0.0006390395513437586,1.94,Устойчивая база,False,1.325238725808707,7.12,13.12,8.04,97.1,11.11,17.38
RU-AL,Республика Алтай,7,Офисные и учётные служащие,3.45,3.2,3.75,5,7,12.84,176.71,1199.68,18.88,117.97395918871362,36977.1019047325,18615.101904732503,64878.0,2.58,0.6676133732596549,55387.0,18362.0,-0.377696086043031,101.86360214376505,0.0006524156213050596,2.37,Устойчивая база,False,0.49335844649334204,7.12,12.45,8.31,93.1,4.14,6.23
RU-AL,Республика Алтай,8,"Операторы машин, сборщики и водители",2.93,2.56,3.32,8,8,11.29,272.19,2139.67,29.07,272.19,55809.90159396577,37447.90159396577,97921.0,5.67,1.0,55387.0,18362.0,-0.2557054017845003,119.67320227989055,0.0006663313462581509,1.07,Устойчивая база,False,0.8799215350830298,7.12,11.17,11.17,95.3,7.38,9.59
RU-AL,Республика Алтай,9,"Промышленность, строительство и транспорт",1.97,1.65,2.28,9,9,21.71,276.38,996.84,29.52,276.38,55923.32129369514,37561.32129369514,98120.0,5.69,1.0,55387.0,18362.0,-0.9703420627913496,52.95679822120663,0.0017222836868633143,2.89,Устойчивая база,False,0.40994217941653033,7.12,21.26,21.26,96.0,3.44,9.74
RU-ALT,Алтайский край,1,Руководители,9.15,9.1,9.21,1,1,2.49,605.83,23729.99,5.32,605.83,100622.71293180625,83420.71293180625,177990.0,8.96,1.0,54938.0,17202.0,0.6944720521819021,146.16402115495765,0.0002852555978408675,-1.08,Устойчивая база,False,0.6498287113231263,8.05,2.5,2.5,99.4,7.55,3.76
RU-ALT,Алтайский край,2,Неквалифицированные рабочие,8.84,8.67,9.02,2,2,3.65,1611.3,42554.39,14.16,863.3095329237798,29434.927772461127,12232.927772461127,52067.0,1.57,0.5357844801860484,54938.0,17202.0,0.30047832627134535,70.670421472643,0.0011936050185097405,-1.43,Устойчивая база,False,1.1653213682282095,8.05,3.66,1.96,99.8,13.53,10.01
RU-ALT,Алтайский край,3,Сельское и лесное хозяйство,8.56,8.43,8.68,3,3,3.7,186.67,4861.08,1.64,133.2116797867852,39204.92454131036,22002.924541310364,69349.0,3.32,0.7136212556210704,54938.0,17202.0,0.28633972093201243,8.672962346589573,0.01170183158124693,-1.6,Устойчивая база,False,0.13311718007629258,8.05,3.72,2.65,99.8,1.55,1.16
RU-ALT,Алтайский край,4,Специалисты высшей квалификации,7.8,7.78,7.82,4,4,3.73,3082.83,79476.03,27.09,3082.83,58227.643050453284,41025.643050453284,102998.0,6.26,1.0,54938.0,17202.0,0.2771081165326247,144.61887250545854,0.00038278707116992195,-1.35,Устойчивая база,False,2.176393928357244,8.05,3.73,3.73,99.8,25.27,19.16
RU-ALT,Алтайский край,5,"Обслуживание, торговля и охрана",6.95,6.73,7.17,5,5,5.68,1944.73,32313.45,17.09,1191.0243023698536,33646.05530001338,16444.05530001338,59516.0,2.18,0.6124368433509297,54938.0,17202.0,-0.16175643520142607,111.62161988428772,0.0006390395513437586,-0.17,Устойчивая база,False,0.8848805908432441,8.05,5.69,3.48,99.7,10.28,12.08
RU-ALT,Алтайский край,6,Специалисты средней квалификации,5.64,5.62,5.66,6,7,5.73,2221.13,36517.3,19.52,1959.2680091377767,48461.038249004414,31259.038249004414,85722.0,4.76,0.8821041583058068,54938.0,17202.0,-0.17202383140325148,103.46780906003967,0.000599737808997421,-0.19,Устойчивая база,False,1.0,8.05,5.73,5.06,99.7,11.61,13.8
RU-ALT,Алтайский край,7,Офисные и учётные служащие,5.61,5.49,5.72,6,7,6.85,1078.18,14661.34,9.47,719.8073867810946,36677.343500138915,19475.343500138915,64878.0,2.86,0.6676133732596548,54938.0,17202.0,-0.360125725746312,101.86360214376505,0.0006524156213050596,0.3,Устойчивая база,False,0.40149025256522247,8.05,6.85,4.57,99.4,4.66,6.7
RU-ALT,Алтайский край,8,"Промышленность, строительство и транспорт",5.16,5.07,5.26,8,8,5.78,2405.38,39180.92,21.14,2405.38,55469.973553957134,38267.973553957134,98120.0,5.83,1.0,54938.0,17202.0,-0.18222451146783006,52.95679822120663,0.0017222836868633143,-1.46,Устойчивая база,False,1.0729413182245127,8.05,5.79,5.79,99.9,12.46,14.95
RU-ALT,Алтайский край,9,"Операторы машин, сборщики и водители",4.33,4.2,4.46,9,9,6.7,2957.68,41172.62,25.99,2957.68,55357.47330184504,38155.47330184504,97921.0,5.77,1.0,54938.0,17202.0,-0.33867110217562796,119.67320227989055,0.0006663313462581509,-0.57,Устойчивая база,False,1.1274825904434336,8.05,6.71,6.71,99.7,13.09,18.38
RU-AMU,Амурская область,1,Неквалифицированные рабочие,6.49,6.16,6.81,1,1,6.93,1330.22,17872.77,32.54,712.7112312330853,46219.448183249464,23991.448183249464,52067.0,3.71,0.5357844801860484,86265.0,22228.0,-0.00252510513265061,70.670421472643,0.0011936050185097405,-0.04,Устойчивая база,False,1.0,3.85,6.94,3.72,99.6,10.5,10.52
RU-AMU,Амурская область,2,Руководители,5.92,5.89,5.96,2,2,5.42,729.24,12728.06,17.84,729.24,158000.26085882753,135772.26085882753,177990.0,9.84,1.0,86265.0,22228.0,0.263492271866243,146.16402115495765,0.0002852555978408675,1.1,Устойчивая база,False,0.7121481449154216,3.85,5.41,5.41,98.9,7.48,5.77
RU-AMU,Амурская область,3,Специалисты средней квалификации,5.59,5.55,5.63,3,4,6.13,1229.25,18823.44,30.07,1084.326536597413,76094.71521625042,53866.71521625042,85722.0,7.8,0.8821041583058068,86265.0,22228.0,0.12911082067262133,103.46780906003967,0.000599737808997421,0.0,Устойчивая база,False,1.053190971517006,3.85,6.13,5.41,99.5,11.06,9.72
RU-AMU,Амурская область,4,Офисные и учётные служащие,5.56,5.37,5.76,3,4,7.12,520.58,6788.03,12.73,347.54616985151114,57591.667644244124,35363.667644244124,64878.0,5.32,0.6676133732596549,86265.0,22228.0,-0.030340650377332693,101.86360214376505,0.0006524156213050596,0.42,Устойчивая база,False,0.3797973117765181,3.85,7.12,4.75,98.6,3.99,4.12
RU-AMU,Амурская область,5,"Обслуживание, торговля и охрана",4.8,4.6,5.0,5,7,8.48,1330.26,14362.53,32.54,814.7002352360078,52831.86429166795,30603.864291667953,59516.0,4.67,0.6124368433509297,86265.0,22228.0,-0.21900675690977867,111.62161988428772,0.0006390395513437586,0.8,Устойчивая база,False,0.8035984349376174,3.85,8.48,5.19,99.3,8.44,10.52
RU-AMU,Амурская область,6,"Операторы машин, сборщики и водители",4.75,4.69,4.8,5,6,6.51,1948.75,27985.47,47.67,1948.75,86923.66730466457,64695.667304664574,97921.0,8.37,1.0,86265.0,22228.0,0.06408943011521592,119.67320227989055,0.0006663313462581509,-0.66,Устойчивая база,False,1.5658160430643935,3.85,6.52,6.52,99.6,16.44,15.41
RU-AMU,Амурская область,7,Специалисты высшей квалификации,4.69,4.63,4.74,6,7,6.59,2674.68,37939.42,65.43,2674.68,91430.478498441,69202.478498441,102998.0,8.52,1.0,86265.0,22228.0,0.05345181957295665,144.61887250545854,0.00038278707116992195,0.56,Устойчивая база,False,2.1227498591432665,3.85,6.59,6.59,99.6,22.29,21.15
RU-AMU,Амурская область,8,"Промышленность, строительство и транспорт",3.81,3.73,3.89,8,8,7.63,2725.45,32976.88,66.67,2725.45,87100.31796993178,64872.317969931784,98120.0,8.38,1.0,86265.0,22228.0,-0.10664609657174189,52.95679822120663,0.0017222836868633143,-0.61,Устойчивая база,False,1.8450906043103557,3.85,7.63,7.63,99.9,19.37,21.55
RU-AMU,Амурская область,9,Сельское и лесное хозяйство,1.86,1.78,1.95,9,9,17.87,159.58,733.22,3.9,113.87967997201042,61560.53761615163,39332.53761615163,69349.0,6.01,0.7136212556210704,86265.0,22228.0,-0.8061511060935715,8.672962346589573,0.01170183158124693,0.9,"Малый локальный рынок, но спрос наблюдается — строка сохранена со сглаживанием",False,0.041024418710697896,3.85,15.08,10.76,42.7,0.43,1.26
RU-ARK,Архангельская область,1,Руководители,8.78,8.66,8.89,1,1,2.66,500.21,18274.76,10.97,500.21,138651.57070972124,116230.57070972124,177990.0,9.66,1.0,75701.0,22421.0,0.5783037641546271,146.16402115495765,0.0002852555978408675,-0.89,Устойчивая база,False,0.7984020390429185,6.77,2.67,2.67,99.2,7.8,4.37
RU-ARK,Архангельская область,2,Неквалифицированные рабочие,8.43,8.17,8.69,2,2,3.77,896.48,22889.17,19.65,480.3200707971887,40559.42093456405,18138.42093456405,52067.0,2.5,0.5357844801860484,75701.0,22421.0,0.21838503132770518,70.670421472643,0.0011936050185097405,-1.36,Устойчивая база,False,1.0,6.77,3.79,2.03,99.7,9.77,7.84
RU-ARK,Архангельская область,3,Офисные и учётные служащие,7.11,6.85,7.39,3,3,4.9,449.93,8732.14,9.86,300.3792850307165,50538.99996912913,28117.99996912913,64878.0,4.33,0.6676133732596549,75701.0,22421.0,-0.052818308557425406,101.86360214376505,0.0006524156213050596,-0.76,Устойчивая база,False,0.3814965767653436,6.77,4.93,3.29,98.9,3.73,3.93
RU-ARK,Архангельская область,4,Специалисты высшей квалификации,6.82,6.77,6.9,4,5,4.17,2579.48,59211.63,56.55,2579.48,80233.91471408431,57812.91471408431,102998.0,8.12,1.0,75701.0,22421.0,0.11401907068461503,144.61887250545854,0.00038278707116992195,-0.98,Устойчивая база,False,2.5868841028311644,6.77,4.17,4.17,99.8,25.27,22.55
RU-ARK,Архангельская область,5,Специалисты средней квалификации,6.74,6.61,6.86,5,6,4.55,1243.2,26065.02,27.25,1096.631889605779,66776.16688790788,44355.16688790788,85722.0,6.79,0.8821041583058068,75701.0,22421.0,0.023402318119998832,103.46780906003967,0.000599737808997421,-0.81,Устойчивая база,False,1.1387490241017915,6.77,4.56,4.02,99.6,11.12,10.87
RU-ARK,Архангельская область,6,"Обслуживание, торговля и охрана",6.73,6.43,7.03,4,6,5.59,1281.35,21626.21,28.09,784.7459492277137,46362.081478508735,23941.081478508735,59516.0,3.69,0.6124368433509297,75701.0,22421.0,-0.1931702685789482,111.62161988428772,0.0006390395513437586,-0.21,Устойчивая база,False,0.9448228135838914,6.77,5.6,3.43,99.5,9.23,11.2
RU-ARK,Архангельская область,7,"Операторы машин, сборщики и водители",5.55,5.53,5.56,7,7,5.12,2053.93,38055.3,45.03,2053.93,76279.00699739654,53858.006997396544,97921.0,7.79,1.0,75701.0,22421.0,-0.10075895179180114,119.67320227989055,0.0006663313462581509,-1.39,Устойчивая база,False,1.662589774989657,6.77,5.13,5.13,99.7,16.24,17.96
RU-ARK,Архангельская область,8,"Промышленность, строительство и транспорт",4.85,4.84,4.87,8,8,5.8,2355.99,38250.86,51.65,2355.99,76434.02504656356,54013.02504656356,98120.0,7.83,1.0,75701.0,22421.0,-0.2327863786321983,52.95679822120663,0.0017222836868633143,-1.45,Устойчивая база,False,1.6711335535539298,6.77,5.81,5.81,99.9,16.32,20.6
RU-ARK,Архангельская область,9,Сельское и лесное хозяйство,4.01,3.98,4.06,9,9,5.9,76.5,1220.78,1.68,54.592026055011885,54021.842671770646,31600.842671770646,69349.0,4.85,0.7136212556210704,75701.0,22421.0,-0.4435653743694877,8.672962346589573,0.01170183158124693,-0.89,Средняя база — умеренное сглаживание,False,0.05333439351448742,6.77,9.33,6.66,51.8,0.52,0.67
RU-AST,Астраханская область,1,Руководители,8.35,8.22,8.48,1,1,3.18,346.52,10550.46,6.92,346.52,90939.2100145093,72190.2100145093,177990.0,8.6,1.0,49651.0,18749.0,0.6610186694732313,146.16402115495765,0.0002852555978408675,-0.4,Устойчивая база,False,0.7570771065559301,5.3,3.2,3.2,98.7,8.13,4.19
RU-AST,Астраханская область,2,Офисные и учётные служащие,7.42,7.19,7.65,2,2,5.08,333.68,6240.21,6.66,222.76923038928163,33147.671595715125,14398.671595715125,64878.0,1.89,0.6676133732596549,49651.0,18749.0,0.17266222181099983,101.86360214376505,0.0006524156213050596,-0.65,Устойчивая база,False,0.4477833318264209,5.3,5.11,3.41,98.5,4.81,4.04
RU-AST,Астраханская область,3,"Обслуживание, торговля и охрана",6.9,6.64,7.16,3,3,5.84,979.68,15808.96,19.56,599.9921266940388,30408.10170921701,11659.101709217011,59516.0,1.49,0.6124368433509297,49651.0,18749.0,0.027222282419279566,111.62161988428772,0.0006390395513437586,-0.1,Устойчивая база,False,1.1344151529372593,5.3,5.85,3.58,99.3,12.18,11.85
RU-AST,Астраханская область,4,Специалисты высшей квалификации,6.14,6.11,6.17,4,5,5.02,1975.08,37398.06,39.44,1975.08,52624.0617623149,33875.0617623149,102998.0,5.08,1.0,49651.0,18749.0,0.18773110061629106,144.61887250545854,0.00038278707116992195,-0.36,Устойчивая база,False,2.6836000568321254,5.3,5.02,5.02,99.6,28.81,23.89
RU-AST,Астраханская область,5,Неквалифицированные рабочие,6.03,5.72,6.33,4,5,7.28,1051.53,13400.38,21.0,563.3934544500355,26602.23522571749,7853.23522571749,52067.0,1.27,0.5357844801860484,49651.0,18749.0,-0.20866669856436637,70.670421472643,0.0011936050185097405,0.06,Устойчивая база,False,0.9615809089982763,5.3,7.29,3.91,99.5,10.32,12.72
RU-AST,Астраханская область,6,Специалисты средней квалификации,5.28,5.25,5.32,6,6,6.23,1160.25,17458.99,23.17,1023.4613496743124,43797.353564041616,25048.353564041616,85722.0,3.9,0.8821041583058068,49651.0,18749.0,-0.04159620509236039,103.46780906003967,0.000599737808997421,0.04,Устойчивая база,False,1.2528175674415067,5.3,6.23,5.5,99.4,13.45,14.03
RU-AST,Астраханская область,7,"Операторы машин, сборщики и водители",4.21,4.13,4.29,7,7,6.95,1107.05,14813.49,22.1,1107.05,50030.10497123864,31281.104971238638,97921.0,4.78,1.0,49651.0,18749.0,-0.1598140208514974,119.67320227989055,0.0006663313462581509,-0.46,Устойчивая база,False,1.0629824810667217,5.3,6.96,6.96,99.3,11.41,13.39
RU-AST,Астраханская область,8,"Промышленность, строительство и транспорт",3.14,3.01,3.26,8,8,8.49,1292.14,13935.78,25.8,1292.14,50131.77867646302,31382.778676463022,98120.0,4.8,1.0,49651.0,18749.0,-0.3752627103245127,52.95679822120663,0.0017222836868633143,-0.27,Устойчивая база,False,1.0,5.3,8.5,8.5,99.7,10.74,15.63
RU-AST,Астраханская область,9,Сельское и лесное хозяйство,2.62,2.51,2.72,9,9,10.84,22.1,181.76,0.44,15.771029749225656,35432.00896284176,16683.008962841763,69349.0,2.21,0.7136212556210704,49651.0,18749.0,-0.6096947024485465,8.672962346589573,0.01170183158124693,0.07,"Малый локальный рынок, но спрос наблюдается — строка сохранена со сглаживанием",False,0.013042685805889586,5.3,12.72,9.08,13.4,0.14,0.27
RU-BA,Республика Башкортостан,1,Руководители,9.2,9.06,9.34,1,2,2.04,1089.19,52338.44,5.63,1089.19,112386.87772049516,95184.87772049516,177990.0,9.26,1.0,61361.0,17202.0,1.0182671535243155,146.16402115495765,0.0002852555978408675,-1.63,Устойчивая база,False,0.8809872603155928,6.47,2.05,2.05,99.7,8.3,2.99
RU-BA,Республика Башкортостан,2,Офисные и учётные служащие,9.18,9.02,9.35,1,2,2.67,819.5,29891.42,4.23,547.1091593862872,40965.424196585685,23763.424196585685,64878.0,3.65,0.6676133732596549,61361.0,17202.0,0.7405782046914361,101.86360214376505,0.0006524156213050596,-2.64,Устойчивая база,False,0.5031475950132008,6.47,2.69,1.79,99.7,4.74,2.25
RU-BA,Республика Башкортостан,3,Специалисты средней квалификации,8.1,8.0,8.21,3,3,3.78,2918.14,74236.18,15.07,2574.103428518507,54126.79325780261,36924.79325780261,85722.0,5.54,0.8821041583058068,61361.0,17202.0,0.38358850685317747,103.46780906003967,0.000599737808997421,-1.31,Устойчивая база,False,1.2495811650957727,6.47,3.78,3.34,99.9,11.78,8.02
RU-BA,Республика Башкортостан,4,Специалисты высшей квалификации,7.93,7.89,7.98,4,4,3.66,6892.28,181520.26,35.6,6892.28,65035.24710071105,47833.24710071105,102998.0,7.25,1.0,61361.0,17202.0,0.41850194063312524,144.61887250545854,0.00038278707116992195,-1.41,Устойчивая база,False,3.0554414030906174,6.47,3.66,3.66,99.9,28.79,18.94
RU-BA,Республика Башкортостан,5,"Обслуживание, торговля и охрана",7.36,7.11,7.63,5,5,5.26,3301.02,59408.85,17.05,2021.666268638286,37579.7371448564,20377.7371448564,59516.0,3.01,0.6124368433509297,61361.0,17202.0,0.037735279017572766,111.62161988428772,0.0006390395513437586,-0.36,Устойчивая база,False,1.0,6.47,5.26,3.22,99.8,9.42,9.07
RU-BA,Республика Башкортостан,6,Неквалифицированные рабочие,5.35,5.12,5.6,6,6,8.31,4263.23,47022.01,22.02,2284.172469463567,32876.27148869612,15674.271488696118,52067.0,2.06,0.5357844801860484,61361.0,17202.0,-0.45142618432662857,70.670421472643,0.0011936050185097405,0.36,Устойчивая база,False,0.7914984046989633,6.47,8.31,4.45,99.9,7.46,11.72
RU-BA,Республика Башкортостан,7,"Промышленность, строительство и транспорт",3.72,3.61,3.83,7,7,7.54,7336.04,89914.24,37.89,7336.04,61955.16850348326,44753.16850348326,98120.0,6.85,1.0,61361.0,17202.0,-0.346273302033968,52.95679822120663,0.0017222836868633143,-0.64,Устойчивая база,False,1.5134822505401133,6.47,7.54,7.54,99.9,14.26,20.16
RU-BA,Республика Башкортостан,8,Сельское и лесное хозяйство,3.29,3.2,3.39,8,8,8.48,256.19,2764.74,1.32,182.822629477562,43788.513866164496,26586.513866164496,69349.0,4.12,0.7136212556210704,61361.0,17202.0,-0.5587942800711366,8.672962346589573,0.01170183158124693,-0.33,"Малый локальный рынок, но спрос наблюдается — строка сохранена со сглаживанием",False,0.04653751082540732,6.47,11.03,7.87,43.7,0.44,0.7
RU-BA,Республика Башкортостан,9,"Операторы машин, сборщики и водители",2.79,2.61,2.98,9,9,9.24,9506.64,93336.44,49.11,9506.64,61829.51544057872,44627.51544057872,97921.0,6.82,1.0,61361.0,17202.0,-0.5677688161098364,119.67320227989055,0.0006663313462581509,0.43,Устойчивая база,False,1.5710864627071557,6.47,9.24,9.24,99.9,14.81,26.13
RU-BEL,Белгородская область,1,"Обслуживание, торговля и охрана",8.33,8.12,8.52,1,1,4.65,1285.88,26384.54,15.86,787.5202881280936,38649.051873347125,22412.051873347125,59516.0,3.44,0.6124368433509297,63107.0,16237.0,0.3986126093937982,111.62161988428772,0.0006390395513437586,-0.65,Устойчивая база,False,0.8436535744867805,5.6,4.66,2.86,99.6,8.77,5.87
RU-BEL,Белгородская область,2,Руководители,8.0,7.96,8.05,2,2,3.67,833.7,21906.71,10.28,833.7,115584.79640663107,99347.79640663107,177990.0,9.38,1.0,63107.0,16237.0,0.6477002988523689,146.16402115495765,0.0002852555978408675,0.0,Устойчивая база,False,0.7004736181394596,5.6,3.67,3.67,99.4,7.28,3.81
RU-BEL,Белгородская область,3,Специалисты средней квалификации,7.3,7.28,7.34,3,3,4.69,1540.59,31274.14,19.0,1358.9608452443429,55666.94711820455,39429.94711820455,85722.0,6.04,0.8821041583058068,63107.0,16237.0,0.3892484547032508,103.46780906003967,0.000599737808997421,-0.73,Устойчивая база,False,1.0,5.6,4.7,4.14,99.7,10.4,7.04
RU-BEL,Белгородская область,4,Специалисты высшей квалификации,7.23,7.18,7.27,4,4,4.39,3412.45,74256.89,42.08,3412.45,66885.79616995441,50648.79616995441,102998.0,7.51,1.0,63107.0,16237.0,0.4592936902445065,144.61887250545854,0.00038278707116992195,-0.81,Устойчивая база,False,2.3743863140601147,5.6,4.39,4.39,99.8,24.69,15.59
RU-BEL,Белгородская область,5,Офисные и учётные служащие,6.92,6.78,7.06,5,5,5.91,669.81,10672.89,8.26,447.1741135430494,42131.07714629704,25894.077146297037,64878.0,4.03,0.6676133732596549,63107.0,16237.0,0.14664824443430113,101.86360214376505,0.0006524156213050596,-0.17,Устойчивая база,False,0.34126885663362766,5.6,5.92,3.95,99.1,3.55,3.06
RU-BEL,Белгородская область,6,Неквалифицированные рабочие,4.72,4.56,4.9,6,6,9.7,3399.49,31631.52,41.92,1821.3939825476696,33811.75119110096,17574.751191100957,52067.0,2.42,0.5357844801860484,63107.0,16237.0,-0.3895530579128182,70.670421472643,0.0011936050185097405,0.71,Устойчивая база,False,1.0114273326141023,5.6,9.7,5.2,99.8,10.52,15.53
RU-BEL,Белгородская область,7,"Операторы машин, сборщики и водители",4.23,4.07,4.37,7,7,7.3,3942.61,50099.99,48.62,3942.61,63588.84683933771,47351.84683933771,97921.0,7.2,1.0,63107.0,16237.0,-0.07831468915272093,119.67320227989055,0.0006663313462581509,-0.31,Устойчивая база,False,1.6019621962426465,5.6,7.3,7.3,99.8,16.66,18.01
RU-BEL,Белгородская область,8,"Промышленность, строительство и транспорт",2.48,2.27,2.68,8,8,10.46,5390.01,46121.68,66.46,5390.01,63718.0753043353,47481.0753043353,98120.0,7.21,1.0,63107.0,16237.0,-0.47347607275630216,52.95679822120663,0.0017222836868633143,0.39,Устойчивая база,False,1.4747545416116958,5.6,10.46,10.46,99.9,15.34,24.62
RU-BEL,Белгородская область,9,Сельское и лесное хозяйство,2.26,2.12,2.41,9,9,14.4,1414.25,8403.53,17.44,1009.2388607620987,45034.49657847889,28797.496578478887,69349.0,4.44,0.7136212556210704,63107.0,16237.0,-0.8382227758766838,8.672962346589573,0.01170183158124693,0.53,Устойчивая база,False,0.2687053904599775,5.6,14.4,10.28,99.9,2.79,6.46
RU-BRY,Брянская область,1,Руководители,8.56,8.52,8.61,1,1,3.25,486.08,14485.41,8.33,486.08,100346.1460809434,82564.1460809434,177990.0,8.93,1.0,54787.0,17782.0,0.8424620401094861,146.16402115495765,0.0002852555978408675,-0.34,Устойчивая база,False,0.6445020878429035,6.3,3.26,3.26,99.0,7.8,3.35
RU-BRY,Брянская область,2,"Обслуживание, торговля и охрана",8.1,7.97,8.26,2,2,5.22,963.09,17495.0,16.5,589.8317994628469,33553.57733666739,15771.57733666739,59516.0,2.09,0.6124368433509297,54787.0,17782.0,0.34815390711161087,111.62161988428772,0.0006390395513437586,-0.37,Устойчивая база,False,0.7784083451425674,6.3,5.24,3.21,99.4,9.42,6.63
RU-BRY,Брянская область,3,Специалисты средней квалификации,7.19,7.13,7.27,3,4,5.04,1192.82,22475.35,20.43,1052.1914821103323,48327.84052110024,30545.84052110024,85722.0,4.64,0.8821041583058068,54787.0,17782.0,0.3863770256356329,103.46780906003967,0.000599737808997421,-0.54,Устойчивая база,False,1.0,6.3,5.05,4.45,99.6,12.1,8.21
RU-BRY,Брянская область,4,Неквалифицированные рабочие,7.14,6.95,7.33,3,4,6.78,1718.91,23627.75,29.44,920.9653008366005,29354.024315953033,11572.024315953033,52067.0,1.48,0.5357844801860484,54787.0,17782.0,0.07148385949984874,70.670421472643,0.0011936050185097405,-0.09,Устойчивая база,False,1.051273951239914,6.3,6.79,3.64,99.7,12.72,11.84
RU-BRY,Брянская область,5,Офисные и учётные служащие,6.44,6.39,6.51,5,5,6.72,627.63,8712.33,10.75,419.0141814589572,36576.53388077671,18794.53388077671,64878.0,2.64,0.6676133732596549,54787.0,17782.0,0.08154538241221991,101.86360214376505,0.0006524156213050596,0.24,Устойчивая база,False,0.38763934710694165,6.3,6.73,4.49,98.9,4.69,4.32
RU-BRY,Брянская область,6,Специалисты высшей квалификации,5.91,5.73,6.12,6,6,5.83,2690.84,43458.43,46.09,2690.84,58067.6012924603,40285.6012924603,102998.0,6.18,1.0,54787.0,17782.0,0.23355609202543232,144.61887250545854,0.00038278707116992195,0.14,Устойчивая база,False,1.9336041485449615,6.3,5.83,5.83,99.7,23.4,18.53
RU-BRY,Брянская область,7,"Операторы машин, сборщики и водители",2.84,2.58,3.09,7,7,10.2,2992.53,26344.56,51.26,2992.53,55205.32035727883,37423.32035727883,97921.0,5.64,1.0,54787.0,17782.0,-0.372646415107578,119.67320227989055,0.0006663313462581509,0.74,Устойчивая база,False,1.1721534926041197,6.3,10.19,10.19,99.6,14.19,20.61
RU-BRY,Брянская область,8,"Промышленность, строительство и транспорт",2.4,2.14,2.66,8,8,11.33,3416.77,26727.45,58.52,3416.77,55317.51139649513,37535.51139649513,98120.0,5.68,1.0,54787.0,17782.0,-0.49126549413046555,52.95679822120663,0.0017222836868633143,0.65,Устойчивая база,False,1.189189489818846,6.3,11.33,11.33,99.8,14.39,23.53
RU-BRY,Брянская область,9,Сельское и лесное хозяйство,2.18,1.97,2.39,9,9,15.5,431.84,2354.47,7.4,308.17020302740303,39097.16773171158,21315.167731711583,69349.0,3.18,0.7136212556210704,54787.0,17782.0,-0.8521587843838883,8.672962346589573,0.01170183158124693,0.66,Устойчивая база,False,0.10475787918764334,6.3,15.49,11.06,99.7,1.27,2.97
RU-BU,Республика Бурятия,1,Руководители,7.98,7.92,8.04,1,1,3.93,363.27,8885.56,8.35,363.27,117517.10122557342,96448.10122557342,177990.0,9.31,1.0,64162.0,21069.0,0.8903690155994182,146.16402115495765,0.0002852555978408675,0.19,Устойчивая база,False,0.6196358848728414,6.17,3.94,3.94,98.4,6.8,2.77
RU-BU,Республика Бурятия,2,Неквалифицированные рабочие,7.58,7.49,7.68,2,2,6.92,1066.87,14339.97,24.51,571.6123883760894,34377.00381769724,13308.003817697238,52067.0,1.68,0.5357844801860484,64162.0,21069.0,0.29685846873830996,70.670421472643,0.0011936050185097405,-0.05,Устойчивая база,False,1.0,6.17,6.93,3.71,99.5,10.98,8.14
RU-BU,Республика Бурятия,3,Офисные и учётные служащие,6.75,6.7,6.81,3,3,7.01,448.75,5951.81,10.31,299.59150125027014,42835.40925508598,21766.40925508598,64878.0,3.27,0.6676133732596549,64162.0,21069.0,0.2813483397626226,101.86360214376505,0.0006524156213050596,0.37,Устойчивая база,False,0.4150503801611859,6.17,7.01,4.68,98.4,4.56,3.42
RU-BU,Республика Бурятия,4,"Обслуживание, торговля и охрана",5.39,5.35,5.44,4,4,9.23,951.95,9363.84,21.87,583.0092530279176,39295.17274308235,18226.172743082352,59516.0,2.53,0.6124368433509297,64162.0,21069.0,-0.012953492269783172,111.62161988428772,0.0006390395513437586,1.01,Устойчивая база,False,0.6529888137841293,6.17,9.21,5.64,98.9,7.17,7.26
RU-BU,Республика Бурятия,5,Специалисты высшей квалификации,4.59,4.26,4.93,5,5,8.07,3426.94,39049.75,78.74,3426.94,68003.96871752127,46934.968717521275,102998.0,7.12,1.0,64162.0,21069.0,0.13491923112742132,144.61887250545854,0.00038278707116992195,1.25,Устойчивая база,False,2.723140285509663,6.17,8.06,8.06,99.7,29.9,26.13
RU-BU,Республика Бурятия,6,"Промышленность, строительство и транспорт",3.49,3.16,3.81,6,6,9.83,2085.92,19127.49,47.93,2085.92,64783.29104024532,43714.29104024532,98120.0,6.67,1.0,64162.0,21069.0,-0.08340138201095185,52.95679822120663,0.0017222836868633143,0.19,Устойчивая база,False,1.3338584390343915,6.17,9.83,9.83,99.8,14.64,15.91
RU-BU,Республика Бурятия,7,"Операторы машин, сборщики и водители",3.14,2.8,3.48,7,7,10.58,2202.8,18622.04,50.61,2202.8,64651.90218051225,43582.90218051225,97921.0,6.65,1.0,64162.0,21069.0,-0.16406020822276007,119.67320227989055,0.0006663313462581509,0.86,Устойчивая база,False,1.2986108060198174,6.17,10.57,10.57,99.4,14.26,16.8
RU-BU,Республика Бурятия,8,Специалисты средней квалификации,2.28,2.0,2.55,8,8,14.06,2404.2,14699.71,55.24,2120.7548173988207,56597.56700521718,35528.56700521718,85722.0,5.38,0.8821041583058068,64162.0,21069.0,-0.4852473407833818,103.46780906003967,0.000599737808997421,2.37,Устойчивая база,False,1.0250865238909146,6.17,14.02,12.36,99.4,11.25,18.33
RU-BU,Республика Бурятия,9,Сельское и лесное хозяйство,2.06,1.82,2.29,9,9,22.14,162.5,571.6,3.73,115.96345403842393,45787.36700315912,24718.367003159117,69349.0,3.81,0.7136212556210704,64162.0,21069.0,-0.7942149923986601,8.672962346589573,0.01170183158124693,1.29,"Малый локальный рынок, но спрос наблюдается — строка сохранена со сглаживанием",False,0.039860613376457556,6.17,16.96,12.1,43.3,0.44,1.24
RU-CE,Чеченская Республика,1,Офисные и учётные служащие,9.9,9.86,9.93,1,1,0.38,17.48,4615.47,0.26,11.669881764578767,22271.582131942087,3715.5821319420866,64878.0,1.12,0.6676133732596549,33360.0,18556.0,1.0282483330980532,101.86360214376505,0.0006524156213050596,-8.52,Устойчивая база; нетипично низкая доля — строка сохранена,False,0.5490489275900219,9.56,0.53,0.35,97.8,3.27,1.1
RU-CE,Чеченская Республика,2,Неквалифицированные рабочие,9.25,9.12,9.41,2,2,0.83,216.43,25978.97,3.28,115.95983504666646,17873.770259006575,-682.2297409934254,52067.0,1.01,0.5357844801860484,33360.0,18556.0,0.30022801601887283,70.670421472643,0.0011936050185097405,-4.53,Устойчивая база; нетипично низкая доля — строка сохранена,False,3.090416711276067,9.56,0.85,0.46,99.7,18.38,13.6
RU-CE,Чеченская Республика,3,Специалисты высшей квалификации,9.19,9.05,9.34,3,3,0.84,528.13,62582.93,7.99,528.13,35357.569845336955,16801.569845336955,102998.0,2.24,1.0,33360.0,18556.0,0.2883131238539316,144.61887250545854,0.00038278707116992195,-6.19,Устойчивая база; нетипично низкая доля — строка сохранена,False,7.444765235597113,9.56,0.85,0.85,99.8,44.28,33.19
RU-CE,Чеченская Республика,4,Руководители,9.0,8.84,9.18,4,4,0.9,76.4,8406.3,1.16,76.4,61101.12678665144,42545.12678665144,177990.0,6.45,1.0,33360.0,18556.0,0.22189551374373256,146.16402115495765,0.0002852555978408675,-3.86,Устойчивая база; нетипично низкая доля — строка сохранена,False,1.0,9.56,0.96,0.96,98.3,5.95,4.8
RU-CE,Чеченская Республика,5,"Операторы машин, сборщики и водители",8.86,8.64,9.04,5,5,0.92,54.6,5862.42,0.83,54.6,33614.71675979378,15058.71675979378,97921.0,1.97,1.0,33360.0,18556.0,0.16328377039424252,119.67320227989055,0.0006663313462581509,-6.42,Устойчивая база; нетипично низкая доля — строка сохранена,False,0.697384104778559,9.56,1.08,1.08,98.0,4.15,3.43
RU-CE,Чеченская Республика,6,"Обслуживание, торговля и охрана",8.36,8.09,8.63,6,6,1.16,135.97,11585.22,2.06,83.27303759042591,20430.893094187017,1874.8930941870167,59516.0,1.06,0.6124368433509297,33360.0,18556.0,-0.041509324680924296,111.62161988428772,0.0006390395513437586,-3.87,Устойчивая база; нетипично низкая доля — строка сохранена,False,1.3781592377145713,9.56,1.22,0.75,99.1,8.2,8.55
RU-CE,Чеченская Республика,7,Специалисты средней квалификации,7.91,7.6,8.25,7,7,1.37,242.52,17430.54,3.67,213.92790047232427,29426.994721081715,10870.994721081715,85722.0,1.42,0.8821041583058068,33360.0,18556.0,-0.21014019424102776,103.46780906003967,0.000599737808997421,-4.0,Устойчивая база; нетипично низкая доля — строка сохранена,False,2.0735091538488994,9.56,1.4,1.24,99.4,12.33,15.24
RU-CE,Чеченская Республика,8,"Промышленность, строительство и транспорт",3.95,3.81,4.09,8,8,6.78,319.67,4391.8,4.84,319.67,33683.03028432069,15127.030284320688,98120.0,1.98,1.0,33360.0,18556.0,-1.8299740499220059,52.95679822120663,0.0017222836868633143,-0.97,Устойчивая база,False,0.5224415022066784,9.56,6.82,6.82,98.9,3.11,20.09
RU-CE,Чеченская Республика,,Сельское и лесное хозяйство,,,,,,0.0,0.0,466.32,0.0,0.0,23806.405087518906,5250.405087518906,69349.0,1.17,0.7136212556210704,33360.0,18556.0,-0.35540522766213456,8.672962346589573,0.01170183158124693,-16.81,Локальный рынок почти отсутствует: нулевой спрос не превращён в максимальный балл; нетипично низкая доля — строка сохранена,True,0.05547268120338318,9.56,8.8,6.28,32.4,0.33,0.0
RU-CHE,Челябинская область,1,Руководители,8.38,8.18,8.61,1,1,2.94,1666.19,54933.69,8.89,1666.19,125693.22322724045,107911.22322724045,177990.0,9.58,1.0,68626.0,17782.0,0.8418939302504659,146.16402115495765,0.0002852555978408675,-0.62,Устойчивая база,False,0.8691770002069557,3.86,2.94,2.94,99.7,8.18,3.52
RU-CHE,Челябинская область,2,Офисные и учётные служащие,6.1,5.88,6.35,2,2,6.35,1890.6,27888.22,10.09,1262.1898434847035,45815.63535331708,28033.635353317077,64878.0,4.31,0.6676133732596549,68626.0,17782.0,0.038520896407033996,101.86360214376505,0.0006524156213050596,0.06,Устойчивая база,False,0.4412556192877563,3.86,6.35,4.24,99.7,4.15,4.0
RU-CHE,Челябинская область,3,Специалисты средней квалификации,5.85,5.79,5.93,3,3,5.67,4291.77,71357.25,22.89,3785.7881634921127,60535.2799678943,42753.2799678943,85722.0,6.48,0.8821041583058068,68626.0,17782.0,0.15815080919172977,103.46780906003967,0.000599737808997421,-0.21,Устойчивая база,False,1.1290353970035107,3.86,5.67,5.0,99.9,10.63,9.08
RU-CHE,Челябинская область,4,Специалисты высшей квалификации,5.33,5.32,5.36,4,6,5.8,9891.98,160640.54,52.77,9891.98,72735.2694306383,54953.269430638305,102998.0,7.91,1.0,68626.0,17782.0,0.13476700573640937,144.61887250545854,0.00038278707116992195,0.12,Устойчивая база,False,2.541701871271081,3.86,5.8,5.8,99.9,23.93,20.92
RU-CHE,Челябинская область,5,"Обслуживание, торговля и охрана",5.26,5.01,5.5,4,5,7.74,5147.62,61365.87,27.46,3152.592143570113,42029.0908118009,24247.090811800903,59516.0,3.76,0.6124368433509297,68626.0,17782.0,-0.17425900783725018,111.62161988428772,0.0006390395513437586,0.58,Устойчивая база,False,0.9709488439915471,3.86,7.74,4.74,99.8,9.14,10.89
RU-CHE,Челябинская область,6,Неквалифицированные рабочие,5.03,4.73,5.34,5,7,8.66,5995.63,63201.96,31.98,3212.3655029378774,36768.74573724776,18986.74573724776,52067.0,2.69,0.5357844801860484,68626.0,17782.0,-0.2974410921982574,70.670421472643,0.0011936050185097405,0.45,Устойчивая база,False,1.0,3.86,8.66,4.64,99.9,9.42,12.68
RU-CHE,Челябинская область,7,"Операторы машин, сборщики и водители",4.93,4.89,4.95,6,7,6.17,6151.95,93537.18,32.82,6151.95,69149.98658146306,51367.98658146306,97921.0,7.58,1.0,68626.0,17782.0,0.06848313176801007,119.67320227989055,0.0006663313462581509,-0.82,Устойчивая база,False,1.4799727729962804,3.86,6.17,6.17,99.9,13.94,13.01
RU-CHE,Челябинская область,8,"Промышленность, строительство и транспорт",3.56,3.5,3.62,8,8,7.78,11398.08,135186.17,60.8,11398.08,69290.51667541341,51508.51667541341,98120.0,7.6,1.0,68626.0,17782.0,-0.17962802097506375,52.95679822120663,0.0017222836868633143,-0.55,Устойчивая база,False,2.138955342524188,3.86,7.78,7.78,100.0,20.14,24.1
RU-CHE,Челябинская область,9,Сельское и лесное хозяйство,1.66,1.55,1.78,9,9,21.69,855.07,3088.05,4.56,610.1961270439086,48972.97228825158,31190.972288251578,69349.0,4.74,0.7136212556210704,68626.0,17782.0,-0.995614791514091,8.672962346589573,0.01170183158124693,1.25,"Малый локальный рынок, но спрос наблюдается — строка сохранена со сглаживанием",False,0.04886003535333398,3.86,17.0,12.13,45.9,0.46,1.81
RU-CHU,Чукотский автономный округ,1,Офисные и учётные служащие,5.79,5.68,5.83,1,1,8.31,88.27,974.27,29.03,58.930232457629735,114719.3439940728,64271.3439940728,64878.0,8.35,0.6676133732596549,171835.0,50448.0,0.3664146433050513,101.86360214376505,0.0006524156213050596,0.92,Устойчивая база,False,0.3623734462058038,1.91,8.22,5.49,91.3,3.82,2.51
RU-CHU,Чукотский автономный округ,2,Руководители,5.23,5.05,5.43,2,2,7.07,204.48,2688.58,67.25,204.48,314727.5815762665,264279.5815762665,177990.0,10.0,1.0,171835.0,50448.0,0.5925898183221958,146.16402115495765,0.0002852555978408675,1.86,Устойчивая база,False,1.0,1.91,6.94,6.94,95.2,10.54,5.82
RU-CHU,Чукотский автономный округ,3,Сельское и лесное хозяйство,4.61,4.51,4.7,3,5,9.8,52.0,478.61,17.1,37.10830529229566,122625.10845964662,72177.10845964662,69349.0,8.59,0.7136212556210704,171835.0,50448.0,0.23069406678224055,8.672962346589573,0.01170183158124693,-0.1,Устойчивая база,False,0.17801590430636247,1.91,9.85,7.03,98.4,1.88,1.48
RU-CHU,Чукотский автономный округ,4,Неквалифицированные рабочие,4.59,4.47,4.67,3,5,11.51,290.17,2230.13,95.43,155.4685826155857,92066.52615276963,41618.52615276963,52067.0,6.38,0.5357844801860484,171835.0,50448.0,0.046258041859035204,70.670421472643,0.0011936050185097405,1.1,Устойчивая база,False,0.8294824777391784,1.91,11.45,6.14,97.3,8.74,8.26
RU-CHU,Чукотский автономный округ,5,"Обслуживание, торговля и охрана",4.46,4.42,4.53,4,5,11.02,210.55,1699.94,69.24,128.94857736753826,105238.084977207,54790.08497720701,59516.0,7.9,0.6124368433509297,171835.0,50448.0,0.09375876683074665,111.62161988428772,0.0006390395513437586,1.46,Устойчивая база,False,0.6322817249254253,1.91,10.84,6.64,94.5,6.66,5.99
RU-CHU,Чукотский автономный округ,6,"Операторы машин, сборщики и водители",3.27,3.02,3.52,6,6,10.59,727.77,6147.48,239.34,727.77,173147.0280101668,122699.0280101668,97921.0,9.76,1.0,171835.0,50448.0,0.14751115043587548,119.67320227989055,0.0006663313462581509,0.86,Устойчивая база,False,2.2865155583988575,1.91,10.56,10.56,98.3,24.09,20.71
RU-CHU,Чукотский автономный округ,7,Специалисты высшей квалификации,2.84,2.6,3.11,7,7,11.66,613.32,4648.72,201.7,613.32,182124.3409584375,131676.3409584375,102998.0,9.81,1.0,171835.0,50448.0,0.05066600006050984,144.61887250545854,0.00038278707116992195,2.55,Устойчивая база,False,1.7290614376362246,1.91,11.51,11.51,97.3,18.22,17.46
RU-CHU,Чукотский автономный округ,8,Специалисты средней квалификации,2.34,2.16,2.55,8,8,13.67,473.21,2988.85,155.62,417.4205087518908,151576.3680424783,101128.36804247831,85722.0,9.45,0.8821041583058068,171835.0,50448.0,-0.1331293381187842,103.46780906003967,0.000599737808997421,2.29,Устойчивая база,False,1.111683490913419,1.91,13.47,11.88,97.1,11.71,13.47
RU-CHU,Чукотский автономный округ,9,"Промышленность, строительство и транспорт",1.43,1.34,1.52,9,9,18.92,853.71,3657.8,280.75,853.71,173498.90614227354,123050.90614227354,98120.0,9.77,1.0,171835.0,50448.0,-0.5259077717042208,52.95679822120663,0.0017222836868633143,2.39,Устойчивая база,False,1.3604951312588802,1.91,18.82,18.82,98.8,14.34,24.3
RU-CU,Чувашская Республика,1,Руководители,8.45,8.32,8.59,1,1,3.04,484.7,15448.57,8.36,484.7,100485.34529064922,83668.34529064922,177990.0,8.97,1.0,54863.0,16817.0,0.6783641587509843,146.16402115495765,0.0002852555978408675,-0.52,Устойчивая база,False,0.841374972087729,5.46,3.05,3.05,99.1,8.77,4.44
RU-CU,Чувашская Республика,2,Неквалифицированные рабочие,7.56,7.23,7.87,2,2,5.38,1044.0,18361.1,18.01,559.3589973142346,29394.743936447172,12577.743936447172,52067.0,1.59,0.5357844801860484,54863.0,16817.0,0.08360394300619964,70.670421472643,0.0011936050185097405,-0.6,Устойчивая база,False,1.0,5.46,5.39,2.89,99.6,10.42,9.57
RU-CU,Чувашская Республика,3,Офисные и учётные служащие,6.92,6.69,7.14,3,3,5.5,543.46,9337.3,9.38,362.82116383169205,36627.27249714445,19810.272497144448,64878.0,2.91,0.6676133732596549,54863.0,16817.0,0.061314355954152557,101.86360214376505,0.0006524156213050596,-0.4,Устойчивая база,False,0.5085370702191045,5.46,5.52,3.68,99.0,5.3,4.98
RU-CU,Чувашская Республика,4,"Обслуживание, торговля и охрана",6.36,6.1,6.62,4,4,6.31,1038.95,15433.34,17.92,636.2912583994485,33600.12253676206,16783.122536762057,59516.0,2.23,0.6124368433509297,54863.0,16817.0,-0.08366352287948028,111.62161988428772,0.0006390395513437586,0.08,Устойчивая база,False,0.8405455010865363,5.46,6.32,3.87,99.3,8.76,9.52
RU-CU,Чувашская Республика,5,Специалисты высшей квалификации,5.91,5.88,5.94,5,5,5.18,2585.42,47316.15,44.6,2585.42,58148.1521110528,41331.1521110528,102998.0,6.3,1.0,54863.0,16817.0,0.12506267601399992,144.61887250545854,0.00038278707116992195,-0.26,Устойчивая база,False,2.5769779588368893,5.46,5.18,5.18,99.7,26.85,23.7
RU-CU,Чувашская Республика,6,Специалисты средней квалификации,5.82,5.77,5.86,6,6,5.63,1254.6,21029.06,21.64,1106.6878770104652,48394.880437131476,31577.880437131476,85722.0,4.84,0.8821041583058068,54863.0,16817.0,0.03716301247723226,103.46780906003967,0.000599737808997421,-0.23,Устойчивая база,False,1.145305019851752,5.46,5.64,4.97,99.5,11.93,11.5
RU-CU,Чувашская Республика,7,"Операторы машин, сборщики и водители",4.23,4.15,4.3,7,7,6.84,1392.6,18972.11,24.03,1392.6,55281.90064725918,38464.90064725918,97921.0,5.85,1.0,54863.0,16817.0,-0.17051547433696743,119.67320227989055,0.0006663313462581509,-0.51,Устойчивая база,False,1.0332774180196176,5.46,6.85,6.85,99.4,10.76,12.77
RU-CU,Чувашская Республика,8,"Промышленность, строительство и транспорт",3.6,3.51,3.69,8,8,7.67,2411.75,29012.36,41.61,2411.75,55394.24731680713,38577.24731680713,98120.0,5.87,1.0,54863.0,16817.0,-0.29498507372918636,52.95679822120663,0.0017222836868633143,-0.59,Устойчивая база,False,1.580099231527523,5.46,7.67,7.67,99.8,16.46,22.11
RU-CU,Чувашская Республика,9,Сельское и лесное хозяйство,3.08,3.04,3.1,9,9,10.33,153.6,1333.25,2.65,109.6122248633964,39151.402947138784,22334.402947138784,69349.0,3.4,0.7136212556210704,54863.0,16817.0,-0.6187417075933711,8.672962346589573,0.01170183158124693,-0.01,Устойчивая база,False,0.07261275195930528,5.46,10.99,7.85,75.2,0.76,1.41
RU-DA,Республика Дагестан,1,Руководители,9.16,9.03,9.29,1,1,1.46,193.11,13024.96,1.27,193.11,65729.5005093693,48140.5005093693,177990.0,7.27,1.0,35887.0,17589.0,0.34673587905337167,146.16402115495765,0.0002852555978408675,-2.54,Устойчивая база,False,1.0,8.96,1.49,1.49,98.9,5.53,3.92
RU-DA,Республика Дагестан,2,Специалисты средней квалификации,8.99,8.84,9.15,2,2,1.59,567.84,35167.56,3.72,500.8940252523694,31656.071929120488,14067.071929120488,85722.0,1.83,0.8821041583058068,35887.0,17589.0,0.25747664633916734,103.46780906003967,0.000599737808997421,-3.61,Устойчивая база; нетипично низкая доля — строка сохранена,False,2.700012898312164,8.96,1.6,1.42,99.7,14.92,11.53
RU-DA,Республика Дагестан,3,Неквалифицированные рабочие,8.67,8.45,8.9,3,3,1.83,529.52,28446.48,3.47,283.70859794811633,19227.69764043672,1638.6976404367197,52067.0,1.05,0.5357844801860484,35887.0,17589.0,0.11473734545755075,70.670421472643,0.0011936050185097405,-2.88,Устойчивая база,False,2.183997494042208,8.96,1.85,0.99,99.8,12.07,10.75
RU-DA,Республика Дагестан,4,Специалисты высшей квалификации,8.53,8.32,8.73,4,5,1.85,1955.12,103917.02,12.81,1955.12,38035.88456353739,20446.884563537387,102998.0,3.03,1.0,35887.0,17589.0,0.1050265439015479,144.61887250545854,0.00038278707116992195,-3.64,Устойчивая база; нетипично низкая доля — строка сохранена,False,7.978298589784537,8.96,1.86,1.86,99.9,44.08,39.69
RU-DA,Республика Дагестан,5,"Обслуживание, торговля и охрана",8.51,8.27,8.76,4,5,1.92,407.77,20815.39,2.67,249.73337161320862,21978.520997334814,4389.520997334814,59516.0,1.14,0.6124368433509297,35887.0,17589.0,0.06387231247243606,111.62161988428772,0.0006390395513437586,-2.71,Устойчивая база,False,1.598115464462079,8.96,1.95,1.19,99.5,8.83,8.28
RU-DA,Республика Дагестан,6,"Операторы машин, сборщики и водители",7.87,7.59,8.15,6,6,2.25,287.47,12495.2,1.88,287.47,36161.011401640266,18572.011401640266,97921.0,2.57,1.0,35887.0,17589.0,-0.09816156361386419,119.67320227989055,0.0006663313462581509,-3.82,Устойчивая база; нетипично низкая доля — строка сохранена,False,0.959327322310395,8.96,2.31,2.31,99.1,5.3,5.84
RU-DA,Республика Дагестан,7,Офисные и учётные служащие,7.1,6.7,7.5,7,7,3.41,322.39,9123.91,2.11,215.23187540518012,23958.641126169234,6369.641126169234,64878.0,1.22,0.6676133732596549,35887.0,17589.0,-0.5191347666564873,101.86360214376505,0.0006524156213050596,-1.89,Устойчивая база,False,0.7004942817482741,8.96,3.45,2.3,98.9,3.87,6.54
RU-DA,Республика Дагестан,8,Сельское и лесное хозяйство,6.36,6.32,6.41,8,8,1.04,14.0,1327.85,0.09,9.990697578694984,25609.72600047335,8020.726000473351,69349.0,1.28,0.7136212556210704,35887.0,17589.0,-0.08008736908461525,8.672962346589573,0.01170183158124693,-3.46,Средняя база — умеренное сглаживание,False,0.10194657027737514,8.96,6.31,4.5,56.0,0.56,0.28
RU-DA,Республика Дагестан,9,"Промышленность, строительство и транспорт",4.74,4.67,4.8,9,9,5.37,648.6,11420.95,4.25,648.6,36234.49963469474,18645.499634694737,98120.0,2.59,1.0,35887.0,17589.0,-0.9941878186790066,52.95679822120663,0.0017222836868633143,-1.69,Устойчивая база,False,0.8768510613468296,8.96,5.39,5.39,99.6,4.84,13.17
RU-IN,Республика Ингушетия,1,"Обслуживание, торговля и охрана",9.85,9.81,9.9,1,1,0.13,4.0,3050.36,0.15,2.449747373403719,19241.54074439951,1072.54074439951,59516.0,1.04,0.6124368433509297,31418.0,18169.0,0.946152486400377,111.62161988428772,0.0006390395513437586,-8.85,Устойчивая база; нетипично низкая доля — строка сохранена,False,1.0669511533954774,9.32,0.4,0.25,96.5,7.45,2.67
RU-IN,Республика Ингушетия,2,Руководители,9.5,9.4,9.59,2,2,0.24,6.75,2858.95,0.25,6.75,57544.22066495848,39375.22066495848,177990.0,6.02,1.0,31418.0,18169.0,0.4469726670901131,146.16402115495765,0.0002852555978408675,-7.44,Устойчивая база; нетипично низкая доля — строка сохранена,False,1.0,9.32,0.44,0.44,95.1,6.98,4.5
RU-IN,Республика Ингушетия,3,"Промышленность, строительство и транспорт",9.32,8.92,9.56,3,3,0.22,3.0,1385.73,0.11,3.0,31722.22558371665,13553.225583716649,98120.0,1.72,1.0,31418.0,18169.0,0.3571466305563053,52.95679822120663,0.0017222836868633143,-11.05,Устойчивая база; нетипично низкая доля — строка сохранена,False,0.4846989279280855,9.32,0.59,0.59,96.3,3.38,2.0
RU-IN,Республика Ингушетия,4,Неквалифицированные рабочие,8.99,8.79,9.17,4,6,0.3,18.75,6180.98,0.7,10.045959003488408,16833.27679848527,-1335.723201514731,52067.0,1.0,0.5357844801860484,31418.0,18169.0,0.18492140247005023,70.670421472643,0.0011936050185097405,-6.62,Устойчивая база; нетипично низкая доля — строка сохранена,False,2.1619755504643314,9.32,0.4,0.22,98.9,15.1,12.5
RU-IN,Республика Ингушетия,5,Сельское и лесное хозяйство,8.98,8.77,9.11,4,7,0.0,0.0,281.75,0.0,0.0,22420.55260910279,4251.55260910279,69349.0,1.13,0.7136212556210704,31418.0,18169.0,0.6487584901245262,8.672962346589573,0.01170183158124693,-16.81,Устойчивая база; нетипично низкая доля — строка сохранена,False,0.09855016701936026,9.32,4.32,3.09,66.8,0.69,0.0
RU-IN,Республика Ингушетия,6,"Операторы машин, сборщики и водители",8.89,8.47,9.2,4,7,0.27,4.0,1495.83,0.15,4.0,31657.888823717054,13488.888823717054,97921.0,1.7,1.0,31418.0,18169.0,0.18183833308295885,119.67320227989055,0.0006663313462581509,-9.94,Устойчивая база; нетипично низкая доля — строка сохранена,False,0.5232095699470085,9.32,0.9,0.9,92.6,3.65,2.67
RU-IN,Республика Ингушетия,7,Специалисты средней квалификации,8.76,8.53,8.98,5,7,0.33,18.5,5594.64,0.69,16.318926928657426,27713.948445651837,9544.948445651837,85722.0,1.35,0.8821041583058068,31418.0,18169.0,0.10278175752653693,103.46780906003967,0.000599737808997421,-7.71,Устойчивая база; нетипично низкая доля — строка сохранена,False,1.9568862694345828,9.32,0.45,0.39,98.2,13.67,12.33
RU-IN,Республика Ингушетия,8,Офисные и учётные служащие,8.46,8.19,8.72,8,8,0.37,4.0,1086.55,0.15,2.6704534930386195,20975.076961071838,2806.076961071838,64878.0,1.08,0.6676133732596549,31418.0,18169.0,0.001858264495302879,101.86360214376505,0.0006524156213050596,-8.6,Устойчивая база; нетипично низкая доля — строка сохранена,False,0.38005211703597475,9.32,0.96,0.64,91.5,2.65,2.67
RU-IN,Республика Ингушетия,9,Специалисты высшей квалификации,7.83,7.45,8.21,9,9,0.48,91.0,19006.17,3.41,91.0,33299.28445446032,15130.284454460321,102998.0,1.99,1.0,31418.0,18169.0,-0.2657090847024607,144.61887250545854,0.00038278707116992195,-7.98,Устойчивая база; нетипично низкая доля — строка сохранена,False,6.647954668672065,9.32,0.52,0.52,99.2,46.42,60.67
RU-IRK,Иркутская область,1,Руководители,9.0,8.88,9.14,1,1,2.42,1027.24,41460.42,8.67,1027.24,142038.14095637947,121549.14095637947,177990.0,9.75,1.0,77550.0,20489.0,0.7498351470694344,146.16402115495765,0.0002852555978408675,-1.16,Устойчивая база,False,0.7510140216846309,6.48,2.43,2.43,99.7,8.18,3.86
RU-IRK,Иркутская область,2,Неквалифицированные рабочие,8.47,8.21,8.73,2,2,3.92,2284.34,56037.57,19.27,1223.913919468198,41550.08643842805,21061.08643842805,52067.0,3.15,0.5357844801860484,77550.0,20489.0,0.25200809000000907,70.670421472643,0.0011936050185097405,-1.28,Устойчивая база,False,1.01506450757455,6.48,3.93,2.1,99.9,11.06,8.59
RU-IRK,Иркутская область,3,Офисные и учётные служащие,7.73,7.47,7.99,3,3,4.45,1016.75,21832.55,8.58,678.7958972617541,51773.41709628623,31284.417096286234,64878.0,4.79,0.6676133732596549,77550.0,20489.0,0.11907087158155188,101.86360214376505,0.0006524156213050596,-1.06,Устойчивая база,False,0.3954747969058391,6.48,4.46,2.98,99.6,4.31,3.82
RU-IRK,Иркутская область,4,Специалисты средней квалификации,6.71,6.61,6.83,4,4,4.66,2696.53,55205.92,22.75,2378.620325996357,68407.17747661531,47918.17747661531,85722.0,7.26,0.8821041583058067,77550.0,20489.0,0.07192188120387688,103.46780906003967,0.000599737808997421,-0.75,Устойчивая база,False,1.0,6.48,4.66,4.11,99.8,10.89,10.14
RU-IRK,Иркутская область,5,"Промышленность, строительство и транспорт",5.98,5.97,5.98,5,5,4.9,3719.24,72225.75,31.38,3719.24,78300.9292131016,57811.9292131016,98120.0,8.11,1.0,77550.0,20489.0,0.01871527833306892,52.95679822120663,0.0017222836868633143,-1.97,Устойчивая база,False,1.308297189866594,6.48,4.9,4.9,99.9,14.25,13.98
RU-IRK,Иркутская область,6,"Операторы машин, сборщики и водители",5.94,5.93,5.94,6,6,4.93,4253.47,82090.27,35.88,4253.47,78142.1248417868,57653.124841786805,97921.0,8.09,1.0,77550.0,20489.0,0.012581450638583723,119.67320227989055,0.0006663313462581509,-1.5,Устойчивая база,False,1.4869830989140296,6.48,4.94,4.94,99.9,16.2,15.99
RU-IRK,Иркутская область,7,"Обслуживание, торговля и охрана",5.37,5.14,5.62,7,8,7.34,3449.0,43526.85,29.1,2112.2946727173567,47494.4772018646,27005.477201864604,59516.0,4.2,0.6124368433509297,77550.0,20489.0,-0.41117216206422574,111.62161988428772,0.0006390395513437586,0.45,Устойчивая база,False,0.7884453333990268,6.48,7.34,4.5,99.8,8.59,12.97
RU-IRK,Иркутская область,8,Специалисты высшей квалификации,5.22,5.2,5.23,7,8,5.59,7776.78,131257.78,65.61,7776.78,82193.63134010433,61704.63134010433,102998.0,8.3,1.0,77550.0,20489.0,-0.12088898972468791,144.61887250545854,0.00038278707116992195,0.0,Устойчивая база,False,2.3776033439891955,6.48,5.59,5.59,99.9,25.9,29.24
RU-IRK,Иркутская область,9,Сельское и лесное хозяйство,3.02,2.92,3.11,9,9,10.61,374.83,3159.59,3.16,267.4866552444458,55341.328373414006,34852.328373414006,69349.0,5.21,0.7136212556210704,77550.0,20489.0,-0.7479662198231662,8.672962346589573,0.01170183158124693,0.03,Средняя база — умеренное сглаживание,False,0.05723281126371955,6.48,11.52,8.22,62.2,0.62,1.41
RU-IVA,Ивановская область,1,Офисные и учётные служащие,8.98,8.78,9.2,1,1,3.01,204.59,6595.89,4.14,136.58702003519278,32350.541228043097,14181.541228043097,64878.0,1.87,0.6676133732596549,48457.0,18169.0,1.0896529286614305,101.86360214376505,0.0006524156213050596,-2.27,Устойчивая база,False,0.5207925717128171,4.95,3.07,2.05,98.5,5.59,1.83
RU-IVA,Ивановская область,2,Руководители,8.39,8.28,8.5,2,2,3.24,321.92,9611.77,6.51,321.92,88752.31716728923,70583.31716728923,177990.0,8.56,1.0,48457.0,18169.0,1.029622844815695,146.16402115495765,0.0002852555978408675,-0.35,Устойчивая база,False,0.7589178135190405,4.95,3.26,3.26,98.5,8.15,2.88
RU-IVA,Ивановская область,3,"Обслуживание, торговля и охрана",6.75,6.68,6.86,3,3,6.94,897.68,12034.67,18.16,549.7723055392626,29676.852118256003,11507.852118256003,59516.0,1.47,0.6124368433509297,48457.0,18169.0,0.2360084595581343,111.62161988428772,0.0006390395513437586,0.31,Устойчивая база,False,0.9502230539040355,4.95,6.95,4.25,99.1,10.21,8.04
RU-IVA,Ивановская область,4,Неквалифицированные рабочие,5.43,5.3,5.55,4,4,9.28,1333.43,13038.67,26.97,714.4310994144826,25962.50855637535,7793.508556375349,52067.0,1.25,0.5357844801860484,48457.0,18169.0,-0.07777776959952228,70.670421472643,0.0011936050185097405,0.61,Устойчивая база,False,1.029496016612581,4.95,9.28,4.97,99.5,11.06,11.94
RU-IVA,Ивановская область,5,Специалисты средней квалификации,5.08,4.92,5.23,5,5,7.52,1277.57,15701.09,25.84,1126.9498095267495,42744.12119902448,24575.121199024477,85722.0,3.8,0.8821041583058068,48457.0,18169.0,0.15144495514888168,103.46780906003967,0.000599737808997421,0.57,Устойчивая база,False,1.2397130697744194,4.95,7.52,6.63,99.4,13.32,11.44
RU-IVA,Ивановская область,6,"Операторы машин, сборщики и водители",4.03,3.78,4.29,6,6,8.33,1151.35,12665.1,23.29,1151.35,48826.98831023163,30657.98831023163,97921.0,4.7,1.0,48457.0,18169.0,0.03820295260788043,119.67320227989055,0.0006663313462581509,0.1,Устойчивая база,False,1.0,4.95,8.33,8.33,99.1,10.74,10.31
RU-IVA,Ивановская область,7,Специалисты высшей квалификации,3.18,2.94,3.43,7,7,9.86,3456.33,31611.6,69.91,3456.33,51358.56600705913,33189.56600705913,102998.0,5.02,1.0,48457.0,18169.0,-0.14240334985203154,144.61887250545854,0.00038278707116992195,1.95,Устойчивая база,False,2.495961342587109,4.95,9.84,9.84,99.6,26.81,30.96
RU-IVA,Ивановская область,8,"Промышленность, строительство и транспорт",2.12,1.88,2.36,8,8,12.9,2351.27,15872.64,47.56,2351.27,48926.216981035,30757.216981035002,98120.0,4.72,1.0,48457.0,18169.0,-0.44725989065501615,52.95679822120663,0.0017222836868633143,1.08,Устойчивая база,False,1.2532581661416016,4.95,12.89,12.89,99.7,13.46,21.06
RU-IVA,Ивановская область,9,Сельское и лесное хозяйство,1.95,1.77,2.11,9,9,18.0,170.5,776.5,3.45,121.67242408339251,34579.94518363021,16410.94518363021,69349.0,2.17,0.7136212556210705,48457.0,18169.0,-0.7750428379750174,8.672962346589573,0.01170183158124693,0.92,Устойчивая база,False,0.06131021468444781,4.95,16.27,11.61,65.3,0.66,1.53
RU-KAM,Камчатский край,1,Руководители,6.41,6.24,6.58,1,2,5.69,327.33,5430.0,19.3,327.33,207218.1709011206,173199.1709011206,177990.0,9.92,1.0,113137.0,34019.0,0.7970087750495896,146.16402115495765,0.0002852555978408675,1.24,Устойчивая база,False,0.7420556992747532,3.98,5.66,5.66,97.5,8.2,3.67
RU-KAM,Камчатский край,2,Неквалифицированные рабочие,6.26,6.24,6.29,1,4,9.14,834.17,8293.08,49.17,446.935339836796,60617.04873480896,26598.04873480896,52067.0,4.14,0.5357844801860484,113137.0,34019.0,0.2881459757389984,70.670421472643,0.0011936050185097405,0.57,Устойчивая база,False,1.1333199407995342,3.98,9.14,4.9,99.2,12.52,9.34
RU-KAM,Камчатский край,3,"Обслуживание, торговля и охрана",6.25,6.19,6.29,3,3,8.47,567.0,6128.77,33.42,347.2516901799772,69289.26714619414,35270.267146194135,59516.0,5.27,0.6124368433509297,113137.0,34019.0,0.367275289138687,111.62161988428772,0.0006390395513437586,0.8,Устойчивая база,False,0.8375485650173352,3.98,8.46,5.18,98.4,9.25,6.35
RU-KAM,Камчатский край,4,Специалисты средней квалификации,6.15,5.99,6.33,2,5,6.63,724.4,10205.61,42.7,638.9962522767264,99798.61815824406,65779.61815824406,85722.0,8.46,0.8821041583058068,113137.0,34019.0,0.6361720794097292,103.46780906003967,0.000599737808997421,0.22,Устойчивая база,False,1.3946834373987873,3.98,6.63,5.85,99.1,15.4,8.11
RU-KAM,Камчатский край,5,Офисные и учётные служащие,6.11,5.99,6.19,4,5,8.27,177.47,1968.9,10.46,118.48134535239095,75531.77421047757,41512.77421047757,64878.0,6.33,0.6676133732596549,113137.0,34019.0,0.36877986360505277,101.86360214376505,0.0006524156213050596,0.9,Устойчивая база,False,0.26906693670387877,3.98,8.22,5.49,95.5,2.97,1.99
RU-KAM,Камчатский край,6,Специалисты высшей квалификации,4.71,4.37,5.06,6,6,8.39,1555.53,16975.82,91.7,1555.53,119911.55214603977,85892.55214603977,102998.0,9.02,1.0,113137.0,34019.0,0.38429284068115627,144.61887250545854,0.00038278707116992195,1.39,Устойчивая база,False,2.319890235886251,3.98,8.37,8.37,99.2,25.62,17.43
RU-KAM,Камчатский край,7,"Операторы машин, сборщики и водители",3.93,3.6,4.27,7,7,9.81,1034.0,9507.34,60.95,1034.0,114000.8456250836,79981.8456250836,97921.0,8.81,1.0,113137.0,34019.0,0.20923461180438863,119.67320227989055,0.0006663313462581509,0.62,Устойчивая база,False,1.2992589009102824,3.98,9.8,9.8,98.9,14.35,11.58
RU-KAM,Камчатский край,8,"Промышленность, строительство и транспорт",1.47,1.32,1.62,8,8,29.78,3103.47,7317.51,182.95,3103.47,114232.52389919633,80213.52389919633,98120.0,8.84,1.0,113137.0,34019.0,-1.1433788212958111,52.95679822120663,0.0017222836868633143,4.11,Устойчивая база; нетипично высокая доля — строка сохранена,False,1.0,3.98,29.68,29.68,99.5,11.04,34.77
RU-KAM,Камчатский край,9,Сельское и лесное хозяйство,1.45,1.3,1.6,9,9,58.48,603.5,428.5,35.58,430.67042776731597,80736.96799720103,46717.967997201034,69349.0,7.04,0.7136212556210704,113137.0,34019.0,-2.038267751146434,8.672962346589573,0.01170183158124693,3.6,Средняя база — умеренное сглаживание; нетипично высокая доля — строка сохранена,False,0.058558170743873254,3.98,42.17,30.1,64.1,0.65,6.76
RU-KB,Кабардино-Балкарская Республика,1,"Обслуживание, торговля и охрана",9.22,9.12,9.33,1,1,2.99,246.11,7981.5,5.44,150.72683151709734,24008.136696199796,3326.1366961997956,59516.0,1.11,0.6124368433509297,39201.0,20682.0,0.4462771238700885,111.62161988428772,0.0006390395513437586,-1.69,Устойчивая база,False,1.4694321656795584,8.65,3.05,1.87,98.7,10.78,6.85
RU-KB,Кабардино-Балкарская Республика,2,Неквалифицированные рабочие,8.77,8.61,8.93,2,2,3.69,334.04,8727.96,7.39,178.97344776134761,21003.287407773285,321.28740777328494,52067.0,1.02,0.5357844801860484,39201.0,20682.0,0.23385393020929368,70.670421472643,0.0011936050185097405,-1.41,Устойчивая база,False,1.6068590070493713,8.65,3.73,2.0,99.2,11.79,9.29
RU-KB,Кабардино-Балкарская Республика,3,Специалисты высшей квалификации,8.08,8.07,8.09,3,3,3.53,1080.13,29547.48,23.89,1080.13,41548.32420584694,20866.32420584694,102998.0,3.1,1.0,39201.0,20682.0,0.28350522149969853,144.61887250545854,0.00038278707116992195,-1.53,Устойчивая база,False,5.4398318018885465,8.65,3.54,3.54,99.5,39.9,30.05
RU-KB,Кабардино-Балкарская Республика,4,Офисные и учётные служащие,7.86,7.7,8.02,4,4,4.39,141.7,3086.43,3.13,94.60081499089308,26171.11184515173,5489.111845151729,64878.0,1.19,0.6676133732596549,39201.0,20682.0,0.05510009532317395,101.86360214376505,0.0006524156213050596,-1.11,Устойчивая база,False,0.5682264635868395,8.65,4.48,2.99,96.9,4.17,3.94
RU-KB,Кабардино-Балкарская Республика,5,"Промышленность, строительство и транспорт",6.05,5.92,6.13,5,6,4.88,278.5,5431.69,6.16,278.5,39580.589633562806,18898.589633562806,98120.0,2.66,1.0,39201.0,20682.0,-0.060493467031022416,52.95679822120663,0.0017222836868633143,-1.98,Устойчивая база,False,1.0,8.65,4.93,4.93,99.1,7.34,7.75
RU-KB,Кабардино-Балкарская Республика,6,Руководители,6.01,5.9,6.19,5,6,5.02,201.2,3803.9,4.45,201.2,71799.31867996173,51117.318679961725,177990.0,7.55,1.0,39201.0,20682.0,-0.05626631832126523,146.16402115495765,0.0002852555978408675,0.88,Устойчивая база,False,0.700316107878027,8.65,5.0,5.0,96.5,5.14,5.6
RU-KB,Кабардино-Балкарская Республика,7,Сельское и лесное хозяйство,4.99,4.8,5.12,7,7,2.21,7.5,332.0,0.17,5.352159417158028,27974.66684160158,7292.666841601578,69349.0,1.24,0.7136212556210704,39201.0,20682.0,-0.2662679398480714,8.672962346589573,0.01170183158124693,-2.36,"Малый локальный рынок, но спрос наблюдается — строка сохранена со сглаживанием",False,0.06112278130747521,8.65,8.29,5.92,43.7,0.45,0.21
RU-KB,Кабардино-Балкарская Республика,8,Специалисты средней квалификации,4.45,4.36,4.55,8,8,7.14,850.29,11059.55,18.81,750.0443447658444,34579.36510974593,13897.36510974593,85722.0,1.78,0.8821041583058067,39201.0,20682.0,-0.4569579649985211,103.46780906003967,0.000599737808997421,0.42,Устойчивая база,False,2.036115831352673,8.65,7.14,6.3,99.1,14.94,23.66
RU-KB,Кабардино-Балкарская Республика,9,"Операторы машин, сборщики и водители",2.79,2.5,3.12,9,9,10.04,454.95,4075.57,10.06,454.95,39500.31509894112,18818.315098941122,97921.0,2.65,1.0,39201.0,20682.0,-0.8035623069993167,119.67320227989055,0.0006663313462581509,0.69,Устойчивая база,False,0.7503318488352613,8.65,10.01,10.01,97.4,5.5,12.66
RU-KC,Карачаево-Черкесская Республика,1,"Обслуживание, торговля и охрана",8.62,8.5,8.72,1,1,4.38,188.67,4115.99,8.32,115.5484592350199,24468.689202399695,6299.689202399695,59516.0,1.21,0.6124368433509297,39953.0,18169.0,0.3294146578941243,111.62161988428772,0.0006390395513437586,-0.79,Устойчивая база,False,1.0,8.2,4.47,2.74,97.5,8.89,6.32
RU-KC,Карачаево-Черкесская Республика,2,Офисные и учётные служащие,8.42,8.31,8.52,2,3,4.38,84.8,1849.63,3.74,56.61361405241873,26673.15710184299,8504.15710184299,64878.0,1.29,0.6676133732596549,39953.0,18169.0,0.3191629595414447,101.86360214376505,0.0006524156213050596,-1.11,Устойчивая база,False,0.4493766991659358,8.2,4.52,3.02,95.0,4.0,2.84
RU-KC,Карачаево-Черкесская Республика,3,Руководители,8.35,8.27,8.41,2,3,3.61,148.28,3963.92,6.54,148.28,73176.65822862965,55007.65822862965,177990.0,7.92,1.0,39953.0,18169.0,0.5459913157442684,146.16402115495765,0.0002852555978408675,-0.05,Устойчивая база,False,0.9630538460977797,8.2,3.64,3.64,96.6,8.56,4.96
RU-KC,Карачаево-Черкесская Республика,4,Специалисты средней квалификации,7.28,7.17,7.38,4,4,4.79,312.29,6213.42,13.77,275.4723075973204,35242.7074367919,17073.707436791898,85722.0,2.34,0.8821041583058068,39953.0,18169.0,0.24796116660906478,103.46780906003967,0.000599737808997421,-0.67,Устойчивая база,False,1.5095809270673641,8.2,4.82,4.25,98.4,13.42,10.46
RU-KC,Карачаево-Черкесская Республика,5,Специалисты высшей квалификации,6.09,5.91,6.28,5,5,5.51,922.65,15827.64,40.68,922.65,42345.35335823583,24176.35335823583,102998.0,3.75,1.0,39953.0,18169.0,0.10254009076883638,144.61887250545854,0.00038278707116992195,-0.05,Устойчивая база,False,3.845402928578544,8.2,5.51,5.51,99.1,34.19,30.89
RU-KC,Карачаево-Черкесская Республика,6,"Промышленность, строительство и транспорт",5.47,5.21,5.72,6,6,5.98,235.84,3709.58,10.4,235.84,40339.87137138682,22170.87137138682,98120.0,3.36,1.0,39953.0,18169.0,0.005092500466150422,52.95679822120663,0.0017222836868633143,-1.36,Устойчивая база,False,0.9012606930531901,8.2,6.04,6.04,98.7,8.01,7.9
RU-KC,Карачаево-Черкесская Республика,7,Неквалифицированные рабочие,4.62,4.59,4.65,7,7,10.56,724.27,6136.22,31.93,388.05262546434926,21406.197336873192,3237.1973368731924,52067.0,1.1,0.5357844801860484,39953.0,18169.0,-0.6017924274686074,70.670421472643,0.0011936050185097405,0.9,Устойчивая база,False,1.4908248076404462,8.2,10.55,5.65,99.0,13.26,24.25
RU-KC,Карачаево-Черкесская Республика,8,"Операторы машин, сборщики и водители",4.1,3.84,4.34,8,8,7.67,365.99,4408.69,16.14,365.99,40258.05691558876,22089.056915588757,97921.0,3.34,1.0,39953.0,18169.0,-0.24954837868277885,119.67320227989055,0.0006663313462581509,-0.15,Устойчивая база,False,1.071112903578483,8.2,7.7,7.7,97.6,9.52,12.25
RU-KC,Карачаево-Черкесская Республика,9,Сельское и лесное хозяйство,3.25,3.01,3.47,9,9,5.81,4.0,64.89,0.18,2.8544850224842815,28511.310025828625,10342.310025828625,69349.0,1.41,0.7136212556210704,39953.0,18169.0,-0.5912752611598101,8.672962346589573,0.01170183158124693,-0.91,"Малый локальный рынок, но спрос наблюдается — строка сохранена со сглаживанием",False,0.015765344425035046,8.2,12.12,8.65,12.5,0.14,0.13
RU-KDA,Краснодарский край,1,Офисные и учётные служащие,6.44,6.39,6.49,1,1,7.15,3020.1,39194.53,10.33,2016.2591485814835,41361.31892692866,22805.31892692866,64878.0,3.55,0.6676133732596549,61954.0,18556.0,0.3412249760175951,101.86360214376505,0.0006524156213050596,0.43,Устойчивая база,False,0.48368292528820167,3.62,7.15,4.77,99.8,5.0,3.55
RU-KDA,Краснодарский край,2,Руководители,6.11,5.97,6.24,2,2,5.76,3807.84,62271.69,13.02,3807.84,113472.99786991016,94916.99786991016,177990.0,9.24,1.0,61954.0,18556.0,0.5733013153062093,146.16402115495765,0.0002852555978408675,1.27,Устойчивая база,False,0.7684682832487099,3.62,5.76,5.76,99.8,7.95,4.48
RU-KDA,Краснодарский край,3,"Обслуживание, торговля и охрана",4.88,4.84,4.95,3,3,9.68,11494.98,107262.81,39.31,7039.94926558207,37942.9121929635,19386.9121929635,59516.0,2.82,0.6124368433509297,61954.0,18556.0,0.012203745651763725,111.62161988428772,0.0006390395513437586,1.13,Устойчивая база,False,1.3236844456466903,3.62,9.68,5.93,99.9,13.69,13.52
RU-KDA,Краснодарский край,4,Сельское и лесное хозяйство,4.65,4.59,4.7,4,4,9.27,1013.08,9917.6,3.46,722.955421644594,44211.6912707478,25655.691270747797,69349.0,4.0,0.7136212556210704,61954.0,18556.0,0.05985734018872884,8.672962346589573,0.01170183158124693,-0.19,Устойчивая база,False,0.12238885833911695,3.62,9.27,6.62,99.9,1.27,1.19
RU-KDA,Краснодарский край,5,Неквалифицированные рабочие,3.83,3.75,3.92,5,7,12.4,11469.84,81033.52,39.22,6145.362262217145,33193.991685446446,14637.991685446446,52067.0,1.92,0.5357844801860484,61954.0,18556.0,-0.2659794447890556,70.670421472643,0.0011936050185097405,1.27,Устойчивая база,False,1.0,3.62,12.4,6.64,99.9,10.34,13.49
RU-KDA,Краснодарский край,6,Специалисты средней квалификации,3.8,3.62,3.99,5,6,9.51,10278.88,97805.74,35.15,9067.042790726391,54649.88102367795,36093.88102367795,85722.0,5.46,0.8821041583058068,61954.0,18556.0,0.031833325756264914,103.46780906003967,0.000599737808997421,1.23,Устойчивая база,False,1.2069787909990828,3.62,9.51,8.39,99.9,12.48,12.09
RU-KDA,Краснодарский край,7,Специалисты высшей квалификации,3.74,3.5,3.99,5,7,9.06,22142.67,222217.35,75.72,22142.67,65663.75546157091,47107.75546157091,102998.0,7.16,1.0,61954.0,18556.0,0.08511055050138062,144.61887250545854,0.00038278707116992195,1.66,Устойчивая база,False,2.742289240304506,3.62,9.06,9.06,99.9,28.35,26.04
RU-KDA,Краснодарский край,8,"Операторы машин, сборщики и водители",2.73,2.49,2.97,8,8,10.97,10614.1,86175.77,36.29,10614.1,62427.043229504314,43871.043229504314,97921.0,6.71,1.0,61954.0,18556.0,-0.12700053169638895,119.67320227989055,0.0006663313462581509,0.97,Устойчивая база,False,1.063458307130185,3.62,10.97,10.97,99.9,10.99,12.48
RU-KDA,Краснодарский край,9,"Промышленность, строительство и транспорт",2.19,1.98,2.41,9,9,12.56,11187.65,77898.16,38.26,11187.65,62553.91061854928,43997.91061854928,98120.0,6.75,1.0,61954.0,18556.0,-0.28060064724828676,52.95679822120663,0.0017222836868633143,0.99,Устойчивая база,False,0.9613078637087467,3.62,12.56,12.56,99.9,9.94,13.16
RU-KEM,Кемеровская область,1,Руководители,8.76,8.65,8.85,1,1,2.89,1303.39,43746.58,10.54,1303.39,126792.16435649677,109203.16435649677,177990.0,9.61,1.0,69226.0,17589.0,0.8182702330934931,146.16402115495765,0.0002852555978408675,-0.66,Устойчивая база,False,0.8941504702066211,6.19,2.89,2.89,99.7,8.73,3.85
RU-KEM,Кемеровская область,2,Офисные и учётные служащие,7.54,7.38,7.7,2,2,5.25,995.56,17976.56,8.05,664.649169882382,46216.20337727287,28627.20337727287,64878.0,4.43,0.6676133732596549,69226.0,17589.0,0.19795262302839098,101.86360214376505,0.0006524156213050596,-0.55,Устойчивая база,False,0.3674287127518891,6.19,5.26,3.51,99.5,3.59,2.94
RU-KEM,Кемеровская область,3,Специалисты высшей квалификации,7.0,6.93,7.07,3,5,4.55,5385.66,113053.54,43.55,5385.66,73371.19694584221,55782.19694584221,102998.0,7.96,1.0,69226.0,17589.0,0.3497486251468407,144.61887250545854,0.00038278707116992195,-0.69,Устойчивая база,False,2.3107377982352686,6.19,4.55,4.55,99.9,22.57,15.91
RU-KEM,Кемеровская область,4,"Обслуживание, торговля и охрана",6.92,6.72,7.11,4,5,6.1,2576.86,39646.26,20.84,1578.1640041572768,42396.55291781146,24807.55291781146,59516.0,3.85,0.6124368433509297,69226.0,17589.0,0.03893951237266897,111.62161988428772,0.0006390395513437586,0.0,Устойчивая база,False,0.8103427061254607,6.19,6.1,3.74,99.7,7.91,7.61
RU-KEM,Кемеровская область,5,Неквалифицированные рабочие,6.92,6.67,7.19,3,5,6.54,3429.72,49029.97,27.73,1837.5907473836937,37090.21642535939,19501.216425359387,52067.0,2.87,0.5357844801860484,69226.0,17589.0,-0.034573834589603586,70.670421472643,0.0011936050185097405,-0.17,Устойчивая база,False,1.002139383917932,6.19,6.54,3.51,99.9,9.79,10.13
RU-KEM,Кемеровская область,6,Специалисты средней квалификации,6.49,6.47,6.52,6,6,5.35,2764.72,48925.3,22.36,2438.77100855123,61064.542462877784,43475.542462877784,85722.0,6.63,0.8821041583058068,69226.0,17589.0,0.17899597189803237,103.46780906003967,0.000599737808997421,-0.37,Устойчивая база,False,1.0,6.19,5.35,4.72,99.8,9.77,8.17
RU-KEM,Кемеровская область,7,"Операторы машин, сборщики и водители",4.38,4.24,4.53,7,7,7.03,8624.63,114129.58,69.74,8624.63,69754.56781815001,52165.56781815001,97921.0,7.67,1.0,69226.0,17589.0,-0.11154055258923351,119.67320227989055,0.0006663313462581509,-0.42,Устойчивая база,False,2.332731327145669,6.19,7.03,7.03,99.9,22.78,25.47
RU-KEM,Кемеровская область,8,Сельское и лесное хозяйство,3.02,2.9,3.13,8,8,7.51,85.5,1052.47,0.69,61.014617355601516,49401.145041624215,31812.145041624215,69349.0,4.86,0.7136212556210704,69226.0,17589.0,-0.5760682137701517,8.672962346589573,0.01170183158124693,-0.52,"Малый локальный рынок, но спрос наблюдается — строка сохранена со сглаживанием",False,0.021511774071901447,6.19,11.87,8.47,20.9,0.21,0.25
RU-KEM,Кемеровская область,9,"Промышленность, строительство и транспорт",2.44,2.22,2.66,9,9,10.59,8694.49,73369.04,70.3,8694.49,69896.32657261343,52307.32657261343,98120.0,7.68,1.0,69226.0,17589.0,-0.5612935839546654,52.95679822120663,0.0017222836868633143,0.43,Устойчивая база,False,1.4996134924057694,6.19,10.59,10.59,99.9,14.65,25.68
RU-KGD,Калининградская область,1,Руководители,7.85,7.8,7.9,1,1,3.75,480.59,12318.38,8.38,480.59,120266.28561726298,100357.28561726298,177990.0,9.42,1.0,65663.0,19909.0,0.7374765431571015,146.16402115495765,0.0002852555978408675,0.06,Устойчивая база,False,0.8819038455205276,4.8,3.76,3.76,98.9,9.29,4.43
RU-KGD,Калининградская область,2,Специалисты высшей квалификации,6.73,6.66,6.81,2,2,4.86,1891.86,37018.55,32.99,1891.86,69594.84738472303,49685.847384723034,102998.0,7.38,1.0,65663.0,19909.0,0.46864589824654657,144.61887250545854,0.00038278707116992195,-0.47,Устойчивая база,False,2.650251218146699,4.8,4.86,4.86,99.6,27.91,17.45
RU-KGD,Калининградская область,3,Специалисты средней квалификации,5.61,5.55,5.68,3,3,6.45,1167.86,16946.56,20.37,1030.1741623190194,57921.60534683419,38012.60534683419,85722.0,5.72,0.8821041583058068,65663.0,19909.0,0.17032936842963298,103.46780906003967,0.000599737808997421,0.14,Устойчивая база,False,1.2132469068452472,4.8,6.45,5.69,99.4,12.78,10.77
RU-KGD,Калининградская область,4,Офисные и учётные служащие,4.95,4.88,5.02,4,5,8.44,724.98,7860.79,12.64,484.0063433457846,43837.496928348715,23928.496928348715,64878.0,3.68,0.6676133732596549,65663.0,19909.0,-0.11926714571230065,101.86360214376505,0.0006524156213050596,0.97,Устойчивая база,False,0.5627737518918323,4.8,8.43,5.63,98.8,5.93,6.69
RU-KGD,Калининградская область,5,"Обслуживание, торговля и охрана",4.95,4.82,5.07,4,5,8.87,1247.1,12806.97,21.75,763.7699873429444,40214.4404449521,20305.440444952103,59516.0,2.99,0.6124368433509297,65663.0,19909.0,-0.1741769967709829,111.62161988428772,0.0006390395513437586,0.91,Устойчивая база,False,0.9168832340345103,4.8,8.86,5.43,99.2,9.66,11.5
RU-KGD,Калининградская область,6,Неквалифицированные рабочие,4.51,4.34,4.67,6,6,10.37,1616.78,13967.94,28.19,866.2456318751994,35181.216322456494,15272.216322456494,52067.0,2.01,0.5357844801860484,65663.0,19909.0,-0.34760096842464955,70.670421472643,0.0011936050185097405,0.86,Устойчивая база,False,1.0,4.8,10.37,5.55,99.5,10.53,14.92
RU-KGD,Калининградская область,7,"Операторы машин, сборщики и водители",2.71,2.52,2.89,7,7,10.1,1744.76,15529.92,30.43,1744.76,66164.36290762408,46255.362907624076,97921.0,6.95,1.0,65663.0,19909.0,-0.31711566914829775,119.67320227989055,0.0006663313462581509,0.71,Устойчивая база,False,1.1118260817271552,4.8,10.09,10.09,99.3,11.71,16.1
RU-KGD,Калининградская область,8,"Промышленность, строительство и транспорт",2.45,2.25,2.66,8,9,10.67,1810.97,15164.17,31.58,1810.97,66298.82546640735,46389.82546640735,98120.0,6.97,1.0,65663.0,19909.0,-0.37913648908332664,52.95679822120663,0.0017222836868633143,0.46,Устойчивая база,False,1.0856411181605876,4.8,10.67,10.67,99.7,11.43,16.71
RU-KGD,Калининградская область,9,Сельское и лесное хозяйство,2.43,2.33,2.52,8,9,13.28,155.0,1012.0,2.7,110.61129462126591,46858.512507846346,26949.512507846346,69349.0,4.17,0.7136212556210704,65663.0,19909.0,-0.624349428334214,8.672962346589573,0.01170183158124693,0.4,Устойчивая база,False,0.07245162851501366,4.8,13.22,9.43,75.7,0.76,1.43
RU-KGN,Курганская область,1,Офисные и учётные служащие,7.81,7.68,7.92,1,1,5.31,356.26,6352.0,10.12,237.84394035748463,38949.899422714785,20780.899422714785,64878.0,3.08,0.6676133732596549,58342.0,18169.0,0.3868064768706454,101.86360214376505,0.0006524156213050596,-0.51,Устойчивая база,False,0.38619123153781565,5.5,5.34,3.56,98.5,4.7,3.17
RU-KGN,Курганская область,2,Неквалифицированные рабочие,7.63,7.43,7.83,2,2,6.19,1190.81,18040.6,33.84,638.0175168503483,31258.738143014438,13089.738143014438,52067.0,1.65,0.5357844801860484,58342.0,18169.0,0.2294046972576031,70.670421472643,0.0011936050185097405,-0.29,Устойчивая база,False,1.096839032065667,5.5,6.2,3.32,99.6,13.34,10.59
RU-KGN,Курганская область,3,Руководители,7.3,7.23,7.37,3,3,4.45,481.46,10332.23,13.68,481.46,106857.37227178711,88688.37227178711,177990.0,9.1,1.0,58342.0,18169.0,0.5790296059241149,146.16402115495765,0.0002852555978408675,0.54,Устойчивая база,False,0.6281827185503723,5.5,4.45,4.45,98.7,7.64,4.28
RU-KGN,Курганская область,4,"Обслуживание, торговля и охрана",5.73,5.64,5.82,4,4,7.89,1012.37,11816.36,28.77,620.0126871031807,35730.790314779944,17561.790314779944,59516.0,2.41,0.6124368433509297,58342.0,18169.0,-0.029934441199311553,111.62161988428772,0.0006390395513437586,0.63,Устойчивая база,False,0.7184153999833413,5.5,7.89,4.83,99.1,8.74,9.0
RU-KGN,Курганская область,5,Специалисты средней квалификации,4.56,4.42,4.71,5,5,7.84,1398.34,16447.81,39.74,1233.4815287253418,51463.72080387738,33294.72080387738,85722.0,5.03,0.8821041583058068,58342.0,18169.0,-0.021386358483196526,103.46780906003967,0.000599737808997421,0.68,Устойчивая база,False,1.0,5.5,7.83,6.91,99.4,12.16,12.44
RU-KGN,Курганская область,6,Специалисты высшей квалификации,4.04,3.82,4.24,6,6,8.04,2714.9,31039.78,77.15,2714.9,61835.47182004342,43666.47182004342,102998.0,6.66,1.0,58342.0,18169.0,-0.04909557336917748,144.61887250545854,0.00038278707116992195,1.24,Устойчивая база,False,1.8871679573146818,5.5,8.03,8.03,99.6,22.96,24.14
RU-KGN,Курганская область,7,"Операторы машин, сборщики и водители",3.89,3.67,4.1,7,7,8.19,1563.01,17521.33,44.42,1563.01,58787.46418464894,40618.46418464894,97921.0,6.21,1.0,58342.0,18169.0,-0.07090490967201168,119.67320227989055,0.0006663313462581509,0.05,Устойчивая база,False,1.0652682636776567,5.5,8.19,8.19,99.4,12.96,13.9
RU-KGN,Курганская область,8,"Промышленность, строительство и транспорт",3.06,2.83,3.28,8,8,9.62,2476.57,23255.35,70.38,2476.57,58906.9350374052,40737.9350374052,98120.0,6.24,1.0,58342.0,18169.0,-0.2475172753884345,52.95679822120663,0.0017222836868633143,0.12,Устойчивая база,False,1.4138873199532338,5.5,9.62,9.62,99.8,17.2,22.03
RU-KGN,Курганская область,9,Сельское и лесное хозяйство,2.78,2.66,2.89,9,9,11.03,50.5,407.5,1.44,36.03787340886405,41634.09129544449,23465.091295444487,69349.0,3.63,0.7136212556210704,58342.0,18169.0,-0.5722317805066648,8.672962346589573,0.01170183158124693,0.09,"Малый локальный рынок, но спрос наблюдается — строка сохранена со сглаживанием",False,0.024775334831810433,5.5,12.43,8.87,29.6,0.3,0.45
RU-KHA,Хабаровский край,1,"Обслуживание, торговля и охрана",7.63,7.39,7.88,1,1,5.63,1368.86,22959.73,19.18,838.3402973893536,53786.653330452056,30205.653330452056,59516.0,4.57,0.6124368433509297,87824.0,23581.0,0.5257230041934442,111.62161988428772,0.0006390395513437586,-0.19,Устойчивая база,False,0.789064658698028,2.73,5.64,3.45,99.5,9.21,5.42
RU-KHA,Хабаровский край,2,Офисные и учётные служащие,7.16,6.98,7.32,2,2,5.92,680.04,10805.91,9.53,454.0037983514957,58632.47689315593,35051.47689315593,64878.0,5.23,0.6676133732596549,87824.0,23581.0,0.4694850270373659,101.86360214376505,0.0006524156213050596,-0.17,Устойчивая база,False,0.37137029425309476,2.73,5.93,3.96,99.1,4.33,2.69
RU-KHA,Хабаровский край,3,Специалисты средней квалификации,5.2,5.13,5.28,3,4,7.13,2234.4,29097.4,31.31,1970.9735313184945,77469.91559904917,53888.91559904917,85722.0,7.82,0.8821041583058067,87824.0,23581.0,0.2756971012939168,103.46780906003967,0.000599737808997421,0.42,Устойчивая база,False,1.0,2.73,7.13,6.29,99.7,11.67,8.85
RU-KHA,Хабаровский край,4,Неквалифицированные рабочие,5.0,4.79,5.2,3,4,9.67,3150.11,29410.72,44.15,1687.780048878873,47054.73618785952,23473.73618785952,52067.0,3.64,0.5357844801860484,87824.0,23581.0,-0.05688253146584082,70.670421472643,0.0011936050185097405,0.7,Устойчивая база,False,1.0107679723961591,2.73,9.67,5.18,99.8,11.79,12.48
RU-KHA,Хабаровский край,5,Специалисты высшей квалификации,4.17,4.01,4.32,5,5,7.97,5542.13,63971.66,77.67,5542.13,93082.83015877915,69501.83015877915,102998.0,8.53,1.0,87824.0,23581.0,0.1558401602747255,144.61887250545854,0.00038278707116992195,1.21,Устойчивая база,False,2.198535264319149,2.73,7.97,7.97,99.8,25.66,21.96
RU-KHA,Хабаровский край,6,Руководители,4.0,3.84,4.18,6,6,8.23,1921.69,21424.67,26.93,1921.69,160855.67622634518,137274.67622634518,177990.0,9.86,1.0,87824.0,23581.0,0.12328011391419871,146.16402115495765,0.0002852555978408675,2.3,Устойчивая база,False,0.7363087423618604,2.73,8.21,8.21,99.4,8.59,7.61
RU-KHA,Хабаровский край,7,"Операторы машин, сборщики и водители",2.53,2.37,2.7,7,7,10.75,3731.04,30965.98,52.29,3731.04,88494.57088465615,64913.57088465615,97921.0,8.4,1.0,87824.0,23581.0,-0.17424041619134611,119.67320227989055,0.0006663313462581509,0.91,Устойчивая база,False,1.0642181088344662,2.73,10.74,10.74,99.7,12.42,14.78
RU-KHA,Хабаровский край,8,"Промышленность, строительство и транспорт",1.71,1.58,1.85,8,9,13.82,6194.72,38637.58,86.81,6194.72,88674.4140194898,65093.41401948981,98120.0,8.41,1.0,87824.0,23581.0,-0.45980595800846524,52.95679822120663,0.0017222836868633143,1.31,Устойчивая база,False,1.3278705313876842,2.73,13.82,13.82,99.9,15.5,24.54
RU-KHA,Хабаровский край,9,Сельское и лесное хозяйство,1.67,1.61,1.73,8,9,16.71,417.1,2078.93,5.85,297.65142571954846,62673.07315366488,39092.07315366488,69349.0,5.95,0.7136212556210704,87824.0,23581.0,-0.675459668825382,8.672962346589573,0.01170183158124693,0.79,Устойчивая база,False,0.07144727707630234,2.73,16.08,11.48,83.1,0.83,1.65
RU-KHM,Ханты-Мансийский автономный округ — Югра,1,Неквалифицированные рабочие,8.34,7.99,8.68,1,2,4.16,1735.78,40008.38,,930.0039850173391,61672.008376295285,38507.008376295285,52067.0,5.86,0.5357844801860484,115106.0,23165.0,0.3822371106981136,70.670421472643,0.0011936050185097405,-1.15,Устойчивая база,False,0.8648584966330545,4.01,4.17,2.23,99.8,6.92,4.71
RU-KHM,Ханты-Мансийский автономный округ — Югра,2,Руководители,8.29,8.09,8.52,1,2,2.99,1428.05,46260.03,,1428.05,210824.5293736301,187659.5293736301,177990.0,9.93,1.0,115106.0,23165.0,0.7240079777540375,146.16402115495765,0.0002852555978408675,-0.57,Устойчивая база,False,1.0,4.01,2.99,2.99,99.7,8.01,3.88
RU-KHM,Ханты-Мансийский автономный округ — Югра,3,"Обслуживание, торговля и охрана",7.98,7.66,8.29,3,3,4.44,1732.09,37313.28,,1060.795731999712,70495.15529075213,47330.155290752125,59516.0,7.19,0.6124368433509298,115106.0,23165.0,0.3148477571195708,111.62161988428772,0.0006390395513437586,-0.76,Устойчивая база,False,0.806598698703827,4.01,4.45,2.73,99.7,6.46,4.7
RU-KHM,Ханты-Мансийский автономный округ — Югра,4,Специалисты средней квалификации,7.33,7.16,7.51,4,4,4.25,2816.66,63410.92,,2484.5874985336336,101535.48124594819,78370.48124594819,85722.0,8.73,0.8821041583058068,115106.0,23165.0,0.3602701773157001,103.46780906003967,0.000599737808997421,-1.0,Устойчивая база,False,1.370749651480987,4.01,4.25,3.75,99.8,10.97,7.65
RU-KHM,Ханты-Мансийский автономный округ — Югра,5,Офисные и учётные служащие,6.91,6.63,7.22,5,5,5.4,1169.51,20472.12,,780.780516160899,76846.30494242584,53681.304942425835,64878.0,7.78,0.6676133732596549,115106.0,23165.0,0.10860254863026839,101.86360214376505,0.0006524156213050596,-0.46,Устойчивая база,False,0.44254446008789877,4.01,5.41,3.61,99.5,3.54,3.18
RU-KHM,Ханты-Мансийский автономный округ — Югра,6,Специалисты высшей квалификации,6.13,6.07,6.18,6,6,4.86,6844.2,134119.86,,6844.2,121998.45427510058,98833.45427510058,102998.0,9.36,1.0,115106.0,23165.0,0.2219962983320416,144.61887250545854,0.00038278707116992195,-0.47,Устойчивая база,False,2.8992601172113375,4.01,4.86,4.86,99.9,23.21,18.59
RU-KHM,Ханты-Мансийский автономный округ — Югра,7,"Операторы машин, сборщики и водители",3.16,3.12,3.21,7,7,8.06,12487.87,142360.51,,12487.87,115984.87971681124,92819.87971681124,97921.0,9.16,1.0,115106.0,23165.0,-0.3197135117602114,119.67320227989055,0.0006663313462581509,0.0,Устойчивая база,False,3.077397701644379,4.01,8.06,8.06,99.9,24.64,33.92
RU-KHM,Ханты-Мансийский автономный округ — Югра,8,"Промышленность, строительство и транспорт",3.04,2.99,3.08,8,8,8.29,8442.92,93438.34,,8442.92,116220.59004517438,93055.59004517438,98120.0,9.17,1.0,115106.0,23165.0,-0.34940285839048807,52.95679822120663,0.0017222836868633143,-0.35,Устойчивая база,False,2.0198503978488556,4.01,8.29,8.29,99.9,16.17,22.93
RU-KHM,Ханты-Мансийский автономный округ — Югра,9,Сельское и лесное хозяйство,2.2,2.11,2.27,9,9,26.19,157.83,444.83,,112.63084277467354,82142.08824951893,58977.08824951893,69349.0,8.15,0.7136212556210704,115106.0,23165.0,-0.6310489340258595,8.672962346589573,0.01170183158124693,1.61,"Малый локальный рынок, но спрос наблюдается — строка сохранена со сглаживанием",False,0.00961586060363558,4.01,14.01,10.0,7.6,0.08,0.43
RU-KIR,Кировская область,1,Руководители,8.6,8.44,8.77,1,1,2.78,468.71,16372.92,7.98,468.71,103683.2639767851,86481.2639767851,177990.0,9.05,1.0,56609.0,17202.0,0.7415620126508893,146.16402115495765,0.0002852555978408675,-0.77,Устойчивая база,False,0.6676583927675764,5.02,2.79,2.79,99.1,7.58,3.6
RU-KIR,Кировская область,2,"Обслуживание, торговля и охрана",8.25,7.98,8.53,2,2,4.12,909.86,21193.32,15.48,557.231786291277,34669.43726525278,17467.43726525278,59516.0,2.4,0.6124368433509297,56609.0,17202.0,0.33604326941537777,111.62161988428772,0.0006390395513437586,-0.94,Устойчивая база,False,0.8642256829330951,5.02,4.14,2.53,99.5,9.81,6.99
RU-KIR,Кировская область,3,Неквалифицированные рабочие,7.88,7.56,8.21,3,3,4.78,1352.19,26937.42,23.01,724.4824162627729,30330.223638852014,13128.223638852014,52067.0,1.66,0.5357844801860484,56609.0,17202.0,0.18091192059281808,70.670421472643,0.0011936050185097405,-0.85,Устойчивая база,False,1.0984598069559472,5.02,4.79,2.57,99.8,12.47,10.4
RU-KIR,Кировская область,4,Специалисты средней квалификации,6.76,6.64,6.89,4,4,4.72,1215.09,24522.9,20.68,1071.8359417158026,49935.03429753341,32733.034297533413,85722.0,4.93,0.8821041583058067,56609.0,17202.0,0.19460658680620158,103.46780906003967,0.000599737808997421,-0.71,Устойчивая база,False,1.0,5.02,4.73,4.17,99.6,11.35,9.34
RU-KIR,Кировская область,5,Офисные и учётные служащие,5.89,5.66,6.13,5,5,6.35,608.69,8982.03,10.36,406.36958416941934,37792.9254468558,20590.9254468558,64878.0,3.04,0.6676133732596549,56609.0,17202.0,-0.11627798412798983,101.86360214376505,0.0006524156213050596,0.06,Устойчивая база,False,0.3662711180162216,5.02,6.36,4.25,98.9,4.16,4.68
RU-KIR,Кировская область,6,Специалисты высшей квалификации,5.58,5.55,5.59,6,6,5.39,2869.11,50322.0,48.82,2869.11,59998.70118029615,42796.70118029615,102998.0,6.49,1.0,56609.0,17202.0,0.05517090150283201,144.61887250545854,0.00038278707116992195,-0.12,Устойчивая база,False,2.0520411533709306,5.02,5.39,5.39,99.7,23.29,22.06
RU-KIR,Кировская область,7,"Операторы машин, сборщики и водители",4.78,4.76,4.8,7,7,6.04,1782.72,27739.73,30.33,1782.72,57041.232046018165,39839.232046018165,97921.0,6.1,1.0,56609.0,17202.0,-0.06563088938766365,119.67320227989055,0.0006663313462581509,-0.89,Устойчивая база,False,1.1311765737331227,5.02,6.05,6.05,99.6,12.84,13.7
RU-KIR,Кировская область,8,Сельское и лесное хозяйство,4.18,4.06,4.3,8,8,8.32,322.79,3555.72,5.49,230.3498051019253,40397.385659453175,23195.385659453175,69349.0,3.59,0.7136212556210704,56609.0,17202.0,-0.41071837131476285,8.672962346589573,0.01170183158124693,-0.36,Устойчивая база,False,0.1449959017897557,5.02,8.33,5.94,99.8,1.65,2.48
RU-KIR,Кировская область,9,"Промышленность, строительство и транспорт",2.89,2.8,2.98,9,9,8.72,3478.89,36407.7,59.2,3478.89,57157.15411765916,39955.15411765916,98120.0,6.12,1.0,56609.0,17202.0,-0.4616938035021895,52.95679822120663,0.0017222836868633143,-0.19,Устойчивая база,False,1.4846408866814282,5.02,8.72,8.72,99.9,16.85,26.74
RU-KK,Республика Хакасия,1,Офисные и учётные служащие,7.79,7.67,7.89,1,1,5.35,187.5,3315.82,7.05,125.17750748618529,42163.790201586766,22447.790201586766,64878.0,3.45,0.6676133732596549,63156.0,19716.0,0.3429922413241812,101.86360214376505,0.0006524156213050596,-0.49,Устойчивая база,False,0.3770402326951198,6.16,5.4,3.61,97.2,4.03,2.82
RU-KK,Республика Хакасия,2,Руководители,7.09,6.97,7.22,2,3,4.73,281.72,5669.09,10.59,281.72,115674.54326552033,95958.54326552033,177990.0,9.3,1.0,63156.0,19716.0,0.4881792793445116,146.16402115495765,0.0002852555978408675,0.71,Устойчивая база,False,0.6446293866282177,6.16,4.72,4.72,97.6,6.89,4.24
RU-KK,Республика Хакасия,3,Неквалифицированные рабочие,7.08,6.9,7.25,2,3,6.9,726.18,9794.14,27.3,389.0759738215046,33838.00463063007,14122.004630630072,52067.0,1.86,0.5357844801860484,63156.0,19716.0,0.0834585659288848,70.670421472643,0.0011936050185097405,-0.05,Устойчивая база,False,1.113686757619105,6.16,6.92,3.71,99.3,11.9,10.93
RU-KK,Республика Хакасия,4,"Обслуживание, торговля и охрана",6.83,6.72,6.94,4,4,6.68,674.53,9430.67,25.36,413.10702394550265,38679.06127867132,18963.061278671317,59516.0,2.68,0.6124368433509297,63156.0,19716.0,0.11991046293346584,111.62161988428772,0.0006390395513437586,0.22,Устойчивая база,False,1.0723567658289308,6.16,6.69,4.1,98.9,11.46,10.15
RU-KK,Республика Хакасия,5,"Операторы машин, сборщики и водители",6.52,6.34,6.68,5,5,5.28,872.0,15649.28,32.79,872.0,63638.22097366714,43922.22097366714,97921.0,6.73,1.0,63156.0,19716.0,0.36755660991789507,119.67320227989055,0.0006663313462581509,-1.29,Устойчивая база,False,1.7794717966328344,6.16,5.31,5.31,99.3,19.02,13.12
RU-KK,Республика Хакасия,6,Специалисты высшей квалификации,5.66,5.46,5.86,6,6,6.1,1427.51,21968.98,53.67,1427.51,66937.73025036273,47221.73025036273,102998.0,7.18,1.0,63156.0,19716.0,0.21774244964977213,144.61887250545854,0.00038278707116992195,0.3,Устойчивая база,False,2.498081720743114,6.16,6.1,6.1,99.4,26.7,21.48
RU-KK,Республика Хакасия,7,Специалисты средней квалификации,2.78,2.56,3.01,7,8,11.24,1113.97,8794.34,41.88,982.6375692279196,55710.17022196153,35994.17022196153,85722.0,5.45,0.8821041583058068,63156.0,19716.0,-0.44525271055414406,103.46780906003967,0.000599737808997421,1.71,Устойчивая база,False,1.0,6.16,11.19,9.87,99.0,10.69,16.76
RU-KK,Республика Хакасия,8,Сельское и лесное хозяйство,2.74,2.57,2.91,7,8,6.9,3.0,40.5,0.11,2.140863766863211,45069.46402000432,25353.46402000432,69349.0,3.93,0.7136212556210704,63156.0,19716.0,-0.6063023804362981,8.672962346589573,0.01170183158124693,-0.65,"Малый локальный рынок, но спрос наблюдается — строка сохранена со сглаживанием",False,0.004605234730519857,6.16,12.76,9.11,4.1,0.05,0.05
RU-KK,Республика Хакасия,9,"Промышленность, строительство и транспорт",1.91,1.64,2.17,9,9,15.14,1359.47,7621.42,51.12,1359.47,63767.5497792733,44051.5497792733,98120.0,6.77,1.0,63156.0,19716.0,-0.7893439633036847,52.95679822120663,0.0017222836868633143,1.61,Устойчивая база,False,0.8666278538241642,6.16,15.11,15.11,99.4,9.26,20.46
RU-KL,Республика Калмыкия,1,Сельское и лесное хозяйство,9.56,9.42,9.7,1,1,0.35,1.5,433.0,0.11,1.0704318834316056,32317.765803311413,13375.765803311413,69349.0,1.69,0.7136212556210704,45287.0,18942.0,2.663403280665108,8.672962346589573,0.01170183158124693,-5.04,Устойчивая база; нетипично низкая доля — строка сохранена,False,0.18366914103923648,7.25,0.6,0.43,98.0,1.56,0.09
RU-KL,Республика Калмыкия,2,Неквалифицированные рабочие,9.3,9.16,9.44,2,2,2.87,124.67,4213.67,9.18,66.79625114479465,24264.071754185574,5322.071754185574,52067.0,1.18,0.5357844801860484,45287.0,18942.0,0.6983593205627568,70.670421472643,0.0011936050185097405,-1.94,Устойчивая база,False,1.7873467656415696,7.25,2.98,1.59,98.4,15.23,7.45
RU-KL,Республика Калмыкия,3,Офисные и учётные служащие,8.06,7.84,8.25,3,3,4.42,53.0,1147.17,3.9,35.38350878276171,30234.20683480999,11292.20683480999,64878.0,1.45,0.6676133732596549,45287.0,18942.0,0.2439660641004404,101.86360214376505,0.0006524156213050596,-1.09,Устойчивая база,False,0.4866044538706257,7.25,4.64,3.1,92.2,4.15,3.17
RU-KL,Республика Калмыкия,4,"Промышленность, строительство и транспорт",7.5,7.01,7.73,4,4,3.76,47.33,1210.33,3.49,47.33,45725.52135749493,26783.52135749493,98120.0,4.16,1.0,45287.0,18942.0,0.3073514913989919,52.95679822120663,0.0017222836868633143,-2.76,Устойчивая база,False,0.5133955461293743,7.25,4.03,4.03,96.0,4.37,2.83
RU-KL,Республика Калмыкия,5,"Обслуживание, торговля и охрана",6.76,6.56,6.98,5,5,6.06,172.5,2676.0,12.7,105.64535547803538,27735.427324833556,8793.427324833556,59516.0,1.31,0.6124368433509297,45287.0,18942.0,-0.0636665468728297,111.62161988428772,0.0006390395513437586,-0.02,Устойчивая база,False,1.135100742311771,7.25,6.13,3.75,96.2,9.67,10.31
RU-KL,Республика Калмыкия,6,"Операторы машин, сборщики и водители",5.31,5.03,5.51,6,7,5.75,116.33,1905.67,8.57,116.33,45632.784109735636,26690.784109735636,97921.0,4.15,1.0,45287.0,18942.0,-0.028291219412935553,119.67320227989055,0.0006663313462581509,-1.04,Устойчивая база,False,0.8083435843054083,7.25,5.92,5.92,94.4,6.89,6.96
RU-KL,Республика Калмыкия,7,Специалисты средней квалификации,5.11,5.05,5.2,6,7,6.58,261.67,3715.17,19.27,230.82019510388045,39947.85101719507,21005.85101719507,85722.0,3.12,0.8821041583058067,45287.0,18942.0,-0.14789756300383122,103.46780906003967,0.000599737808997421,0.2,Устойчивая база,False,1.5758939554612938,7.25,6.58,5.81,97.5,13.43,15.65
RU-KL,Республика Калмыкия,8,Руководители,4.91,4.75,5.16,8,8,6.44,162.17,2357.5,11.94,162.17,82946.24486771833,64004.24486771833,177990.0,8.34,1.0,45287.0,18942.0,-0.09968149887184151,146.16402115495765,0.0002852555978408675,1.59,Устойчивая база,False,1.0,7.25,6.33,6.33,94.5,8.52,9.7
RU-KL,Республика Калмыкия,9,Специалисты высшей квалификации,4.47,4.31,4.62,9,9,6.82,733.33,10013.66,54.0,733.33,47998.74896839852,29056.74896839852,102998.0,4.46,1.0,45287.0,18942.0,-0.18821958183917514,144.61887250545854,0.00038278707116992195,0.67,Устойчивая база,False,4.247575821845175,7.25,6.81,6.81,98.7,36.19,43.85
RU-KLU,Калужская область,1,"Обслуживание, торговля и охрана",8.14,7.92,8.37,1,1,4.78,878.53,17498.04,14.98,538.0441399890923,41054.091357186226,22498.091357186226,59516.0,3.46,0.6124368433509297,67034.0,18556.0,0.39252521702084553,111.62161988428772,0.0006390395513437586,-0.58,Устойчивая база,False,0.927536446989065,4.88,4.8,2.94,99.4,9.27,6.24
RU-KLU,Калужская область,2,Руководители,7.9,7.83,7.98,2,2,3.68,587.05,15368.51,10.01,587.05,122777.36609761367,104221.36609761367,177990.0,9.49,1.0,67034.0,18556.0,0.668201590643372,146.16402115495765,0.0002852555978408675,0.01,Устойчивая база,False,0.8146542790458768,4.88,3.69,3.69,99.1,8.14,4.17
RU-KLU,Калужская область,3,Офисные и учётные служащие,6.25,6.1,6.4,3,3,6.56,746.97,10644.95,12.74,498.6871614237644,44752.79486308771,26196.794863087707,64878.0,4.06,0.6676133732596549,67034.0,18556.0,0.06094112054936182,101.86360214376505,0.0006524156213050596,0.16,Устойчивая база,False,0.5642677180630659,4.88,6.57,4.38,99.1,5.64,5.3
RU-KLU,Калужская область,4,Специалисты средней квалификации,5.79,5.78,5.82,4,4,6.05,1344.47,20862.27,22.92,1185.962577717408,59130.970147871456,40574.970147871456,85722.0,6.2,0.8821041583058068,67034.0,18556.0,0.1461206786125114,103.46780906003967,0.000599737808997421,-0.04,Устойчивая база,False,1.1058676167117323,4.88,6.05,5.34,99.5,11.05,9.55
RU-KLU,Калужская область,5,Специалисты высшей квалификации,5.58,5.48,5.68,5,5,5.84,2815.47,45385.21,48.0,2815.47,71047.94175696395,52491.94175696395,102998.0,7.72,1.0,67034.0,18556.0,0.18460217984488708,144.61887250545854,0.00038278707116992195,0.15,Устойчивая база,False,2.4057801004714,4.88,5.84,5.84,99.7,24.04,19.99
RU-KLU,Калужская область,6,"Промышленность, строительство и транспорт",4.76,4.64,4.87,6,6,6.67,2207.63,30912.89,37.64,2207.63,67683.10108150938,49127.101081509376,98120.0,7.33,1.0,67034.0,18556.0,0.04293031338632998,52.95679822120663,0.0017222836868633143,-1.02,Устойчивая база,False,1.6386310784958655,4.88,6.68,6.68,99.8,16.37,15.67
RU-KLU,Калужская область,7,Неквалифицированные рабочие,4.03,3.87,4.22,7,7,11.05,2343.67,18865.07,39.96,1255.702012677636,35915.776844791566,17359.776844791566,52067.0,2.39,0.5357844801860484,67034.0,18556.0,-0.5093901340953061,70.670421472643,0.0011936050185097405,1.01,Устойчивая база,False,1.0,4.88,11.04,5.92,99.7,9.99,16.64
RU-KLU,Калужская область,8,"Операторы машин, сборщики и водители",3.1,2.94,3.24,8,8,8.91,2754.67,28168.22,46.97,2754.67,67545.83103345372,48989.831033453724,97921.0,7.32,1.0,67034.0,18556.0,-0.27048381140842914,119.67320227989055,0.0006663313462581509,0.31,Устойчивая база,False,1.493141557386217,4.88,8.91,8.91,99.6,14.92,19.56
RU-KLU,Калужская область,9,Сельское и лесное хозяйство,1.65,1.46,1.83,9,9,26.81,406.0,1108.5,6.92,289.7302297821546,47836.88724930283,29280.887249302832,69349.0,4.49,0.7136212556210704,67034.0,18556.0,-1.3028465813060588,8.672962346589573,0.01170183158124693,1.65,Средняя база — умеренное сглаживание,False,0.05875938970806893,4.88,21.07,15.03,58.4,0.59,2.88
RU-KO,Республика Коми,1,Офисные и учётные служащие,9.31,9.21,9.42,1,2,2.53,181.3,6998.31,4.95,121.03830457197543,52179.993640601366,29951.993640601366,64878.0,4.55,0.6676133732596549,78159.0,22228.0,0.6118755270694499,101.86360214376505,0.0006524156213050596,-2.81,Устойчивая база,False,0.3635644360585086,7.98,2.6,1.73,98.6,4.04,2.16
RU-KO,Республика Коми,2,Неквалифицированные рабочие,9.3,9.17,9.42,1,2,2.69,471.77,17091.87,12.89,252.76704421737205,41876.379186861355,19648.379186861355,52067.0,2.88,0.5357844801860484,78159.0,22228.0,0.5580176354105428,70.670421472643,0.0011936050185097405,-2.08,Устойчивая база,False,0.8879280966026569,7.98,2.72,1.46,99.6,9.87,5.63
RU-KO,Республика Коми,3,"Обслуживание, торговля и охрана",9.27,9.15,9.38,3,3,2.68,542.08,19679.91,14.81,331.98976404367204,47867.451239465314,25639.451239465314,59516.0,3.99,0.6124368433509297,78159.0,22228.0,0.561038695015931,111.62161988428772,0.0006390395513437586,-1.94,Устойчивая база,False,1.022377599853708,7.98,2.71,1.66,99.5,11.37,6.46
RU-KO,Республика Коми,4,Руководители,8.57,8.51,8.62,4,4,3.06,451.04,14284.1,12.32,451.04,143153.56620257464,120925.56620257464,177990.0,9.73,1.0,78159.0,22228.0,0.4296630817130183,146.16402115495765,0.0002852555978408675,-0.51,Устойчивая база,False,0.7420635497860686,7.98,3.07,3.07,99.0,8.25,5.38
RU-KO,Республика Коми,5,Специалисты высшей квалификации,7.03,7.02,7.06,5,6,4.14,1809.2,41923.05,49.44,1809.2,82839.0977680363,60611.0977680363,102998.0,8.24,1.0,78159.0,22228.0,0.11635046675693395,144.61887250545854,0.00038278707116992195,-1.0,Устойчивая база,False,2.177915815547276,7.98,4.15,4.15,99.7,24.22,21.57
RU-KO,Республика Коми,6,Специалисты средней квалификации,6.96,6.89,7.03,5,6,4.49,905.4,19249.16,24.74,798.6571049300775,68944.37890902355,46716.37890902355,85722.0,7.03,0.8821041583058068,78159.0,22228.0,0.030190997843334046,103.46780906003967,0.000599737808997421,-0.85,Устойчивая база,False,1.0,7.98,4.5,3.97,99.5,11.12,10.8
RU-KO,Республика Коми,7,"Операторы машин, сборщики и водители",4.57,4.47,4.66,7,7,6.27,2034.94,30426.29,55.6,2034.94,78755.77479702405,56527.774797024045,97921.0,8.03,1.0,78159.0,22228.0,-0.3218802364084036,119.67320227989055,0.0006663313462581509,-0.77,Устойчивая база,False,1.58065546756326,7.98,6.28,6.28,99.6,17.58,24.26
RU-KO,Республика Коми,8,"Промышленность, строительство и транспорт",3.61,3.46,3.77,8,8,7.68,1852.12,22259.59,50.61,1852.12,78915.82625875961,56687.82625875961,98120.0,8.05,1.0,78159.0,22228.0,-0.5402720341752596,52.95679822120663,0.0017222836868633143,-0.59,Устойчивая база,False,1.1563927984389968,7.98,7.69,7.69,99.8,12.86,22.08
RU-KO,Республика Коми,9,Сельское и лесное хозяйство,3.23,3.07,3.39,9,9,10.61,139.12,1171.51,3.8,99.2789890820033,55775.92371808724,33547.92371808724,69349.0,5.05,0.7136212556210704,78159.0,22228.0,-0.8227576091333236,8.672962346589573,0.01170183158124693,0.03,Устойчивая база,False,0.06086031806063225,7.98,11.4,8.13,67.2,0.68,1.66
RU-KOS,Костромская область,1,"Обслуживание, торговля и охрана",8.47,8.26,8.67,1,1,4.38,394.12,8611.86,13.99,241.37360870146844,31882.84962800605,14100.84962800605,59516.0,1.84,0.6124368433509297,52059.0,17782.0,0.5275345773639692,111.62161988428772,0.0006390395513437586,-0.79,Устойчивая база,False,0.8768830840882641,5.21,4.42,2.71,98.8,8.85,5.17
RU-KOS,Костромская область,2,Неквалифицированные рабочие,7.95,7.72,8.2,2,2,5.51,572.51,9820.99,20.32,306.74197275131456,27892.404254005494,10110.404254005494,52067.0,1.4,0.5357844801860484,52059.0,17782.0,0.29120826685813533,70.670421472643,0.0011936050185097405,-0.55,Устойчивая база,False,1.0,5.21,5.54,2.97,99.3,10.09,7.51
RU-KOS,Костромская область,3,Руководители,7.66,7.64,7.67,3,3,3.97,347.56,8404.81,12.33,347.56,95349.62707992467,77567.62707992467,177990.0,8.7,1.0,52059.0,17782.0,0.6378586053022788,146.16402115495765,0.0002852555978408675,0.22,Устойчивая база,False,0.8558006881180003,5.21,3.98,3.98,98.4,8.64,4.56
RU-KOS,Костромская область,4,Офисные и учётные служащие,6.68,6.57,6.81,4,4,6.24,372.47,5593.97,13.22,248.6659531380236,34755.28459852437,16973.28459852437,64878.0,2.29,0.6676133732596548,52059.0,17782.0,0.16077457144391896,101.86360214376505,0.0006524156213050596,0.0,Устойчивая база,False,0.5695932894748901,5.21,6.26,4.18,98.3,5.75,4.89
RU-KOS,Костромская область,5,"Операторы машин, сборщики и водители",4.57,4.4,4.74,5,6,7.06,1080.08,14219.09,38.33,1080.08,52456.49100114222,34674.49100114222,97921.0,5.19,1.0,52059.0,17782.0,0.029432575239420722,119.67320227989055,0.0006663313462581509,-0.41,Устойчивая база,False,1.4478265429452633,5.21,7.07,7.07,99.2,14.62,14.17
RU-KOS,Костромская область,6,Специалисты средней квалификации,4.48,4.39,4.59,5,6,7.66,944.42,11382.39,33.52,833.07680918717,45921.460377241994,28139.460377241994,85722.0,4.34,0.8821041583058068,52059.0,17782.0,-0.05594599942043048,103.46780906003967,0.000599737808997421,0.62,Устойчивая база,False,1.158986008538854,5.21,7.65,6.75,99.2,11.7,12.39
RU-KOS,Костромская область,7,Специалисты высшей квалификации,4.02,3.85,4.19,7,7,7.75,1980.01,23572.78,70.27,1980.01,55176.25085666656,37394.25085666656,102998.0,5.63,1.0,52059.0,17782.0,-0.06767975179506527,144.61887250545854,0.00038278707116992195,1.11,Устойчивая база,False,2.400244781839713,5.21,7.74,7.74,99.4,24.23,25.97
RU-KOS,Костромская область,8,Сельское и лесное хозяйство,2.44,2.33,2.56,8,9,13.72,88.0,553.5,3.12,62.79867049465419,37150.408946377305,19368.408946377305,69349.0,2.81,0.7136212556210704,52059.0,17782.0,-0.6660328722739003,8.672962346589573,0.01170183158124693,0.45,Средняя база — умеренное сглаживание,False,0.0563588803165465,5.21,13.41,9.57,56.1,0.57,1.15
RU-KOS,Костромская область,9,"Промышленность, строительство и транспорт",2.4,2.18,2.61,8,9,10.86,1843.72,15126.31,65.43,1843.72,52563.09573055907,34781.09573055907,98120.0,5.2,1.0,52059.0,17782.0,-0.4416262091138342,52.95679822120663,0.0017222836868633143,0.51,Устойчивая база,False,1.540202158845493,5.21,10.86,10.86,99.7,15.55,24.19
RU-KR,Республика Карелия,1,Неквалифицированные рабочие,9.12,9.0,9.25,1,1,3.53,328.27,8975.51,12.72,175.8819713106741,37083.78701159715,15627.787011597153,52067.0,2.05,0.5357844801860484,69214.0,21456.0,0.4789113576266377,70.670421472643,0.0011936050185097405,-1.5,Устойчивая база,False,0.8247419554324665,7.84,3.57,1.92,99.2,8.85,5.43
RU-KR,Республика Карелия,2,Руководители,8.58,8.57,8.58,2,2,3.25,268.58,8000.04,10.4,268.58,126770.18553391164,105314.18553391164,177990.0,9.53,1.0,69214.0,21456.0,0.5731036944074158,146.16402115495765,0.0002852555978408675,-0.34,Устойчивая база,False,0.7351079362774872,7.84,3.27,3.27,98.3,7.89,4.45
RU-KR,Республика Карелия,3,Специалисты средней квалификации,8.32,8.3,8.35,3,4,3.84,552.59,13848.41,21.41,487.44193683820583,61053.95721297811,39597.95721297811,85722.0,6.08,0.8821041583058068,69214.0,21456.0,0.3985340712439161,103.46780906003967,0.000599737808997421,-1.27,Устойчивая база,False,1.2725031494623171,7.84,3.86,3.41,99.3,13.65,9.15
RU-KR,Республика Карелия,4,"Обслуживание, торговля и охрана",8.24,8.07,8.39,3,4,4.62,526.65,10882.81,20.4,322.5398635507671,42389.20367569125,20933.20367569125,59516.0,3.11,0.6124368433509297,69214.0,21456.0,0.2051253908157206,111.62161988428772,0.0006390395513437586,-0.66,Устойчивая база,False,1.0,7.84,4.65,2.85,99.0,10.73,8.72
RU-KR,Республика Карелия,5,Специалисты высшей квалификации,6.73,6.62,6.83,5,5,4.74,1365.43,27411.35,52.89,1365.43,73358.47839553813,51902.47839553813,102998.0,7.65,1.0,69214.0,21456.0,0.179012731473625,144.61887250545854,0.00038278707116992195,-0.55,Устойчивая база,False,2.518775022259876,7.84,4.75,4.75,99.5,27.03,22.61
RU-KR,Республика Карелия,6,Офисные и учётные служащие,4.46,4.44,4.51,6,7,8.94,504.91,5140.51,19.56,337.08466829253234,46208.19201679375,24752.19201679375,64878.0,3.82,0.6676133732596549,69214.0,21456.0,-0.4926798147536837,101.86360214376505,0.0006524156213050596,1.16,Устойчивая база,False,0.47235135043247106,7.84,8.91,5.95,98.2,5.07,8.36
RU-KR,Республика Карелия,7,"Операторы машин, сборщики и водители",4.44,4.26,4.61,6,7,6.92,1040.73,13996.95,40.31,1040.73,69742.47619341627,48286.47619341627,97921.0,7.29,1.0,69214.0,21456.0,-0.221597123111711,119.67320227989055,0.0006663313462581509,-0.47,Устойчивая база,False,1.2861521978239077,7.84,6.93,6.93,99.2,13.8,17.23
RU-KR,Республика Карелия,8,"Промышленность, строительство и транспорт",2.98,2.72,3.24,8,8,9.39,1279.69,12351.52,49.57,1279.69,69884.21037466943,48428.210374669434,98120.0,7.31,1.0,69214.0,21456.0,-0.5529309016972079,52.95679822120663,0.0017222836868633143,0.05,Устойчивая база,False,1.134956872351902,7.84,9.39,9.39,99.6,12.18,21.19
RU-KR,Республика Карелия,9,Сельское и лесное хозяйство,2.27,1.96,2.57,9,9,17.57,173.25,813.0,6.71,123.63488253635045,49392.581586556764,27936.581586556764,69349.0,4.29,0.7136212556210704,69214.0,21456.0,-1.198780938554816,8.672962346589573,0.01170183158124693,0.87,Устойчивая база,False,0.07470497049934714,7.84,16.63,11.87,79.5,0.8,2.87
RU-KRS,Курская область,1,"Обслуживание, торговля и охрана",8.17,7.92,8.42,1,1,4.44,1010.75,21733.85,18.1,619.0205394169523,36254.42381584499,19437.423815844988,59516.0,2.83,0.6124368433509297,59197.0,16817.0,0.34243807134640675,111.62161988428772,0.0006390395513437586,-0.76,Устойчивая база,False,0.9838835556223533,5.02,4.46,2.73,99.5,9.87,6.99
RU-KRS,Курская область,2,Руководители,7.81,7.73,7.9,2,2,3.67,596.51,15679.22,10.68,596.51,108423.36338097737,91606.36338097737,177990.0,9.14,1.0,59197.0,16817.0,0.5457199473812463,146.16402115495765,0.0002852555978408675,0.0,Устойчивая база,False,0.7097926378890586,5.02,3.68,3.68,99.1,7.12,4.13
RU-KRS,Курская область,3,Специалисты высшей квалификации,7.38,7.32,7.44,3,3,4.06,2381.94,56334.3,42.66,2381.94,62741.66852920898,45924.66852920898,102998.0,6.92,1.0,59197.0,16817.0,0.4392914930410495,144.61887250545854,0.00038278707116992195,-1.07,Устойчивая база,False,2.5502334555311803,5.02,4.06,4.06,99.8,25.58,16.48
RU-KRS,Курская область,4,Специалисты средней квалификации,7.14,7.05,7.24,4,4,4.6,1064.25,22089.86,19.06,938.7793504769548,52217.919859228845,35400.919859228845,85722.0,5.34,0.8821041583058068,59197.0,16817.0,0.3082639930851754,103.46780906003967,0.000599737808997421,-0.78,Устойчивая база,False,1.0,5.02,4.61,4.07,99.6,10.03,7.36
RU-KRS,Курская область,5,Офисные и учётные служащие,5.66,5.48,5.83,5,6,6.87,609.14,8262.1,10.91,406.67001018738614,39520.70885685179,22703.708856851787,64878.0,3.52,0.6676133732596549,59197.0,16817.0,-0.11388281223337035,101.86360214376505,0.0006524156213050596,0.31,Устойчивая база,False,0.37402228895973083,5.02,6.87,4.59,98.9,3.75,4.21
RU-KRS,Курская область,6,Неквалифицированные рабочие,5.61,5.32,5.91,5,6,7.84,1984.22,23313.62,35.54,1063.114281274761,31716.83387357351,14899.833873573509,52067.0,1.94,0.5357844801860484,59197.0,16817.0,-0.2597012677279019,70.670421472643,0.0011936050185097405,0.23,Устойчивая база,False,1.0553991741006958,5.02,7.84,4.2,99.7,10.59,13.73
RU-KRS,Курская область,7,"Операторы машин, сборщики и водители",3.27,3.17,3.37,7,8,8.22,2851.47,31816.92,51.07,2851.47,59648.99244692783,42831.99244692783,97921.0,6.53,1.0,59197.0,16817.0,-0.31096986673581234,119.67320227989055,0.0006663313462581509,0.06,Устойчивая база,False,1.4403405001208698,5.02,8.22,8.22,99.7,14.45,19.72
RU-KRS,Курская область,8,Сельское и лесное хозяйство,3.24,3.24,3.25,7,8,9.52,160.4,1524.4,2.87,114.46484940161969,42244.2374690005,25427.2374690005,69349.0,3.94,0.7136212556210704,59197.0,16817.0,-0.5097211213370713,8.672962346589573,0.01170183158124693,-0.14,Устойчивая база,False,0.06900903853623337,5.02,10.61,7.57,68.9,0.69,1.11
RU-KRS,Курская область,9,"Промышленность, строительство и транспорт",2.99,2.87,3.11,9,9,8.78,3797.81,39476.24,68.03,3797.81,59770.21414091522,42953.21414091522,98120.0,6.54,1.0,59197.0,16817.0,-0.3822330143436879,52.95679822120663,0.0017222836868633143,-0.17,Устойчивая база,False,1.7870751557501947,5.02,8.78,8.78,99.9,17.92,26.27
RU-KYA,Красноярский край,1,Руководители,8.05,7.91,8.21,1,1,3.44,1931.65,54240.41,13.04,1931.65,149695.92905874725,128239.92905874725,177990.0,9.79,1.0,81731.0,21456.0,0.7348019261122141,146.16402115495765,0.0002852555978408675,-0.18,Устойчивая база,False,0.8436383245320207,4.07,3.44,3.44,99.7,8.47,4.06
RU-KYA,Красноярский край,2,Неквалифицированные рабочие,6.95,6.63,7.28,2,2,6.44,4423.61,64293.44,29.87,2370.1015843958053,43790.201350085925,22334.201350085925,52067.0,3.39,0.5357844801860484,81731.0,21456.0,0.07638647581563232,70.670421472643,0.0011936050185097405,-0.21,Устойчивая база,False,1.0,4.07,6.44,3.45,99.9,10.04,9.3
RU-KYA,Красноярский край,3,Офисные и учётные служащие,6.31,6.12,6.52,3,3,6.32,2011.91,29806.89,13.59,1343.1780217948324,54564.70860988485,33108.70860988485,64878.0,4.99,0.6676133732596549,81731.0,21456.0,0.095700786458717,101.86360214376505,0.0006524156213050596,0.04,Устойчивая база,False,0.4636070180721392,4.07,6.32,4.22,99.7,4.65,4.23
RU-KYA,Красноярский край,4,Специалисты средней квалификации,5.78,5.76,5.81,4,5,5.89,4259.42,68104.82,28.76,3757.2520939709193,72095.25496249189,50639.25496249189,85722.0,7.5,0.8821041583058067,81731.0,21456.0,0.17208799420178356,103.46780906003967,0.000599737808997421,-0.11,Устойчивая база,False,1.0592810090733986,4.07,5.89,5.2,99.9,10.63,8.95
RU-KYA,Красноярский край,5,Специалисты высшей квалификации,5.76,5.71,5.81,4,5,5.56,9820.65,166686.15,66.32,9820.65,86624.98624188353,65168.986241883526,102998.0,8.42,1.0,81731.0,21456.0,0.2319002365284797,144.61887250545854,0.00038278707116992195,-0.02,Устойчивая база,False,2.592584095671347,4.07,5.56,5.56,99.9,26.02,20.64
RU-KYA,Красноярский край,6,"Обслуживание, торговля и охрана",4.01,3.86,4.16,6,6,9.86,6615.36,60467.7,44.67,4051.4901960300062,50055.07564391484,28599.07564391484,59516.0,4.41,0.6124368433509297,81731.0,21456.0,-0.3865462795233502,111.62161988428772,0.0006390395513437586,1.18,Устойчивая база,False,0.9404956399906428,4.07,9.86,6.04,99.8,9.44,13.9
RU-KYA,Красноярский край,7,Сельское и лесное хозяйство,3.42,3.38,3.47,7,7,6.33,191.91,2840.02,1.3,136.95105516623963,58324.9788431657,36868.9788431657,69349.0,5.52,0.7136212556210704,81731.0,21456.0,-0.38898453786979365,8.672962346589573,0.01170183158124693,-0.78,"Малый локальный рынок, но спрос наблюдается — строка сохранена со сглаживанием",False,0.04417278030231389,4.07,10.06,7.18,44.2,0.44,0.4
RU-KYA,Красноярский край,8,"Промышленность, строительство и транспорт",3.22,3.12,3.33,8,8,8.53,8279.89,88744.66,55.91,8279.89,82522.41451342369,61066.41451342369,98120.0,8.27,1.0,81731.0,21456.0,-0.22788101023666815,52.95679822120663,0.0017222836868633143,-0.26,Устойчивая база,False,1.3803066067082428,4.07,8.53,8.53,99.9,13.85,17.4
RU-KYA,Красноярский край,9,"Операторы машин, сборщики и водители",3.12,3.01,3.22,9,9,8.71,10056.18,105398.61,67.91,10056.18,82355.04842610029,60899.048426100286,97921.0,8.26,1.0,81731.0,21456.0,-0.25012212074299445,119.67320227989055,0.0006663313462581509,0.24,Устойчивая база,False,1.6393369214650826,4.07,8.71,8.71,99.9,16.45,21.13
RU-LEN,Ленинградская область,1,Руководители,7.07,7.02,7.11,1,2,4.67,1659.29,33840.62,14.6,1659.29,156110.08211650664,135428.08211650664,177990.0,9.83,1.0,85233.0,20682.0,0.8087753166079193,146.16402115495765,0.0002852555978408675,0.68,Устойчивая база,False,1.0,3.98,4.67,4.67,99.6,9.35,4.16
RU-LEN,Ленинградская область,2,"Обслуживание, торговля и охрана",7.05,6.97,7.15,1,2,6.85,2368.3,32184.97,20.84,1450.434176108007,52199.829469329794,31517.829469329794,59516.0,4.82,0.6124368433509297,85233.0,20682.0,0.4019970883336808,111.62161988428772,0.0006390395513437586,0.28,Устойчивая база,False,0.9510750689555924,3.98,6.85,4.2,99.7,8.9,5.94
RU-LEN,Ленинградская область,3,Офисные и учётные служащие,6.75,6.72,6.77,3,3,6.87,1332.53,18062.42,11.72,889.6148482696879,56902.690643040165,36220.690643040165,64878.0,5.48,0.6676133732596549,85233.0,20682.0,0.39895784080985197,101.86360214376505,0.0006524156213050596,0.31,Устойчивая база,False,0.5337496771631252,3.98,6.87,4.59,99.5,4.99,3.34
RU-LEN,Ленинградская область,4,Специалисты высшей квалификации,5.28,5.05,5.52,4,4,6.99,6412.93,85291.5,56.43,6412.93,90336.6831722903,69654.6831722903,102998.0,8.54,1.0,85233.0,20682.0,0.38208572098674864,144.61887250545854,0.00038278707116992195,0.76,Устойчивая база,False,2.5203882198375798,3.98,6.99,6.99,99.8,23.57,16.08
RU-LEN,Ленинградская область,5,Специалисты средней квалификации,4.41,4.2,4.61,5,5,8.76,3706.66,38603.55,32.61,3269.6601994258017,75184.38372487883,54502.38372487883,85722.0,7.89,0.8821041583058068,85233.0,20682.0,0.13775476582304078,103.46780906003967,0.000599737808997421,1.0,Устойчивая база,False,1.1407459437799898,3.98,8.76,7.72,99.8,10.67,9.3
RU-LEN,Ленинградская область,6,"Операторы машин, сборщики и водители",3.63,3.36,3.9,6,7,9.37,5213.05,50437.59,45.87,5213.05,85883.78757756305,65201.78757756305,97921.0,8.43,1.0,85233.0,20682.0,0.06360920673352362,119.67320227989055,0.0006663313462581509,0.47,Устойчивая база,False,1.4904452105191923,3.98,9.37,9.37,99.8,13.94,13.07
RU-LEN,Ленинградская область,7,Неквалифицированные рабочие,3.61,3.56,3.67,6,7,13.1,4983.79,33074.13,43.85,2670.237334506426,45666.51859969746,24984.51859969746,52067.0,3.88,0.5357844801860484,85233.0,20682.0,-0.31273626813638383,70.670421472643,0.0011936050185097405,1.4,Устойчивая база,False,0.9773500012706622,3.98,13.09,7.02,99.8,9.14,12.5
RU-LEN,Ленинградская область,8,Сельское и лесное хозяйство,2.07,1.96,2.18,8,8,16.32,408.15,2093.02,3.59,291.26451548173986,60824.08048035069,40142.08048035069,69349.0,6.15,0.7136212556210704,85233.0,20682.0,-0.5862823054551374,8.672962346589573,0.01170183158124693,0.75,Средняя база — умеренное сглаживание,False,0.06184933963975837,3.98,14.92,10.65,57.6,0.58,1.02
RU-LEN,Ленинградская область,9,"Промышленность, строительство и транспорт",1.66,1.49,1.84,9,9,16.81,13789.47,68228.58,121.33,13789.47,86058.32494674776,65376.32494674776,98120.0,8.44,1.0,85233.0,20682.0,-0.6063489611401092,52.95679822120663,0.0017222836868633143,1.97,Устойчивая база,False,2.016174053548664,3.98,16.81,16.81,99.9,18.86,34.58
RU-LIP,Липецкая область,1,"Обслуживание, торговля и охрана",7.29,7.09,7.49,1,1,6.1,1260.17,19395.01,21.2,771.7745368855411,38094.18409327118,22051.18409327118,59516.0,3.33,0.6124368433509297,62201.0,16043.0,0.35495848061936264,111.62161988428772,0.0006390395513437586,0.0,Устойчивая база,False,1.0,3.69,6.11,3.74,99.5,9.5,6.65
RU-LIP,Липецкая область,2,Руководители,6.48,6.42,6.53,2,2,5.12,944.58,17522.16,15.89,944.58,113925.39530145402,97882.39530145402,177990.0,9.32,1.0,62201.0,16043.0,0.5444934586327208,146.16402115495765,0.0002852555978408675,0.94,Устойчивая база,False,0.903436502481824,3.69,5.11,5.11,99.2,8.59,4.98
RU-LIP,Липецкая область,3,Специалисты высшей квалификации,5.48,5.34,5.61,3,3,6.28,3022.18,45084.84,50.83,3022.18,65925.54562199651,49882.54562199651,102998.0,7.39,1.0,62201.0,16043.0,0.3260854523023863,144.61887250545854,0.00038278707116992195,0.39,Устойчивая база,False,2.3245587395933285,3.69,6.28,6.28,99.7,22.09,15.94
RU-LIP,Липецкая область,4,Неквалифицированные рабочие,5.15,4.97,5.34,4,4,9.36,1735.68,16808.72,29.19,929.9504065693205,33326.330452052396,17283.330452052396,52067.0,2.36,0.5357844801860484,62201.0,16043.0,-0.1063638781612619,70.670421472643,0.0011936050185097405,0.63,Устойчивая база,False,0.8666517831132855,3.69,9.36,5.02,99.6,8.24,9.15
RU-LIP,Липецкая область,5,Офисные и учётные служащие,4.47,4.41,4.53,5,5,9.28,986.16,9639.97,16.59,658.3736041737412,41526.21943012379,25483.21943012379,64878.0,3.96,0.6676133732596549,62201.0,16043.0,-0.09500258261504223,101.86360214376505,0.0006524156213050596,1.28,Устойчивая база,False,0.4970335153217245,3.69,9.26,6.18,99.1,4.72,5.2
RU-LIP,Липецкая область,6,Специалисты средней квалификации,4.18,4.08,4.29,6,6,8.37,2164.81,23704.75,36.41,1909.5879029419937,54867.76075077949,38824.76075077949,85722.0,5.9,0.8821041583058068,62201.0,16043.0,0.01753240887914663,103.46780906003967,0.000599737808997421,0.87,Устойчивая база,False,1.2222087021352401,3.69,8.36,7.38,99.6,11.61,11.42
RU-LIP,Липецкая область,7,"Операторы машин, сборщики и водители",2.69,2.51,2.86,7,7,10.34,4075.12,35345.46,68.54,4075.12,62675.929171940435,46632.929171940435,97921.0,7.0,1.0,62201.0,16043.0,-0.2158255108106151,119.67320227989055,0.0006663313462581509,0.78,Устойчивая база,False,1.8223996790927153,3.69,10.34,10.34,99.7,17.32,21.49
RU-LIP,Липецкая область,8,"Промышленность, строительство и транспорт",2.33,2.15,2.51,8,8,11.13,4130.75,32978.17,69.48,4130.75,62803.302359563284,46760.302359563284,98120.0,7.07,1.0,62201.0,16043.0,-0.29886622822596315,52.95679822120663,0.0017222836868633143,0.59,Устойчивая база,False,1.7003430263763721,3.69,11.13,11.13,99.9,16.16,21.78
RU-LIP,Липецкая область,9,Сельское и лесное хозяйство,1.93,1.83,2.02,9,9,15.07,642.0,3617.38,10.8,458.14484610872717,44387.955720886195,28344.955720886195,69349.0,4.38,0.7136212556210704,62201.0,16043.0,-0.6472435733255766,8.672962346589573,0.01170183158124693,0.61,Устойчивая база,False,0.1865108602676668,3.69,15.07,10.75,99.8,1.77,3.39
RU-MAG,Магаданская область,1,"Обслуживание, торговля и охрана",6.28,6.14,6.36,1,1,7.84,197.03,2315.02,25.23,120.66843124543368,80060.19391020694,46428.193910206945,59516.0,6.98,0.6124368433509297,130724.0,33632.0,0.3060800960042543,111.62161988428772,0.0006390395513437586,0.61,Устойчивая база,False,0.515987678811032,3.21,7.84,4.8,95.7,5.68,4.06
RU-MAG,Магаданская область,2,Руководители,5.85,5.68,6.06,2,2,6.15,216.5,3302.98,27.73,216.5,239429.96696817214,205797.96696817214,177990.0,9.96,1.0,130724.0,33632.0,0.5971893975617668,146.16402115495765,0.0002852555978408675,1.46,Устойчивая база,False,0.7361910408373415,3.21,6.08,6.08,96.0,8.11,4.46
RU-MAG,Магаданская область,3,Офисные и учётные служащие,4.95,4.87,4.98,3,3,9.5,194.1,1848.62,24.86,129.583755749699,87273.09060599512,53641.09060599512,64878.0,7.77,0.6676133732596549,130724.0,33632.0,0.12236439863065772,101.86360214376505,0.0006524156213050596,1.36,Устойчивая база,False,0.4120332190666387,3.21,9.39,6.27,95.3,4.54,4.0
RU-MAG,Магаданская область,4,Специалисты высшей квалификации,4.15,3.9,4.42,4,5,8.71,936.58,9820.32,119.94,936.58,138551.64749585814,104919.64749585814,102998.0,9.51,1.0,130724.0,33632.0,0.22398601045025532,144.61887250545854,0.00038278707116992195,1.52,Устойчивая база,False,2.188820883612908,3.21,8.67,8.67,98.7,24.11,19.28
RU-MAG,Магаданская область,5,Специалисты средней квалификации,3.92,3.72,4.13,5,6,9.7,546.22,5087.7,69.95,481.82293334979784,115312.18399036828,81680.18399036828,85722.0,8.88,0.8821041583058068,130724.0,33632.0,0.10534420025752068,103.46780906003967,0.000599737808997421,1.29,Устойчивая база,False,1.1339817856808527,3.21,9.65,8.51,98.2,12.49,11.25
RU-MAG,Магаданская область,6,Неквалифицированные рабочие,3.86,3.79,3.92,4,6,12.68,815.0,5614.85,104.37,436.6643513516295,70039.89038784099,36407.89038784099,52067.0,5.5,0.5357844801860484,130724.0,33632.0,-0.1968751254101174,70.670421472643,0.0011936050185097405,1.33,Устойчивая база,False,1.251476625848642,3.21,12.64,6.77,98.9,13.79,16.78
RU-MAG,Магаданская область,7,"Операторы машин, сборщики и водители",2.58,2.34,2.81,7,7,11.87,1105.67,8210.3,141.6,1105.67,131722.12930777224,98090.12930777224,97921.0,9.34,1.0,130724.0,33632.0,-0.12196874910311815,119.67320227989055,0.0006663313462581509,1.23,Устойчивая база,False,1.829968483789434,3.21,11.83,11.83,98.7,20.16,22.76
RU-MAG,Магаданская область,8,Сельское и лесное хозяйство,2.29,2.27,2.3,8,8,10.53,5.0,42.5,0.64,3.568106278105352,93287.4250198088,59655.4250198088,69349.0,8.18,0.7136212556210704,130724.0,33632.0,-0.5998275474029606,8.672962346589573,0.01170183158124693,0.02,"Малый локальный рынок, но спрос наблюдается — строка сохранена со сглаживанием",False,0.009472694123363453,3.21,12.79,9.13,8.8,0.1,0.1
RU-MAG,Магаданская область,9,"Промышленность, строительство и транспорт",1.74,1.57,1.91,9,9,15.79,841.3,4486.58,107.74,841.3,131989.8216692907,98357.82166929069,98120.0,9.35,1.0,130724.0,33632.0,-0.45144074194678235,52.95679822120663,0.0017222836868633143,1.76,Устойчивая база,False,1.0,3.21,15.74,15.74,99.0,11.02,17.32
RU-ME,Республика Марий Эл,1,Руководители,9.13,9.01,9.28,1,1,2.2,196.33,8738.61,5.38,196.33,98776.49183465564,81767.49183465564,177990.0,8.89,1.0,53930.0,17009.0,0.8287614912321808,146.16402115495765,0.0002852555978408675,-1.42,Устойчивая база,False,0.8096088244722345,6.58,2.24,2.24,98.4,8.28,3.59
RU-ME,Республика Марий Эл,2,"Обслуживание, торговля и охрана",8.97,8.78,9.15,2,2,3.0,333.83,10793.62,9.14,204.44979141584088,33028.71896191564,16019.718961915642,59516.0,2.11,0.6124368433509297,53930.0,17009.0,0.5076719490275264,111.62161988428772,0.0006390395513437586,-1.68,Устойчивая база,False,1.0,6.58,3.05,1.87,99.0,10.23,6.11
RU-ME,Республика Марий Эл,3,Сельское и лесное хозяйство,8.33,8.14,8.53,3,3,3.7,56.36,1468.95,1.54,40.219693966803526,38485.594315644325,21476.594315644325,69349.0,3.23,0.7136212556210704,53930.0,17009.0,0.2956497958146656,8.672962346589573,0.01170183158124693,-1.6,Устойчивая база,False,0.136094285327814,6.58,3.75,2.68,99.4,1.39,1.03
RU-ME,Республика Марий Эл,4,Специалисты средней квалификации,7.77,7.63,7.91,4,4,3.88,410.63,10175.13,11.25,362.21843052511343,47571.87725743216,30562.877257432163,85722.0,4.66,0.8821041583058068,53930.0,17009.0,0.2468500060446691,103.46780906003967,0.000599737808997421,-1.24,Устойчивая база,False,0.9426985571105893,6.58,3.91,3.45,99.0,9.64,7.52
RU-ME,Республика Марий Эл,5,Неквалифицированные рабочие,6.91,6.57,7.25,5,5,5.8,733.86,11922.32,20.1,393.1907986293335,28894.85701643359,11885.85701643359,52067.0,1.52,0.5357844801860484,53930.0,17009.0,-0.1741137332764541,70.670421472643,0.0011936050185097405,-0.43,Устойчивая база,False,1.1045710336291252,6.58,5.82,3.12,99.4,11.29,13.44
RU-ME,Республика Марий Эл,6,"Операторы машин, сборщики и водители",5.86,5.85,5.9,6,6,4.95,849.5,16323.96,23.27,849.5,54341.77682421099,37332.77682421099,97921.0,5.61,1.0,53930.0,17009.0,-0.006949826070827629,119.67320227989055,0.0006663313462581509,-1.49,Устойчивая база,False,1.5123711970590032,6.58,4.98,4.98,99.3,15.46,15.56
RU-ME,Республика Марий Эл,7,Специалисты высшей квалификации,5.22,5.21,5.24,7,7,5.57,1556.1,26395.39,42.62,1556.1,57159.28482491073,40150.28482491073,102998.0,6.16,1.0,53930.0,17009.0,-0.12871036905853153,144.61887250545854,0.00038278707116992195,-0.01,Устойчивая база,False,2.445462226759882,6.58,5.57,5.57,99.5,25.01,28.49
RU-ME,Республика Марий Эл,8,Офисные и учётные служащие,4.86,4.69,5.03,8,9,7.66,348.38,4201.1,9.54,232.58314697619855,36004.389219893186,18995.389219893186,64878.0,2.7,0.6676133732596549,53930.0,17009.0,-0.4602904194526913,101.86360214376505,0.0006524156213050596,0.66,Устойчивая база,False,0.38922066924720344,6.58,7.65,5.11,97.8,3.98,6.38
RU-ME,Республика Марий Эл,9,"Промышленность, строительство и транспорт",4.83,4.8,4.86,8,9,5.91,976.25,15539.31,26.74,976.25,54452.212926661115,37443.212926661115,98120.0,5.66,1.0,53930.0,17009.0,-0.19468350580466923,52.95679822120663,0.0017222836868633143,-1.4,Устойчивая база,False,1.439675474956502,6.58,5.92,5.92,99.7,14.72,17.88
RU-MO,Республика Мордовия,1,"Обслуживание, торговля и охрана",8.63,8.4,8.87,1,1,3.78,402.11,10244.49,9.89,246.26697907984237,32506.92277138065,16076.92277138065,59516.0,2.13,0.6124368433509297,53078.0,16430.0,0.530290193675736,111.62161988428772,0.0006390395513437586,-1.14,Устойчивая база,False,0.7736601118143667,5.13,3.82,2.34,99.0,7.67,4.47
RU-MO,Республика Мордовия,2,Руководители,7.98,7.89,8.08,2,2,3.57,385.49,10401.52,9.48,385.49,97215.99543111166,80785.99543111166,177990.0,8.85,1.0,53078.0,16430.0,0.597273029411637,146.16402115495765,0.0002852555978408675,-0.08,Устойчивая база,False,0.7855189595811379,5.13,3.58,3.58,98.7,7.79,4.29
RU-MO,Республика Мордовия,3,Сельское и лесное хозяйство,7.18,7.0,7.35,3,3,5.22,206.33,3744.08,5.07,147.24147367229546,37877.589005855174,21447.589005855174,69349.0,3.22,0.7136212556210704,53078.0,16430.0,0.20046478463386652,8.672962346589573,0.01170183158124693,-1.08,Устойчивая база,False,0.28275154267727665,5.13,5.24,3.74,99.8,2.8,2.29
RU-MO,Республика Мордовия,4,Неквалифицированные рабочие,6.96,6.64,7.27,4,4,6.33,1125.68,16658.26,27.68,603.121873655831,28438.36863931508,12008.368639315078,52067.0,1.53,0.5357844801860484,53078.0,16430.0,-0.0037724642264746716,70.670421472643,0.0011936050185097405,-0.24,Устойчивая база,False,1.258025660060461,5.13,6.34,3.4,99.6,12.48,12.51
RU-MO,Республика Мордовия,5,Специалисты высшей квалификации,4.95,4.86,5.01,5,5,6.26,2223.19,33284.59,54.66,2223.19,56256.26775332119,39826.26775332119,102998.0,6.09,1.0,53078.0,16430.0,0.009702995163884719,144.61887250545854,0.00038278707116992195,0.38,Устойчивая база,False,2.5136399782805534,5.13,6.26,6.26,99.6,24.93,24.71
RU-MO,Республика Мордовия,6,"Промышленность, строительство и транспорт",4.58,4.48,4.67,6,6,6.62,1366.68,19291.44,33.6,1366.68,53591.962872637094,37161.962872637094,98120.0,5.57,1.0,53078.0,16430.0,-0.051015342475241324,52.95679822120663,0.0017222836868633143,-1.05,Устойчивая база,False,1.4568824438756975,5.13,6.63,6.63,99.7,14.45,15.19
RU-MO,Республика Мордовия,7,"Операторы машин, сборщики и водители",4.55,4.46,4.65,7,7,6.63,1431.09,20153.58,35.19,1431.09,53483.271468115534,37053.271468115534,97921.0,5.56,1.0,53078.0,16430.0,-0.053146623869195594,119.67320227989055,0.0006663313462581509,-0.6,Устойчивая база,False,1.521990939154588,5.13,6.64,6.64,99.4,15.09,15.91
RU-MO,Республика Мордовия,8,Специалисты средней квалификации,3.86,3.82,3.92,8,9,8.05,1158.64,13241.59,28.49,1022.0411619794401,46820.324514555614,30390.324514555614,85722.0,4.58,0.8821041583058068,53078.0,16430.0,-0.2587653694059551,103.46780906003967,0.000599737808997421,0.76,Устойчивая база,False,1.0,5.13,8.04,7.09,99.3,9.92,12.88
RU-MO,Республика Мордовия,9,Офисные и учётные служащие,3.86,3.78,3.94,8,9,9.68,696.91,6499.88,17.14,465.26643595838607,35435.58262587596,19005.582625875963,64878.0,2.71,0.6676133732596549,53078.0,16430.0,-0.4586314337768106,101.86360214376505,0.0006524156213050596,1.42,Устойчивая база,False,0.49086854373228594,5.13,9.65,6.44,98.6,4.87,7.75
RU-MOS,Московская область,1,Офисные и учётные служащие,6.26,6.24,6.27,1,1,7.6,10555.97,128274.22,22.42,7047.306739727718,60597.930664032356,39558.930664032356,64878.0,6.07,0.6676133732596549,90768.0,21039.0,0.40278028679696626,101.86360214376505,0.0006524156213050596,0.63,Устойчивая база,False,0.746295726781553,3.02,7.6,5.07,99.9,7.94,5.3
RU-MOS,Московская область,2,Руководители,4.88,4.65,5.13,2,2,7.66,12479.67,150542.02,26.5,12479.67,166247.8140338962,145208.8140338962,177990.0,9.87,1.0,90768.0,21039.0,0.3957937516451844,146.16402115495765,0.0002852555978408675,2.09,Устойчивая база,False,0.8758491474519438,3.02,7.66,7.66,99.9,9.32,6.27
RU-MOS,Московская область,3,Специалисты высшей квалификации,4.86,4.62,5.12,3,3,7.68,34945.44,420244.79,74.21,34945.44,96203.1145000463,75164.1145000463,102998.0,8.65,1.0,90768.0,21039.0,0.3925106985606149,144.61887250545854,0.00038278707116992195,1.08,Устойчивая база,False,2.444972115045495,3.02,7.68,7.68,100.0,26.0,17.56
RU-MOS,Московская область,4,"Обслуживание, торговля и охрана",4.26,4.26,4.28,4,4,11.09,21442.42,171881.22,45.54,13132.128018604843,55589.66739727719,34550.66739727719,59516.0,5.17,0.6124368433509297,90768.0,21039.0,-0.01306955244034654,111.62161988428772,0.0006390395513437586,1.48,Устойчивая база,False,1.0,3.02,11.09,6.79,99.9,10.64,10.78
RU-MOS,Московская область,5,Специалисты средней квалификации,3.67,3.46,3.87,5,5,10.19,19813.58,174635.36,42.08,17477.64130892477,80066.83024110147,59027.830241101474,85722.0,8.17,0.8821041583058068,90768.0,21039.0,0.0818664798848502,103.46780906003967,0.000599737808997421,1.43,Устойчивая база,False,1.0160235073965613,3.02,10.19,8.99,99.9,10.81,9.96
RU-MOS,Московская область,6,Неквалифицированные рабочие,2.62,2.61,2.63,6,6,16.25,32760.28,168785.54,69.57,17552.449590549397,48632.08569752724,27593.08569752724,52067.0,4.25,0.5357844801860484,90768.0,21039.0,-0.4550166534972398,70.670421472643,0.0011936050185097405,1.92,Устойчивая база,False,0.9819894226955104,3.02,16.25,8.71,100.0,10.44,16.46
RU-MOS,Московская область,7,"Операторы машин, сборщики и водители",2.18,1.98,2.39,7,7,13.45,31482.05,202498.55,66.86,31482.05,91461.04948600005,70422.04948600005,97921.0,8.55,1.0,90768.0,21039.0,-0.233141241980261,119.67320227989055,0.0006663313462581509,1.64,Устойчивая база,False,1.1781307463374997,3.02,13.45,13.45,99.9,12.53,15.82
RU-MOS,Московская область,8,"Промышленность, строительство и транспорт",1.91,1.73,2.08,8,8,14.8,33931.72,195411.8,72.06,33931.72,91646.92124841787,70607.92124841787,98120.0,8.58,1.0,90768.0,21039.0,-0.3437303222531002,52.95679822120663,0.0017222836868633143,1.54,Устойчивая база,False,1.1369002384320985,3.02,14.8,14.8,100.0,12.09,17.05
RU-MOS,Московская область,9,Сельское и лесное хозяйство,1.63,1.55,1.72,9,9,29.38,1582.09,3803.58,3.36,1129.013052305539,64773.97413021332,43734.97413021332,69349.0,6.68,0.7136212556210704,90768.0,21039.0,-0.7012337054998246,8.672962346589573,0.01170183158124693,1.84,"Малый локальный рынок, но спрос наблюдается — строка сохранена со сглаживанием",False,0.022129119167294715,3.02,16.86,12.03,23.5,0.24,0.8
RU-MOW,Москва,1,Руководители,5.73,5.63,5.83,1,1,6.0,27163.86,425866.68,37.74,27163.86,235226.5171487667,207924.5171487667,177990.0,9.98,1.0,128429.0,27302.0,0.4824782756404677,146.16402115495765,0.0002852555978408675,1.39,Устойчивая база,False,1.4628755382645564,2.71,6.0,6.0,100.0,12.7,7.84
RU-MOW,Москва,2,Специалисты высшей квалификации,5.43,5.31,5.56,2,2,6.41,89944.03,1312364.89,124.97,89944.03,136119.22475020323,108817.22475020323,102998.0,9.6,1.0,128429.0,27302.0,0.41060590920714896,144.61887250545854,0.00038278707116992195,0.46,Устойчивая база,False,4.508045792308183,2.71,6.41,6.41,100.0,39.12,25.95
RU-MOW,Москва,3,Специалисты средней квалификации,4.52,4.42,4.62,3,3,8.07,32649.66,371964.44,45.36,28800.400853270767,113287.75494705646,85985.75494705646,85722.0,9.03,0.8821041583058068,128429.0,27302.0,0.16317228132733597,103.46780906003967,0.000599737808997421,0.77,Устойчивая база,False,1.2777183704070822,2.71,8.07,7.12,100.0,11.09,9.42
RU-MOW,Москва,4,Офисные и учётные служащие,3.65,3.61,3.67,4,4,10.9,26028.7,212692.92,36.16,17377.10820856358,85740.91791436421,58438.91791436421,64878.0,8.14,0.6676133732596549,128429.0,27302.0,-0.16906396075910687,101.86360214376505,0.0006524156213050596,1.81,Устойчивая база,False,0.7306119131697748,2.71,10.9,7.28,100.0,6.34,7.51
RU-MOW,Москва,5,"Обслуживание, торговля и охрана",3.06,3.01,3.12,5,5,12.69,45798.26,315167.04,63.63,28048.541785365152,78654.65135471655,51352.65135471655,59516.0,7.56,0.6124368433509297,128429.0,27302.0,-0.3408432297440802,111.62161988428772,0.0006390395513437586,1.82,Устойчивая база,False,1.0826161682413074,2.71,12.69,7.77,100.0,9.4,13.21
RU-MOW,Москва,6,Неквалифицированные рабочие,2.41,2.35,2.47,6,6,16.0,37792.94,198408.91,52.51,20248.87071260252,68810.26500581401,41508.26500581401,52067.0,6.32,0.5357844801860484,128429.0,27302.0,-0.6114296121163686,70.670421472643,0.0011936050185097405,1.88,Устойчивая база,False,0.6815455508581557,2.71,16.0,8.57,100.0,5.91,10.9
RU-MOW,Москва,7,"Операторы машин, сборщики и водители",1.97,1.82,2.12,7,7,12.56,32068.0,223265.81,44.56,32068.0,129409.60607744471,102107.60607744471,97921.0,9.47,1.0,128429.0,27302.0,-0.32914329997837805,119.67320227989055,0.0006663313462581509,1.41,Устойчивая база,False,0.766930373561562,2.71,12.56,12.56,100.0,6.66,9.25
RU-MOW,Москва,8,Сельское и лесное хозяйство,1.83,1.79,1.86,8,8,30.73,1573.73,3546.87,2.19,1123.047178608547,91649.66423815845,64347.66423815845,69349.0,8.36,0.7136212556210704,128429.0,27302.0,-0.637465400258734,8.672962346589573,0.01170183158124693,1.93,"Малый локальный рынок, но спрос наблюдается — строка сохранена со сглаживанием",False,0.012183694109162067,2.71,14.88,10.62,10.6,0.11,0.45
RU-MOW,Москва,9,"Промышленность, строительство и транспорт",1.53,1.41,1.64,9,9,15.55,53606.92,291116.14,74.48,53606.92,129672.59881250064,102370.59881250064,98120.0,9.48,1.0,128429.0,27302.0,-0.5776886818949859,52.95679822120663,0.0017222836868633143,1.7,Устойчивая база,False,1.0,2.71,15.55,15.55,100.0,8.68,15.47
RU-MUR,Мурманская область,1,Руководители,8.94,8.8,9.07,1,1,2.48,337.7,13263.78,9.85,337.7,182506.64804124346,154831.64804124346,177990.0,9.88,1.0,99645.0,27675.0,0.7312898826969471,146.16402115495765,0.0002852555978408675,-1.09,Устойчивая база,False,0.8172787321617825,6.38,2.5,2.5,98.9,8.14,3.91
RU-MUR,Мурманская область,2,"Обслуживание, торговля и охрана",8.04,7.78,8.29,2,2,4.27,723.93,16229.2,21.12,443.3614040070385,61026.269255703395,33351.269255703395,59516.0,5.04,0.6124368433509297,99645.0,27675.0,0.17116304456564865,111.62161988428772,0.0006390395513437586,-0.85,Устойчивая база,False,1.0,6.38,4.29,2.63,99.3,9.96,8.38
RU-MUR,Мурманская область,3,Неквалифицированные рабочие,7.64,7.31,7.96,3,3,4.94,823.52,15837.64,24.02,441.2292351228146,53388.24452813879,25713.24452813879,52067.0,4.02,0.5357844801860484,99645.0,27675.0,0.018076405531146793,70.670421472643,0.0011936050185097405,-0.78,Устойчивая база,False,0.9758731175905158,6.38,4.96,2.66,99.6,9.72,9.53
RU-MUR,Мурманская область,4,"Операторы машин, сборщики и водители",6.72,6.68,6.75,4,4,4.34,1200.5,26437.26,35.02,1200.5,100405.8288827833,72730.8288827833,97921.0,8.61,1.0,99645.0,27675.0,0.15343722006555216,119.67320227989055,0.0006663313462581509,-1.88,Устойчивая база,False,1.628993419268972,6.38,4.36,4.36,99.6,16.22,13.89
RU-MUR,Мурманская область,5,Специалисты высшей квалификации,6.47,6.45,6.49,5,6,4.54,1888.0,39697.31,55.07,1888.0,105611.66208748803,77936.66208748803,102998.0,8.71,1.0,99645.0,27675.0,0.10909289675267751,144.61887250545854,0.00038278707116992195,-0.7,Устойчивая база,False,2.446042318783427,6.38,4.54,4.54,99.7,24.36,21.85
RU-MUR,Мурманская область,6,Специалисты средней квалификации,6.45,6.35,6.54,5,6,4.85,1038.42,20357.2,30.29,915.9946000679159,87897.26885438211,60222.26885438211,85722.0,8.23,0.8821041583058068,99645.0,27675.0,0.038853069504804806,103.46780906003967,0.000599737808997421,-0.64,Устойчивая база,False,1.2543563453528208,6.38,4.86,4.29,99.5,12.49,12.02
RU-MUR,Мурманская область,7,Офисные и учётные служащие,6.24,6.01,6.47,7,7,5.93,419.7,6657.93,12.24,280.19733275707716,66524.3345784583,38849.33457845831,64878.0,5.91,0.6676133732596549,99645.0,27675.0,-0.16973267397693784,101.86360214376505,0.0006524156213050596,-0.16,Устойчивая база,False,0.4102438813989599,6.38,5.95,3.97,98.6,4.08,4.86
RU-MUR,Мурманская область,8,"Промышленность, строительство и транспорт",3.15,3.03,3.27,8,8,8.25,2178.62,24217.22,63.55,2178.62,100609.87867749206,72934.87867749206,98120.0,8.62,1.0,99645.0,27675.0,-0.5285596740840603,52.95679822120663,0.0017222836868633143,-0.36,Устойчивая база,False,1.4922004781504943,6.38,8.25,8.25,99.8,14.86,25.21
RU-MUR,Мурманская область,9,Сельское и лесное хозяйство,2.88,2.72,3.01,9,9,9.42,30.0,288.5,0.88,21.40863766863211,71108.79001636156,43433.790016361556,69349.0,6.62,0.7136212556210704,99645.0,27675.0,-0.6124598781234006,8.672962346589573,0.01170183158124693,-0.16,"Малый локальный рынок, но спрос наблюдается — строка сохранена со сглаживанием",False,0.017776600202104847,6.38,12.39,8.84,17.2,0.18,0.35
RU-NEN,Ненецкий автономный округ,1,"Операторы машин, сборщики и водители",8.85,8.7,8.99,1,1,2.39,134.5,5486.29,,134.5,126134.79104539045,94100.79104539045,97921.0,9.2,1.0,125179.0,32034.0,0.501554077751636,119.67320227989055,0.0006663313462581509,-3.65,Устойчивая база; нетипично низкая доля — строка сохранена,False,3.444928637359739,7.3,2.52,2.52,97.9,28.87,17.32
RU-NEN,Ненецкий автономный округ,2,Неквалифицированные рабочие,7.91,7.5,8.25,2,2,3.91,64.21,1576.2,,34.402721472746165,67068.96544520935,35034.96544520935,52067.0,5.22,0.5357844801860484,125179.0,32034.0,-0.010113009031674787,70.670421472643,0.0011936050185097405,-1.28,Устойчивая база,False,0.9897210169725664,7.3,4.14,2.22,95.9,8.29,8.27
RU-NEN,Ненецкий автономный округ,3,Офисные и учётные служащие,7.54,7.23,7.91,3,3,3.93,20.0,489.55,,13.352267465193098,83571.17445127033,51537.17445127033,64878.0,7.61,0.6676133732596549,125179.0,32034.0,0.011301626341415912,101.86360214376505,0.0006524156213050596,-1.45,Устойчивая база,False,0.3073962212022078,7.3,4.48,2.99,83.3,2.58,2.58
RU-NEN,Ненецкий автономный округ,4,"Обслуживание, торговля и охрана",7.25,6.89,7.6,4,4,4.52,74.14,1567.55,,45.40606756603793,76664.23161382604,44630.231613826036,59516.0,6.83,0.6124368433509297,125179.0,32034.0,-0.13901533325286106,111.62161988428772,0.0006390395513437586,-0.72,Устойчивая база,False,0.9842895445726091,7.3,4.73,2.9,93.6,8.25,9.55
RU-NEN,Ненецкий автономный округ,5,Специалисты высшей квалификации,6.71,6.59,6.81,5,6,3.99,168.54,4052.02,,168.54,132674.61737618208,100640.61737618208,102998.0,9.43,1.0,125179.0,32034.0,-0.007137067484253394,144.61887250545854,0.00038278707116992195,-1.13,Устойчивая база,False,2.5443277218583797,7.3,4.05,4.05,96.7,21.32,21.7
RU-NEN,Ненецкий автономный округ,6,Руководители,6.66,6.51,6.81,5,7,4.08,67.71,1592.57,,67.71,229273.91936529498,197239.91936529498,177990.0,9.95,1.0,125179.0,32034.0,0.0010096520827860558,146.16402115495765,0.0002852555978408675,0.3,Устойчивая база,False,1.0,7.3,4.11,4.11,91.9,8.38,8.72
RU-NEN,Ненецкий автономный округ,7,"Промышленность, строительство и транспорт",6.66,6.42,6.84,5,7,3.94,92.5,2257.93,,92.5,126391.12853600059,94357.12853600059,98120.0,9.22,1.0,125179.0,32034.0,-0.012725521082910538,52.95679822120663,0.0017222836868633143,-2.62,Устойчивая база,False,1.4177901128364845,7.3,4.08,4.08,97.8,11.88,11.91
RU-NEN,Ненецкий автономный округ,8,Специалисты средней квалификации,3.88,3.84,3.91,8,8,7.55,155.09,1899.09,,136.8055339116476,110420.91643256259,78386.91643256259,85722.0,8.75,0.8821041583058068,125179.0,32034.0,-0.6618283888603802,103.46780906003967,0.000599737808997421,0.58,Устойчивая база,False,1.1924687768826487,7.3,7.51,6.62,95.2,9.99,19.97
RU-NEN,Ненецкий автономный округ,,Сельское и лесное хозяйство,,,,,,0.0,0.0,83.0,,0.0,89330.39515738997,57296.39515738997,69349.0,8.08,0.7136212556210704,125179.0,32034.0,-0.18973343203667867,8.672962346589573,0.01170183158124693,-16.81,Локальный рынок почти отсутствует: нулевой спрос не превращён в максимальный балл; нетипично низкая доля — строка сохранена,True,0.05211701840421457,7.3,7.87,5.61,39.5,0.44,0.0
RU-NGR,Новгородская область,1,Офисные и учётные служащие,7.13,7.03,7.24,1,1,6.12,318.82,4886.59,11.08,212.84849566264316,38667.49896582595,19725.49896582595,64878.0,2.89,0.6676133732596549,57919.0,18942.0,0.4248947361709095,101.86360214376505,0.0006524156213050596,-0.06,Устойчивая база,False,0.4557408391856225,3.78,6.14,4.1,98.1,4.85,3.14
RU-NGR,Новгородская область,2,Руководители,5.81,5.65,6.0,2,2,6.07,560.06,8664.74,19.47,560.06,106082.61877566141,87140.61877566141,177990.0,9.06,1.0,57919.0,18942.0,0.4461717593632071,146.16402115495765,0.0002852555978408675,1.42,Устойчивая база,False,0.8081046044225586,3.78,6.04,6.04,98.4,8.59,5.51
RU-NGR,Новгородская область,3,Неквалифицированные рабочие,5.24,5.08,5.39,3,4,9.56,954.48,9034.58,33.17,511.39557064797947,31032.101307895737,12090.101307895737,52067.0,1.54,0.5357844801860484,57919.0,18942.0,-0.048741279761381935,70.670421472643,0.0011936050185097405,0.67,Устойчивая база,False,0.842597203958106,3.78,9.56,5.12,99.3,8.96,9.39
RU-NGR,Новгородская область,4,Специалисты высшей квалификации,4.91,4.72,5.11,3,5,7.17,1931.91,25009.53,67.15,1931.91,61387.14292182467,42445.14292182467,102998.0,6.44,1.0,57919.0,18942.0,0.2659367304710514,144.61887250545854,0.00038278707116992195,0.85,Устойчивая база,False,2.3324781063764304,3.78,7.16,7.16,99.5,24.8,19.01
RU-NGR,Новгородская область,5,"Обслуживание, торговля и охрана",4.74,4.65,4.81,4,5,9.66,1146.49,10722.3,39.85,702.1527165334076,35471.7295300425,16529.729530042503,59516.0,2.19,0.6124368433509298,57919.0,18942.0,-0.058978505520719746,111.62161988428772,0.0006390395513437586,1.13,Устойчивая база,False,1.0,3.78,9.64,5.91,99.1,10.63,11.28
RU-NGR,Новгородская область,6,Специалисты средней квалификации,3.98,3.84,4.13,6,6,9.03,1245.78,12549.43,43.3,1098.9077183342079,51090.59074491402,32148.59074491402,85722.0,4.88,0.8821041583058068,57919.0,18942.0,0.01585213145496783,103.46780906003967,0.000599737808997421,1.08,Устойчивая база,False,1.1704046706396949,3.78,9.01,7.95,99.3,12.44,12.26
RU-NGR,Новгородская область,7,"Операторы машин, сборщики и водители",3.15,2.94,3.35,7,7,9.83,1710.39,15692.38,59.45,1710.39,58361.23441278465,39419.23441278465,97921.0,6.03,1.0,57919.0,18942.0,-0.07887293025823934,119.67320227989055,0.0006663313462581509,0.62,Устойчивая база,False,1.4635274148270427,3.78,9.82,9.82,99.3,15.56,16.83
RU-NGR,Новгородская область,8,Сельское и лесное хозяйство,2.28,2.2,2.35,8,8,14.54,104.0,611.44,3.61,74.21661058459132,41332.229504316776,22390.229504316776,69349.0,3.42,0.7136212556210704,57919.0,18942.0,-0.5562238449574639,8.672962346589573,0.01170183158124693,0.55,Средняя база — умеренное сглаживание,False,0.05702507857455957,3.78,13.93,9.94,59.9,0.61,1.02
RU-NGR,Новгородская область,9,"Промышленность, строительство и транспорт",1.86,1.68,2.04,9,9,13.82,2192.45,13677.18,76.2,2192.45,58479.839059879196,39537.839059879196,98120.0,6.05,1.0,57919.0,18942.0,-0.4636826191827444,52.95679822120663,0.0017222836868633143,1.31,Устойчивая база,False,1.275582664167203,3.78,13.81,13.81,99.7,13.56,21.57
RU-NIZ,Нижегородская область,1,Руководители,8.44,8.21,8.67,1,1,2.81,1896.78,65566.99,11.5,1896.78,123980.70663414935,105811.70663414935,177990.0,9.55,1.0,67691.0,18169.0,0.985599712303957,146.16402115495765,0.0002852555978408675,-0.74,Устойчивая база,False,0.98204881532396,3.48,2.81,2.81,99.8,9.82,3.66
RU-NIZ,Нижегородская область,2,Офисные и учётные служащие,6.26,6.07,6.46,2,2,6.4,2397.96,35077.69,14.54,1600.910164541722,45191.4168493193,27022.4168493193,64878.0,4.21,0.6676133732596549,67691.0,18169.0,0.12642293005575264,101.86360214376505,0.0006524156213050596,0.08,Устойчивая база,False,0.5253863858749825,3.48,6.4,4.27,99.7,5.26,4.63
RU-NIZ,Нижегородская область,3,Специалисты средней квалификации,5.8,5.76,5.84,3,3,5.89,4456.12,71170.15,27.01,3930.7619819096717,59710.51257987837,41541.51257987837,85722.0,6.34,0.8821041583058068,67691.0,18169.0,0.2143729844525877,103.46780906003967,0.000599737808997421,-0.11,Устойчивая база,False,1.065971786930108,3.48,5.89,5.2,99.9,10.66,8.61
RU-NIZ,Нижегородская область,4,Специалисты высшей квалификации,5.13,5.08,5.19,4,5,6.14,12526.74,191446.17,75.94,12526.74,71744.28238611222,53575.282386112216,102998.0,7.76,1.0,67691.0,18169.0,0.17052041380292507,144.61887250545854,0.00038278707116992195,0.32,Устойчивая база,False,2.8674411383961576,3.48,6.14,6.14,99.9,28.69,24.19
RU-NIZ,Нижегородская область,5,Неквалифицированные рабочие,4.88,4.61,5.15,4,5,9.09,6672.36,66765.51,40.45,3574.946934214182,36267.7872482738,18098.787248273802,52067.0,2.48,0.5357844801860484,67691.0,18169.0,-0.253062471998031,70.670421472643,0.0011936050185097405,0.56,Устойчивая база,False,1.0,3.48,9.09,4.87,99.9,10.0,12.89
RU-NIZ,Нижегородская область,6,"Обслуживание, торговля и охрана",4.04,3.87,4.24,6,6,9.72,5667.43,52632.13,34.36,3470.94293911236,41456.46236326778,23287.462363267783,59516.0,3.61,0.6124368433509297,67691.0,18169.0,-0.32712072493009425,111.62161988428772,0.0006390395513437586,1.14,Устойчивая база,False,0.788313157497037,3.48,9.72,5.95,99.8,7.89,10.94
RU-NIZ,Нижегородская область,7,"Промышленность, строительство и транспорт",3.09,3.0,3.18,7,7,8.76,9311.23,97026.29,56.45,9311.23,68346.46291894339,50177.46291894339,98120.0,7.45,1.0,67691.0,18169.0,-0.21258528090155526,52.95679822120663,0.0017222836868633143,-0.17,Устойчивая база,False,1.4532397041526381,3.48,8.76,8.76,100.0,14.54,17.98
RU-NIZ,Нижегородская область,8,"Операторы машин, сборщики и водители",2.99,2.9,3.09,8,8,8.9,8318.28,85107.11,50.43,8318.28,68207.84748762593,50038.84748762593,97921.0,7.41,1.0,67691.0,18169.0,-0.23075090168881215,119.67320227989055,0.0006663313462581509,0.31,Устойчивая база,False,1.2747166912976478,3.48,8.9,8.9,99.9,12.75,16.06
RU-NIZ,Нижегородская область,9,Сельское и лесное хозяйство,1.95,1.89,2.01,9,9,17.27,535.33,2563.69,3.25,382.0228667716276,48305.736414245875,30136.736414245875,69349.0,4.56,0.7136212556210704,67691.0,18169.0,-0.7398329736372359,8.672962346589573,0.01170183158124693,0.84,"Малый локальный рынок, но спрос наблюдается — строка сохранена со сглаживанием",False,0.03839841858468542,3.48,14.64,10.45,38.3,0.38,1.03
RU-NVS,Новосибирская область,1,Офисные и учётные служащие,8.7,8.56,8.86,1,2,3.92,1123.53,27572.46,8.13,750.08365325842,48507.4524743,29565.4524743,64878.0,4.51,0.6676133732596549,72658.0,18942.0,0.4970868495844951,101.86360214376505,0.0006524156213050596,-1.46,Устойчивая база,False,0.5384086201742085,6.55,3.93,2.62,99.6,5.44,3.3
RU-NVS,Новосибирская область,2,Руководители,8.69,8.62,8.78,1,2,3.0,1436.86,46380.39,10.4,1436.86,133078.10761584292,114136.10761584292,177990.0,9.65,1.0,72658.0,18942.0,0.7724597194411764,146.16402115495765,0.0002852555978408675,-0.56,Устойчивая база,False,0.9056718835766435,6.55,3.0,3.0,99.7,9.15,4.22
RU-NVS,Новосибирская область,3,Специалисты средней квалификации,7.33,7.3,7.37,3,3,4.65,2708.61,55515.91,19.61,2389.2761442286915,64091.92393418331,45149.92393418331,85722.0,6.88,0.8821041583058068,72658.0,18942.0,0.3185591449384934,103.46780906003967,0.000599737808997421,-0.76,Устойчивая база,False,1.0840615781404905,6.55,4.65,4.11,99.8,10.95,7.96
RU-NVS,Новосибирская область,4,Специалисты высшей квалификации,6.86,6.76,6.96,4,5,4.72,8216.09,165736.34,59.47,8216.09,77008.70233280852,58066.70233280852,102998.0,8.13,1.0,72658.0,18942.0,0.30299764654860933,144.61887250545854,0.00038278707116992195,-0.57,Устойчивая база,False,3.2363406867622073,6.55,4.72,4.72,99.9,32.68,24.14
RU-NVS,Новосибирская область,5,"Обслуживание, торговля и охрана",6.66,6.49,6.82,4,5,6.39,3128.61,45849.5,22.65,1916.0760324761525,44498.43616419185,25556.43616419185,59516.0,3.98,0.6124368433509297,72658.0,18942.0,-0.016557881102716603,111.62161988428772,0.0006390395513437586,0.11,Устойчивая база,False,0.8953051715616733,6.55,6.39,3.92,99.8,9.04,9.19
RU-NVS,Новосибирская область,6,Неквалифицированные рабочие,6.06,5.83,6.29,6,6,7.64,4792.81,57941.2,34.69,2567.913214480495,38929.028761357906,19987.028761357906,52067.0,2.95,0.5357844801860484,72658.0,18942.0,-0.20899721630149687,70.670421472643,0.0011936050185097405,0.17,Устойчивая база,False,1.1314203209738214,6.55,7.64,4.09,99.9,11.43,14.08
RU-NVS,Новосибирская область,7,Сельское и лесное хозяйство,5.13,5.1,5.15,7,7,5.43,194.51,3387.06,1.41,138.8064704308544,51850.293190915734,32908.293190915734,69349.0,4.95,0.7136212556210704,72658.0,18942.0,-0.1328123743649875,8.672962346589573,0.01170183158124693,-1.02,Устойчивая база,False,0.06613926726332199,6.55,7.96,5.68,66.6,0.67,0.57
RU-NVS,Новосибирская область,8,"Промышленность, строительство и транспорт",2.67,2.44,2.9,8,8,10.1,6010.08,53484.87,43.5,6010.08,73361.5591845975,54419.5591845975,98120.0,7.86,1.0,72658.0,18942.0,-0.5151423410692426,52.95679822120663,0.0017222836868633143,0.28,Устойчивая база,False,1.0444013721262784,6.55,10.1,10.1,99.9,10.55,17.66
RU-NVS,Новосибирская область,9,"Операторы машин, сборщики и водители",2.31,2.06,2.56,9,9,11.15,6424.19,51211.03,46.5,6424.19,73212.77249199929,54270.77249199929,97921.0,7.85,1.0,72658.0,18942.0,-0.6244019238424847,119.67320227989055,0.0006663313462581509,1.03,Устойчивая база,False,1.0,6.55,11.15,11.15,99.8,10.1,18.88
RU-OMS,Омская область,1,Неквалифицированные рабочие,6.9,6.72,7.1,1,2,7.07,2813.6,37002.09,30.58,1507.4832134514656,31063.712592226715,14247.712592226715,52067.0,1.88,0.5357844801860484,57978.0,16816.0,0.11347537510028342,70.670421472643,0.0011936050185097405,0.0,Устойчивая база,False,1.1574890787689391,5.28,7.07,3.79,99.8,11.91,10.63
RU-OMS,Омская область,2,Руководители,6.86,6.76,6.96,1,2,4.85,1368.14,26823.96,14.87,1368.14,106190.68132003827,89374.68132003827,177990.0,9.11,1.0,57978.0,16816.0,0.5137123483681245,146.16402115495765,0.0002852555978408675,0.78,Устойчивая база,False,0.8390996494883093,5.28,4.85,4.85,99.5,8.64,5.17
RU-OMS,Омская область,3,"Обслуживание, торговля и охрана",6.3,6.2,6.42,3,3,7.29,2435.76,30995.25,26.48,1491.7491655604604,35507.8633038002,18691.8633038002,59516.0,2.62,0.6124368433509296,57978.0,16816.0,0.08073713786197197,111.62161988428772,0.0006390395513437586,0.43,Устойчивая база,False,0.9695847820680659,5.28,7.29,4.47,99.7,9.98,9.2
RU-OMS,Омская область,4,Офисные и учётные служащие,6.11,6.06,6.16,4,4,7.15,1234.2,16036.27,13.42,823.9684252770661,38706.88815484827,21890.888154848268,64878.0,3.29,0.6676133732596549,57978.0,16816.0,0.10162145582354097,101.86360214376505,0.0006524156213050596,0.43,Устойчивая база,False,0.5016421339764856,5.28,7.15,4.77,99.4,5.16,4.66
RU-OMS,Омская область,5,Специалисты высшей квалификации,4.78,4.57,4.99,5,5,7.12,6565.83,85611.33,71.37,6565.83,61449.67579415305,44633.67579415305,102998.0,6.84,1.0,57978.0,16816.0,0.10573969167037299,144.61887250545854,0.00038278707116992195,0.82,Устойчивая база,False,2.6780697926491084,5.28,7.12,7.12,99.8,27.56,24.8
RU-OMS,Омская область,6,Специалисты средней квалификации,4.24,4.1,4.39,6,6,8.27,3701.89,41045.11,40.24,3265.4525625906826,51142.63489025406,34326.63489025406,85722.0,5.15,0.8821041583058067,57978.0,16816.0,-0.05627510277549854,103.46780906003967,0.000599737808997421,0.83,Устойчивая база,False,1.2839617049163918,5.28,8.27,7.29,99.8,13.21,13.98
RU-OMS,Омская область,7,Сельское и лесное хозяйство,3.78,3.72,3.83,7,7,9.05,224.75,2259.64,2.44,160.38637720083557,41374.33315839842,24558.333158398418,69349.0,3.79,0.7136212556210704,57978.0,16816.0,-0.27487957747362224,8.672962346589573,0.01170183158124693,-0.22,Устойчивая база,False,0.07068542944329484,5.28,10.14,7.24,72.5,0.73,0.85
RU-OMS,Омская область,8,"Операторы машин, сборщики и водители",2.93,2.69,3.15,8,8,9.99,3546.3,31967.55,38.55,3546.3,58420.68490105886,41604.68490105886,97921.0,6.37,1.0,57978.0,16816.0,-0.2632441953683181,119.67320227989055,0.0006663313462581509,0.67,Устойчивая база,False,1.0,5.28,9.99,9.99,99.7,10.29,13.39
RU-OMS,Омская область,9,"Промышленность, строительство и транспорт",2.65,2.41,2.88,9,9,10.54,4584.59,38895.47,49.83,4584.59,58539.410366437194,41723.410366437194,98120.0,6.39,1.0,57978.0,16816.0,-0.3242846301745018,52.95679822120663,0.0017222836868633143,0.42,Устойчивая база,False,1.2167172648513884,5.28,10.54,10.54,99.9,12.52,17.32
RU-ORE,Оренбургская область,1,Неквалифицированные рабочие,8.65,8.4,8.91,1,1,4.11,1262.72,29446.01,13.22,676.5457788205271,31643.967184268204,14826.967184268204,52067.0,1.93,0.5357844801860484,59061.0,16817.0,0.4505197181293389,70.670421472643,0.0011936050185097405,-1.18,Устойчивая база,False,0.9658888431118365,5.21,4.12,2.21,99.8,10.76,6.84
RU-ORE,Оренбургская область,2,"Обслуживание, торговля и охрана",8.21,7.98,8.46,2,2,4.5,1437.4,30485.92,15.05,880.3167186326265,36171.13240514926,19354.132405149263,59516.0,2.8,0.6124368433509297,59061.0,16817.0,0.35623812256569426,111.62161988428772,0.0006390395513437586,-0.73,Устойчивая база,False,1.0,5.21,4.51,2.76,99.7,11.14,7.79
RU-ORE,Оренбургская область,3,Руководители,7.8,7.72,7.87,3,3,3.73,839.57,21670.19,8.79,839.57,108174.27005834594,91357.27005834594,177990.0,9.13,1.0,59061.0,16817.0,0.5541704967413972,146.16402115495765,0.0002852555978408675,0.05,Устойчивая база,False,0.7108261781176359,5.21,3.73,3.73,99.4,7.92,4.55
RU-ORE,Оренбургская область,4,Офисные и учётные служащие,7.37,7.15,7.57,4,4,5.28,576.74,10343.47,6.04,385.03933689377334,39429.91343808848,22612.91343808848,64878.0,3.49,0.6676133732596549,59061.0,16817.0,0.18790455026171385,101.86360214376505,0.0006524156213050596,-0.53,Устойчивая база,False,0.3392867920666327,5.21,5.3,3.54,99.1,3.78,3.13
RU-ORE,Оренбургская область,5,Специалисты высшей квалификации,6.9,6.88,6.93,5,5,4.5,3393.58,72066.33,35.53,3393.58,62597.524959096096,45780.524959096096,102998.0,6.91,1.0,59061.0,16817.0,0.3587313338990369,144.61887250545854,0.00038278707116992195,-0.73,Устойчивая база,False,2.3639217710995766,5.21,4.5,4.5,99.8,26.34,18.39
RU-ORE,Оренбургская область,6,Специалисты средней квалификации,6.07,6.05,6.09,6,6,5.59,1917.28,32383.24,20.08,1691.240660636557,52097.95369369925,35280.95369369925,85722.0,5.28,0.8821041583058067,59061.0,16817.0,0.12996359931338525,103.46780906003967,0.000599737808997421,-0.25,Устойчивая база,False,1.062235943674982,5.21,5.59,4.93,99.7,11.83,10.39
RU-ORE,Оренбургская область,7,Сельское и лесное хозяйство,4.72,4.65,4.8,7,7,1.91,24.0,1230.61,0.25,17.12691013490569,42147.18497823604,25330.184978236037,69349.0,3.92,0.7136212556210704,59061.0,16817.0,-0.20008625179572606,8.672962346589573,0.01170183158124693,-2.57,"Малый локальный рынок, но спрос наблюдается — строка сохранена со сглаживанием",False,0.04036650361871972,5.21,8.05,5.75,44.7,0.45,0.13
RU-ORE,Оренбургская область,8,"Операторы машин, сборщики и водители",2.96,2.81,3.09,8,8,8.97,3878.84,39358.97,40.61,3878.84,59511.95403327879,42694.95403327879,97921.0,6.47,1.0,59061.0,16817.0,-0.3790821494485949,119.67320227989055,0.0006663313462581509,0.33,Устойчивая база,False,1.2910540341246057,5.21,8.97,8.97,99.7,14.38,21.02
RU-ORE,Оренбургская область,9,"Промышленность, строительство и транспорт",1.93,1.74,2.13,9,9,12.26,5119.39,36644.83,53.6,5119.39,59632.897230883216,42815.897230883216,98120.0,6.51,1.0,59061.0,16817.0,-0.7281088747212526,52.95679822120663,0.0017222836868633143,0.91,Устойчивая база,False,1.202024737977401,5.21,12.26,12.26,99.9,13.39,27.75
RU-ORL,Орловская область,1,"Обслуживание, торговля и охрана",9.0,8.87,9.14,1,1,3.69,426.13,11133.66,12.68,260.97771205713167,30938.472015558917,12962.472015558917,59516.0,1.63,0.6124368433509297,50517.0,17976.0,0.5653430886798355,111.62161988428772,0.0006390395513437586,-1.19,Устойчивая база,False,0.7922880845740342,7.17,3.73,2.28,99.0,8.74,4.92
RU-ORL,Орловская область,2,Неквалифицированные рабочие,8.85,8.68,9.01,2,2,4.27,661.41,14814.21,19.68,354.37321303985425,27066.224585558608,9090.224585558608,52067.0,1.34,0.5357844801860484,50517.0,17976.0,0.4165999928840998,70.670421472643,0.0011936050185097405,-1.1,Устойчивая база,False,1.0542015891788956,7.17,4.29,2.3,99.5,11.63,7.64
RU-ORL,Орловская область,3,Руководители,8.6,8.58,8.6,3,3,3.26,351.5,10440.66,10.46,351.5,92525.34837773594,74549.34837773594,177990.0,8.64,1.0,50517.0,17976.0,0.7002535619894601,146.16402115495765,0.0002852555978408675,-0.33,Устойчивая база,False,0.742973156454278,7.17,3.28,3.28,98.7,8.2,4.06
RU-ORL,Орловская область,4,Специалисты средней квалификации,6.11,6.01,6.2,4,5,5.83,869.58,14052.54,25.88,767.0601339795635,44561.25576513444,26585.25576513444,85722.0,4.11,0.8821041583058068,50517.0,17976.0,0.09384348982533627,103.46780906003967,0.000599737808997421,-0.14,Устойчивая база,False,1.0,7.17,5.84,5.15,99.3,11.03,10.05
RU-ORL,Орловская область,5,Специалисты высшей квалификации,6.07,5.92,6.22,4,5,5.5,1887.02,32417.04,56.16,1887.02,53541.91714259253,35565.91714259253,102998.0,5.42,1.0,50517.0,17976.0,0.15524496045682398,144.61887250545854,0.00038278707116992195,-0.05,Устойчивая база,False,2.3068455951735416,7.17,5.5,5.5,99.6,25.45,21.8
RU-ORL,Орловская область,6,Сельское и лесное хозяйство,4.61,4.56,4.64,6,6,8.43,189.69,2059.68,5.65,135.36681597876085,36050.004970209615,18074.004970209615,69349.0,2.47,0.7136212556210705,50517.0,17976.0,-0.3044289993184515,8.672962346589573,0.01170183158124693,-0.34,Устойчивая база,False,0.14656994393896047,7.17,8.45,6.03,99.6,1.62,2.19
RU-ORL,Орловская область,7,"Операторы машин, сборщики и водители",4.15,3.95,4.36,7,7,7.54,1646.52,20202.38,49.0,1646.52,50902.71722285679,32926.71722285679,97921.0,4.96,1.0,50517.0,17976.0,-0.18171809632801028,119.67320227989055,0.0006663313462581509,-0.21,Устойчивая база,False,1.4376319156536825,7.17,7.55,7.55,99.5,15.86,19.02
RU-ORL,Орловская область,8,"Промышленность, строительство и транспорт",3.25,3.0,3.5,8,8,9.0,1443.35,14596.2,42.96,1443.35,51006.16429475504,33030.16429475504,98120.0,4.98,1.0,50517.0,17976.0,-0.3750099800734421,52.95679822120663,0.0017222836868633143,-0.09,Устойчивая база,False,1.0386876678522174,7.17,9.0,9.0,99.7,11.46,16.67
RU-ORL,Орловская область,9,Офисные и учётные служащие,2.87,2.7,3.03,9,9,13.35,1181.14,7663.07,35.15,788.5448596919089,33725.82477695798,15749.824776957983,64878.0,2.07,0.6676133732596549,50517.0,17976.0,-0.8132222103731647,101.86360214376505,0.0006524156213050596,2.5,Устойчивая база,False,0.5453156511207226,7.17,13.28,8.87,98.9,6.02,13.64
RU-PER,Пермский край,1,Руководители,8.9,8.73,9.08,1,1,2.42,1007.34,40660.34,8.4,1007.34,125792.12792887352,108010.12792887352,177990.0,9.59,1.0,68680.0,17782.0,0.9842998998070002,146.16402115495765,0.0002852555978408675,-1.16,Устойчивая база,False,0.9789967702526154,5.42,2.43,2.43,99.7,8.72,3.25
RU-PER,Пермский край,2,Офисные и учётные служащие,6.8,6.61,7.0,2,2,5.79,1225.35,19927.51,10.22,818.060046923718,45851.6864754731,28069.6864754731,64878.0,4.32,0.6676133732596549,68680.0,17782.0,0.07689465958097431,101.86360214376505,0.0006524156213050596,-0.24,Устойчивая база,False,0.47980336438841137,5.42,5.8,3.87,99.5,4.27,3.95
RU-PER,Пермский край,3,"Обслуживание, торговля и охрана",6.52,6.3,6.76,3,3,6.33,2805.15,41532.66,23.39,1717.9772111258605,42062.162401341855,24280.162401341855,59516.0,3.77,0.6124368433509297,68680.0,17782.0,-0.016799851806684623,111.62161988428772,0.0006390395513437586,0.09,Устойчивая база,False,1.0,5.42,6.33,3.88,99.7,8.9,9.05
RU-PER,Пермский край,4,Неквалифицированные рабочие,6.3,6.02,6.59,4,5,7.05,2482.19,32743.88,20.69,1329.9188788730075,36797.67809917781,19015.678099177807,52067.0,2.73,0.5357844801860484,68680.0,17782.0,-0.13251483470677797,70.670421472643,0.0011936050185097405,-0.01,Устойчивая база,False,0.7883887042149479,5.42,7.05,3.78,99.8,7.02,8.01
RU-PER,Пермский край,5,Специалисты высшей квалификации,6.23,6.18,6.28,4,5,5.04,6494.11,122435.02,54.14,6494.11,72792.50290700665,55010.50290700665,102998.0,7.94,1.0,68680.0,17782.0,0.22496709913904964,144.61887250545854,0.00038278707116992195,-0.35,Устойчивая база,False,2.947921467105646,5.42,5.04,5.04,99.9,26.25,20.96
RU-PER,Пермский край,6,Специалисты средней квалификации,5.77,5.76,5.78,6,6,5.85,3211.29,51643.21,26.77,2832.6922625258544,60582.91359244281,42800.91359244281,85722.0,6.5,0.8821041583058068,68680.0,17782.0,0.0660339169985229,103.46780906003967,0.000599737808997421,-0.13,Устойчивая база,False,1.243436129542389,5.42,5.85,5.16,99.8,11.07,10.36
RU-PER,Пермский край,7,"Операторы машин, сборщики и водители",4.34,4.23,4.44,7,7,6.9,5853.37,78917.76,48.8,5853.37,69204.39889276489,51422.39889276489,97921.0,7.59,1.0,68680.0,17782.0,-0.11043744671318637,119.67320227989055,0.0006663313462581509,-0.48,Устойчивая база,False,1.9001373858548907,5.42,6.9,6.9,99.9,16.92,18.89
RU-PER,Пермский край,8,"Промышленность, строительство и транспорт",2.91,2.76,3.07,8,8,9.06,7599.75,76268.95,63.36,7599.75,69345.03956616142,51563.03956616142,98120.0,7.62,1.0,68680.0,17782.0,-0.4055751340941369,52.95679822120663,0.0017222836868633143,-0.07,Устойчивая база,False,1.8363608302478096,5.42,9.06,9.06,99.9,16.35,24.53
RU-PER,Пермский край,9,Сельское и лесное хозяйство,2.74,2.66,2.82,9,9,11.47,306.0,2362.0,2.55,218.36810422004754,49011.50783605511,31229.507836055112,69349.0,4.75,0.7136212556210704,68680.0,17782.0,-0.6376426773454207,8.672962346589573,0.01170183158124693,0.16,Средняя база — умеренное сглаживание,False,0.05687090593282491,5.42,12.23,8.73,50.5,0.51,0.99
RU-PNZ,Пензенская область,1,"Обслуживание, торговля и охрана",8.08,7.9,8.28,1,1,5.03,956.52,18075.09,15.03,585.8080894020313,33110.78549892466,16873.785498924663,59516.0,2.28,0.6124368433509297,54064.0,16237.0,0.36387136335153675,111.62161988428772,0.0006390395513437586,-0.46,Устойчивая база,False,0.9986143776550166,5.64,5.05,3.09,99.4,9.92,6.87
RU-PNZ,Пензенская область,2,Руководители,7.86,7.84,7.88,2,2,3.81,574.46,14515.19,9.03,574.46,99021.92202018955,82784.92202018955,177990.0,8.94,1.0,54064.0,16237.0,0.6561925676286967,146.16402115495765,0.0002852555978408675,0.1,Устойчивая база,False,0.801936666893184,5.64,3.82,3.82,99.0,7.96,4.13
RU-PNZ,Пензенская область,3,Офисные и учётные служащие,6.57,6.48,6.67,3,4,6.37,588.95,8662.68,9.25,393.1908961812738,36093.84941190998,19856.849411909978,64878.0,2.93,0.6676133732596549,54064.0,16237.0,0.11516437424193937,101.86360214376505,0.0006524156213050596,0.07,Устойчивая база,False,0.47859660986609526,5.64,6.38,4.26,98.9,4.75,4.23
RU-PNZ,Пензенская область,4,Специалисты высшей квалификации,6.36,6.24,6.5,3,4,5.21,2712.23,49347.59,42.61,2712.23,57301.3086366396,41064.3086366396,102998.0,6.27,1.0,54064.0,16237.0,0.3285743803104913,144.61887250545854,0.00038278707116992195,-0.24,Устойчивая база,False,2.7263605811437133,5.64,5.21,5.21,99.7,27.07,19.49
RU-PNZ,Пензенская область,5,Специалисты средней квалификации,6.07,6.0,6.14,5,5,5.9,1404.01,22394.09,22.06,1238.483059302936,47690.07921464514,31453.079214645142,85722.0,4.81,0.8821041583058069,54064.0,16237.0,0.1968275812159203,103.46780906003967,0.000599737808997421,-0.11,Устойчивая база,False,1.2372309210355483,5.64,5.9,5.21,99.6,12.29,10.09
RU-PNZ,Пензенская область,6,"Операторы машин, сборщики и водители",4.04,3.85,4.22,6,7,7.72,2025.82,24229.77,31.83,2025.82,54476.79996707107,38239.79996707107,97921.0,5.79,1.0,54064.0,16237.0,-0.09110846512470604,119.67320227989055,0.0006663313462581509,-0.13,Устойчивая база,False,1.3386487530227618,5.64,7.72,7.72,99.5,13.29,14.56
RU-PNZ,Пензенская область,7,Неквалифицированные рабочие,3.95,3.87,4.04,6,7,11.56,2365.69,18100.17,37.17,1267.4999869313328,28966.65213677852,12729.65213677852,52067.0,1.6,0.5357844801860484,54064.0,16237.0,-0.5366578667048945,70.670421472643,0.0011936050185097405,1.11,Устойчивая база,False,1.0,5.64,11.55,6.19,99.7,9.93,17.0
RU-PNZ,Пензенская область,8,Сельское и лесное хозяйство,3.26,3.2,3.32,8,8,10.97,231.39,1877.27,3.64,165.12482233815948,38581.219563897546,22344.219563897546,69349.0,3.41,0.7136212556210704,54064.0,16237.0,-0.4791444511451876,8.672962346589573,0.01170183158124693,0.08,Устойчивая база,False,0.10371560046121114,5.64,10.98,7.83,99.6,1.03,1.66
RU-PNZ,Пензенская область,9,"Промышленность, строительство и транспорт",2.38,2.16,2.61,9,9,10.88,3058.86,25068.17,48.06,3058.86,54587.51047036912,38350.51047036912,98120.0,5.84,1.0,54064.0,16237.0,-0.4685603610708896,52.95679822120663,0.0017222836868633143,0.52,Устойчивая база,False,1.3849687599619231,5.64,10.88,10.88,99.8,13.75,21.98
RU-PRI,Приморский край,1,Руководители,6.57,6.41,6.73,1,1,5.42,1497.12,26141.22,15.03,1497.12,156476.39582625875,133475.39582625875,177990.0,9.82,1.0,85433.0,23001.0,0.6489136603665893,146.16402115495765,0.0002852555978408675,1.1,Устойчивая база,False,0.8926454433669534,4.64,5.41,5.41,99.5,8.76,4.58
RU-PRI,Приморский край,2,"Обслуживание, торговля и охрана",6.27,6.26,6.3,2,2,7.94,2221.74,25760.22,22.3,1360.6754323464945,52322.31683799998,29321.316837999977,59516.0,4.5,0.6124368433509297,85433.0,23001.0,0.23852584610752933,111.62161988428772,0.0006390395513437586,0.64,Устойчивая база,False,0.8796354188186419,4.64,7.94,4.86,99.6,8.63,6.79
RU-PRI,Приморский край,3,Специалисты высшей квалификации,5.06,4.78,5.35,3,3,7.38,6293.83,78974.22,63.18,6293.83,90548.6590106916,67547.6590106916,102998.0,8.48,1.0,85433.0,23001.0,0.31883042159964337,144.61887250545854,0.00038278707116992195,0.94,Устойчивая база,False,2.696736327778861,4.64,7.38,7.38,99.8,26.46,19.24
RU-PRI,Приморский край,4,Специалисты средней квалификации,4.98,4.76,5.21,4,4,8.03,3246.95,37179.2,32.59,2864.148096811039,75360.80455654,52359.804556539995,85722.0,7.71,0.8821041583058068,85433.0,23001.0,0.2271713560321465,103.46780906003967,0.000599737808997421,0.75,Устойчивая база,False,1.2695598548204188,4.64,8.03,7.08,99.7,12.46,9.92
RU-PRI,Приморский край,5,Офисные и учётные служащие,3.98,3.87,4.06,5,6,11.07,2122.38,17053.72,21.3,1416.9292711388264,57036.21331769209,34035.21331769209,64878.0,5.1,0.6676133732596549,85433.0,23001.0,-0.1260271755101441,101.86360214376505,0.0006524156213050596,1.87,Устойчивая база,False,0.5823341623097882,4.64,11.05,7.38,99.5,5.71,6.49
RU-PRI,Приморский край,6,Неквалифицированные рабочие,3.87,3.85,3.89,5,6,12.69,4254.62,29285.11,42.71,2279.559365089165,45773.67549573467,22772.67549573467,52067.0,3.53,0.5357844801860484,85433.0,23001.0,-0.2814641403141236,70.670421472643,0.0011936050185097405,1.33,Устойчивая база,False,1.0,4.64,12.68,6.8,99.8,9.81,13.0
RU-PRI,Приморский край,7,"Операторы машин, сборщики и водители",2.39,2.13,2.65,7,7,12.53,5666.18,39542.24,56.88,5666.18,86085.3146564587,63084.31465645869,97921.0,8.31,1.0,85433.0,23001.0,-0.26751112363598323,119.67320227989055,0.0006663313462581509,1.4,Устойчивая база,False,1.3502506905386389,4.64,12.52,12.52,99.7,13.25,17.32
RU-PRI,Приморский край,8,"Промышленность, строительство и транспорт",2.17,1.92,2.42,8,8,13.65,6637.39,41997.08,66.63,6637.39,86260.26157914776,63259.26157914776,98120.0,8.32,1.0,85433.0,23001.0,-0.36570373613516594,52.95679822120663,0.0017222836868633143,1.27,Устойчивая база,False,1.4340762250850347,4.64,13.65,13.65,99.9,14.07,20.29
RU-PRI,Приморский край,9,Сельское и лесное хозяйство,1.61,1.43,1.79,9,9,23.79,777.5,2490.0,7.8,554.8405262453822,60966.804731474906,37965.804731474906,69349.0,5.71,0.7136212556210704,85433.0,23001.0,-1.004121578986992,8.672962346589573,0.01170183158124693,1.42,Устойчивая база,False,0.08502614468581474,4.64,21.98,15.69,83.2,0.83,2.38
RU-PSK,Псковская область,1,Офисные и учётные служащие,7.91,7.77,8.03,1,1,5.21,279.53,5083.86,8.77,186.6179662272713,34559.673880159295,15423.673880159295,64878.0,2.03,0.6676133732596549,51766.0,19136.0,0.438299459654565,101.86360214376505,0.0006524156213050596,-0.57,Устойчивая база,False,0.4434541177209459,5.25,5.25,3.5,98.1,5.09,3.26
RU-PSK,Псковская область,2,"Обслуживание, торговля и охрана",7.86,7.7,8.01,1,2,5.59,767.69,12972.9,24.09,470.16164027207526,31703.40563290423,12567.405632904229,59516.0,1.58,0.6124368433509297,51766.0,19136.0,0.37140313103795913,111.62161988428772,0.0006390395513437586,-0.21,Устойчивая база,False,1.1315980227193627,5.25,5.61,3.43,99.2,13.0,8.94
RU-PSK,Псковская область,3,Руководители,6.91,6.81,7.02,3,3,4.81,367.09,7267.88,11.52,367.09,94812.97749513783,75676.97749513783,177990.0,8.67,1.0,51766.0,19136.0,0.5336292440473831,146.16402115495765,0.0002852555978408675,0.76,Устойчивая база,False,0.6339614609965083,5.25,4.8,4.8,98.1,7.28,4.27
RU-PSK,Псковская область,4,Неквалифицированные рабочие,6.26,6.09,6.43,4,4,7.87,979.29,11464.23,30.73,524.6883836013953,27735.41940131098,8599.41940131098,52067.0,1.3,0.5357844801860484,51766.0,19136.0,0.00600354959365948,70.670421472643,0.0011936050185097405,0.24,Устойчивая база,False,1.0,5.25,7.88,4.22,99.4,11.49,11.4
RU-PSK,Псковская область,5,Специалисты средней квалификации,4.37,4.23,4.54,5,5,8.12,937.62,10613.99,29.42,827.0785009106905,45663.00385885839,26527.003858858392,85722.0,4.09,0.8821041583058068,51766.0,19136.0,-0.024940816287570035,103.46780906003967,0.000599737808997421,0.78,Устойчивая база,False,0.9258354028137956,5.25,8.11,7.15,99.1,10.64,10.92
RU-PSK,Псковская область,6,"Операторы машин, сборщики и водители",4.17,3.96,4.39,6,6,7.91,1123.6,13087.31,35.25,1123.6,52161.2538305601,33025.2538305601,97921.0,4.97,1.0,51766.0,19136.0,0.0006593970716559809,119.67320227989055,0.0006663313462581509,-0.06,Устойчивая база,False,1.1415777596925394,5.25,7.92,7.92,99.2,13.11,13.08
RU-PSK,Псковская область,7,"Промышленность, строительство и транспорт",3.74,3.52,3.96,7,7,8.49,1333.32,14376.13,41.83,1333.32,52267.25856409307,33131.25856409307,98120.0,5.01,1.0,51766.0,19136.0,-0.07590259908812493,52.95679822120663,0.0017222836868633143,-0.27,Устойчивая база,False,1.2539987421745726,5.25,8.5,8.5,99.7,14.41,15.53
RU-PSK,Псковская область,8,Специалисты высшей квалификации,3.15,2.92,3.39,8,8,9.5,2379.66,22666.4,74.66,2379.66,54865.70625340865,35729.70625340865,102998.0,5.43,1.0,51766.0,19136.0,-0.19624917354530427,144.61887250545854,0.00038278707116992195,1.82,Устойчивая база,False,1.9771410727105094,5.25,9.48,9.48,99.4,22.71,27.71
RU-PSK,Псковская область,9,Сельское и лесное хозяйство,2.04,1.86,2.21,9,9,15.66,419.5,2258.64,13.16,299.364116733039,36941.31791848033,17805.31791848033,69349.0,2.44,0.7136212556210704,51766.0,19136.0,-0.7692254377223176,8.672962346589573,0.01170183158124693,0.68,Устойчивая база,False,0.19701628456512124,5.25,15.65,11.17,99.7,2.26,4.89
RU-ROS,Ростовская область,1,Руководители,6.48,6.33,6.63,1,1,5.46,3079.58,53344.9,13.77,3079.58,108328.12181644182,90159.12181644182,177990.0,9.12,1.0,59145.0,18169.0,0.6326823906791817,146.16402115495765,0.0002852555978408675,1.12,Устойчивая база,False,0.8180761977029107,4.43,5.46,5.46,99.7,8.54,4.54
RU-ROS,Ростовская область,2,Офисные и учётные служащие,6.0,5.96,6.03,2,2,7.84,2715.4,31914.4,12.14,1812.8373537492669,39485.99296144229,21316.992961442287,64878.0,3.2,0.6676133732596549,59145.0,18169.0,0.24431150427551096,101.86360214376505,0.0006524156213050596,0.73,Устойчивая база,False,0.48942656193881284,4.43,7.84,5.23,99.7,5.11,4.0
RU-ROS,Ростовская область,3,"Обслуживание, торговля и охрана",5.94,5.91,5.96,3,3,8.34,5936.51,65207.74,26.54,3635.737444921228,36222.57709999074,18053.57709999074,59516.0,2.46,0.6124368433509297,59145.0,18169.0,0.17698809479252559,111.62161988428772,0.0006390395513437586,0.76,Устойчивая база,False,1.0,4.43,8.34,5.11,99.8,10.44,8.74
RU-ROS,Ростовская область,4,Неквалифицированные рабочие,5.18,5.1,5.26,4,4,10.16,6781.53,59958.64,30.32,3633.4385259160927,31688.97308060383,13519.973080603831,52067.0,1.71,0.5357844801860484,59145.0,18169.0,-0.039910309737327634,70.670421472643,0.0011936050185097405,0.81,Устойчивая база,False,0.9195018873526364,4.43,10.16,5.44,99.9,9.6,9.99
RU-ROS,Ростовская область,5,Специалисты высшей квалификации,4.57,4.29,4.83,5,5,8.01,15029.77,172677.38,67.19,15029.77,62686.55481122464,44517.55481122464,102998.0,6.8,1.0,59145.0,18169.0,0.22229639297834936,144.61887250545854,0.00038278707116992195,1.23,Устойчивая база,False,2.6481117118918704,4.43,8.01,8.01,99.9,27.64,22.13
RU-ROS,Ростовская область,6,Специалисты средней квалификации,3.51,3.28,3.73,6,6,10.26,9107.78,79662.21,40.72,8034.0106109344615,52172.050442996944,34003.050442996944,85722.0,5.09,0.8821041583058068,59145.0,18169.0,-0.050292349711885315,103.46780906003967,0.000599737808997421,1.45,Устойчивая база,False,1.2216680105766586,4.43,10.26,9.05,99.9,12.75,13.41
RU-ROS,Ростовская область,7,Сельское и лесное хозяйство,2.69,2.59,2.79,7,7,12.51,484.51,3388.01,2.17,345.7566345609648,42207.12916370821,24038.12916370821,69349.0,3.73,0.7136212556210704,59145.0,18169.0,-0.44250929370850434,8.672962346589573,0.01170183158124693,0.3,Средняя база — умеренное сглаживание,False,0.05195717563589844,4.43,12.74,9.09,54.1,0.54,0.71
RU-ROS,Ростовская область,8,"Операторы машин, сборщики и водители",2.3,2.05,2.55,8,8,12.62,10858.01,75155.56,48.54,10858.01,59596.59540641496,41427.59540641496,97921.0,6.31,1.0,59145.0,18169.0,-0.2843058264359753,119.67320227989055,0.0006663313462581509,1.43,Устойчивая база,False,1.152555816226724,4.43,12.61,12.61,99.9,12.03,15.99
RU-ROS,Ростовская область,9,"Промышленность, строительство и транспорт",2.01,1.79,2.25,9,9,14.3,13908.3,83331.36,62.18,13908.3,59717.71061649122,41548.71061649122,98120.0,6.36,1.0,59145.0,18169.0,-0.4287418493670437,52.95679822120663,0.0017222836868633143,1.42,Устойчивая база,False,1.2779366375832073,4.43,14.3,14.3,99.9,13.34,20.48
RU-RYA,Рязанская область,1,Руководители,8.34,8.26,8.43,1,1,3.28,611.54,18044.3,11.57,611.54,105708.97879171425,88506.97879171425,177990.0,9.08,1.0,57715.0,17202.0,0.7034875916902313,146.16402115495765,0.0002852555978408675,-0.31,Устойчивая база,False,0.8059657626576596,5.63,3.29,3.29,99.2,9.21,4.55
RU-RYA,Рязанская область,2,Неквалифицированные рабочие,7.71,7.44,7.99,2,2,5.51,1334.46,22895.34,25.25,714.9829574290742,30922.801273937785,13720.801273937785,52067.0,1.75,0.5357844801860484,57715.0,17202.0,0.16121792888894954,70.670421472643,0.0011936050185097405,-0.55,Устойчивая база,False,1.022642062280411,5.63,5.52,2.96,99.7,11.68,9.93
RU-RYA,Рязанская область,3,Специалисты высшей квалификации,7.03,6.98,7.07,3,3,4.49,2379.17,50606.24,45.02,2379.17,61170.927566655344,43968.927566655344,102998.0,6.74,1.0,57715.0,17202.0,0.37692588780097247,144.61887250545854,0.00038278707116992195,-0.73,Устойчивая база,False,2.260375676354115,5.63,4.49,4.49,99.7,25.83,17.71
RU-RYA,Рязанская область,4,Специалисты средней квалификации,5.33,5.3,5.37,4,4,6.43,1538.08,22388.42,29.1,1356.7467638069952,50910.64149661964,33708.64149661964,85722.0,5.07,0.8821041583058068,57715.0,17202.0,-0.0015035369046801294,103.46780906003967,0.000599737808997421,0.13,Устойчивая база,False,1.0,5.63,6.43,5.67,99.6,11.43,11.45
RU-RYA,Рязанская область,5,"Обслуживание, торговля и охрана",4.92,4.77,5.06,5,5,8.46,1868.9,20224.33,35.36,1144.5832165385527,35346.79241399891,18144.79241399891,59516.0,2.51,0.6124368433509297,57715.0,17202.0,-0.29742727960726506,111.62161988428772,0.0006390395513437586,0.8,Устойчивая база,False,0.9033388689331361,5.63,8.46,5.18,99.5,10.32,13.91
RU-RYA,Рязанская область,6,"Операторы машин, сборщики и водители",3.63,3.49,3.77,6,7,7.99,2207.22,25433.83,41.77,2207.22,58155.67679231109,40953.67679231109,97921.0,6.25,1.0,57715.0,17202.0,-0.23539792428379844,119.67320227989055,0.0006663313462581509,-0.03,Устойчивая база,False,1.1360261242195744,5.63,7.99,7.99,99.6,12.98,16.43
RU-RYA,Рязанская область,7,"Промышленность, строительство и транспорт",3.58,3.42,3.73,7,9,8.05,2288.31,26134.78,43.3,2288.31,58273.86369483119,41071.86369483119,98120.0,6.28,1.0,57715.0,17202.0,-0.2447605508896607,52.95679822120663,0.0017222836868633143,-0.44,Устойчивая база,False,1.1673347203599005,5.63,8.05,8.05,99.8,13.34,17.03
RU-RYA,Рязанская область,8,Сельское и лесное хозяйство,3.54,3.52,3.57,6,8,9.71,188.5,1753.44,3.57,134.51760668457177,41186.650768170075,23984.650768170075,69349.0,3.7,0.7136212556210704,57715.0,17202.0,-0.46169995640730993,8.672962346589573,0.01170183158124693,-0.11,Устойчивая база,False,0.07831905958526775,5.63,10.07,7.19,89.1,0.89,1.4
RU-RYA,Рязанская область,9,Офисные и учётные служащие,3.46,3.45,3.49,8,9,10.74,1018.13,8459.36,19.27,679.7172037168524,38531.30583768098,21329.30583768098,64878.0,3.21,0.6676133732596549,57715.0,17202.0,-0.5568665614954713,101.86360214376505,0.0006524156213050596,1.77,Устойчивая база,False,0.37784533254244834,5.63,10.7,7.15,98.9,4.32,7.58
RU-SA,Республика Саха (Якутия),1,Руководители,8.99,8.89,9.1,1,1,2.49,563.59,22072.46,10.66,563.59,201699.65486370513,172512.65486370513,177990.0,9.9,1.0,110124.0,29187.0,0.708597565698404,146.16402115495765,0.0002852555978408675,-1.08,Устойчивая база,False,0.863529772612217,6.86,2.5,2.5,99.4,7.43,3.65
RU-SA,Республика Саха (Якутия),2,Неквалифицированные рабочие,7.97,7.69,8.26,2,3,4.56,1220.68,25560.74,23.09,654.0213992735056,59002.730096008396,29815.730096008396,52067.0,4.53,0.5357844801860484,110124.0,29187.0,0.08254173963176514,70.670421472643,0.0011936050185097405,-0.95,Устойчивая база,False,1.0,6.86,4.57,2.45,99.7,8.6,7.91
RU-SA,Республика Саха (Якутия),3,Специалисты высшей квалификации,7.93,7.86,8.01,2,3,3.55,3027.13,82200.2,57.26,3027.13,116718.13614052418,87531.13614052418,102998.0,9.07,1.0,110124.0,29187.0,0.3434053527015242,144.61887250545854,0.00038278707116992195,-1.51,Устойчивая база,False,3.2158771616158215,6.86,3.55,3.55,99.8,27.67,19.62
RU-SA,Республика Саха (Якутия),4,Офисные и учётные служащие,7.16,6.92,7.41,4,4,5.04,519.63,9780.9,9.83,346.91193714691445,73520.25511684624,44333.25511684624,64878.0,6.78,0.6676133732596549,110124.0,29187.0,-0.021975939906940276,101.86360214376505,0.0006524156213050596,-0.67,Устойчивая база,False,0.3826532408686133,6.86,5.06,3.38,99.0,3.29,3.37
RU-SA,Республика Саха (Якутия),5,Специалисты средней квалификации,6.54,6.46,6.63,5,5,4.8,1969.76,39027.62,37.26,1737.5334868644459,97140.83832926866,67953.83832926866,85722.0,8.49,0.8821041583058068,110124.0,29187.0,0.0285744969500985,103.46780906003967,0.000599737808997421,-0.67,Устойчивая база,False,1.526857986114643,6.86,4.8,4.24,99.7,13.14,12.77
RU-SA,Республика Саха (Якутия),6,"Обслуживание, торговля и охрана",6.31,6.06,6.57,6,6,6.14,1575.02,24089.06,29.79,964.6002770145814,67443.99493717779,38256.99493717779,59516.0,5.8,0.6124368433509297,110124.0,29187.0,-0.22962312114290043,111.62161988428772,0.0006390395513437586,0.02,Устойчивая база,False,0.9424242021162141,6.86,6.15,3.76,99.6,8.11,10.21
RU-SA,Республика Саха (Якутия),7,"Операторы машин, сборщики и водители",4.9,4.85,4.95,7,7,5.91,3732.65,59413.21,70.6,3732.65,110964.84018152069,81777.84018152069,97921.0,8.9,1.0,110124.0,29187.0,-0.19055476619884976,119.67320227989055,0.0006663313462581509,-0.95,Устойчивая база,False,2.324393190494485,6.86,5.92,5.92,99.8,20.0,24.2
RU-SA,Республика Саха (Якутия),8,"Промышленность, строительство и транспорт",3.66,3.55,3.77,8,8,7.47,2760.91,34183.61,52.22,2760.91,111190.34853209027,82003.34853209027,98120.0,8.91,1.0,110124.0,29187.0,-0.4416479474090335,52.95679822120663,0.0017222836868633143,-0.67,Устойчивая база,False,1.3373482144883129,6.86,7.47,7.47,99.9,11.51,17.9
RU-SA,Республика Саха (Якутия),9,Сельское и лесное хозяйство,3.21,3.06,3.34,9,9,6.94,56.7,760.49,1.07,40.46232519371469,78586.82715401475,49399.827154014754,69349.0,7.36,0.7136212556210704,110124.0,29187.0,-0.5779678723255899,8.672962346589573,0.01170183158124693,-0.64,"Малый локальный рынок, но спрос наблюдается — строка сохранена со сглаживанием",False,0.0297522685180476,6.86,11.47,8.19,25.3,0.26,0.37
RU-SAK,Сахалинская область,1,Офисные и учётные служащие,8.73,8.5,8.96,1,1,3.3,172.61,5057.61,6.35,115.23674435834903,80432.05637020344,54144.05637020344,64878.0,7.84,0.6676133732596549,120477.0,26288.0,0.5317023722803617,101.86360214376505,0.0006524156213050596,-1.99,Устойчивая база,False,0.4814895911973336,5.45,3.38,2.25,98.1,4.56,2.64
RU-SAK,Сахалинская область,2,"Обслуживание, торговля и охрана",7.95,7.68,8.23,2,2,4.47,475.32,10151.22,17.49,291.10348038156394,73784.55357638997,47496.55357638997,59516.0,7.23,0.6124368433509297,120477.0,26288.0,0.22643359177288297,111.62161988428772,0.0006390395513437586,-0.74,Устойчивая база,False,0.966406418833045,5.45,4.5,2.76,99.0,9.14,7.27
RU-SAK,Сахалинская область,3,Руководители,7.27,7.2,7.36,3,3,4.05,391.61,9289.54,14.41,391.61,220661.88404902292,194373.88404902292,177990.0,9.94,1.0,120477.0,26288.0,0.3381755347581229,146.16402115495765,0.0002852555978408675,0.28,Устойчивая база,False,0.8843736106602286,5.45,4.06,4.06,98.5,8.37,5.99
RU-SAK,Сахалинская область,4,Специалисты средней квалификации,6.38,6.3,6.47,4,4,5.05,843.37,15848.36,31.04,743.9401839903683,106273.26268020869,79985.26268020869,85722.0,8.82,0.8821041583058068,120477.0,26288.0,0.10192858411479906,103.46780906003967,0.000599737808997421,-0.53,Устойчивая база,False,1.5087799133480388,5.45,5.06,4.46,99.4,14.28,12.89
RU-SAK,Сахалинская область,5,Специалисты высшей квалификации,6.27,6.25,6.3,5,6,4.78,1475.7,29398.19,54.31,1475.7,127691.06541536751,101403.06541536751,102998.0,9.46,1.0,120477.0,26288.0,0.16067526534830331,144.61887250545854,0.00038278707116992195,-0.53,Устойчивая база,False,2.7987374441765063,5.45,4.79,4.79,99.5,26.48,22.56
RU-SAK,Сахалинская область,6,Неквалифицированные рабочие,5.99,5.66,6.32,5,6,7.11,1056.8,13812.31,38.9,566.2170386606159,64549.70681937455,38261.70681937455,52067.0,5.81,0.5357844801860484,120477.0,26288.0,-0.2612216152621805,70.670421472643,0.0011936050185097405,0.01,Устойчивая база,False,1.314945892504729,5.45,7.12,3.82,99.5,12.44,16.16
RU-SAK,Сахалинская область,7,Сельское и лесное хозяйство,4.43,4.33,4.51,7,7,7.02,66.8,885.08,2.46,47.6698998754875,85974.9480134597,59686.948013459696,69349.0,8.19,0.7136212556210704,120477.0,26288.0,-0.3126678184209777,8.672962346589573,0.01170183158124693,-0.62,Устойчивая база,False,0.08426051185776208,5.45,8.28,5.91,79.0,0.8,1.02
RU-SAK,Сахалинская область,8,"Операторы машин, сборщики и водители",4.21,4.16,4.26,8,8,6.71,1154.9,16069.33,42.51,1154.9,121396.88942055381,95108.88942055381,97921.0,9.25,1.0,120477.0,26288.0,-0.19853090272565568,119.67320227989055,0.0006663313462581509,-0.57,Устойчивая база,False,1.5298164810088262,5.45,6.72,6.72,99.3,14.47,17.66
RU-SAK,Сахалинская область,9,"Промышленность, строительство и транспорт",3.37,3.28,3.45,9,9,7.92,903.98,10504.09,33.27,903.98,121643.59830827649,95355.59830827649,98120.0,9.28,1.0,120477.0,26288.0,-0.37870586634097203,52.95679822120663,0.0017222836868633143,-0.49,Устойчивая база,False,1.0,5.45,7.93,7.93,99.5,9.46,13.82
RU-SAM,Самарская область,1,Руководители,8.73,8.56,8.9,1,1,2.65,1460.21,53658.49,8.68,1460.21,117953.01454017842,99784.01454017842,177990.0,9.41,1.0,64400.0,18169.0,0.8222998075361694,146.16402115495765,0.0002852555978408675,-0.9,Устойчивая база,False,0.9541977524685182,5.16,2.65,2.65,99.7,8.88,3.9
RU-SAM,Самарская область,2,Офисные и учётные служащие,7.5,7.25,7.76,2,2,4.91,1754.59,34014.78,10.43,1171.3877485876578,42994.301237921776,24825.301237921776,64878.0,3.86,0.6676133732596549,64400.0,18169.0,0.1831746965174693,101.86360214376505,0.0006524156213050596,-0.76,Устойчивая база,False,0.6048777486416614,5.16,4.92,3.28,99.7,5.63,4.68
RU-SAM,Самарская область,3,Специалисты средней квалификации,6.77,6.67,6.87,3,3,4.78,3278.55,65241.68,19.49,2892.0225882135032,56807.50779489396,38638.50779489396,85722.0,5.89,0.8821041583058068,64400.0,18169.0,0.20957251678327146,103.46780906003967,0.000599737808997421,-0.68,Устойчивая база,False,1.1601792078619857,5.16,4.78,4.22,99.8,10.79,8.75
RU-SAM,Самарская область,4,Специалисты высшей квалификации,6.6,6.59,6.62,4,5,4.59,7806.89,162241.9,46.42,7806.89,68256.21996521881,50087.219965218814,102998.0,7.42,1.0,64400.0,18169.0,0.2531070664382896,144.61887250545854,0.00038278707116992195,-0.66,Устойчивая база,False,2.8851139183421317,5.16,4.59,4.59,99.9,26.84,20.84
RU-SAM,Самарская область,5,"Обслуживание, торговля и охрана",6.46,6.18,6.74,4,5,6.14,3681.45,56234.14,21.89,2254.65561695428,39440.93271179988,21271.932711799876,59516.0,3.17,0.6124368433509297,64400.0,18169.0,-0.05473569394960638,111.62161988428772,0.0006390395513437586,0.02,Устойчивая база,False,1.0,5.16,6.14,3.76,99.8,9.3,9.83
RU-SAM,Самарская область,6,Неквалифицированные рабочие,6.14,5.82,6.48,6,6,7.01,4033.41,53498.63,23.98,2161.038480227209,34504.52052398152,16335.520523981519,52067.0,2.16,0.5357844801860484,64400.0,18169.0,-0.19600501182164465,70.670421472643,0.0011936050185097405,-0.02,Устойчивая база,False,0.9513549953818089,5.16,7.01,3.76,99.9,8.85,10.77
RU-SAM,Самарская область,7,"Промышленность, строительство и транспорт",3.73,3.65,3.8,7,7,7.41,7184.3,89706.33,42.72,7184.3,65023.59563280133,46854.59563280133,98120.0,7.09,1.0,64400.0,18169.0,-0.2563817208807036,52.95679822120663,0.0017222836868633143,-0.7,Устойчивая база,False,1.5952289836743303,5.16,7.41,7.41,99.9,14.84,19.18
RU-SAM,Самарская область,8,"Операторы машин, сборщики и водители",3.18,3.08,3.28,8,8,8.28,7952.32,88135.98,47.29,7952.32,64891.71940439806,46722.71940439806,97921.0,7.06,1.0,64400.0,18169.0,-0.3753530310253092,119.67320227989055,0.0006663313462581509,0.08,Устойчивая база,False,1.567303776673743,5.16,8.28,8.28,99.9,14.58,21.23
RU-SAM,Самарская область,9,Сельское и лесное хозяйство,2.4,2.29,2.5,9,9,15.57,308.0,1670.5,1.83,219.79534673128967,45957.20886199693,27788.20886199693,69349.0,4.26,0.7136212556210704,64400.0,18169.0,-0.7028572889660676,8.672962346589573,0.01170183158124693,0.67,"Малый локальный рынок, но спрос наблюдается — строка сохранена со сглаживанием",False,0.02970615359281746,5.16,13.72,9.79,27.5,0.28,0.82
RU-SAR,Саратовская область,1,Руководители,8.2,8.07,8.33,1,1,3.28,1025.52,30194.62,8.2,1025.52,97113.42759238106,80876.42759238106,177990.0,8.87,1.0,53022.0,16237.0,0.6022633200125116,146.16402115495765,0.0002852555978408675,-0.31,Устойчивая база,False,0.8173675533887546,5.2,3.29,3.29,99.5,8.28,4.53
RU-SAR,Саратовская область,2,"Обслуживание, торговля и охрана",7.97,7.7,8.24,2,2,4.6,1782.86,36941.3,14.26,1091.8891505366385,32472.626308152998,16235.626308152998,59516.0,2.15,0.6124368433509297,53022.0,16237.0,0.25017323978187905,111.62161988428772,0.0006390395513437586,-0.67,Устойчивая база,False,1.0,5.2,4.61,2.82,99.7,10.13,7.88
RU-SAR,Саратовская область,3,Специалисты средней квалификации,7.65,7.52,7.79,3,3,4.13,2063.86,47956.76,16.51,1820.5394881610225,46770.926681690486,30533.926681690486,85722.0,4.63,0.8821041583058068,53022.0,16237.0,0.36520123183201847,103.46780906003967,0.000599737808997421,-1.08,Устойчивая база,False,1.298188206695487,5.2,4.14,3.65,99.8,13.16,9.13
RU-SAR,Саратовская область,4,Офисные и учётные служащие,7.14,6.89,7.38,4,5,5.3,1009.28,18049.41,8.07,673.8088253635045,35398.196276973424,19161.196276973424,64878.0,2.75,0.667613373259655,53022.0,16237.0,0.1034752786558844,101.86360214376505,0.0006524156213050596,-0.52,Устойчивая база,False,0.48859704450032887,5.2,5.31,3.55,99.5,4.95,4.46
RU-SAR,Саратовская область,5,Неквалифицированные рабочие,7.01,6.67,7.38,4,5,5.97,2342.28,36871.39,18.74,1254.9572722501775,28408.36470842466,12171.364708424659,52067.0,1.55,0.5357844801860484,53022.0,16237.0,-0.024137489177768565,70.670421472643,0.0011936050185097405,-0.37,Устойчивая база,False,0.9981075381754295,5.2,5.98,3.2,99.8,10.11,10.36
RU-SAR,Саратовская область,6,Специалисты высшей квалификации,6.51,6.49,6.54,6,6,4.68,4930.08,100402.48,39.44,4930.08,56196.914518568825,39959.914518568825,102998.0,6.13,1.0,53022.0,16237.0,0.23383487137147121,144.61887250545854,0.00038278707116992195,-0.6,Устойчивая база,False,2.7178924401685913,5.2,4.68,4.68,99.9,27.54,21.8
RU-SAR,Саратовская область,7,"Операторы машин, сборщики и водители",2.94,2.83,3.06,7,7,8.79,4011.68,41604.48,32.09,4011.68,53426.843886024755,37189.843886024755,97921.0,5.58,1.0,53022.0,16237.0,-0.44031988822894597,119.67320227989055,0.0006663313462581509,0.27,Устойчивая база,False,1.126232157503932,5.2,8.79,8.79,99.7,11.41,17.74
RU-SAR,Саратовская область,8,"Промышленность, строительство и транспорт",2.66,2.53,2.8,8,9,9.25,5076.12,49804.31,40.61,5076.12,53535.42061556509,37298.42061556509,98120.0,5.6,1.0,53022.0,16237.0,-0.49634545450604933,52.95679822120663,0.0017222836868633143,0.0,Устойчивая база,False,1.3482013356324762,5.2,9.25,9.25,99.9,13.66,22.45
RU-SAR,Саратовская область,9,Сельское и лесное хозяйство,2.63,2.56,2.69,8,9,12.1,373.0,2710.13,2.98,266.1807283466593,37837.6262155404,21600.626215540397,69349.0,3.24,0.7136212556210705,53022.0,16237.0,-0.760961718730222,8.672962346589573,0.01170183158124693,0.24,Устойчивая база,False,0.07336314639712192,5.2,12.34,8.8,74.1,0.74,1.65
RU-SE,Республика Северная Осетия-Алания,1,Неквалифицированные рабочие,9.18,9.05,9.32,1,1,3.01,254.53,8190.5,7.73,136.3732237417549,19803.66595663672,2407.66595663672,52067.0,1.07,0.5357844801860484,36962.0,17396.0,0.4571558926534103,70.670421472643,0.0011936050185097405,-1.84,Устойчивая база,False,1.6069886987913984,7.97,3.06,1.64,99.2,11.28,7.09
RU-SE,Республика Северная Осетия-Алания,2,Офисные и учётные служащие,8.72,8.53,8.86,2,2,3.47,117.97,3281.93,3.58,78.75834964344148,24676.325502423362,7280.325502423362,64878.0,1.23,0.6676133732596549,36962.0,17396.0,0.3079998678708719,101.86360214376505,0.0006524156213050596,-1.84,Устойчивая база,False,0.6439197143305603,7.97,3.58,2.39,97.1,4.52,3.29
RU-SE,Республика Северная Осетия-Алания,3,"Обслуживание, торговля и охрана",8.2,8.0,8.4,3,3,4.16,307.76,7098.73,9.34,188.48356290968212,22636.890603937067,5240.890603937067,59516.0,1.16,0.6124368433509297,36962.0,17396.0,0.12863045649857718,111.62161988428772,0.0006390395513437586,-0.91,Устойчивая база,False,1.3927817454088838,7.97,4.21,2.58,98.5,9.77,8.57
RU-SE,Республика Северная Осетия-Алания,4,Руководители,7.22,7.19,7.27,4,4,4.06,215.96,5096.8,6.56,215.96,67698.43669928689,50302.43669928689,177990.0,7.48,1.0,36962.0,17396.0,0.16602001130683394,146.16402115495765,0.0002852555978408675,0.28,Устойчивая база,False,1.0,7.97,4.07,4.07,97.3,7.02,6.01
RU-SE,Республика Северная Осетия-Алания,5,Специалисты высшей квалификации,6.34,6.31,6.37,5,6,4.68,1435.13,29245.19,43.57,1435.13,39175.25469494438,21779.25469494438,102998.0,3.28,1.0,36962.0,17396.0,0.008195731412230707,144.61887250545854,0.00038278707116992195,-0.6,Устойчивая база,False,5.737951263537906,7.97,4.69,4.69,99.5,40.27,39.97
RU-SE,Республика Северная Осетия-Алания,6,Специалисты средней квалификации,6.28,6.23,6.32,5,6,5.07,560.33,10500.55,17.01,494.2694230234928,32604.333899299232,15208.333899299232,85722.0,2.0,0.8821041583058068,36962.0,17396.0,-0.07504378625812469,103.46780906003967,0.000599737808997421,-0.52,Устойчивая база,False,2.060224062156647,7.97,5.09,4.49,99.1,14.46,15.61
RU-SE,Республика Северная Осетия-Алания,7,"Операторы машин, сборщики и водители",5.13,5.02,5.23,7,7,5.68,239.49,3975.84,7.27,239.49,37244.21945070437,19848.219450704368,97921.0,2.92,1.0,36962.0,17396.0,-0.19617208205630984,119.67320227989055,0.0006663313462581509,-1.07,Устойчивая база,False,0.7800659237168419,7.97,5.77,5.77,97.2,5.47,6.67
RU-SE,Республика Северная Осетия-Алания,8,"Промышленность, строительство и транспорт",4.57,4.47,4.7,8,8,6.26,339.28,5077.51,10.3,339.28,37319.909033844764,19923.909033844764,98120.0,2.94,1.0,36962.0,17396.0,-0.30225323802113013,52.95679822120663,0.0017222836868633143,-1.22,Устойчивая база,False,0.9962152723277351,7.97,6.3,6.3,99.0,6.99,9.45
RU-SE,Республика Северная Осетия-Алания,9,Сельское и лесное хозяйство,2.17,1.82,2.51,9,9,43.67,120.0,154.79,3.64,85.63455067452844,26376.868850266004,8980.868850266004,69349.0,1.33,0.7136212556210704,36962.0,17396.0,-1.1336114715771513,8.672962346589573,0.01170183158124693,2.74,"Малый локальный рынок, но спрос наблюдается — строка сохранена со сглаживанием",False,0.03037003610108303,7.97,19.35,13.81,20.7,0.21,3.34
RU-SMO,Смоленская область,1,Руководители,9.38,9.25,9.51,1,1,1.54,213.86,13691.15,4.62,213.86,99067.71123390856,79931.71123390856,177990.0,8.79,1.0,54089.0,19136.0,1.3447513351070648,146.16402115495765,0.0002852555978408675,-2.4,Устойчивая база,False,0.8329850178720815,6.88,1.57,1.57,99.0,8.84,2.28
RU-SMO,Смоленская область,2,Неквалифицированные рабочие,7.66,7.4,7.91,2,2,5.43,1205.22,20981.15,26.03,645.7381712098293,28980.046748783174,9844.046748783174,52067.0,1.37,0.5357844801860484,54089.0,19136.0,0.05450674955054534,70.670421472643,0.0011936050185097405,-0.58,Устойчивая база,False,1.276516845387482,6.88,5.44,2.92,99.7,13.55,12.82
RU-SMO,Смоленская область,3,Специалисты высшей квалификации,6.78,6.71,6.85,3,3,4.61,1815.23,37559.11,39.2,1815.23,57327.805616439764,38191.805616439764,102998.0,5.78,1.0,54089.0,19136.0,0.2281384705550553,144.61887250545854,0.00038278707116992195,-0.65,Устойчивая база,False,2.285138641721804,6.88,4.61,4.61,99.6,24.26,19.32
RU-SMO,Смоленская область,4,"Обслуживание, торговля и охрана",6.11,5.94,6.3,4,4,6.78,954.38,13130.52,20.61,584.4974745572604,33126.09642000844,13990.096420008442,59516.0,1.8,0.6124368433509298,54089.0,19136.0,-0.17892262202657402,111.62161988428772,0.0006390395513437586,0.26,Устойчивая база,False,0.7988756559434178,6.88,6.79,4.16,99.2,8.48,10.16
RU-SMO,Смоленская область,5,"Операторы машин, сборщики и водители",5.12,4.99,5.23,5,5,6.02,1450.65,22630.88,31.33,1450.65,54501.99085193303,35365.99085193303,97921.0,5.33,1.0,54089.0,19136.0,-0.05494699234788794,119.67320227989055,0.0006663313462581509,-0.9,Устойчивая база,False,1.3768882804776028,6.88,6.03,6.03,99.5,14.62,15.44
RU-SMO,Смоленская область,6,Офисные и учётные служащие,4.59,4.53,4.67,6,7,8.59,545.74,5810.91,11.79,364.3433223227241,36110.53974624147,16974.53974624147,64878.0,2.3,0.6676133732596549,54089.0,19136.0,-0.42802884204641534,101.86360214376505,0.0006524156213050596,1.03,Устойчивая база,False,0.3535423226100844,6.88,8.57,5.72,98.4,3.75,5.81
RU-SMO,Смоленская область,7,Специалисты средней квалификации,4.53,4.46,4.6,6,7,7.21,1276.86,16436.25,27.58,1126.3235155743523,47712.131818602786,28576.131818602786,85722.0,4.4,0.8821041583058068,54089.0,19136.0,-0.24468988490684426,103.46780906003967,0.000599737808997421,0.45,Устойчивая база,False,1.0,6.88,7.21,6.36,99.4,10.62,13.59
RU-SMO,Смоленская область,8,"Промышленность, строительство и транспорт",4.4,4.26,4.53,8,8,6.83,1701.7,23195.83,36.75,1701.7,54612.752549419114,35476.752549419114,98120.0,5.37,1.0,54089.0,19136.0,-0.18966407675990063,52.95679822120663,0.0017222836868633143,-0.95,Устойчивая база,False,1.4112604760818315,6.88,6.84,6.84,99.8,14.98,18.11
RU-SMO,Смоленская область,9,Сельское и лесное хозяйство,2.42,2.2,2.62,9,9,14.65,233.99,1363.03,5.05,166.98023760277425,38599.06009528808,19463.060095288078,69349.0,2.85,0.7136212556210704,54089.0,19136.0,-1.0105661608029213,8.672962346589573,0.01170183158124693,0.56,Устойчивая база,False,0.0829282835196593,6.88,14.45,10.31,87.6,0.88,2.49
RU-SPE,Санкт-Петербург,1,Руководители,6.61,6.58,6.64,1,1,4.8,8301.01,164493.87,25.45,8301.01,183054.28703732288,161985.28703732288,177990.0,9.89,1.0,99944.0,21069.0,0.5859278069825495,146.16402115495765,0.0002852555978408675,0.75,Устойчивая база,False,1.2815385736060996,2.74,4.8,4.8,99.9,12.14,6.76
RU-SPE,Санкт-Петербург,2,Специалисты высшей квалификации,5.09,5.01,5.18,2,2,6.51,34102.07,489948.82,104.56,34102.07,105928.56596589797,84859.56596589797,102998.0,9.0,1.0,99944.0,21069.0,0.2643832004590854,144.61887250545854,0.00038278707116992195,0.52,Устойчивая база,False,3.817092466259026,2.74,6.51,6.51,100.0,36.15,27.75
RU-SPE,Санкт-Петербург,3,Офисные и учётные служащие,4.79,4.66,4.94,3,4,8.51,7337.25,78874.82,22.5,4898.446222949404,66723.95097706295,45654.95097706295,64878.0,6.9,0.667613373259655,99944.0,21069.0,-0.025592957851767614,101.86360214376505,0.0006524156213050596,1.0,Устойчивая база,False,0.6144978187712276,2.74,8.51,5.68,99.9,5.82,5.97
RU-SPE,Санкт-Петербург,4,Специалисты средней квалификации,4.68,4.64,4.7,3,4,7.5,12324.27,151951.45,37.79,10871.289815083506,88161.01799771555,67092.01799771555,85722.0,8.47,0.8821041583058068,99944.0,21069.0,0.11143808226708629,103.46780906003967,0.000599737808997421,0.56,Устойчивая база,False,1.1838231083649413,2.74,7.5,6.62,99.9,11.21,10.03
RU-SPE,Санкт-Петербург,5,"Обслуживание, торговля и охрана",3.81,3.66,3.95,5,5,10.56,15158.33,128356.55,46.48,9283.519775671699,61209.38787186532,40140.38787186532,59516.0,6.14,0.6124368433509297,99944.0,21069.0,-0.26414218327429945,111.62161988428772,0.0006390395513437586,1.35,Устойчивая база,False,1.0,2.74,10.56,6.47,99.9,9.47,12.34
RU-SPE,Санкт-Петербург,6,Неквалифицированные рабочие,2.8,2.67,2.93,6,6,14.25,16512.08,99326.37,50.63,8846.916199590447,53548.44408771442,32479.444087714422,52067.0,4.92,0.5357844801860484,99944.0,21069.0,-0.6060070515316212,70.670421472643,0.0011936050185097405,1.6,Устойчивая база,False,0.7738317210925347,2.74,14.25,7.63,99.9,7.33,13.44
RU-SPE,Санкт-Петербург,7,"Операторы машин, сборщики и водители",2.36,2.24,2.48,7,7,10.59,13264.54,112011.77,40.67,13264.54,100707.1118657323,79638.1118657323,97921.0,8.77,1.0,99944.0,21069.0,-0.26691511356856723,119.67320227989055,0.0006663313462581509,0.86,Устойчивая база,False,0.8726611146840578,2.74,10.59,10.59,99.9,8.27,10.8
RU-SPE,Санкт-Петербург,8,"Промышленность, строительство и транспорт",2.29,2.16,2.41,8,8,10.74,15541.66,129114.8,47.65,15541.66,100911.77394293006,79842.77394293006,98120.0,8.78,1.0,99944.0,21069.0,-0.28341736945672474,52.95679822120663,0.0017222836868633143,0.48,Устойчивая база,False,1.0059073728609875,2.74,10.74,10.74,100.0,9.53,12.65
RU-SPE,Санкт-Петербург,9,Сельское и лесное хозяйство,2.05,2.05,2.06,9,9,22.59,333.08,1141.19,1.02,237.6929678222661,71322.16277179225,50253.16277179225,69349.0,7.47,0.7136212556210704,99944.0,21069.0,-0.6185449026195119,8.672962346589573,0.01170183158124693,1.33,"Малый локальный рынок, но спрос наблюдается — строка сохранена со сглаживанием",False,0.008890781187247555,2.74,13.81,9.86,8.4,0.08,0.27
RU-STA,Ставропольский край,1,Руководители,8.22,8.2,8.26,1,1,3.61,987.4,26379.36,6.62,987.4,93880.70910381872,76484.70910381872,177990.0,8.68,1.0,51257.0,17396.0,0.8393428383207528,146.16402115495765,0.0002852555978408675,-0.05,Устойчивая база,False,0.7584621763159696,5.81,3.61,3.61,99.5,7.74,3.34
RU-STA,Ставропольский край,2,Сельское и лесное хозяйство,6.98,6.98,7.01,2,3,6.05,271.41,4216.58,1.82,193.68394498811472,36578.0846993692,19182.084699369203,69349.0,2.76,0.7136212556210704,51257.0,17396.0,0.297917597067679,8.672962346589573,0.01170183158124693,-0.85,Устойчивая база,False,0.1212355585355517,5.81,6.06,4.33,99.8,1.24,0.92
RU-STA,Ставропольский край,3,"Обслуживание, торговля и охрана",6.96,6.87,7.06,2,3,6.67,2484.18,34780.06,16.65,1521.4033575155124,31391.675279638606,13995.675279638606,59516.0,1.81,0.6124368433509297,51257.0,17396.0,0.19439397028736766,111.62161988428772,0.0006390395513437586,0.22,Устойчивая база,False,1.0,5.81,6.67,4.09,99.7,10.21,8.4
RU-STA,Ставропольский край,4,Офисные и учётные служащие,6.55,6.52,6.59,4,4,6.77,1639.74,22571.47,10.99,1094.7123526687865,34219.85867317013,16823.85867317013,64878.0,2.25,0.6676133732596549,51257.0,17396.0,0.17768899101770602,101.86360214376505,0.0006524156213050596,0.26,Устойчивая база,False,0.6489773163128529,5.81,6.77,4.52,99.6,6.63,5.54
RU-STA,Ставропольский край,5,Неквалифицированные рабочие,5.53,5.41,5.65,5,6,9.04,4149.27,41733.68,27.8,2223.1144701015655,27462.705100896284,10066.705100896284,52067.0,1.39,0.5357844801860484,51257.0,17396.0,-0.13573379362170135,70.670421472643,0.0011936050185097405,0.55,Устойчивая база,False,1.199931224960509,5.81,9.04,4.84,99.8,12.25,14.03
RU-STA,Ставропольский край,6,Специалисты высшей квалификации,5.21,4.98,5.44,5,7,6.75,6839.54,94508.81,45.83,6839.54,54326.227744677344,36930.227744677344,102998.0,5.55,1.0,51257.0,17396.0,0.18210724687034044,144.61887250545854,0.00038278707116992195,0.64,Устойчивая база,False,2.7173273996652108,5.81,6.75,6.75,99.9,27.74,23.13
RU-STA,Ставропольский край,7,Специалисты средней квалификации,5.2,5.04,5.36,6,7,7.26,3429.23,43774.16,22.98,3024.938042787022,45214.01284228074,27818.01284228074,85722.0,4.27,0.8821041583058068,51257.0,17396.0,0.10277317864959035,103.46780906003967,0.000599737808997421,0.47,Устойчивая база,False,1.2585993238654565,5.81,7.26,6.4,99.8,12.85,11.6
RU-STA,Ставропольский край,8,"Операторы машин, сборщики и водители",2.59,2.33,2.86,8,8,10.97,4937.12,40055.19,33.08,4937.12,51648.36741477068,34252.36741477068,97921.0,5.14,1.0,51257.0,17396.0,-0.35001208241855564,119.67320227989055,0.0006663313462581509,0.97,Устойчивая база,False,1.1516711011999405,5.81,10.96,10.96,99.7,11.76,16.69
RU-STA,Ставропольский край,9,"Промышленность, строительство и транспорт",2.12,1.86,2.38,9,9,12.91,4835.13,32621.13,32.4,4835.13,51753.32983463506,34357.32983463506,98120.0,5.16,1.0,51257.0,17396.0,-0.5345914388463248,52.95679822120663,0.0017222836868633143,1.08,Устойчивая база,False,0.9379262140433341,5.81,12.91,12.91,99.9,9.58,16.35
RU-SVE,Свердловская область,1,Руководители,7.88,7.77,7.97,1,1,3.67,3322.8,87308.81,15.38,3322.8,136605.7086407557,117469.7086407557,177990.0,9.69,1.0,74584.0,19136.0,0.6787030278217316,146.16402115495765,0.0002852555978408675,0.0,Устойчивая база,False,0.951218008171805,4.42,3.67,3.67,99.8,9.31,4.72
RU-SVE,Свердловская область,2,Специалисты средней квалификации,6.35,6.33,6.38,2,2,5.45,5514.56,95591.91,25.52,4864.416307226871,65790.8565430803,46654.8565430803,85722.0,7.02,0.8821041583058069,74584.0,19136.0,0.26276353029783756,103.46780906003967,0.000599737808997421,-0.32,Устойчивая база,False,1.041461293854978,4.42,5.45,4.81,99.9,10.2,7.84
RU-SVE,Свердловская область,3,"Обслуживание, торговля и охрана",5.76,5.55,5.97,3,4,7.35,7282.93,91786.33,33.71,4460.334659545787,45677.98952448575,26541.989524485747,59516.0,4.1,0.6124368433509297,74584.0,19136.0,-0.055813392374409715,111.62161988428772,0.0006390395513437586,0.45,Устойчивая база,False,1.0,4.42,7.35,4.5,99.9,9.79,10.35
RU-SVE,Свердловская область,4,Офисные и учётные служащие,5.67,5.51,5.83,4,5,7.13,3619.15,47173.17,16.75,2416.19293983268,49793.2758311981,30657.2758311981,64878.0,4.69,0.6676133732596549,74584.0,19136.0,-0.02204773843909793,101.86360214376505,0.0006524156213050596,0.43,Устойчивая база,False,0.5139454862178279,4.42,7.13,4.76,99.8,5.03,5.14
RU-SVE,Свердловская область,5,Специалисты высшей квалификации,5.5,5.42,5.58,3,5,5.86,15341.98,246428.63,71.01,15341.98,79050.02965661304,59914.02965661304,102998.0,8.2,1.0,74584.0,19136.0,0.18676095753260671,144.61887250545854,0.00038278707116992195,0.16,Устойчивая база,False,2.6848075307074595,4.42,5.86,5.86,99.9,26.29,21.81
RU-SVE,Свердловская область,6,"Операторы машин, сборщики и водители",4.27,4.16,4.37,6,7,7.14,10403.92,135361.85,48.15,10403.92,75153.47826176437,56017.478261764365,97921.0,7.97,1.0,74584.0,19136.0,-0.024111725292778025,119.67320227989055,0.0006663313462581509,-0.38,Устойчивая база,False,1.4747495623803675,4.42,7.14,7.14,99.9,14.44,14.79
RU-SVE,Свердловская область,7,Неквалифицированные рабочие,4.13,3.93,4.32,6,7,10.71,9534.22,79525.25,44.13,5108.287106679426,39960.949670196234,20824.949670196234,52067.0,3.09,0.5357844801860484,74584.0,19136.0,-0.4684001510245664,70.670421472643,0.0011936050185097405,0.93,Устойчивая база,False,0.8664171451238981,4.42,10.71,5.74,99.9,8.48,13.55
RU-SVE,Свердловская область,8,"Промышленность, строительство и транспорт",3.07,2.94,3.21,8,8,8.87,14673.0,150759.33,67.91,14673.0,75306.20895460954,56170.20895460954,98120.0,8.0,1.0,74584.0,19136.0,-0.26010752291474964,52.95679822120663,0.0017222836868633143,-0.13,Устойчивая база,False,1.6425030829754277,4.42,8.87,8.87,100.0,16.08,20.86
RU-SVE,Свердловская область,9,Сельское и лесное хозяйство,2.22,2.13,2.3,9,9,15.65,652.04,3514.09,3.02,465.3096035151627,53224.72772924191,34088.72772924191,69349.0,5.13,0.7136212556210704,74584.0,19136.0,-0.703682024415419,8.672962346589573,0.01170183158124693,0.67,"Малый локальный рынок, но спрос наблюдается — строка сохранена со сглаживанием",False,0.03828554862145594,4.42,14.0,9.99,37.4,0.37,0.93
RU-TA,Республика Татарстан,1,Руководители,8.0,7.86,8.15,1,1,3.46,2579.02,71920.42,12.43,2579.02,133378.48485783965,116948.48485783965,177990.0,9.67,1.0,72822.0,16430.0,0.7060685027221492,146.16402115495765,0.0002852555978408675,-0.16,Устойчивая база,False,0.9448133439654866,4.05,3.46,3.46,99.8,8.47,4.18
RU-TA,Республика Татарстан,2,Офисные и учётные служащие,7.35,7.11,7.6,2,2,5.31,3541.89,63153.0,17.07,2364.613130614639,48616.941067514585,32186.941067514585,64878.0,4.9,0.6676133732596549,72822.0,16430.0,0.25886435431691096,101.86360214376505,0.0006524156213050596,-0.51,Устойчивая база,False,0.829636382983475,4.05,5.31,3.55,99.8,7.44,5.74
RU-TA,Республика Татарстан,3,Специалисты высшей квалификации,6.84,6.8,6.87,3,3,4.52,10758.45,227309.27,51.85,10758.45,77182.52252029759,60752.522520297585,102998.0,8.25,1.0,72822.0,16430.0,0.42872387511701526,144.61887250545854,0.00038278707116992195,-0.71,Устойчивая база,False,2.986145402141056,4.05,4.52,4.52,99.9,26.77,17.44
RU-TA,Республика Татарстан,4,"Обслуживание, торговля и охрана",5.75,5.51,5.99,4,4,7.22,5919.82,76121.3,28.53,3625.515874005701,44598.875806501404,28168.875806501404,59516.0,4.37,0.6124368433509297,72822.0,16430.0,-0.06771493056459428,111.62161988428772,0.0006390395513437586,0.41,Устойчивая база,False,1.0,4.05,7.22,4.42,99.9,8.97,9.59
RU-TA,Республика Татарстан,5,"Операторы машин, сборщики и водители",4.55,4.48,4.62,5,5,6.69,9411.4,131342.78,45.36,9411.4,73378.02469669373,56948.02469669373,97921.0,8.06,1.0,72822.0,16430.0,0.013965039966875316,119.67320227989055,0.0006663313462581509,-0.58,Устойчивая база,False,1.725440579706337,4.05,6.69,6.69,99.9,15.47,15.25
RU-TA,Республика Татарстан,6,"Промышленность, строительство и транспорт",3.78,3.7,3.85,6,6,7.65,9319.09,112571.56,44.91,9319.09,73527.1472231655,57097.147223165506,98120.0,8.07,1.0,72822.0,16430.0,-0.1303568599227843,52.95679822120663,0.0017222836868633143,-0.6,Устойчивая база,False,1.4788444233085876,4.05,7.65,7.65,100.0,13.26,15.1
RU-TA,Республика Татарстан,7,Специалисты средней квалификации,3.6,3.58,3.62,7,8,8.41,8104.75,88236.13,39.06,7149.233677028988,64236.58901614546,47806.58901614546,85722.0,7.24,0.8821041583058068,72822.0,16430.0,-0.23385780624530225,103.46780906003967,0.000599737808997421,0.88,Устойчивая база,False,1.159151643495316,4.05,8.41,7.42,99.9,10.39,13.14
RU-TA,Республика Татарстан,8,Сельское и лесное хозяйство,3.56,3.5,3.61,7,8,8.77,610.99,6358.17,2.94,436.0154509719178,51967.32707683759,35537.32707683759,69349.0,5.39,0.7136212556210704,72822.0,16430.0,-0.35372872584128373,8.672962346589573,0.01170183158124693,-0.27,Устойчивая база,False,0.08352681838066349,4.05,9.84,7.02,74.8,0.75,0.99
RU-TA,Республика Татарстан,9,Неквалифицированные рабочие,2.98,2.88,3.07,9,9,13.73,11454.65,71984.7,55.2,6137.223695963119,39016.89741610842,22586.89741610842,52067.0,3.47,0.5357844801860484,72822.0,16430.0,-0.7833298068368213,70.670421472643,0.0011936050185097405,1.51,Устойчивая база,False,0.9456577856657729,4.05,13.73,7.35,99.9,8.48,18.57
RU-TAM,Тамбовская область,1,Руководители,8.63,8.52,8.75,1,2,2.92,370.21,12287.67,7.48,370.21,95184.78591053623,79141.78591053623,177990.0,8.76,1.0,51969.0,16043.0,0.7703890919273598,146.16402115495765,0.0002852555978408675,-0.64,Устойчивая база,False,0.7416610684479564,5.74,2.94,2.94,98.9,8.07,3.73
RU-TAM,Тамбовская область,2,"Обслуживание, торговля и охрана",8.58,8.36,8.78,1,2,4.03,620.9,14772.07,12.54,380.26203603659224,31827.730312104468,15784.730312104468,59516.0,2.1,0.6124368433509297,51969.0,16043.0,0.43600802513485637,111.62161988428772,0.0006390395513437586,-0.99,Устойчивая база,False,0.8916148642816746,5.74,4.06,2.48,99.3,9.71,6.25
RU-TAM,Тамбовская область,3,Офисные и учётные служащие,6.99,6.8,7.17,3,4,5.58,383.37,6488.76,7.74,255.94293890655388,34695.199394931005,18652.199394931005,64878.0,2.6,0.6676133732596549,51969.0,16043.0,0.09872622715031064,101.86360214376505,0.0006524156213050596,-0.35,Устойчивая база,False,0.3916495702197701,5.74,5.6,3.74,98.5,4.26,3.86
RU-TAM,Тамбовская область,4,Специалисты высшей квалификации,6.93,6.9,6.97,3,4,4.49,1532.91,32631.69,30.95,1532.91,55080.86172938597,39037.86172938597,102998.0,5.93,1.0,51969.0,16043.0,0.32869323276912304,144.61887250545854,0.00038278707116992195,-0.73,Устойчивая база,False,1.969588544505386,5.74,4.5,4.5,99.6,21.44,15.43
RU-TAM,Тамбовская область,5,Специалисты средней квалификации,6.72,6.68,6.75,5,5,5.03,934.47,17658.12,18.87,824.2998728120273,45842.071002994475,29799.071002994475,85722.0,4.52,0.8821041583058068,51969.0,16043.0,0.20947970943293592,103.46780906003967,0.000599737808997421,-0.54,Устойчивая база,False,1.0658115123519942,5.74,5.04,4.45,99.4,11.6,9.4
RU-TAM,Тамбовская область,6,"Операторы машин, сборщики и водители",6.54,6.49,6.62,6,6,4.79,1185.21,23568.84,23.93,1185.21,52365.80381563918,36322.80381563918,97921.0,5.49,1.0,51969.0,16043.0,0.25877365182879575,119.67320227989055,0.0006663313462581509,-1.59,Устойчивая база,False,1.4225716556905366,5.74,4.81,4.81,99.5,15.48,11.93
RU-TAM,Тамбовская область,7,Неквалифицированные рабочие,5.99,5.72,6.27,7,7,7.5,1343.3,16567.77,27.12,719.7192922339188,27844.18365078875,11801.18365078875,52067.0,1.51,0.5357844801860484,51969.0,16043.0,-0.21676751695321386,70.670421472643,0.0011936050185097405,0.13,Устойчивая база,False,1.0,5.74,7.51,4.02,99.6,10.89,13.52
RU-TAM,Тамбовская область,8,Сельское и лесное хозяйство,4.01,3.97,4.04,8,8,9.07,341.5,3424.0,6.9,243.70165879459557,37086.18303337141,21043.18303337141,69349.0,3.14,0.7136212556210705,51969.0,16043.0,-0.42387225235567455,8.672962346589573,0.01170183158124693,-0.22,Устойчивая база,False,0.20666631658937804,5.74,9.08,6.48,99.8,2.25,3.44
RU-TAM,Тамбовская область,9,"Промышленность, строительство и транспорт",2.11,1.89,2.32,9,9,11.5,3225.05,24806.72,65.12,3225.05,52472.22424597907,36429.22424597907,98120.0,5.51,1.0,51969.0,16043.0,-0.6883736027137035,52.95679822120663,0.0017222836868633143,0.7,Устойчивая база,False,1.4972878063855304,5.74,11.5,11.5,99.8,16.3,32.46
RU-TOM,Томская область,1,"Обслуживание, торговля и охрана",7.89,7.73,8.09,1,1,5.26,1137.58,20493.08,21.45,696.6959042591506,42393.49073359471,23451.490733594706,59516.0,3.62,0.6124368433509297,69221.0,18942.0,0.2859804039207078,111.62161988428772,0.0006390395513437586,-0.36,Устойчивая база,False,1.0503454496996536,5.98,5.27,3.23,99.5,10.87,8.15
RU-TOM,Томская область,2,Руководители,7.53,7.49,7.59,2,2,4.14,842.57,19510.8,15.89,842.57,126783.00651375297,107841.00651375297,177990.0,9.57,1.0,69221.0,18942.0,0.5389927638434032,146.16402115495765,0.0002852555978408675,0.34,Устойчивая база,False,1.0,5.98,4.14,4.14,99.3,10.34,6.04
RU-TOM,Томская область,3,Неквалифицированные рабочие,6.03,5.84,6.24,3,4,7.83,1459.48,17169.6,27.52,781.9667331419339,37087.537502958454,18145.537502958454,52067.0,2.52,0.5357844801860484,69221.0,18942.0,-0.1388623775619029,70.670421472643,0.0011936050185097405,0.23,Устойчивая база,False,0.8800049203518051,5.98,7.84,4.2,99.6,9.1,10.45
RU-TOM,Томская область,4,Специалисты высшей квалификации,5.87,5.73,6.01,3,4,5.71,3795.86,62682.54,71.59,3795.86,73365.89754988217,54423.89754988217,102998.0,7.88,1.0,69221.0,18942.0,0.20080988724289867,144.61887250545854,0.00038278707116992195,0.07,Устойчивая база,False,3.212709883756689,5.98,5.71,5.71,99.8,33.23,27.19
RU-TOM,Томская область,5,"Операторы машин, сборщики и водители",4.05,3.87,4.24,5,6,7.7,1769.64,21217.09,33.37,1769.64,69749.52964117762,50807.52964117762,97921.0,7.53,1.0,69221.0,18942.0,-0.11978275385350615,119.67320227989055,0.0006663313462581509,-0.14,Устойчивая база,False,1.0874536154335035,5.98,7.71,7.71,99.5,11.25,12.68
RU-TOM,Томская область,6,Специалисты средней квалификации,4.0,3.88,4.13,5,6,8.31,1819.34,20064.67,34.31,1604.8473793720864,61060.13194208625,42118.13194208625,85722.0,6.43,0.8821041583058068,69221.0,18942.0,-0.2015928864629029,103.46780906003967,0.000599737808997421,0.85,Устойчивая база,False,1.028387867232507,5.98,8.3,7.32,99.5,10.64,13.03
RU-TOM,Томская область,7,Сельское и лесное хозяйство,3.66,3.59,3.71,7,8,5.79,46.0,748.36,0.87,32.826577758569236,49397.576935346115,30455.576935346115,69349.0,4.6,0.7136212556210704,69221.0,18942.0,-0.41673933200276575,8.672962346589573,0.01170183158124693,-0.92,"Малый локальный рынок, но спрос наблюдается — строка сохранена со сглаживанием",False,0.038356192467761445,5.98,10.18,7.26,39.2,0.4,0.33
RU-TOM,Томская область,8,Офисные и учётные служащие,3.65,3.63,3.71,7,8,10.59,1008.85,8519.32,19.03,673.5217516130028,46212.86531040657,27270.865310406567,64878.0,4.23,0.6676133732596549,69221.0,18942.0,-0.46504490911023133,101.86360214376505,0.0006524156213050596,1.72,Устойчивая база,False,0.4366463702154704,5.98,10.55,7.05,98.9,4.52,7.23
RU-TOM,Томская область,9,"Промышленность, строительство и транспорт",2.69,2.47,2.92,9,9,10.26,2081.38,18208.48,39.25,2081.38,69891.27815680343,50949.278156803426,98120.0,7.54,1.0,69221.0,18942.0,-0.4343276705433303,52.95679822120663,0.0017222836868633143,0.33,Устойчивая база,False,0.9332513274699141,5.98,10.26,10.26,99.7,9.65,14.91
RU-TUL,Тульская область,1,Офисные и учётные служащие,8.77,8.52,9.04,1,1,3.32,1008.64,29365.34,12.67,673.3815528046183,47152.86493995616,27823.864939956162,64878.0,4.28,0.6676133732596549,70629.0,19329.0,0.7944053492856177,101.86360214376505,0.0006524156213050596,-1.97,Устойчивая база,False,1.0,4.21,3.33,2.23,99.7,9.65,4.35
RU-TUL,Тульская область,2,Руководители,7.6,7.52,7.7,2,2,3.87,1054.76,26218.07,13.25,1054.76,129361.85503040781,110032.85503040781,177990.0,9.63,1.0,70629.0,19329.0,0.6379749357271074,146.16402115495765,0.0002852555978408675,0.15,Устойчивая база,False,0.8928236485598328,4.21,3.87,3.87,99.5,8.61,4.55
RU-TUL,Тульская область,3,Специалисты средней квалификации,6.17,6.14,6.2,3,3,5.63,1869.49,31311.76,23.49,1649.0849029111228,62302.13459698083,42973.13459698083,85722.0,6.55,0.8821041583058068,70629.0,19329.0,0.2431209567623679,103.46780906003967,0.000599737808997421,-0.23,Устойчивая база,False,1.0662829035863368,4.21,5.63,4.97,99.7,10.28,8.06
RU-TUL,Тульская область,4,"Обслуживание, торговля и охрана",5.96,5.75,6.17,4,5,7.16,2087.18,27070.73,26.23,1278.2659307051933,43255.80180903282,23926.80180903282,59516.0,3.67,0.6124368433509297,70629.0,19329.0,-0.01224197023373846,111.62161988428772,0.0006390395513437586,0.39,Устойчивая база,False,0.9218599205730292,4.21,7.16,4.39,99.6,8.89,9.0
RU-TUL,Тульская область,5,Специалисты высшей квалификации,5.76,5.7,5.81,4,5,5.64,4185.11,70035.32,52.59,4185.11,74858.20745222733,55529.20745222733,102998.0,7.95,1.0,70629.0,19329.0,0.24273771682163234,144.61887250545854,0.00038278707116992195,0.03,Устойчивая база,False,2.3849654047935425,4.21,5.64,5.64,99.8,23.0,18.05
RU-TUL,Тульская область,6,Неквалифицированные рабочие,3.88,3.71,4.07,6,7,11.2,3564.16,28265.86,44.79,1909.6216128999063,37841.922051060414,18512.922051060414,52067.0,2.54,0.5357844801860484,70629.0,19329.0,-0.5035308386981693,70.670421472643,0.0011936050185097405,1.04,Устойчивая база,False,0.9625585809665408,4.21,11.2,6.0,99.8,9.28,15.37
RU-TUL,Тульская область,7,"Операторы машин, сборщики и водители",3.6,3.49,3.72,6,7,8.05,3566.56,40732.9,44.82,3566.56,71168.28027660296,51839.28027660296,97921.0,7.64,1.0,70629.0,19329.0,-0.13941859824829464,119.67320227989055,0.0006663313462581509,-0.0,Устойчивая база,False,1.38710806685705,4.21,8.05,8.05,99.7,13.38,15.38
RU-TUL,Тульская область,8,Сельское и лесное хозяйство,3.2,3.16,3.23,8,8,5.55,60.01,1020.87,0.75,42.82441154982043,50402.355663260576,31073.355663260576,69349.0,4.73,0.7136212556210704,70629.0,19329.0,-0.46293920478598877,8.672962346589573,0.01170183158124693,-0.98,"Малый локальный рынок, но спрос наблюдается — строка сохранена со сглаживанием",False,0.03476445360414693,4.21,10.53,7.51,33.3,0.34,0.26
RU-TUL,Тульская область,9,"Промышленность, строительство и транспорт",2.43,2.29,2.58,9,9,10.31,5795.14,50432.73,72.82,5795.14,71312.91204889945,51983.91204889945,98120.0,7.66,1.0,70629.0,19329.0,-0.4110906400549856,52.95679822120663,0.0017222836868633143,0.35,Устойчивая база,False,1.717423670218019,4.21,10.31,10.31,99.9,16.56,24.99
RU-TVE,Тверская область,1,Руководители,6.7,6.53,6.89,1,1,5.34,1081.88,19178.17,16.82,1081.88,112672.60241410181,93730.60241410181,177990.0,9.18,1.0,61517.0,18942.0,0.6391535418586496,146.16402115495765,0.0002852555978408675,1.06,Устойчивая база,False,0.9332438281051931,5.36,5.33,5.33,99.3,9.31,4.91
RU-TVE,Тверская область,2,"Обслуживание, торговля и охрана",6.41,6.39,6.42,2,2,7.84,1657.23,19481.96,25.76,1014.9487099064613,37675.277292419145,18733.277292419145,59516.0,2.63,0.6124368433509297,61517.0,18942.0,0.22730309769566576,111.62161988428772,0.0006390395513437586,0.61,Устойчивая база,False,0.9480267892813677,5.36,7.84,4.8,99.5,9.46,7.52
RU-TVE,Тверская область,3,Офисные и учётные служащие,5.71,5.64,5.8,3,3,8.42,989.81,10763.15,15.39,660.8103929861389,41069.57188281419,22127.57188281419,64878.0,3.35,0.6676133732596549,61517.0,18942.0,0.14994865678437105,101.86360214376505,0.0006524156213050596,0.96,Устойчивая база,False,0.5237540030394146,5.36,8.41,5.61,99.1,5.23,4.49
RU-TVE,Тверская область,4,Специалисты средней квалификации,5.26,5.01,5.5,4,4,7.73,1895.65,22623.31,29.47,1672.1607476924028,54264.40150649832,35322.40150649832,85722.0,5.29,0.8821041583058068,61517.0,18942.0,0.2434395997389068,103.46780906003967,0.000599737808997421,0.64,Устойчивая база,False,1.10089046185379,5.36,7.73,6.81,99.6,10.99,8.61
RU-TVE,Тверская область,5,Специалисты высшей квалификации,4.59,4.28,4.9,5,5,8.1,4587.91,52032.93,71.32,4587.91,65200.58825466407,46258.58825466407,102998.0,6.96,1.0,61517.0,18942.0,0.19321666292153045,144.61887250545854,0.00038278707116992195,1.27,Устойчивая база,False,2.532014826270158,5.36,8.09,8.09,99.7,25.27,20.83
RU-TVE,Тверская область,6,Неквалифицированные рабочие,3.13,3.06,3.18,6,7,15.01,3629.01,20550.01,56.42,1944.3672364399717,32959.85386760514,14017.85386760514,52067.0,1.82,0.5357844801860484,61517.0,18942.0,-0.5008991726877452,70.670421472643,0.0011936050185097405,1.73,Устойчивая база,False,1.0,5.36,14.99,8.03,99.7,9.98,16.48
RU-TVE,Тверская область,7,"Операторы машин, сборщики и водители",2.93,2.62,3.25,6,7,11.08,3117.92,25026.51,48.47,3117.92,61986.706562117324,43044.706562117324,97921.0,6.59,1.0,61517.0,18942.0,-0.152743229098853,119.67320227989055,0.0006663313462581509,1.01,Устойчивая база,False,1.217834443876183,5.36,11.07,11.07,99.6,12.15,14.16
RU-TVE,Тверская область,8,"Промышленность, строительство и транспорт",2.61,2.31,2.93,8,8,11.92,4786.8,35369.79,74.42,4786.8,62112.67907675527,43170.67907675527,98120.0,6.61,1.0,61517.0,18942.0,-0.2355354262954339,52.95679822120663,0.0017222836868633143,0.82,Устойчивая база,False,1.7211568266876758,5.36,11.92,11.92,99.9,17.17,21.73
RU-TVE,Тверская область,9,Сельское и лесное хозяйство,1.9,1.7,2.1,9,9,23.37,279.0,915.05,4.34,199.10033031827862,43899.838782041385,24957.838782041385,69349.0,3.87,0.7136212556210704,61517.0,18942.0,-0.8028986402450872,8.672962346589573,0.01170183158124693,1.39,"Малый локальный рынок, но спрос наблюдается — строка сохранена со сглаживанием",False,0.044527958867173305,5.36,17.58,12.55,44.1,0.44,1.27
RU-TY,Республика Тыва,1,Неквалифицированные рабочие,9.48,9.38,9.6,1,1,1.54,134.85,8640.18,10.35,72.25053715308863,29115.064437790057,9593.064437790057,52067.0,1.36,0.5357844801860484,54341.0,19522.0,0.6596477651299539,70.670421472643,0.0011936050185097405,-3.24,Устойчивая база,False,2.027549696225879,8.16,1.6,0.86,99.2,18.32,9.41
RU-TY,Республика Тыва,2,Руководители,9.33,9.24,9.43,2,2,1.62,55.5,3361.11,4.26,55.5,99529.26650819622,80007.26650819622,177990.0,8.83,1.0,54341.0,19522.0,0.6072254514964551,146.16402115495765,0.0002852555978408675,-2.26,Устойчивая база,False,0.7887356003557524,8.16,1.73,1.73,95.9,7.13,3.87
RU-TY,Республика Тыва,3,"Обслуживание, торговля и охрана",7.46,7.11,7.82,3,3,3.69,170.46,4454.31,13.09,104.39598431759948,33280.43050453287,13758.430504532873,59516.0,1.76,0.6124368433509297,54341.0,19522.0,-0.22709308703907996,111.62161988428772,0.0006390395513437586,-1.19,Устойчивая база,False,1.0452716132529527,8.16,3.79,2.32,97.6,9.44,11.9
RU-TY,Республика Тыва,4,Специалисты средней квалификации,7.32,7.07,7.58,4,4,3.34,182.17,5265.14,13.99,160.6929145185688,47934.42206649585,28412.42206649585,85722.0,4.39,0.8821041583058068,54341.0,19522.0,-0.1261561506907357,103.46780906003967,0.000599737808997421,-1.65,Устойчивая база,False,1.235545209426971,8.16,3.4,3.0,98.1,11.16,12.72
RU-TY,Республика Тыва,5,Специалисты высшей квалификации,7.27,7.06,7.5,5,5,3.21,586.49,17678.42,45.03,586.49,57594.8951728254,38072.8951728254,102998.0,5.74,1.0,54341.0,19522.0,-0.08657054506155873,144.61887250545854,0.00038278707116992195,-1.84,Устойчивая база,False,4.148510227883389,8.16,3.23,3.23,99.2,37.48,40.94
RU-TY,Республика Тыва,6,Офисные и учётные служащие,7.04,6.69,7.37,6,6,4.1,42.5,994.74,3.26,28.373568363535327,36278.7783163029,16756.7783163029,64878.0,2.22,0.6676133732596548,54341.0,19522.0,-0.2773739922686542,101.86360214376505,0.0006524156213050596,-1.32,Устойчивая база,False,0.23343087584098146,8.16,4.38,2.92,91.1,2.11,2.97
RU-TY,Республика Тыва,7,"Операторы машин, сборщики и водители",6.53,6.29,6.82,7,7,3.64,161.0,4261.39,12.36,161.0,54755.91497134154,35233.91497134154,97921.0,5.26,1.0,54341.0,19522.0,-0.2167394125648154,119.67320227989055,0.0006663313462581509,-2.41,Устойчивая база,False,1.0,8.16,3.78,3.78,97.4,9.04,11.24
RU-TY,Республика Тыва,8,"Промышленность, строительство и транспорт",6.03,5.76,6.24,8,8,4.0,99.5,2386.04,7.64,99.5,54867.19270624312,35345.19270624312,98120.0,5.31,1.0,54341.0,19522.0,-0.3190904797697231,52.95679822120663,0.0017222836868633143,-2.58,Устойчивая база,False,0.5599205892912875,8.16,4.13,4.13,97.9,5.06,6.95
RU-TY,Республика Тыва,,Сельское и лесное хозяйство,,,,,,0.0,0.0,123.5,0.0,0.0,38778.892651704584,19256.892651704584,69349.0,2.79,0.7136212556210704,54341.0,19522.0,-0.46472596049792253,8.672962346589573,0.01170183158124693,-16.81,Локальный рынок почти отсутствует: нулевой спрос не превращён в максимальный балл; нетипично низкая доля — строка сохранена,True,0.028981154036593692,8.16,9.83,7.01,24.5,0.26,0.0
RU-TYU,Тюменская область,1,Руководители,8.42,8.31,8.56,1,1,3.1,3085.89,96555.89,41.02,3085.89,136997.66431019048,117668.66431019048,177990.0,9.71,1.0,74798.0,19329.0,0.6718997433114194,146.16402115495765,0.0002852555978408675,-0.47,Устойчивая база,False,1.0,5.57,3.1,3.1,99.9,8.35,4.26
RU-TYU,Тюменская область,2,"Обслуживание, торговля и охрана",8.22,7.98,8.48,2,2,4.37,4186.27,91682.85,55.65,2563.8259842146967,45809.051008962844,26480.051008962844,59516.0,4.08,0.6124368433509297,74798.0,19329.0,0.3147212789742855,111.62161988428772,0.0006390395513437586,-0.8,Устойчивая база,False,0.94953140611101,5.57,4.37,2.68,99.9,7.93,5.78
RU-TYU,Тюменская область,3,Офисные и учётные служащие,7.35,7.13,7.58,3,4,5.16,2460.26,45212.37,32.71,1642.5024776957987,49936.14509307566,30607.145093075662,64878.0,4.68,0.6676133732596549,74798.0,19329.0,0.13959265125511425,101.86360214376505,0.0006524156213050596,-0.6,Устойчивая база,False,0.46825077165152745,5.57,5.16,3.45,99.8,3.91,3.4
RU-TYU,Тюменская область,4,Специалисты средней квалификации,7.33,7.24,7.43,3,4,4.42,5753.16,124436.0,76.48,5074.886359398636,65979.62683295774,46650.62683295774,85722.0,7.01,0.8821041583058069,74798.0,19329.0,0.30266563769976995,103.46780906003967,0.000599737808997421,-0.89,Устойчивая база,False,1.2887458237917957,5.57,4.42,3.9,99.9,10.76,7.95
RU-TYU,Тюменская область,5,Неквалифицированные рабочие,6.43,6.11,6.74,5,6,6.85,6178.15,84013.1,82.13,3310.156886261435,40075.607548956046,20746.607548956046,52067.0,3.05,0.5357844801860484,74798.0,19329.0,-0.1613495677817636,70.670421472643,0.0011936050185097405,-0.07,Устойчивая база,False,0.8700981369443128,5.57,6.85,3.67,99.9,7.26,8.54
RU-TYU,Тюменская область,6,Специалисты высшей квалификации,6.1,6.07,6.13,5,6,5.05,15206.84,285631.79,202.15,15206.84,79276.84380370245,59947.843803702446,102998.0,8.21,1.0,74798.0,19329.0,0.1617986028906036,144.61887250545854,0.00038278707116992195,-0.34,Устойчивая база,False,2.958201617736629,5.57,5.05,5.05,100.0,24.7,21.01
RU-TYU,Тюменская область,7,"Промышленность, строительство и транспорт",3.83,3.73,3.92,7,7,7.39,14880.25,186418.37,197.81,14880.25,75522.28115127754,56193.28115127754,98120.0,8.01,1.0,74798.0,19329.0,-0.2432748648933729,52.95679822120663,0.0017222836868633143,-0.71,Устойчивая база,False,1.9306783874085776,5.57,7.39,7.39,100.0,16.12,20.56
RU-TYU,Тюменская область,8,"Операторы машин, сборщики и водители",3.53,3.43,3.64,8,8,7.81,20309.68,239767.67,269.99,20309.68,75369.11223618271,56040.112236182715,97921.0,7.99,1.0,74798.0,19329.0,-0.30260015333551465,119.67320227989055,0.0006663313462581509,-0.1,Устойчивая база,False,2.483200869465343,5.57,7.81,7.81,100.0,20.73,28.06
RU-TYU,Тюменская область,9,Сельское и лесное хозяйство,2.76,2.65,2.86,9,9,10.41,317.75,2735.83,4.22,226.75315397359512,53377.44267794482,34048.44267794482,69349.0,5.11,0.7136212556210704,74798.0,19329.0,-0.6094016297326708,8.672962346589573,0.01170183158124693,0.0,"Малый локальный рынок, но спрос наблюдается — строка сохранена со сглаживанием",False,0.02833415962506275,5.57,12.4,8.85,23.6,0.24,0.44
RU-UD,Удмуртская Республика,1,Руководители,7.59,7.52,7.66,1,1,3.92,938.97,23036.34,12.98,938.97,116383.36029389066,99181.36029389066,177990.0,9.37,1.0,63543.0,17202.0,0.7876921995763295,146.16402115495765,0.0002852555978408675,0.18,Устойчивая база,False,0.7982664055255465,3.81,3.92,3.92,99.4,7.95,3.61
RU-UD,Удмуртская Республика,2,Офисные и учётные служащие,7.22,7.06,7.37,2,2,5.82,776.06,12556.43,10.73,518.1080344518878,42422.15657703825,25220.15657703825,64878.0,3.91,0.6676133732596549,63543.0,17202.0,0.3694974196708957,101.86360214376505,0.0006524156213050596,-0.22,Устойчивая база,False,0.43511149090233686,3.81,5.83,3.89,99.2,4.33,2.98
RU-UD,Удмуртская Республика,3,"Обслуживание, торговля и охрана",7.02,6.84,7.22,3,3,6.34,1758.4,25963.92,24.31,1076.908945348275,38916.07433704813,21714.07433704813,59516.0,3.26,0.6124368433509297,63543.0,17202.0,0.28004438213571425,111.62161988428772,0.0006390395513437586,0.09,Устойчивая база,False,0.8997143249210963,3.81,6.35,3.89,99.6,8.96,6.76
RU-UD,Удмуртская Республика,4,Неквалифицированные рабочие,6.3,6.07,6.54,4,4,7.71,2508.81,30052.01,34.68,1344.18146173556,34045.35322446207,16843.353224462073,52067.0,2.27,0.5357844801860484,63543.0,17202.0,0.0717336517406263,70.670421472643,0.0011936050185097405,0.19,Устойчивая база,False,1.0413767986371871,3.81,7.71,4.13,99.8,10.37,9.65
RU-UD,Удмуртская Республика,5,Специалисты средней квалификации,4.86,4.79,4.94,5,5,7.42,2314.04,28857.96,31.99,2041.2243064859692,56051.54453122588,38849.54453122588,85722.0,5.92,0.8821041583058068,63543.0,17202.0,0.11277193592449801,103.46780906003967,0.000599737808997421,0.53,Устойчивая база,False,1.0,3.81,7.42,6.54,99.7,9.96,8.9
RU-UD,Удмуртская Республика,6,Специалисты высшей квалификации,4.09,3.93,4.25,6,6,7.86,6764.41,79296.59,93.51,6764.41,67347.90349766925,50145.90349766925,102998.0,7.44,1.0,63543.0,17202.0,0.05119880646266987,144.61887250545854,0.00038278707116992195,1.16,Устойчивая база,False,2.747823823998647,3.81,7.86,7.86,99.8,27.37,26.01
RU-UD,Удмуртская Республика,7,"Операторы машин, сборщики и водители",3.19,3.01,3.37,7,7,9.16,3481.95,34531.09,48.13,3481.95,64028.17587133022,46826.17587133022,97921.0,7.08,1.0,63543.0,17202.0,-0.11658917588067921,119.67320227989055,0.0006663313462581509,0.4,Устойчивая база,False,1.196588047110745,3.81,9.16,9.16,99.7,11.92,13.39
RU-UD,Удмуртская Республика,8,Сельское и лесное хозяйство,2.51,2.45,2.56,8,8,12.75,586.33,4014.14,8.11,418.4175508083022,45345.63544592968,28143.635445929678,69349.0,4.35,0.7136212556210704,63543.0,17202.0,-0.4870415683720671,8.672962346589573,0.01170183158124693,0.33,Устойчивая база,False,0.13909992251704556,3.81,12.75,9.1,99.8,1.39,2.25
RU-UD,Удмуртская Республика,9,"Промышленность, строительство и транспорт",2.12,1.93,2.29,9,9,11.8,6876.7,51423.26,95.06,6876.7,64158.29716296731,46956.29716296731,98120.0,7.13,1.0,63543.0,17202.0,-0.39866044470061046,52.95679822120663,0.0017222836868633143,0.78,Устойчивая база,False,1.7819436994160365,3.81,11.8,11.8,99.9,17.75,26.44
RU-ULY,Ульяновская область,1,Руководители,8.8,8.58,9.02,1,1,2.37,416.9,17159.82,7.07,416.9,102373.69246442133,85171.69246442133,177990.0,9.01,1.0,55894.0,17202.0,1.0450823255006991,146.16402115495765,0.0002852555978408675,-1.21,Устойчивая база,False,0.8249842068674406,4.46,2.39,2.39,99.2,8.92,3.12
RU-ULY,Ульяновская область,2,"Обслуживание, торговля и охрана",8.04,7.76,8.31,2,2,4.67,1019.17,20800.18,17.29,624.177257637967,34231.544922256864,17029.544922256864,59516.0,2.32,0.6124368433509297,55894.0,17202.0,0.3466364049512131,111.62161988428772,0.0006390395513437586,-0.64,Устойчивая база,False,1.0,4.46,4.69,2.87,99.5,10.82,7.63
RU-ULY,Ульяновская область,3,Неквалифицированные рабочие,6.88,6.53,7.21,3,3,6.41,1314.84,19204.01,22.31,704.4708659278239,29947.13773551899,12745.13773551899,52067.0,1.62,0.5357844801860484,55894.0,17202.0,0.013217972924054256,70.670421472643,0.0011936050185097405,-0.22,Устойчивая база,False,0.9232617217735615,4.46,6.42,3.44,99.7,9.99,9.85
RU-ULY,Ульяновская область,4,Специалисты средней квалификации,5.36,5.33,5.41,4,4,6.25,1488.92,22334.0,25.26,1313.382523384682,49304.329824344764,32102.329824344764,85722.0,4.87,0.8821041583058068,55894.0,17202.0,0.041165825963756404,103.46780906003967,0.000599737808997421,0.05,Устойчивая база,False,1.0737407080131036,4.46,6.25,5.51,99.6,11.61,11.15
RU-ULY,Ульяновская область,5,Специалисты высшей квалификации,5.19,5.15,5.25,5,6,5.95,3251.45,51404.0,55.16,3251.45,59240.8875580115,42038.8875580115,102998.0,6.4,1.0,55894.0,17202.0,0.09382107853170063,144.61887250545854,0.00038278707116992195,0.21,Устойчивая база,False,2.471324767381821,4.46,5.95,5.95,99.7,26.73,24.35
RU-ULY,Ульяновская область,6,Офисные и учётные служащие,5.05,4.88,5.22,5,6,7.67,728.65,8773.45,12.36,486.4564844256476,37315.58188497515,20113.581884975152,64878.0,2.97,0.667613373259655,55894.0,17202.0,-0.1765399638442903,101.86360214376505,0.0006524156213050596,0.66,Устойчивая база,False,0.4217968306043506,4.46,7.67,5.12,98.9,4.56,5.46
RU-ULY,Ульяновская область,7,"Промышленность, строительство и транспорт",3.11,3.01,3.21,7,7,8.55,2801.75,29974.87,47.53,2801.75,56435.23065682915,39233.23065682915,98120.0,5.98,1.0,55894.0,17202.0,-0.29717588629713815,52.95679822120663,0.0017222836868633143,-0.25,Устойчивая база,False,1.441087048285159,4.46,8.55,8.55,99.8,15.59,20.98
RU-ULY,Ульяновская область,8,Сельское и лесное хозяйство,2.7,2.66,2.73,8,9,8.55,38.0,406.19,0.64,27.11760771360067,39887.146461684104,22685.146461684104,69349.0,3.51,0.7136212556210703,55894.0,17202.0,-0.583573316509235,8.672962346589573,0.01170183158124693,-0.31,"Малый локальный рынок, но спрос наблюдается — строка сохранена со сглаживанием",False,0.019528196390608158,4.46,12.09,8.63,20.7,0.21,0.28
RU-ULY,Ульяновская область,9,"Операторы машин, сборщики и водители",2.69,2.57,2.81,8,9,9.35,2294.32,22237.27,38.92,2294.32,56320.77273896623,39118.77273896623,97921.0,5.96,1.0,55894.0,17202.0,-0.39478073118774454,119.67320227989055,0.0006663313462581509,0.46,Устойчивая база,False,1.0690902674880698,4.46,9.35,9.35,99.5,11.56,17.18
RU-VGG,Волгоградская область,1,"Обслуживание, торговля и охрана",7.89,7.71,8.07,1,1,5.44,2243.26,39022.44,17.4,1373.855073215407,33910.62801634098,17287.628016340983,59516.0,2.38,0.6124368433509298,55370.0,16623.0,0.39985368420792405,111.62161988428772,0.0006390395513437586,-0.27,Устойчивая база,False,1.0,4.72,5.45,3.34,99.7,10.98,7.35
RU-VGG,Волгоградская область,2,Руководители,7.01,6.96,7.05,2,2,4.63,1330.78,27438.6,10.32,1330.78,101413.95054487081,84790.95054487081,177990.0,8.99,1.0,55370.0,16623.0,0.5711106798874639,146.16402115495765,0.0002852555978408675,0.65,Устойчивая база,False,0.7031492648845126,4.72,4.63,4.63,99.5,7.72,4.36
RU-VGG,Волгоградская область,3,Специалисты высшей квалификации,5.49,5.33,5.64,3,3,6.27,6625.33,98966.04,51.38,6625.33,58685.51086140009,42062.51086140009,102998.0,6.42,1.0,55370.0,16623.0,0.24882367677445344,144.61887250545854,0.00038278707116992195,0.39,Устойчивая база,False,2.5361315181726205,4.72,6.27,6.27,99.9,27.86,21.72
RU-VGG,Волгоградская область,4,Специалисты средней квалификации,4.92,4.81,5.02,4,4,7.38,3214.18,40333.01,24.93,2835.241543543358,48842.10724539252,32219.107245392523,85722.0,4.91,0.8821041583058068,55370.0,16623.0,0.07464184922340339,103.46780906003967,0.000599737808997421,0.51,Устойчивая база,False,1.0335850346621072,4.72,7.38,6.51,99.8,11.35,10.54
RU-VGG,Волгоградская область,5,Неквалифицированные рабочие,4.6,4.45,4.75,5,5,10.31,3723.72,32394.71,28.88,1995.111384558392,29666.3866679015,13043.386667901501,52067.0,1.64,0.5357844801860484,55370.0,16623.0,-0.2917085919426479,70.670421472643,0.0011936050185097405,0.85,Устойчивая база,False,0.8301559307926413,4.72,10.31,5.52,99.8,9.12,12.21
RU-VGG,Волгоградская область,6,Офисные и учётные служащие,4.12,4.09,4.14,6,6,9.85,2536.36,23209.23,19.67,1693.3078554008582,36965.75247738709,20342.75247738709,64878.0,3.0,0.6676133732596549,55370.0,16623.0,-0.24046672398390634,101.86360214376505,0.0006524156213050596,1.48,Устойчивая база,False,0.5947662421929536,4.72,9.84,6.57,99.6,6.53,8.32
RU-VGG,Волгоградская область,7,"Операторы машин, сборщики и водители",2.76,2.56,2.95,7,7,10.14,4993.82,44251.2,38.73,4993.82,55792.77179225964,39169.77179225964,97921.0,5.97,1.0,55370.0,16623.0,-0.27313867278614923,119.67320227989055,0.0006663313462581509,0.72,Устойчивая база,False,1.1339936713337249,4.72,10.14,10.14,99.8,12.46,16.37
RU-VGG,Волгоградская область,8,"Промышленность, строительство и транспорт",2.68,2.48,2.89,8,8,10.31,5451.61,47420.44,42.28,5451.61,55906.156679941145,39283.156679941145,98120.0,5.99,1.0,55370.0,16623.0,-0.2919808287474513,52.95679822120663,0.0017222836868633143,0.35,Устойчивая база,False,1.2152095050950171,4.72,10.31,10.31,99.9,13.35,17.87
RU-VGG,Волгоградская область,9,Сельское и лесное хозяйство,2.26,2.15,2.37,9,9,14.7,382.63,2220.8,2.97,273.05290103829014,39513.20892373867,22890.208923738668,69349.0,3.56,0.7136212556210704,55370.0,16623.0,-0.6667195596932098,8.672962346589573,0.01170183158124693,0.57,Средняя база — умеренное сглаживание,False,0.05691084411943487,4.72,14.06,10.04,62.3,0.63,1.25
RU-VLA,Владимирская область,1,Руководители,7.46,7.38,7.54,1,1,4.06,738.22,17442.62,10.33,738.22,113625.01805945729,94876.01805945729,177990.0,9.23,1.0,62037.0,18749.0,0.8327356803208659,146.16402115495765,0.0002852555978408675,0.28,Устойчивая база,False,0.7263733014621064,3.33,4.06,4.06,99.2,7.83,3.39
RU-VLA,Владимирская область,2,Специалисты средней квалификации,5.46,5.37,5.55,2,2,6.83,2115.54,28872.75,29.61,1866.1266310622664,54723.09566881734,35974.09566881734,85722.0,5.44,0.8821041583058068,62037.0,18749.0,0.2861922278583654,103.46780906003967,0.000599737808997421,0.3,Устойчивая база,False,1.2023649394293996,3.33,6.83,6.02,99.7,12.96,9.73
RU-VLA,Владимирская область,3,Сельское и лесное хозяйство,4.8,4.77,4.82,3,4,8.01,173.0,1988.0,2.42,123.45647722244517,44270.92183496434,25521.92183496434,69349.0,3.97,0.7136212556210704,62037.0,18749.0,0.041436223239466545,8.672962346589573,0.01170183158124693,-0.42,Устойчивая база,False,0.08278745528519613,3.33,8.57,6.11,88.9,0.89,0.8
RU-VLA,Владимирская область,4,Неквалифицированные рабочие,4.68,4.51,4.85,3,4,10.34,2768.61,24013.3,38.76,1483.3782696878955,33238.46179730188,14489.461797301883,52067.0,1.9,0.5357844801860484,62037.0,18749.0,-0.16680510460906078,70.670421472643,0.0011936050185097405,0.85,Устойчивая база,False,1.0,3.33,10.34,5.54,99.7,10.78,12.73
RU-VLA,Владимирская область,5,Офисные и учётные служащие,4.3,4.25,4.35,5,5,9.64,946.36,8871.25,13.25,631.802591918007,41416.730836909206,22667.730836909206,64878.0,3.5,0.6676133732596549,62037.0,18749.0,-0.08730363848896032,101.86360214376505,0.0006524156213050596,1.41,Устойчивая база,False,0.36943069049235217,3.33,9.62,6.42,99.0,3.98,4.35
RU-VLA,Владимирская область,6,"Обслуживание, торговля и охрана",4.13,4.05,4.22,6,7,10.46,1896.14,16229.45,26.54,1161.2659961514319,37993.744450961625,19244.744450961625,59516.0,2.77,0.6124368433509297,62037.0,18749.0,-0.17884934066679367,111.62161988428772,0.0006390395513437586,1.33,Устойчивая база,False,0.6758525483794398,3.33,10.44,6.4,99.4,7.28,8.72
RU-VLA,Владимирская область,7,Специалисты высшей квалификации,3.91,3.73,4.09,6,7,8.31,5049.15,55702.71,70.68,5049.15,65751.72543450745,47002.72543450745,102998.0,7.14,1.0,62037.0,18749.0,0.07438842163196774,144.61887250545854,0.00038278707116992195,1.35,Устойчивая база,False,2.319660771322559,3.33,8.3,8.3,99.8,25.0,23.22
RU-VLA,Владимирская область,8,"Операторы машин, сборщики и водители",2.77,2.59,2.95,8,8,10.33,3416.94,29658.18,47.83,3416.94,62510.67696724601,43761.67696724601,97921.0,6.69,1.0,62037.0,18749.0,-0.16590967691353867,119.67320227989055,0.0006663313462581509,0.78,Устойчивая база,False,1.2350730636772123,3.33,10.32,10.32,99.6,13.31,15.71
RU-VLA,Владимирская область,9,"Промышленность, строительство и транспорт",2.74,2.55,2.91,9,9,10.39,4644.48,40051.03,65.01,4644.48,62637.71432099528,43888.71432099528,98120.0,6.72,1.0,62037.0,18749.0,-0.1725646472224656,52.95679822120663,0.0017222836868633143,0.37,Устойчивая база,False,1.667868639462298,3.33,10.39,10.39,99.9,17.97,21.36
RU-VLG,Вологодская область,1,"Обслуживание, торговля и охрана",7.75,7.63,7.87,1,1,5.94,1090.47,17259.32,19.97,667.8440045688884,41814.12547978473,22292.12547978473,59516.0,3.38,0.6124368433509297,68275.0,19522.0,0.4372183839857181,111.62161988428772,0.0006390395513437586,-0.06,Устойчивая база,False,0.9268754527825349,4.98,5.95,3.64,99.4,8.1,5.21
RU-VLG,Вологодская область,2,Офисные и учётные служащие,7.62,7.55,7.69,2,2,5.66,661.92,11038.59,12.12,441.9066440280307,45581.30305930293,26059.303059302933,64878.0,4.04,0.6676133732596549,68275.0,19522.0,0.488851144011596,101.86360214376505,0.0006524156213050596,-0.31,Устойчивая база,False,0.5928042416694727,4.98,5.67,3.79,99.1,5.18,3.16
RU-VLG,Вологодская область,3,Специалисты средней квалификации,6.82,6.74,6.91,3,3,5.49,1354.57,23310.93,24.8,1194.8718297162966,60225.66140832896,40703.66140832896,85722.0,6.22,0.8821041583058068,68275.0,19522.0,0.5231256756418731,103.46780906003967,0.000599737808997421,-0.3,Устойчивая база,False,1.2518644302633,4.98,5.5,4.85,99.6,10.93,6.47
RU-VLG,Вологодская область,4,Специалисты высшей квалификации,5.39,5.15,5.65,4,4,6.73,3934.62,54489.54,72.05,3934.62,72363.25183424402,52841.251834244016,102998.0,7.74,1.0,68275.0,19522.0,0.30788984345144804,144.61887250545854,0.00038278707116992195,0.63,Устойчивая база,False,2.926246054851063,4.98,6.73,6.73,99.8,25.56,18.78
RU-VLG,Вологодская область,5,Сельское и лесное хозяйство,4.67,4.6,4.74,5,5,8.27,160.0,1775.5,2.93,114.17940089937126,48722.49122752858,29200.491227528582,69349.0,4.47,0.7136212556210704,68275.0,19522.0,-0.02691650906507677,8.672962346589573,0.01170183158124693,-0.37,Устойчивая база,False,0.09534949038637622,4.98,9.08,6.48,82.9,0.83,0.76
RU-VLG,Вологодская область,6,"Операторы машин, сборщики и водители",3.75,3.47,4.01,6,7,8.97,3599.63,36522.23,65.91,3599.63,68796.3065580012,49274.306558001204,97921.0,7.35,1.0,68275.0,19522.0,-0.0034920108591469734,119.67320227989055,0.0006663313462581509,0.33,Устойчивая база,False,1.9613494893123185,4.98,8.97,8.97,99.7,17.13,17.18
RU-VLG,Вологодская область,7,Неквалифицированные рабочие,3.63,3.6,3.65,6,8,13.09,2805.36,18620.97,51.37,1503.0683493347328,36580.685384702454,17058.685384702454,52067.0,2.33,0.5357844801860484,68275.0,19522.0,-0.42682668400534185,70.670421472643,0.0011936050185097405,1.4,Устойчивая база,False,1.0,4.98,13.08,7.01,99.7,8.73,13.39
RU-VLG,Вологодская область,8,Руководители,3.42,3.15,3.7,7,8,9.49,1736.85,16571.97,31.8,1736.85,125050.3426666255,105528.3426666255,177990.0,9.54,1.0,68275.0,19522.0,-0.060160589683969305,146.16402115495765,0.0002852555978408675,2.73,Устойчивая база,False,0.889962767782774,4.98,9.45,9.45,99.2,7.77,8.29
RU-VLG,Вологодская область,9,"Промышленность, строительство и транспорт",1.95,1.72,2.18,9,9,14.3,5604.0,33596.34,102.62,5604.0,68936.1178855514,49414.1178855514,98120.0,7.37,1.0,68275.0,19522.0,-0.5290288640880467,52.95679822120663,0.0017222836868633143,1.42,Устойчивая база,False,1.8042207253435236,4.98,14.29,14.29,99.9,15.76,26.75
RU-VOR,Воронежская область,1,Руководители,7.85,7.81,7.88,1,1,3.91,1115.81,27457.74,9.12,1115.81,112919.86416818449,95910.86416818449,177990.0,9.29,1.0,61652.0,17009.0,0.6141017551771658,146.16402115495765,0.0002852555978408675,0.18,Устойчивая база,False,0.8278732218557224,6.22,3.91,3.91,99.5,7.91,4.28
RU-VOR,Воронежская область,2,Специалисты высшей квалификации,6.98,6.86,7.1,2,3,4.76,5059.78,101251.54,41.37,5059.78,65343.671945584945,48334.671945584945,102998.0,7.3,1.0,61652.0,17009.0,0.40737151733012483,144.61887250545854,0.00038278707116992195,-0.54,Устойчивая база,False,3.052816387570628,6.22,4.76,4.76,99.9,29.16,19.4
RU-VOR,Воронежская область,3,"Обслуживание, торговля и охрана",6.78,6.65,6.92,2,3,6.53,2065.31,29542.33,16.89,1264.8719369411087,37757.95626627152,20748.956266271518,59516.0,3.06,0.6124368433509297,61652.0,17009.0,0.07137759144643062,111.62161988428772,0.0006390395513437586,0.16,Устойчивая база,False,0.8907253079905689,6.22,6.53,4.0,99.6,8.51,7.92
RU-VOR,Воронежская область,4,Офисные и учётные служащие,6.07,6.01,6.14,4,4,7.01,1476.11,19590.34,12.07,985.4707764023091,41159.699688204244,24150.699688204244,64878.0,3.74,0.6676133732596549,61652.0,17009.0,-0.0028809321470941087,101.86360214376505,0.0006524156213050596,0.37,Устойчивая база,False,0.5906647048536782,6.22,7.01,4.68,99.5,5.64,5.66
RU-VOR,Воронежская область,5,Специалисты средней квалификации,5.73,5.62,5.82,5,5,6.36,3042.76,44796.57,24.88,2684.031248726577,54383.485567869604,37374.485567869604,85722.0,5.62,0.8821041583058068,61652.0,17009.0,0.10071024179446693,103.46780906003967,0.000599737808997421,0.1,Устойчивая база,False,1.35065306663933,6.22,6.36,5.61,99.8,12.9,11.66
RU-VOR,Воронежская область,6,Неквалифицированные рабочие,5.12,4.97,5.27,6,6,9.28,3391.22,33166.6,27.73,1816.963044896531,33032.18477243026,16023.184772430257,52067.0,2.12,0.5357844801860484,61652.0,17009.0,-0.30823367339580565,70.670421472643,0.0011936050185097405,0.61,Устойчивая база,False,1.0,6.22,9.28,4.97,99.8,9.55,13.0
RU-VOR,Воронежская область,7,Сельское и лесное хозяйство,4.5,4.45,4.54,7,7,8.42,292.81,3185.1,2.39,208.9554398584056,43996.17765155023,26987.177651550228,69349.0,4.18,0.7136212556210704,61652.0,17009.0,-0.22807249481652297,8.672962346589573,0.01170183158124693,-0.34,Устойчивая база,False,0.09603335886102284,6.22,8.81,6.29,91.5,0.92,1.12
RU-VOR,Воронежская область,8,"Операторы машин, сборщики и водители",3.17,2.95,3.41,8,8,9.11,3993.65,39856.19,32.65,3993.65,62122.73734037189,45113.73734037189,97921.0,6.86,1.0,61652.0,17009.0,-0.2877863644540659,119.67320227989055,0.0006663313462581509,0.38,Устойчивая база,False,1.2016965863247968,6.22,9.11,9.11,99.7,11.48,15.31
RU-VOR,Воронежская область,9,"Промышленность, строительство и транспорт",2.66,2.41,2.92,9,9,10.45,5647.1,48399.47,46.17,5647.1,62248.98630362527,45239.98630362527,98120.0,6.89,1.0,61652.0,17009.0,-0.4402673430854493,52.95679822120663,0.0017222836868633143,0.39,Устойчивая база,False,1.4592834357455995,6.22,10.45,10.45,99.9,13.94,21.65
RU-YAN,Ямало-Ненецкий автономный округ,1,Руководители,8.33,8.08,8.56,1,1,2.88,751.03,25301.29,25.0,751.03,261895.98678726886,235415.98678726886,177990.0,9.99,1.0,142990.0,26480.0,0.7002332098886194,146.16402115495765,0.0002852555978408675,-0.67,Устойчивая база,False,0.983171908363724,3.69,2.89,2.89,99.4,8.41,4.17
RU-YAN,Ямало-Ненецкий автономный округ,2,"Обслуживание, торговля и охрана",8.21,7.86,8.55,2,2,3.92,1049.97,25734.35,34.96,643.0403124131757,87572.34423074944,61092.34423074944,59516.0,8.29,0.6124368433509297,142990.0,26480.0,0.3805625111061574,111.62161988428772,0.0006390395513437586,-1.05,Устойчивая база,False,1.0,3.69,3.94,2.41,99.6,8.56,5.83
RU-YAN,Ямало-Ненецкий автономный округ,3,Офисные и учётные служащие,7.63,7.3,7.96,3,3,4.44,464.72,10012.51,15.47,310.2532868212268,95462.03624239806,68982.03624239806,64878.0,8.5,0.6676133732596549,142990.0,26480.0,0.25047183069328877,101.86360214376505,0.0006524156213050596,-1.07,Устойчивая база,False,0.3890718048056392,3.69,4.47,2.98,99.0,3.33,2.58
RU-YAN,Ямало-Ненецкий автономный округ,4,Специалисты средней квалификации,7.16,6.95,7.38,4,4,4.24,1247.16,28144.52,41.52,1100.1250220726702,126132.07359614731,99652.07359614731,85722.0,9.4,0.8821041583058068,142990.0,26480.0,0.29956291448260763,103.46780906003967,0.000599737808997421,-1.0,Устойчивая база,False,1.0936557558282995,3.69,4.25,3.75,99.6,9.36,6.93
RU-YAN,Ямало-Ненецкий автономный округ,5,Неквалифицированные рабочие,6.79,6.37,7.23,5,5,5.8,1354.84,22002.94,45.11,725.9022451352657,76611.82282180306,50131.822821803056,52067.0,7.43,0.5357844801860484,142990.0,26480.0,-0.029545567219753245,70.670421472643,0.0011936050185097405,-0.43,Устойчивая база,False,0.8550027492437151,3.69,5.81,3.11,99.7,7.32,7.53
RU-YAN,Ямало-Ненецкий автономный округ,6,Специалисты высшей квалификации,4.93,4.85,5.02,6,6,5.74,3895.66,63954.57,129.7,3895.66,151552.12566500992,125072.12566500992,102998.0,9.78,1.0,142990.0,26480.0,-0.017090189166546702,144.61887250545854,0.00038278707116992195,0.09,Устойчивая база,False,2.48518303357186,3.69,5.74,5.74,99.8,21.26,21.64
RU-YAN,Ямало-Ненецкий автономный округ,7,"Промышленность, строительство и транспорт",4.3,4.24,4.35,7,7,6.39,4144.99,60713.97,138.0,4144.99,144374.59533438296,117894.59533438296,98120.0,9.72,1.0,142990.0,26480.0,-0.13193734723767617,52.95679822120663,0.0017222836868633143,-1.16,Устойчивая база,False,2.3592579567776144,3.69,6.39,6.39,99.9,20.19,23.03
RU-YAN,Ямало-Ненецкий автономный округ,8,"Операторы машин, сборщики и водители",3.51,3.49,3.54,8,8,7.29,5068.74,64442.49,168.76,5068.74,144081.78505644223,117601.78505644223,97921.0,9.7,1.0,142990.0,26480.0,-0.27329719205227054,119.67320227989055,0.0006663313462581509,-0.31,Устойчивая база,False,2.50414290627119,3.69,7.29,7.29,99.8,21.43,28.16
RU-YAN,Ямало-Ненецкий автономный округ,9,Сельское и лесное хозяйство,2.66,2.63,2.68,9,9,4.34,20.91,461.0,0.7,14.921820455036581,102040.70334125686,75560.70334125686,69349.0,8.66,0.7136212556210704,142990.0,26480.0,-0.5801611778803704,8.672962346589573,0.01170183158124693,-1.36,"Малый локальный рынок, но спрос наблюдается — строка сохранена со сглаживанием",False,0.01791380003769281,3.69,11.71,8.35,15.1,0.15,0.12
RU-YAR,Ярославская область,1,Руководители,8.55,8.45,8.65,1,2,3.05,706.29,22440.58,11.18,706.29,113277.02003519279,93948.02003519279,177990.0,9.19,1.0,61847.0,19329.0,0.6584176854067663,146.16402115495765,0.0002852555978408675,-0.52,Устойчивая база,False,0.8699881988608258,6.28,3.06,3.06,99.4,9.04,4.68
RU-YAR,Ярославская область,2,"Обслуживание, торговля и охрана",8.43,8.23,8.65,1,2,4.16,1006.2,23206.84,15.93,616.2339517797054,37877.38145072495,18548.381450724948,59516.0,2.56,0.6124368433509296,61847.0,19329.0,0.33653333225420057,111.62161988428772,0.0006390395513437586,-0.91,Устойчивая база,False,0.8996949692410519,6.28,4.18,2.56,99.5,9.35,6.67
RU-YAR,Ярославская область,3,Специалисты средней квалификации,7.75,7.67,7.82,3,4,4.14,1115.2,25794.12,17.65,983.7225573426358,54555.49587873923,35226.49587873923,85722.0,5.25,0.8821041583058068,61847.0,19329.0,0.34048911638335405,103.46780906003967,0.000599737808997421,-1.07,Устойчивая база,False,1.0,6.28,4.15,3.66,99.6,10.39,7.39
RU-YAR,Ярославская область,4,Неквалифицированные рабочие,7.54,7.24,7.84,3,4,5.47,1514.75,26190.45,23.98,811.5795413618168,33136.66274606653,13807.662746066533,52067.0,1.77,0.5357844801860484,61847.0,19329.0,0.04976628097577771,70.670421472643,0.0011936050185097405,-0.56,Устойчивая база,False,1.0153651297272401,6.28,5.48,2.94,99.7,10.55,10.03
RU-YAR,Ярославская область,5,Специалисты высшей квалификации,6.84,6.8,6.89,5,5,4.51,3205.09,67862.08,50.73,3205.09,65550.34838802622,46221.34838802622,102998.0,6.94,1.0,61847.0,19329.0,0.2531519402057034,144.61887250545854,0.00038278707116992195,-0.72,Устойчивая база,False,2.6309127816727225,6.28,4.51,4.51,99.8,27.35,21.23
RU-YAR,Ярославская область,6,Сельское и лесное хозяйство,5.77,5.71,5.81,6,6,1.83,25.0,1343.69,0.4,17.84053139052676,44135.33379639634,24806.333796396342,69349.0,3.84,0.7136212556210704,61847.0,19329.0,-0.018706840755854607,8.672962346589573,0.01170183158124693,-2.64,Средняя база — умеренное сглаживание,False,0.052092880082747546,6.28,7.0,4.99,53.8,0.54,0.17
RU-YAR,Ярославская область,7,"Операторы машин, сборщики и водители",4.47,4.37,4.58,7,7,6.67,2247.52,31435.73,35.57,2247.52,62319.22624229514,42990.22624229514,97921.0,6.56,1.0,61847.0,19329.0,-0.1615219146758743,119.67320227989055,0.0006663313462581509,-0.58,Устойчивая база,False,1.2187169013713204,6.28,6.68,6.68,99.6,12.67,14.89
RU-YAR,Ярославская область,8,"Промышленность, строительство и транспорт",3.34,3.19,3.49,8,8,8.23,3411.9,38030.64,54.0,3411.9,62445.87452021528,43116.87452021528,98120.0,6.6,1.0,61847.0,19329.0,-0.38842496175750263,52.95679822120663,0.0017222836868633143,-0.37,Устойчивая база,False,1.474391838139855,6.28,8.23,8.23,99.9,15.33,22.6
RU-YAR,Ярославская область,9,Офисные и учётные служащие,2.64,2.51,2.77,9,9,13.6,1863.77,11836.32,29.5,1244.2777766801469,41289.884295989876,21960.884295989876,64878.0,3.3,0.6676133732596549,61847.0,19329.0,-0.9459198188568692,101.86360214376505,0.0006524156213050596,2.57,Устойчивая база,False,0.4588766742187754,6.28,13.55,9.05,99.3,4.77,12.35
RU-YEV,Еврейская автономная область,1,Офисные и учётные служащие,7.13,7.03,7.18,1,1,6.36,65.67,966.69,8.34,43.84217022196154,47090.10928286976,22929.10928286976,64878.0,3.57,0.6676133732596549,70535.0,24161.0,0.4144734382715566,101.86360214376505,0.0006524156213050596,0.06,Устойчивая база,False,0.3149299243534862,5.1,6.44,4.3,91.0,3.72,2.3
RU-YEV,Еврейская автономная область,2,Неквалифицированные рабочие,6.82,6.72,6.9,2,2,7.86,250.85,2938.73,31.88,134.40153685467024,37791.558309922926,13630.558309922926,52067.0,1.74,0.5357844801860484,70535.0,24161.0,0.2397344723317398,70.670421472643,0.0011936050185097405,0.23,Устойчивая база,False,0.9573844940935775,5.1,7.89,4.23,97.8,11.32,8.8
RU-YEV,Еврейская автономная область,3,"Обслуживание, торговля и охрана",6.71,6.7,6.73,3,3,7.45,247.19,3069.54,31.41,151.38826330791633,43198.23274575783,19037.23274575783,59516.0,2.74,0.6124368433509297,70535.0,24161.0,0.2986448381925522,111.62161988428772,0.0006390395513437586,0.49,Устойчивая база,False,1.0,5.1,7.46,4.57,96.7,11.82,8.67
RU-YEV,Еврейская автономная область,4,Руководители,6.4,6.17,6.64,4,4,5.76,125.0,2044.22,15.88,125.0,129189.68758682431,105028.68758682431,177990.0,9.52,1.0,70535.0,24161.0,0.583763575869235,146.16402115495765,0.0002852555978408675,1.27,Устойчивая база,False,0.6659694938003741,5.1,5.67,5.67,93.7,7.87,4.39
RU-YEV,Еврейская автономная область,5,"Операторы машин, сборщики и водители",3.44,3.14,3.77,5,5,10.03,532.03,4770.26,67.61,532.03,71073.56254952202,46912.562549522016,97921.0,7.1,1.0,70535.0,24161.0,-0.018804652135808883,119.67320227989055,0.0006663313462581509,0.69,Устойчивая база,False,1.5540634753090041,5.1,10.0,10.0,97.8,18.37,18.67
RU-YEV,Еврейская автономная область,6,Специалисты высшей квалификации,3.19,2.87,3.54,6,6,10.59,600.82,5074.1,76.35,600.82,74758.57880817872,50597.57880817872,102998.0,7.49,1.0,70535.0,24161.0,-0.06576921209726656,144.61887250545854,0.00038278707116992195,2.21,Устойчивая база,False,1.6530489910540342,5.1,10.47,10.47,97.5,19.54,21.08
RU-YEV,Еврейская автономная область,7,"Промышленность, строительство и транспорт",2.84,2.52,3.16,7,7,11.41,463.86,3602.9,58.94,463.86,71218.00183167146,47057.001831671456,98120.0,7.15,1.0,70535.0,24161.0,-0.16222764049341654,52.95679822120663,0.0017222836868633143,0.67,Устойчивая база,False,1.1737589345634851,5.1,11.4,11.4,98.7,13.88,16.28
RU-YEV,Еврейская автономная область,8,Специалисты средней квалификации,2.42,2.17,2.69,8,8,13.35,529.53,3437.37,67.29,467.1006149476739,62219.216806100085,38058.216806100085,85722.0,5.73,0.8821041583058068,70535.0,24161.0,-0.33097002445620033,103.46780906003967,0.000599737808997421,2.22,Устойчивая база,False,1.1198322875740339,5.1,13.18,11.63,97.5,13.24,18.58
RU-YEV,Еврейская автономная область,9,Сельское и лесное хозяйство,1.84,1.63,2.04,9,9,36.08,35.0,62.0,4.45,24.976743946737464,50335.2752652322,26174.2752652322,69349.0,4.05,0.7136212556210704,70535.0,24161.0,-0.7868440497357724,8.672962346589573,0.01170183158124693,2.28,"Малый локальный рынок, но спрос наблюдается — строка сохранена со сглаживанием",False,0.020198466219694157,5.1,18.07,12.89,21.9,0.24,1.23
RU-ZAB,Забайкальский край,1,Офисные и учётные служащие,8.9,8.72,9.08,1,1,3.57,277.42,7489.68,5.6,185.20930200969346,49663.09122341246,27048.091223412463,64878.0,4.22,0.6676133732596549,74389.0,22615.0,1.0472208322314314,101.86360214376505,0.0006524156213050596,-1.75,Устойчивая база,False,0.40807155341879414,5.24,3.62,2.42,98.7,4.27,1.46
RU-ZAB,Забайкальский край,2,Неквалифицированные рабочие,7.15,7.05,7.25,2,2,7.51,1490.39,18353.84,30.07,798.5278314244847,39856.47169655996,17241.47169655996,52067.0,2.35,0.5357844801860484,74389.0,22615.0,0.28833909959022314,70.670421472643,0.0011936050185097405,0.13,Устойчивая база,False,1.0,5.24,7.52,4.03,99.6,10.47,7.83
RU-ZAB,Забайкальский край,3,Руководители,5.21,4.89,5.53,3,3,7.31,965.65,12243.84,19.48,965.65,136248.55277374742,113633.55277374742,177990.0,9.64,1.0,74389.0,22615.0,0.3229180293488441,146.16402115495765,0.0002852555978408675,1.96,Устойчивая база,False,0.6670996369152178,5.24,7.28,7.28,98.9,6.99,5.07
RU-ZAB,Забайкальский край,4,Специалисты средней квалификации,4.22,3.96,4.47,4,4,9.27,2117.38,20712.33,42.71,1867.7497027135494,65618.84623221066,43003.846232210664,85722.0,6.57,0.8821041583058068,74389.0,22615.0,0.06060728783848597,103.46780906003967,0.000599737808997421,1.16,Устойчивая база,False,1.1285011746860603,5.24,9.26,8.17,99.5,11.82,11.13
RU-ZAB,Забайкальский край,5,Специалисты высшей квалификации,3.82,3.5,4.15,5,6,9.28,4604.44,45036.39,92.89,4604.44,78843.35321417177,56228.35321417177,102998.0,8.02,1.0,74389.0,22615.0,0.06082748990099587,144.61887250545854,0.00038278707116992195,1.74,Устойчивая база,False,2.4537856928032498,5.24,9.27,9.27,99.7,25.7,24.19
RU-ZAB,Забайкальский край,6,"Обслуживание, торговля и охрана",3.75,3.66,3.83,5,6,12.21,2019.47,14515.61,40.74,1236.797832041902,45558.56434003231,22943.56434003231,59516.0,3.58,0.6124368433509297,74389.0,22615.0,-0.24638868381352372,111.62161988428772,0.0006390395513437586,1.72,Устойчивая база,False,0.7908759147949421,5.24,12.18,7.46,99.3,8.28,10.61
RU-ZAB,Забайкальский край,7,"Операторы машин, сборщики и водители",3.09,2.78,3.41,7,7,10.68,3567.69,29845.27,71.97,3567.69,74956.98935984111,52341.989359841114,97921.0,7.7,1.0,74389.0,22615.0,-0.09631117472426164,119.67320227989055,0.0006663313462581509,0.89,Устойчивая база,False,1.6261049458859835,5.24,10.67,10.67,99.6,17.03,18.75
RU-ZAB,Забайкальский край,8,"Промышленность, строительство и транспорт",2.7,2.39,3.0,8,8,11.77,3576.65,26804.29,72.15,3576.65,75109.32073801954,52494.32073801954,98120.0,7.73,1.0,74389.0,22615.0,-0.2062949016643042,52.95679822120663,0.0017222836868633143,0.78,Устойчивая база,False,1.4604186371898198,5.24,11.77,11.77,99.8,15.29,18.79
RU-ZAB,Забайкальский край,9,Сельское и лесное хозяйство,1.75,1.55,1.96,9,9,60.94,412.83,264.66,8.33,294.6042629580465,53085.5715843958,30470.571584395802,69349.0,4.61,0.7136212556210704,74389.0,22615.0,-0.8806445782889161,8.672962346589573,0.01170183158124693,3.74,"Малый локальный рынок, но спрос наблюдается — строка сохранена со сглаживанием; нетипично высокая доля — строка сохранена",False,0.014419870719151962,5.24,20.16,14.39,14.9,0.15,2.17
